GEOID20,county,population,households,zero_vehicle_hh,zero_car_share,mep_published,mep_harm,loss_fraction
120174501031,Citrus,2112,972,13,0.013374,309.7034,270.3200,0.127165
120174501032,Citrus,2008,1066,79,0.074109,577.9731,426.3932,0.262261
120174501041,Citrus,901,412,0,0.000000,332.6823,298.7764,0.101917
120174501042,Citrus,2024,760,47,0.061842,343.0354,316.4834,0.077403
120174501051,Citrus,1139,613,59,0.096248,319.3426,290.4107,0.090598
120174501052,Citrus,797,463,0,0.000000,275.0633,250.6908,0.088607
120174501061,Citrus,2415,754,16,0.021220,224.7902,204.3986,0.090714
120174501062,Citrus,1151,614,0,0.000000,190.1690,168.7019,0.112884
120174502011,Citrus,1419,679,43,0.063328,468.0609,395.2867,0.155480
120174502012,Citrus,1944,1012,97,0.095850,568.4328,436.2761,0.232493
120174502013,Citrus,467,227,0,0.000000,507.5058,414.8700,0.182532
120174502021,Citrus,1515,849,62,0.073027,444.2763,396.6400,0.107222
120174502022,Citrus,1123,421,10,0.023753,478.8271,393.9884,0.177180
120174502023,Citrus,2041,978,35,0.035787,414.5287,357.4573,0.137678
120174502024,Citrus,1207,440,0,0.000000,512.7003,415.7814,0.189036
120174503051,Citrus,1253,651,106,0.162826,478.6322,420.9490,0.120517
120174503052,Citrus,1597,730,10,0.013699,307.6834,253.8248,0.175046
120174503061,Citrus,2012,827,9,0.010883,660.7608,533.4801,0.192627
120174503062,Citrus,1403,562,41,0.072954,452.0045,402.0470,0.110524
120174503071,Citrus,1755,740,0,0.000000,272.6814,252.9083,0.072514
120174503072,Citrus,1273,519,28,0.053950,345.7133,318.0729,0.079952
120174503073,Citrus,1473,708,0,0.000000,369.8157,346.0780,0.064188
120174503074,Citrus,980,352,0,0.000000,458.2896,335.7658,0.267350
120174503081,Citrus,962,404,0,0.000000,198.0193,180.5050,0.088447
120174503082,Citrus,2296,953,0,0.000000,335.4574,312.5733,0.068218
120174503083,Citrus,2992,1093,0,0.000000,288.7443,271.7215,0.058955
120174503091,Citrus,2918,1156,66,0.057093,241.7851,222.1587,0.081173
120174503092,Citrus,2214,821,18,0.021924,263.9883,230.8418,0.125560
120174503093,Citrus,1714,545,0,0.000000,265.1317,244.3897,0.078233
120174503101,Citrus,3000,1116,76,0.068100,212.4507,198.2947,0.066632
120174503102,Citrus,1334,618,0,0.000000,252.2922,232.7110,0.077613
120174504011,Citrus,1752,743,35,0.047106,164.7855,142.5955,0.134660
120174504012,Citrus,1525,747,10,0.013387,159.8057,138.6710,0.132252
120174504021,Citrus,1776,730,22,0.030137,169.5963,155.9297,0.080583
120174504022,Citrus,1581,771,0,0.000000,169.1042,149.2196,0.117588
120174504023,Citrus,750,446,77,0.172646,58.7489,35.7295,0.391827
120174505011,Citrus,1093,532,12,0.022556,49.9265,17.0296,0.658907
120174505012,Citrus,705,370,12,0.032432,602.9440,476.4710,0.209759
120174505021,Citrus,1323,625,0,0.000000,255.6216,162.2796,0.365157
120174505022,Citrus,1512,757,20,0.026420,250.7838,184.0545,0.266083
120174506011,Citrus,2480,882,67,0.075964,407.2396,367.7511,0.096966
120174506012,Citrus,1288,515,0,0.000000,427.8168,380.2254,0.111242
120174506013,Citrus,1282,685,15,0.021898,657.4841,498.2045,0.242256
120174506021,Citrus,1426,514,114,0.221790,541.7293,468.4274,0.135311
120174506022,Citrus,1040,535,0,0.000000,449.7206,390.7982,0.131020
120174506023,Citrus,1560,642,20,0.031153,604.2037,552.4005,0.085738
120174506024,Citrus,1418,536,32,0.059701,631.8564,522.4709,0.173118
120174507031,Citrus,1964,912,13,0.014254,604.6855,432.3844,0.284943
120174507032,Citrus,1559,799,0,0.000000,603.3419,459.6100,0.238226
120174507033,Citrus,1712,882,88,0.099773,542.0911,462.9995,0.145901
120174507041,Citrus,2051,784,36,0.045918,580.2706,477.5433,0.177033
120174507042,Citrus,2026,924,0,0.000000,518.0422,481.0258,0.071454
120174507051,Citrus,2194,916,83,0.090611,430.3570,397.3920,0.076599
120174507052,Citrus,1341,578,42,0.072664,451.0254,399.6391,0.113932
120174507053,Citrus,1662,632,27,0.042722,602.0541,421.3449,0.300154
120174507061,Citrus,1576,625,16,0.025600,603.1613,537.0774,0.109563
120174507062,Citrus,1609,907,0,0.000000,521.3770,452.9956,0.131155
120174508001,Citrus,1320,679,0,0.000000,196.0425,177.6048,0.094050
120174508002,Citrus,487,270,15,0.055556,185.0452,171.4637,0.073396
120174508003,Citrus,684,369,20,0.054201,380.1927,349.0012,0.082041
120174508004,Citrus,1702,800,21,0.026250,470.8801,411.6576,0.125770
120174509011,Citrus,3381,1617,74,0.045764,304.8789,272.5699,0.105973
120174509021,Citrus,1044,635,193,0.303937,826.0486,495.9060,0.399665
120174509022,Citrus,1358,652,0,0.000000,410.1700,377.1459,0.080513
120174510011,Citrus,1413,756,29,0.038360,766.7682,480.1002,0.373865
120174510012,Citrus,1208,581,72,0.123924,796.2834,462.8220,0.418772
120174510021,Citrus,951,435,26,0.059770,155.9059,142.1428,0.088278
120174510022,Citrus,1072,364,9,0.024725,261.0625,241.3166,0.075637
120174510023,Citrus,1238,641,18,0.028081,446.4318,399.7584,0.104548
120174511011,Citrus,2802,1062,31,0.029190,283.8800,244.6075,0.138342
120174511031,Citrus,2016,917,14,0.015267,829.0977,458.6937,0.446756
120174511032,Citrus,1206,532,13,0.024436,656.7686,427.6613,0.348840
120174511041,Citrus,1346,749,71,0.094793,471.6469,391.8083,0.169276
120174511042,Citrus,2035,652,0,0.000000,555.1921,407.4733,0.266068
120174512001,Citrus,1385,584,70,0.119863,163.4815,143.6593,0.121250
120174512002,Citrus,1385,605,0,0.000000,330.2766,290.7060,0.119810
120174512003,Citrus,1491,654,0,0.000000,338.6205,292.3161,0.136744
120174513001,Citrus,2364,1039,22,0.021174,475.6287,412.9856,0.131706
120174513002,Citrus,1070,466,22,0.047210,269.2559,235.1949,0.126500
120174514001,Citrus,2068,832,128,0.153846,788.2518,462.3492,0.413450
120174514002,Citrus,1178,478,0,0.000000,112.3979,102.1590,0.091095
120174514003,Citrus,1160,487,23,0.047228,569.6693,460.0379,0.192447
120174514004,Citrus,1100,201,0,0.000000,177.1384,160.8011,0.092229
120174515011,Citrus,1144,435,11,0.025287,445.0555,404.4397,0.091260
120174515012,Citrus,2239,785,21,0.026752,446.2004,410.9640,0.078970
120174515021,Citrus,1046,537,54,0.100559,539.7407,477.1924,0.115886
120174515022,Citrus,2490,846,18,0.021277,484.4764,436.6549,0.098708
120174515023,Citrus,3417,1340,154,0.114925,508.0985,465.5884,0.083665
120174516031,Citrus,1649,711,31,0.043601,420.3577,385.0909,0.083897
120174516032,Citrus,641,137,0,0.000000,351.2360,323.9802,0.077600
120174516041,Citrus,1673,859,14,0.016298,703.5909,638.4511,0.092582
120174516042,Citrus,827,490,18,0.036735,643.6151,583.8134,0.092915
120174516043,Citrus,1310,581,0,0.000000,618.5343,568.2933,0.081226
120174516051,Citrus,3045,1285,98,0.076265,606.4732,523.2650,0.137200
120174516061,Citrus,2285,1216,116,0.095395,568.0657,453.7559,0.201226
120174516062,Citrus,1546,776,33,0.042526,490.1889,450.0911,0.081801
120174516063,Citrus,908,432,0,0.000000,563.4086,484.0902,0.140783
120174517011,Citrus,777,330,0,0.000000,275.4245,247.3904,0.101785
120174517012,Citrus,971,613,0,0.000000,489.7976,392.6172,0.198409
120174517021,Citrus,1217,721,44,0.061026,414.3941,298.5328,0.279592
120174517022,Citrus,1400,506,0,0.000000,257.1326,228.4588,0.111514
120179900000,Citrus,0,0,0,0.000000,0.0000,0.0000,
120530401011,Hernando,3024,1279,73,0.057076,229.9053,186.0554,0.190730
120530401012,Hernando,1572,730,43,0.058904,693.2074,628.4324,0.093442
120530401013,Hernando,1152,408,35,0.085784,512.4564,441.5138,0.138436
120530401021,Hernando,1022,453,35,0.077263,940.1390,803.7378,0.145086
120530401022,Hernando,884,347,21,0.060519,583.4827,507.1926,0.130750
120530402011,Hernando,1944,852,0,0.000000,216.0801,185.6290,0.140925
120530402012,Hernando,900,297,0,0.000000,371.3506,321.9009,0.133162
120530402021,Hernando,2163,926,134,0.144708,553.1847,484.5993,0.123983
120530402022,Hernando,838,461,0,0.000000,1006.2850,915.7795,0.089940
120530402023,Hernando,3875,1096,0,0.000000,365.3483,314.6778,0.138691
120530403011,Hernando,1822,699,5,0.007153,1229.1153,1141.6737,0.071142
120530403021,Hernando,1599,552,25,0.045290,806.8964,686.7263,0.148929
120530403022,Hernando,2540,872,0,0.000000,1121.6838,1036.5786,0.075873
120530403023,Hernando,1013,433,0,0.000000,1038.6949,922.4745,0.111891
120530403031,Hernando,1493,537,15,0.027933,847.9284,760.6662,0.102912
120530403032,Hernando,1289,702,31,0.044160,800.9715,630.5041,0.212826
120530404001,Hernando,916,537,14,0.026071,1164.7354,850.3848,0.269890
120530404002,Hernando,1891,1012,219,0.216403,1615.3416,1082.7041,0.329737
120530404003,Hernando,1112,461,92,0.199566,1053.6668,915.8013,0.130844
120530405011,Hernando,1505,615,87,0.141463,1308.5154,1092.9382,0.164749
120530405012,Hernando,2981,1406,181,0.128734,1519.2429,1126.5526,0.258478
120530405021,Hernando,853,447,19,0.042506,1008.2387,884.7819,0.122448
120530405022,Hernando,2143,783,53,0.067688,1252.4793,924.6165,0.261771
120530406011,Hernando,485,166,0,0.000000,382.7628,346.3543,0.095120
120530406012,Hernando,2600,883,47,0.053228,760.0859,673.1196,0.114416
120530406021,Hernando,601,280,36,0.128571,932.1679,828.4437,0.111272
120530406022,Hernando,2289,935,10,0.010695,722.2563,634.4653,0.121551
120530407011,Hernando,3948,1296,0,0.000000,469.9149,416.2455,0.114211
120530407012,Hernando,2078,574,9,0.015679,799.0614,724.6226,0.093158
120530407013,Hernando,2283,786,38,0.048346,708.5007,643.1353,0.092259
120530407021,Hernando,2694,1070,22,0.020561,877.2800,795.3279,0.093416
120530407022,Hernando,2413,923,0,0.000000,1246.7024,1078.3556,0.135034
120530408011,Hernando,1593,751,0,0.000000,1358.9706,1060.1770,0.219868
120530408012,Hernando,978,671,35,0.052161,1300.4716,1044.0405,0.197183
120530408013,Hernando,1047,690,40,0.057971,1175.6782,970.5583,0.174469
120530408021,Hernando,1690,905,58,0.064088,1517.4687,1229.4330,0.189813
120530408022,Hernando,2010,994,108,0.108652,1046.8713,842.9332,0.194807
120530408023,Hernando,1088,486,19,0.039095,1054.5318,849.3749,0.194548
120530409011,Hernando,1105,471,74,0.157113,1642.9366,1394.9812,0.150922
120530409012,Hernando,1405,649,0,0.000000,1436.4313,1209.5062,0.157978
120530409013,Hernando,2093,565,16,0.028319,1487.3415,1190.9622,0.199268
120530409014,Hernando,1831,668,136,0.203593,1713.1884,1337.0401,0.219560
120530409061,Hernando,1846,624,12,0.019231,1615.3504,1306.6159,0.191125
120530409062,Hernando,1871,602,0,0.000000,1792.0757,1449.3694,0.191234
120530409063,Hernando,2160,597,0,0.000000,1523.5742,1302.1213,0.145351
120530409064,Hernando,3685,1257,10,0.007955,1617.5530,1456.4738,0.099582
120530409071,Hernando,1656,654,0,0.000000,1359.3662,1092.4734,0.196336
120530409072,Hernando,1316,467,0,0.000000,1533.9899,1215.7680,0.207447
120530409081,Hernando,2008,976,15,0.015369,1744.1544,1402.1365,0.196094
120530409082,Hernando,1916,766,0,0.000000,1428.0773,1216.3412,0.148267
120530409083,Hernando,4906,1356,0,0.000000,1090.3171,982.9074,0.098512
120530409091,Hernando,2940,1008,26,0.025794,1408.0083,1149.3744,0.183688
120530409092,Hernando,1807,943,17,0.018028,1334.6323,1084.8284,0.187171
120530409101,Hernando,3066,981,44,0.044852,1153.5203,1023.0455,0.113110
120530409102,Hernando,1838,650,42,0.064615,963.1498,819.0086,0.149656
120530409111,Hernando,3770,1311,68,0.051869,1637.4880,1455.2853,0.111270
120530409112,Hernando,1697,669,0,0.000000,1512.4733,1295.8457,0.143227
120530409113,Hernando,1024,0,0,0.000000,1273.3964,1160.5855,0.088591
120530409121,Hernando,1695,727,116,0.159560,1480.5428,1209.9163,0.182789
120530409122,Hernando,1229,502,84,0.167331,1433.0199,1133.1020,0.209291
120530409131,Hernando,1467,914,84,0.091904,1530.0000,1333.2281,0.128609
120530409132,Hernando,1926,806,38,0.047146,1384.7343,1156.9171,0.164521
120530410031,Hernando,1628,491,0,0.000000,1538.3326,1155.7344,0.248710
120530410032,Hernando,1754,662,108,0.163142,1136.2499,930.6267,0.180967
120530410041,Hernando,2656,907,27,0.029768,1534.0943,1158.8257,0.244619
120530410042,Hernando,2355,1052,27,0.025665,1462.0404,1072.3641,0.266529
120530410043,Hernando,1781,861,30,0.034843,1507.2474,1107.0441,0.265519
120530410051,Hernando,1687,601,13,0.021631,1492.6321,1141.4127,0.235302
120530410052,Hernando,1046,318,0,0.000000,1663.1663,1191.5188,0.283584
120530410061,Hernando,2925,891,46,0.051627,1534.7425,1131.2506,0.262905
120530410062,Hernando,1996,860,18,0.020930,1630.2822,1141.4595,0.299839
120530410063,Hernando,2654,1009,87,0.086224,1562.7231,1204.4011,0.229293
120530411031,Hernando,2191,878,31,0.035308,1194.5856,962.7549,0.194068
120530411032,Hernando,2106,903,53,0.058693,1399.1900,1083.6042,0.225549
120530411041,Hernando,1207,429,8,0.018648,1301.1468,1080.9388,0.169241
120530411042,Hernando,2229,708,10,0.014124,1171.8326,961.3061,0.179656
120530411051,Hernando,1924,930,124,0.133333,1413.7920,1216.7167,0.139395
120530411052,Hernando,1416,550,62,0.112727,1474.0876,1124.9513,0.236849
120530411053,Hernando,1893,605,10,0.016529,1460.7852,1145.6807,0.215709
120530411061,Hernando,1617,703,0,0.000000,1592.5398,1227.2242,0.229392
120530411062,Hernando,2620,963,60,0.062305,1597.0619,1182.6542,0.259481
120530412011,Hernando,1640,516,0,0.000000,1280.2040,1120.4816,0.124763
120530412012,Hernando,1269,562,0,0.000000,1337.2087,1059.3201,0.207812
120530412013,Hernando,2064,697,8,0.011478,1332.1333,1109.0544,0.167460
120530412031,Hernando,1949,803,89,0.110834,1443.6936,1102.3507,0.236437
120530412032,Hernando,2212,918,17,0.018519,1321.8791,1088.3340,0.176677
120530412041,Hernando,1812,751,42,0.055925,1366.9497,1058.7683,0.225452
120530412042,Hernando,651,284,39,0.137324,1213.9189,985.9863,0.187766
120530412043,Hernando,799,427,9,0.021077,1216.0917,974.6214,0.198563
120530413021,Hernando,1792,617,0,0.000000,1475.8415,1163.7095,0.211494
120530413022,Hernando,1865,749,23,0.030708,1329.6530,1076.2917,0.190547
120530413031,Hernando,539,336,9,0.026786,1221.3832,977.9351,0.199322
120530413032,Hernando,893,568,15,0.026408,1113.0270,894.4797,0.196354
120530413033,Hernando,772,409,9,0.022005,1107.9977,893.2025,0.193859
120530413041,Hernando,737,486,131,0.269547,1253.3455,998.1426,0.203617
120530413042,Hernando,1201,628,27,0.042994,1143.3897,923.7803,0.192069
120530413051,Hernando,1311,839,23,0.027414,1100.1383,888.1363,0.192705
120530414011,Hernando,1664,666,73,0.109610,1409.8480,1126.1927,0.201196
120530414012,Hernando,1607,564,14,0.024823,1449.0062,1221.5499,0.156974
120530414013,Hernando,3045,1352,56,0.041420,1382.7240,1198.8953,0.132947
120530414021,Hernando,1287,663,62,0.093514,1217.6255,1069.2895,0.121824
120530414022,Hernando,2097,776,60,0.077320,1225.2727,1047.9843,0.144693
120530414023,Hernando,3033,1275,0,0.000000,1288.7781,1166.9892,0.094500
120530415011,Hernando,1987,944,64,0.067797,1101.8709,804.9050,0.269511
120530415012,Hernando,1315,591,22,0.037225,508.3137,422.5210,0.168779
120530415021,Hernando,2115,831,129,0.155235,746.7668,529.0327,0.291569
120530415022,Hernando,2113,950,25,0.026316,1243.9296,1028.8611,0.172894
120530416011,Hernando,1186,563,0,0.000000,887.8675,741.3021,0.165076
120530416012,Hernando,1085,547,0,0.000000,61.7731,47.0147,0.238913
120530416013,Hernando,1127,612,25,0.040850,1062.4117,932.3187,0.122451
120530416021,Hernando,603,248,16,0.064516,1027.3088,924.1436,0.100423
120530416022,Hernando,1015,348,0,0.000000,541.5928,486.1502,0.102370
120530416023,Hernando,457,225,16,0.071111,907.2193,818.0463,0.098293
120539900000,Hernando,0,0,0,0.000000,411.0790,372.0385,0.094971
120570001011,Hillsborough,1047,224,41,0.183036,10087.0311,9451.3069,0.063024
120570001012,Hillsborough,908,414,0,0.000000,10806.4641,9227.9301,0.146073
120570001013,Hillsborough,1478,630,35,0.055556,10993.7940,9323.0588,0.151971
120570001014,Hillsborough,659,360,10,0.027778,9864.2247,9303.8055,0.056813
120570001021,Hillsborough,574,276,17,0.061594,11837.1265,8962.6658,0.242834
120570001022,Hillsborough,1247,626,47,0.075080,10824.3537,9310.2593,0.139879
120570001023,Hillsborough,911,413,176,0.426150,10784.7362,9233.4994,0.143836
120570001024,Hillsborough,3469,1276,162,0.126959,10990.0519,9386.0612,0.145949
120570002011,Hillsborough,1656,966,305,0.315735,11485.8693,9688.5153,0.156484
120570002012,Hillsborough,1608,382,39,0.102094,12630.1867,10878.9407,0.138656
120570002021,Hillsborough,1706,444,34,0.076577,11183.0473,9589.3290,0.142512
120570002022,Hillsborough,2766,953,338,0.354669,10405.9861,9865.7524,0.051916
120570002023,Hillsborough,1071,480,25,0.052083,11019.1575,9802.1283,0.110447
120570003011,Hillsborough,1136,375,89,0.237333,12687.9140,11020.4009,0.131425
120570003012,Hillsborough,597,325,0,0.000000,11483.6377,10084.2866,0.121856
120570003013,Hillsborough,2229,764,254,0.332461,13713.6422,11485.3067,0.162490
120570003014,Hillsborough,565,128,0,0.000000,12803.7243,11211.6775,0.124342
120570003021,Hillsborough,1590,754,47,0.062334,11018.9968,9764.4995,0.113849
120570003022,Hillsborough,1419,461,0,0.000000,11402.1083,10081.8191,0.115793
120570004011,Hillsborough,904,336,0,0.000000,11850.5892,10296.2533,0.131161
120570004012,Hillsborough,663,351,140,0.398860,13017.9572,11049.8763,0.151182
120570004013,Hillsborough,788,313,0,0.000000,13379.3663,11383.9799,0.149139
120570004021,Hillsborough,1152,523,59,0.112811,13468.2116,11554.3662,0.142101
120570004022,Hillsborough,997,291,39,0.134021,13408.2350,11467.8336,0.144717
120570004023,Hillsborough,987,299,76,0.254181,13269.1187,11424.8390,0.138990
120570005001,Hillsborough,740,305,0,0.000000,11572.1350,9991.1663,0.136619
120570005002,Hillsborough,1135,429,0,0.000000,11789.7643,10195.4450,0.135229
120570005003,Hillsborough,750,330,0,0.000000,13216.4358,11384.7335,0.138593
120570005004,Hillsborough,1552,555,0,0.000000,12287.2466,10674.9172,0.131220
120570006011,Hillsborough,1363,419,35,0.083532,12069.7247,10523.3066,0.128124
120570006012,Hillsborough,1347,518,34,0.065637,13774.2722,11827.3490,0.141345
120570006013,Hillsborough,2277,942,85,0.090234,11980.9056,11292.0097,0.057499
120570006021,Hillsborough,1396,520,4,0.007692,14554.2844,12134.5849,0.166253
120570006022,Hillsborough,1282,447,76,0.170022,14610.8961,12134.7913,0.169470
120570007011,Hillsborough,1844,658,166,0.252280,13784.8161,11696.2230,0.151514
120570007012,Hillsborough,1739,499,50,0.100200,13958.8857,11877.9419,0.149077
120570007021,Hillsborough,971,419,125,0.298329,13357.5661,11332.0797,0.151636
120570007022,Hillsborough,1655,568,105,0.184859,13101.3067,11103.7434,0.152471
120570008001,Hillsborough,2112,719,0,0.000000,11508.4099,10284.5001,0.106349
120570008002,Hillsborough,1725,625,10,0.016000,11054.2523,9726.3278,0.120128
120570009011,Hillsborough,1035,475,13,0.027368,11029.8417,9709.5543,0.119701
120570009012,Hillsborough,1030,376,22,0.058511,10685.8783,9404.5490,0.119909
120570009013,Hillsborough,412,193,53,0.274611,10470.8999,9230.9039,0.118423
120570009021,Hillsborough,661,404,26,0.064356,10757.7520,9338.1496,0.131961
120570009022,Hillsborough,1039,661,123,0.186082,10857.9326,9574.2887,0.118222
120570009023,Hillsborough,960,387,0,0.000000,10631.1665,9252.6787,0.129665
120570009024,Hillsborough,1228,828,55,0.066425,10147.3627,8906.3446,0.122300
120570010011,Hillsborough,1432,564,132,0.234043,11675.4382,10364.5460,0.112278
120570010012,Hillsborough,1925,737,212,0.287653,11440.8689,10620.4305,0.071711
120570010021,Hillsborough,2382,816,9,0.011029,12709.4240,10875.1194,0.144326
120570010022,Hillsborough,503,209,0,0.000000,13874.9588,11504.5144,0.170843
120570010023,Hillsborough,1177,373,10,0.026810,13000.1038,11200.7311,0.138412
120570010024,Hillsborough,1751,536,245,0.457090,13841.6751,11653.1102,0.158114
120570011001,Hillsborough,767,293,10,0.034130,15405.7485,12527.0761,0.186857
120570011002,Hillsborough,709,333,0,0.000000,14369.4032,11730.8698,0.183622
120570011003,Hillsborough,1038,284,4,0.014085,12982.0974,10876.8287,0.162167
120570012001,Hillsborough,1138,495,46,0.092929,15540.7082,13067.5058,0.159143
120570012002,Hillsborough,1939,957,34,0.035528,15587.8649,12785.4632,0.179781
120570013001,Hillsborough,2066,927,311,0.335491,14731.1080,12170.8029,0.173803
120570013002,Hillsborough,1401,501,0,0.000000,13604.0998,11316.2627,0.168173
120570013003,Hillsborough,490,177,0,0.000000,14009.8879,11786.3971,0.158709
120570013004,Hillsborough,779,347,31,0.089337,12183.8218,11568.4803,0.050505
120570013005,Hillsborough,662,240,48,0.200000,12546.5827,11550.0850,0.079424
120570014001,Hillsborough,1515,594,11,0.018519,12782.5056,12206.4211,0.045068
120570014002,Hillsborough,1436,572,143,0.250000,15086.6127,12551.8850,0.168012
120570014003,Hillsborough,1383,480,26,0.054167,15634.9534,12561.0212,0.196606
120570014004,Hillsborough,462,197,16,0.081218,15841.1812,12937.0527,0.183328
120570015001,Hillsborough,857,380,0,0.000000,14319.0911,11588.8664,0.190670
120570015002,Hillsborough,1103,430,21,0.048837,15192.2762,12328.9916,0.188470
120570015003,Hillsborough,898,436,17,0.038991,14714.7809,11946.7524,0.188112
120570016001,Hillsborough,407,185,6,0.032432,13309.3382,12603.8908,0.053004
120570016002,Hillsborough,1804,782,7,0.008951,15558.2463,12659.8048,0.186296
120570017001,Hillsborough,1607,563,11,0.019538,15211.6206,12528.4581,0.176389
120570017002,Hillsborough,921,315,26,0.082540,13944.2167,11425.4213,0.180634
120570017003,Hillsborough,460,270,0,0.000000,13901.8096,11221.1568,0.192828
120570017004,Hillsborough,764,313,0,0.000000,15177.0535,12288.7374,0.190308
120570017005,Hillsborough,1290,332,55,0.165663,14380.3769,11634.1028,0.190974
120570018001,Hillsborough,610,294,87,0.295918,13848.1213,11455.1764,0.172799
120570018002,Hillsborough,2187,627,33,0.052632,12518.8982,10854.9947,0.132911
120570018003,Hillsborough,540,247,65,0.263158,14116.9364,11576.5829,0.179951
120570018004,Hillsborough,1803,610,69,0.113115,14015.0443,11637.3882,0.169650
120570019001,Hillsborough,354,148,0,0.000000,13877.9503,11371.5158,0.180606
120570019002,Hillsborough,1223,392,28,0.071429,13617.4973,11052.1931,0.188383
120570019003,Hillsborough,1767,481,7,0.014553,14930.0304,11525.1901,0.228053
120570020001,Hillsborough,1253,501,40,0.079840,14990.3875,12005.7474,0.199104
120570020002,Hillsborough,730,261,7,0.026820,15869.9553,12158.0480,0.233895
120570020003,Hillsborough,1015,232,27,0.116379,16056.9715,12309.2636,0.233401
120570021001,Hillsborough,992,389,0,0.000000,16226.3481,12520.0380,0.228413
120570021002,Hillsborough,706,367,27,0.073569,16187.7456,12334.8725,0.238012
120570021003,Hillsborough,946,456,22,0.048246,16866.1031,12879.2661,0.236382
120570022001,Hillsborough,1655,811,83,0.102343,16815.4743,12798.0622,0.238912
120570023001,Hillsborough,1136,599,61,0.101836,16286.1617,12140.2177,0.254569
120570023002,Hillsborough,1145,414,35,0.084541,16891.7177,12482.3102,0.261040
120570023003,Hillsborough,867,438,9,0.020548,16822.7045,12469.5488,0.258767
120570024001,Hillsborough,693,286,17,0.059441,13293.8922,12488.5005,0.060584
120570024002,Hillsborough,1575,627,19,0.030303,15576.2681,12664.8348,0.186915
120570024003,Hillsborough,1296,579,166,0.286701,12924.8743,12215.8902,0.054854
120570024004,Hillsborough,690,216,0,0.000000,16007.6373,12635.7158,0.210645
120570025001,Hillsborough,1775,889,115,0.129359,15302.1786,11949.8121,0.219078
120570025002,Hillsborough,1240,490,35,0.071429,15549.3783,12853.1301,0.173399
120570025003,Hillsborough,1160,763,87,0.114024,14947.2992,11737.3151,0.214753
120570025004,Hillsborough,2244,673,86,0.127786,15154.7346,12387.9037,0.182572
120570026001,Hillsborough,549,230,57,0.247826,12871.3811,11814.8008,0.082088
120570026002,Hillsborough,596,274,19,0.069343,17881.6579,12901.9824,0.278480
120570027011,Hillsborough,1559,660,68,0.103030,16626.1805,12762.9310,0.232359
120570027012,Hillsborough,1096,432,63,0.145833,16458.2461,12454.4466,0.243270
120570027013,Hillsborough,1435,452,40,0.088496,17475.9700,12411.6524,0.289787
120570027021,Hillsborough,1569,589,47,0.079796,17637.7545,12576.5401,0.286953
120570027022,Hillsborough,1237,590,61,0.103390,17620.2636,12455.1208,0.293137
120570028001,Hillsborough,991,412,8,0.019417,16572.0164,12162.2030,0.266100
120570028002,Hillsborough,620,341,6,0.017595,16533.9935,12097.2837,0.268339
120570028003,Hillsborough,463,227,0,0.000000,16594.2399,11967.0028,0.278846
120570028004,Hillsborough,975,421,0,0.000000,16926.0319,12128.4097,0.283446
120570029001,Hillsborough,972,363,13,0.035813,16997.1657,12459.8236,0.266947
120570029002,Hillsborough,532,304,61,0.200658,17138.3681,12403.8499,0.276253
120570029003,Hillsborough,518,220,26,0.118182,19157.9189,12717.2077,0.336191
120570030001,Hillsborough,794,367,86,0.234332,17258.0588,12954.1356,0.249386
120570030002,Hillsborough,1044,314,76,0.242038,17290.1551,12843.0424,0.257205
120570030003,Hillsborough,1115,414,22,0.053140,19022.3164,12895.2266,0.322100
120570031001,Hillsborough,473,158,0,0.000000,16519.0647,12529.8216,0.241493
120570031002,Hillsborough,492,198,48,0.242424,16086.7724,12140.1871,0.245331
120570031003,Hillsborough,702,444,38,0.085586,15728.8947,12054.4591,0.233611
120570031004,Hillsborough,989,432,154,0.356481,16293.9617,12240.9919,0.248741
120570032001,Hillsborough,1187,538,209,0.388476,16697.3862,12537.8149,0.249115
120570032002,Hillsborough,682,341,96,0.281525,19250.4587,13168.6895,0.315929
120570032003,Hillsborough,337,127,57,0.448819,17206.5964,12891.0492,0.250808
120570033001,Hillsborough,664,224,61,0.272321,16759.1509,12586.2062,0.248995
120570033002,Hillsborough,1372,548,103,0.187956,16769.6966,12721.5321,0.241398
120570033003,Hillsborough,224,141,29,0.205674,16959.1256,12890.3606,0.239916
120570034001,Hillsborough,750,209,60,0.287081,16009.8233,12175.8205,0.239478
120570034002,Hillsborough,1829,532,246,0.462406,14128.3684,11534.5486,0.183589
120570034003,Hillsborough,896,304,73,0.240132,15053.6876,11351.0076,0.245965
120570035001,Hillsborough,480,193,36,0.186528,16593.3554,12562.3384,0.242930
120570035002,Hillsborough,555,248,89,0.358871,16331.1963,12356.7837,0.243363
120570035003,Hillsborough,643,248,35,0.141129,15559.7801,11654.7392,0.250970
120570035004,Hillsborough,886,320,40,0.125000,15404.4999,11894.6317,0.227847
120570036001,Hillsborough,834,365,32,0.087671,12752.6679,10710.5491,0.160133
120570036002,Hillsborough,1333,514,212,0.412451,13190.3768,11185.6100,0.151987
120570036003,Hillsborough,1656,501,62,0.123752,13405.5168,11384.1680,0.150785
120570036004,Hillsborough,727,275,0,0.000000,13714.2962,11454.5076,0.164776
120570037001,Hillsborough,1205,329,32,0.097264,11496.5414,10599.7948,0.078001
120570038001,Hillsborough,992,467,7,0.014989,14188.9813,11989.1178,0.155040
120570041001,Hillsborough,647,188,18,0.095745,19348.6127,12800.3675,0.338435
120570041002,Hillsborough,1163,645,207,0.320930,20197.9531,13294.0199,0.341814
120570042001,Hillsborough,1629,628,49,0.078025,19395.4532,12472.3530,0.356944
120570043001,Hillsborough,598,278,50,0.179856,18917.5862,12285.4122,0.350582
120570043002,Hillsborough,584,325,96,0.295385,17367.3196,12357.4332,0.288466
120570043003,Hillsborough,130,73,24,0.328767,19135.2470,12497.1506,0.346904
120570044001,Hillsborough,583,249,29,0.116466,18198.4286,12945.8597,0.288628
120570044002,Hillsborough,1043,424,37,0.087264,17787.7300,12279.1949,0.309682
120570044003,Hillsborough,432,191,23,0.120419,18713.0344,12867.9766,0.312352
120570045001,Hillsborough,666,333,75,0.225225,17357.7710,12213.5525,0.296364
120570045002,Hillsborough,888,341,90,0.263930,17580.1224,12555.1004,0.285835
120570045003,Hillsborough,1217,434,7,0.016129,18402.6105,12637.9181,0.313254
120570045004,Hillsborough,772,257,26,0.101167,17693.3259,12603.1661,0.287688
120570045005,Hillsborough,499,173,6,0.034682,18117.9711,12744.2851,0.296594
120570046011,Hillsborough,2475,1328,26,0.019578,17944.5313,13261.2022,0.260989
120570046012,Hillsborough,1468,937,67,0.071505,16840.9194,13163.9912,0.218333
120570046021,Hillsborough,1880,1073,116,0.108108,14421.9298,13030.7542,0.096463
120570047001,Hillsborough,570,269,40,0.148699,17618.7690,13713.1283,0.221675
120570047002,Hillsborough,757,356,13,0.036517,17620.1450,13264.2206,0.247213
120570047003,Hillsborough,1346,560,58,0.103571,17546.2108,13327.6205,0.240427
120570048001,Hillsborough,725,312,0,0.000000,18828.7603,12991.8315,0.310001
120570048002,Hillsborough,692,295,19,0.064407,18356.1844,12667.4660,0.309907
120570048003,Hillsborough,716,330,0,0.000000,18186.8150,12549.2102,0.309983
120570048004,Hillsborough,638,255,33,0.129412,17993.4740,12408.2621,0.310402
120570048005,Hillsborough,524,214,19,0.088785,18367.6916,12445.2654,0.322437
120570048006,Hillsborough,574,246,0,0.000000,17885.6864,12478.6071,0.302313
120570049011,Hillsborough,825,371,0,0.000000,19562.1439,12457.2684,0.363195
120570049012,Hillsborough,1470,604,5,0.008278,18724.0006,13207.4495,0.294625
120570049021,Hillsborough,859,432,58,0.134259,18271.3746,12748.2806,0.302281
120570049022,Hillsborough,1303,752,101,0.134309,17686.0735,12407.8932,0.298437
120570049023,Hillsborough,945,646,61,0.094427,17845.5919,12497.4998,0.299687
120570050001,Hillsborough,1652,764,18,0.023560,20117.1364,12917.3176,0.357895
120570050002,Hillsborough,481,242,132,0.545455,20063.4230,12816.8577,0.361183
120570050003,Hillsborough,6163,721,150,0.208044,21166.0095,12882.8711,0.391342
120570051011,Hillsborough,2457,1509,303,0.200795,22231.2517,13738.3163,0.382027
120570051012,Hillsborough,1519,1067,144,0.134958,23789.2826,14204.2147,0.402915
120570051021,Hillsborough,2062,1087,40,0.036799,16635.9461,11486.1994,0.309555
120570051022,Hillsborough,1681,1073,37,0.034483,18628.8400,12044.1777,0.353466
120570051023,Hillsborough,680,471,86,0.182590,16896.4357,11639.5250,0.311125
120570053011,Hillsborough,980,543,41,0.075506,19601.0579,12367.8714,0.369020
120570053012,Hillsborough,1853,956,132,0.138075,13027.2880,12381.0716,0.049605
120570053013,Hillsborough,1755,1093,53,0.048490,20236.9697,12796.0984,0.367687
120570053021,Hillsborough,1120,513,86,0.167641,11742.3473,9914.3982,0.155672
120570053022,Hillsborough,743,232,23,0.099138,14088.8149,11111.4359,0.211329
120570054011,Hillsborough,1409,445,11,0.024719,10256.3566,8355.1494,0.185369
120570054012,Hillsborough,1356,472,0,0.000000,11723.2382,9384.0323,0.199536
120570054013,Hillsborough,511,195,0,0.000000,13067.3179,9498.4094,0.273117
120570054014,Hillsborough,852,548,49,0.089416,15840.2655,11704.0427,0.261121
120570054015,Hillsborough,638,336,0,0.000000,14021.8666,9968.7685,0.289056
120570054016,Hillsborough,539,372,14,0.037634,13846.2531,9700.5537,0.299409
120570055001,Hillsborough,329,206,13,0.063107,19542.9613,12294.0165,0.370924
120570055002,Hillsborough,1210,674,0,0.000000,20166.1058,12339.5718,0.388103
120570055003,Hillsborough,1312,611,0,0.000000,19610.0793,12438.3092,0.365719
120570057001,Hillsborough,1032,543,0,0.000000,17743.4892,12546.7823,0.292880
120570057002,Hillsborough,1106,711,100,0.140647,17701.4333,12491.9929,0.294295
120570057003,Hillsborough,1074,492,16,0.032520,17923.8994,12570.1971,0.298691
120570057004,Hillsborough,1196,537,6,0.011173,17124.2611,12755.2736,0.255134
120570058001,Hillsborough,738,387,12,0.031008,17335.3147,13263.3465,0.234894
120570058002,Hillsborough,895,396,0,0.000000,17298.2726,13079.0178,0.243912
120570058003,Hillsborough,1136,567,17,0.029982,16613.9349,12464.7931,0.249739
120570058004,Hillsborough,1096,329,11,0.033435,15745.2119,12058.9371,0.234120
120570058005,Hillsborough,1301,538,21,0.039033,15704.9880,11986.7162,0.236757
120570059001,Hillsborough,978,418,0,0.000000,14958.8903,12305.8029,0.177359
120570059002,Hillsborough,2013,972,0,0.000000,16953.4896,13233.0457,0.219450
120570059003,Hillsborough,1500,505,0,0.000000,15296.7612,11747.4353,0.232031
120570059004,Hillsborough,809,238,0,0.000000,11960.0248,11519.9303,0.036797
120570059005,Hillsborough,638,133,0,0.000000,13040.0595,10791.6138,0.172426
120570059006,Hillsborough,604,256,0,0.000000,13720.0264,11121.9708,0.189362
120570060001,Hillsborough,684,247,0,0.000000,17552.5739,12467.6115,0.289699
120570060002,Hillsborough,1265,547,0,0.000000,17457.0847,12288.9675,0.296047
120570060003,Hillsborough,1336,395,0,0.000000,16199.8461,11865.8677,0.267532
120570060004,Hillsborough,478,171,0,0.000000,15132.5254,11682.7391,0.227972
120570060005,Hillsborough,651,338,10,0.029586,16023.0855,11741.9017,0.267188
120570060006,Hillsborough,523,271,0,0.000000,15844.2423,11630.8795,0.265924
120570060007,Hillsborough,638,183,0,0.000000,16137.8475,12059.1376,0.252742
120570061011,Hillsborough,644,286,0,0.000000,16839.9105,11724.1464,0.303788
120570061012,Hillsborough,903,471,10,0.021231,16557.1297,11662.7010,0.295609
120570061013,Hillsborough,481,196,0,0.000000,16301.8707,11477.2983,0.295952
120570061014,Hillsborough,1316,733,0,0.000000,16074.2806,11532.3475,0.282559
120570061031,Hillsborough,1032,713,65,0.091164,15919.6830,11888.6194,0.253213
120570061032,Hillsborough,618,402,0,0.000000,15640.9166,11445.4679,0.268235
120570061033,Hillsborough,993,414,0,0.000000,14427.1884,11402.9916,0.209618
120570061034,Hillsborough,1252,693,19,0.027417,15508.0733,11379.2543,0.266237
120570062001,Hillsborough,978,368,0,0.000000,16145.8776,12199.0527,0.244448
120570062002,Hillsborough,1225,463,0,0.000000,15619.6176,12115.9647,0.224311
120570062003,Hillsborough,904,295,0,0.000000,15486.8253,11941.8349,0.228904
120570062004,Hillsborough,1295,476,0,0.000000,14466.8775,11551.8168,0.201499
120570063001,Hillsborough,1036,394,16,0.040609,14690.3898,11518.2930,0.215930
120570063002,Hillsborough,1351,413,11,0.026634,15750.7900,12105.6148,0.231428
120570063003,Hillsborough,1218,411,0,0.000000,11665.0975,11163.6051,0.042991
120570063004,Hillsborough,1205,430,0,0.000000,15176.6768,12045.8488,0.206292
120570064001,Hillsborough,1015,348,0,0.000000,13493.1943,11165.8653,0.172482
120570064002,Hillsborough,899,341,0,0.000000,13088.5127,11081.4038,0.153349
120570064003,Hillsborough,988,313,0,0.000000,13414.3504,11075.6617,0.174342
120570064004,Hillsborough,1488,536,0,0.000000,13200.5777,11118.4099,0.157733
120570065011,Hillsborough,1178,671,57,0.084948,12418.0806,10613.0876,0.145352
120570065012,Hillsborough,571,245,0,0.000000,12957.1312,11003.0654,0.150810
120570065013,Hillsborough,1704,1013,233,0.230010,13094.3221,10903.1992,0.167334
120570065031,Hillsborough,0,0,0,0.000000,10457.8540,10072.1148,0.036885
120570065032,Hillsborough,581,397,8,0.020151,10474.4534,10107.6566,0.035018
120570065033,Hillsborough,670,491,20,0.040733,11216.2691,10825.6067,0.034830
120570065041,Hillsborough,364,243,16,0.065844,12167.2943,10744.0414,0.116974
120570065042,Hillsborough,306,254,6,0.023622,11861.9056,10796.5070,0.089817
120570066001,Hillsborough,903,347,19,0.054755,13744.1644,11195.4418,0.185440
120570066002,Hillsborough,990,508,57,0.112205,11039.8988,10489.8222,0.049826
120570066003,Hillsborough,2579,1405,25,0.017794,13348.4018,11025.5284,0.174019
120570067001,Hillsborough,1185,576,79,0.137153,14202.5535,11162.0584,0.214081
120570067002,Hillsborough,1165,431,0,0.000000,13375.0164,10506.7938,0.214446
120570067003,Hillsborough,1386,451,0,0.000000,13809.3983,10882.6607,0.211938
120570067004,Hillsborough,715,317,18,0.056782,12610.9629,10207.1817,0.190610
120570067005,Hillsborough,407,174,0,0.000000,13146.2493,10324.4725,0.214645
120570067006,Hillsborough,1180,378,0,0.000000,12730.9199,10586.0376,0.168478
120570068011,Hillsborough,558,339,0,0.000000,13366.9773,11294.9057,0.155014
120570068012,Hillsborough,758,323,0,0.000000,12156.5950,10208.3247,0.160264
120570068013,Hillsborough,948,389,0,0.000000,12534.4081,10589.1743,0.155192
120570068014,Hillsborough,2094,1017,16,0.015733,11608.1898,9760.7122,0.159153
120570068015,Hillsborough,458,330,19,0.057576,11930.0675,10175.4342,0.147077
120570068021,Hillsborough,1122,562,85,0.151246,11092.4518,9396.4382,0.152898
120570068022,Hillsborough,1233,613,11,0.017945,11887.9019,9906.9203,0.166638
120570068023,Hillsborough,953,445,49,0.110112,11256.3584,9592.0957,0.147851
120570069001,Hillsborough,1623,626,83,0.132588,7885.9189,7664.9338,0.028023
120570069002,Hillsborough,1313,559,0,0.000000,8216.6949,7371.4261,0.102872
120570069003,Hillsborough,494,242,0,0.000000,10331.0342,8926.7445,0.135929
120570069004,Hillsborough,1021,489,75,0.153374,10495.3701,9704.4915,0.075355
120570069005,Hillsborough,875,361,0,0.000000,10371.8542,8898.3755,0.142065
120570069006,Hillsborough,316,147,0,0.000000,10405.1956,8899.2498,0.144730
120570070011,Hillsborough,1493,857,6,0.007001,12464.7041,10657.1879,0.145011
120570070012,Hillsborough,642,344,23,0.066860,11974.6691,10200.5358,0.148157
120570070013,Hillsborough,1331,429,0,0.000000,11638.9329,9982.1711,0.142347
120570070014,Hillsborough,828,300,0,0.000000,10276.6623,9124.4817,0.112116
120570070021,Hillsborough,553,238,0,0.000000,9816.7036,8783.8953,0.105209
120570070022,Hillsborough,1694,680,17,0.025000,8395.9176,7495.3763,0.107259
120570070023,Hillsborough,687,401,20,0.049875,9128.4564,8801.8796,0.035776
120570071021,Hillsborough,2172,1118,0,0.000000,8737.2042,7805.4431,0.106643
120570071022,Hillsborough,2493,1426,0,0.000000,9843.9402,8640.9098,0.122210
120570071031,Hillsborough,1113,515,9,0.017476,12129.3160,10573.0993,0.128302
120570071032,Hillsborough,1791,584,5,0.008562,11235.8275,9937.9830,0.115509
120570071033,Hillsborough,1135,468,0,0.000000,9523.7017,8407.3727,0.117216
120570072001,Hillsborough,1448,706,62,0.087819,8619.7367,7739.5668,0.102111
120570072002,Hillsborough,2304,819,38,0.046398,6455.5129,6011.8173,0.068731
120570072003,Hillsborough,1159,634,0,0.000000,8183.0362,7460.6546,0.088278
120570073001,Hillsborough,561,147,16,0.108844,4646.6130,4465.7268,0.038929
120570073002,Hillsborough,386,27,0,0.000000,6334.0722,6034.3261,0.047323
120570073003,Hillsborough,1361,316,8,0.025316,5288.0822,5052.7123,0.044510
120570101051,Hillsborough,1253,443,0,0.000000,4790.1917,4466.4131,0.067592
120570101052,Hillsborough,1506,595,27,0.045378,4118.1635,3902.6143,0.052341
120570101053,Hillsborough,2538,693,32,0.046176,4628.5845,4259.7272,0.079691
120570101061,Hillsborough,390,194,0,0.000000,3967.8630,3773.8484,0.048896
120570101062,Hillsborough,2297,774,0,0.000000,3707.9171,3525.7170,0.049138
120570101063,Hillsborough,384,123,0,0.000000,4368.1912,4152.7299,0.049325
120570101064,Hillsborough,975,383,22,0.057441,4493.6017,4243.1551,0.055734
120570101071,Hillsborough,1806,604,20,0.033113,2285.0303,2139.0863,0.063870
120570101072,Hillsborough,1434,929,45,0.048439,3871.3949,3662.7241,0.053901
120570101073,Hillsborough,872,305,19,0.062295,3609.5082,3410.2597,0.055201
120570101081,Hillsborough,896,339,11,0.032448,1728.9193,1585.6853,0.082846
120570101082,Hillsborough,1205,427,16,0.037471,2503.1363,2378.7153,0.049706
120570102031,Hillsborough,1063,486,9,0.018519,9525.7598,8960.4338,0.059347
120570102032,Hillsborough,1241,442,10,0.022624,8385.3683,7696.5732,0.082142
120570102041,Hillsborough,1324,641,0,0.000000,9498.1086,8963.2120,0.056316
120570102042,Hillsborough,2116,751,15,0.019973,8856.8101,8306.0485,0.062185
120570102043,Hillsborough,1596,591,0,0.000000,9130.7093,8457.2272,0.073760
120570102101,Hillsborough,3730,1267,194,0.153118,4081.0795,3818.6861,0.064295
120570102102,Hillsborough,1383,473,0,0.000000,3958.9024,3788.3377,0.043084
120570102111,Hillsborough,1137,431,0,0.000000,5150.1957,4919.8440,0.044727
120570102112,Hillsborough,806,382,0,0.000000,5293.3068,5064.2323,0.043276
120570102113,Hillsborough,3336,1274,60,0.047096,5576.4657,5127.2663,0.080553
120570102121,Hillsborough,2601,1006,0,0.000000,4563.9446,4381.7885,0.039912
120570102122,Hillsborough,2320,801,9,0.011236,4648.7552,4446.3964,0.043530
120570102131,Hillsborough,2099,761,40,0.052562,7383.1382,6905.6798,0.064669
120570102151,Hillsborough,4982,1449,14,0.009662,3990.6487,3817.8550,0.043300
120570102152,Hillsborough,3612,1155,0,0.000000,3713.2753,3453.3065,0.070011
120570102161,Hillsborough,1722,534,13,0.024345,5942.5726,5380.2845,0.094620
120570102162,Hillsborough,5414,1549,0,0.000000,4856.6981,4646.7874,0.043221
120570102171,Hillsborough,2344,817,0,0.000000,5393.3261,5162.6359,0.042773
120570102172,Hillsborough,2021,635,30,0.047244,5029.3621,4820.4754,0.041533
120570102181,Hillsborough,2010,567,0,0.000000,5345.3843,5116.7980,0.042763
120570102182,Hillsborough,1111,422,9,0.021327,5273.7388,5052.4196,0.041966
120570102183,Hillsborough,935,387,0,0.000000,6152.0280,5894.9458,0.041788
120570102184,Hillsborough,1537,753,11,0.014608,6101.5799,5838.5172,0.043114
120570103031,Hillsborough,1314,420,61,0.145238,6812.7314,6285.6501,0.077367
120570103032,Hillsborough,932,419,54,0.128878,6896.3828,6399.7979,0.072007
120570103033,Hillsborough,1173,317,0,0.000000,7064.4384,6515.1146,0.077759
120570103041,Hillsborough,1765,656,23,0.035061,6100.3242,5714.0881,0.063314
120570103042,Hillsborough,585,215,0,0.000000,7176.1279,6677.8332,0.069438
120570103043,Hillsborough,1399,515,57,0.110680,5191.1612,4739.0270,0.087097
120570103051,Hillsborough,1518,423,0,0.000000,7417.3083,6800.9733,0.083094
120570103052,Hillsborough,2290,762,73,0.095801,7997.1779,7395.0988,0.075286
120570103053,Hillsborough,713,309,24,0.077670,8147.9121,7655.8663,0.060389
120570104011,Hillsborough,1889,833,0,0.000000,9658.0687,8866.2305,0.081987
120570104012,Hillsborough,2646,865,91,0.105202,9802.1691,9004.9272,0.081333
120570104013,Hillsborough,1122,624,50,0.080128,9051.6233,8209.8249,0.093000
120570104021,Hillsborough,1572,695,108,0.155396,10518.9459,9767.6152,0.071426
120570104022,Hillsborough,718,346,47,0.135838,10774.6658,9972.6361,0.074437
120570104023,Hillsborough,2748,914,76,0.083151,11233.6355,10265.9600,0.086141
120570104024,Hillsborough,1507,654,0,0.000000,9236.7586,8638.8283,0.064734
120570105011,Hillsborough,1637,702,0,0.000000,9656.3517,9046.9394,0.063110
120570105012,Hillsborough,3560,1435,190,0.132404,10188.4875,9306.3819,0.086579
120570105013,Hillsborough,1284,601,21,0.034942,12046.9835,10613.8560,0.118962
120570105021,Hillsborough,734,282,0,0.000000,10474.9577,9761.2951,0.068130
120570105022,Hillsborough,2039,872,120,0.137615,11553.8613,10618.2637,0.080977
120570106001,Hillsborough,1738,593,0,0.000000,11395.9012,10020.5662,0.120687
120570106002,Hillsborough,877,393,0,0.000000,10150.6460,8994.9038,0.113859
120570106003,Hillsborough,1010,335,13,0.038806,9280.2584,8282.3781,0.107527
120570107011,Hillsborough,1022,423,14,0.033097,9181.8756,8150.1902,0.112361
120570107012,Hillsborough,2079,830,0,0.000000,10412.5728,8994.0014,0.136236
120570107013,Hillsborough,1475,634,0,0.000000,10451.9733,8885.2641,0.149896
120570107014,Hillsborough,968,340,44,0.129412,11133.0122,9411.0244,0.154674
120570107021,Hillsborough,1495,555,33,0.059459,11358.8275,9697.9336,0.146221
120570107022,Hillsborough,2203,593,0,0.000000,10064.9454,8786.7689,0.126993
120570108051,Hillsborough,1006,404,89,0.220297,12682.1220,10523.4204,0.170216
120570108052,Hillsborough,2600,711,106,0.149086,11974.9936,10010.4934,0.164050
120570108053,Hillsborough,2619,888,225,0.253378,12099.7265,10066.0054,0.168080
120570108081,Hillsborough,2407,968,191,0.197314,11233.1876,9400.7690,0.163125
120570108082,Hillsborough,1021,451,28,0.062084,11724.5757,9440.7456,0.194790
120570108091,Hillsborough,1346,526,19,0.036122,10543.0172,9080.4894,0.138720
120570108092,Hillsborough,1071,540,21,0.038889,11075.5262,9458.9264,0.145961
120570108101,Hillsborough,1479,873,93,0.106529,8363.9934,7920.3108,0.053047
120570108102,Hillsborough,2483,1127,43,0.038154,8879.8375,8286.9654,0.066766
120570108111,Hillsborough,894,435,80,0.183908,10627.4948,9209.5922,0.133418
120570108112,Hillsborough,1111,463,0,0.000000,10701.0430,9544.2167,0.108104
120570108113,Hillsborough,845,324,9,0.027778,9310.1890,8799.4765,0.054855
120570108114,Hillsborough,1446,765,45,0.058824,9357.3773,8891.7947,0.049756
120570108115,Hillsborough,2139,1140,19,0.016667,10164.3824,8776.2941,0.136564
120570108141,Hillsborough,1633,684,116,0.169591,11575.7531,9592.0136,0.171370
120570108142,Hillsborough,1565,569,92,0.161687,11246.6742,9585.8821,0.147670
120570108151,Hillsborough,1467,670,286,0.426866,12069.2265,9995.8686,0.171789
120570108152,Hillsborough,482,192,155,0.807292,12094.0566,9916.8398,0.180024
120570108161,Hillsborough,2225,862,410,0.475638,11700.5369,9648.4212,0.175386
120570108162,Hillsborough,561,375,85,0.226667,11573.0579,9584.9266,0.171790
120570108163,Hillsborough,866,393,151,0.384224,11717.8157,9663.3165,0.175331
120570108171,Hillsborough,986,597,116,0.194305,10808.1967,9303.7990,0.139190
120570108172,Hillsborough,2471,780,94,0.120513,10991.7679,9336.6898,0.150574
120570108173,Hillsborough,1338,584,73,0.125000,11402.0600,9895.5851,0.132123
120570108191,Hillsborough,894,294,21,0.071429,9449.6912,9041.4811,0.043198
120570108192,Hillsborough,898,500,33,0.066000,11022.7358,9032.6430,0.180544
120570108201,Hillsborough,1667,887,122,0.137542,10809.6260,9292.5125,0.140348
120570108202,Hillsborough,1190,451,0,0.000000,11353.0187,9216.4012,0.188198
120570108211,Hillsborough,1384,495,166,0.335354,11910.6678,9980.2273,0.162077
120570108212,Hillsborough,1565,534,247,0.462547,11864.7429,9902.8970,0.165351
120570108221,Hillsborough,1147,384,76,0.197917,11844.7435,9952.7120,0.159736
120570108222,Hillsborough,1197,604,128,0.211921,11654.3660,9839.1399,0.155755
120570108231,Hillsborough,2126,1118,320,0.286225,11198.6720,9115.2884,0.186038
120570108241,Hillsborough,534,298,138,0.463087,11907.8663,9631.0914,0.191199
120570108242,Hillsborough,1504,585,83,0.141880,11591.1801,9195.2685,0.206701
120570108243,Hillsborough,2357,816,104,0.127451,11983.6821,9587.5096,0.199953
120570109001,Hillsborough,7218,4,0,0.000000,11410.3936,9143.7653,0.198646
120570110031,Hillsborough,2425,1157,65,0.056180,8620.6219,8041.2031,0.067213
120570110032,Hillsborough,1481,543,12,0.022099,10830.2517,9546.9800,0.118490
120570110033,Hillsborough,315,130,51,0.392308,11188.7941,10044.9769,0.102229
120570110034,Hillsborough,1659,806,92,0.114144,11223.0525,9657.8343,0.139465
120570110051,Hillsborough,3213,1040,0,0.000000,5477.7330,5192.8146,0.052014
120570110061,Hillsborough,3344,982,0,0.000000,5299.3441,5053.8247,0.046330
120570110062,Hillsborough,1656,561,0,0.000000,6613.5094,6225.7674,0.058629
120570110063,Hillsborough,1988,951,0,0.000000,6810.1714,6520.2431,0.042573
120570110071,Hillsborough,1714,485,0,0.000000,7670.6044,7304.2576,0.047760
120570110072,Hillsborough,1572,587,22,0.037479,8465.2549,8116.0532,0.041251
120570110073,Hillsborough,395,153,0,0.000000,8264.9670,7919.8323,0.041759
120570110081,Hillsborough,1554,429,93,0.216783,5946.2785,5683.7507,0.044150
120570110082,Hillsborough,1550,546,0,0.000000,8363.0038,7405.2547,0.114522
120570110083,Hillsborough,2446,857,0,0.000000,8434.6275,7469.8944,0.114378
120570110084,Hillsborough,1103,379,0,0.000000,8541.0471,7622.2596,0.107573
120570110085,Hillsborough,271,116,0,0.000000,8014.5305,7621.3236,0.049062
120570110086,Hillsborough,737,228,0,0.000000,9958.9185,8717.0064,0.124704
120570110101,Hillsborough,4229,1489,72,0.048355,9432.1052,8236.9295,0.126714
120570110102,Hillsborough,1029,501,13,0.025948,10246.3507,8815.4857,0.139646
120570110131,Hillsborough,2570,1041,14,0.013449,6807.2843,6078.3544,0.107081
120570110132,Hillsborough,1793,770,9,0.011688,6604.1921,6247.4394,0.054019
120570110161,Hillsborough,1488,500,0,0.000000,8115.2661,7139.9139,0.120187
120570110162,Hillsborough,1121,480,0,0.000000,8388.1876,7447.3335,0.112164
120570110163,Hillsborough,1872,670,42,0.062687,8243.4601,7378.6899,0.104904
120570110171,Hillsborough,1135,575,26,0.045217,7981.5474,7494.2043,0.061059
120570110172,Hillsborough,558,223,0,0.000000,7705.6049,6920.8405,0.101843
120570110173,Hillsborough,310,102,0,0.000000,3998.0963,3768.9070,0.057325
120570110181,Hillsborough,3980,1817,17,0.009356,9125.7062,7991.1103,0.124330
120570110182,Hillsborough,1519,955,181,0.189529,10325.8703,8908.1797,0.137295
120570110191,Hillsborough,1881,608,32,0.052632,5529.3327,5092.0956,0.079076
120570110192,Hillsborough,2798,1065,10,0.009390,6650.1364,5907.4248,0.111684
120570110193,Hillsborough,7035,2579,0,0.000000,5054.6206,4798.9867,0.050574
120570111031,Hillsborough,2599,852,0,0.000000,7270.3616,6923.4988,0.047709
120570111032,Hillsborough,1414,477,10,0.020964,6771.3357,6409.8188,0.053389
120570111061,Hillsborough,2494,1058,37,0.034972,8148.1745,7808.9710,0.041629
120570111071,Hillsborough,4054,1640,69,0.042073,8593.9012,8139.4580,0.052880
120570111072,Hillsborough,895,316,0,0.000000,8701.7853,8135.6631,0.065058
120570111073,Hillsborough,1806,739,0,0.000000,8243.1727,7769.3692,0.057478
120570111081,Hillsborough,1735,792,65,0.082071,9690.0046,9231.8423,0.047282
120570111091,Hillsborough,3925,1323,0,0.000000,7902.8900,7484.4890,0.052943
120570111092,Hillsborough,1398,544,9,0.016544,6951.1958,6669.6500,0.040503
120570112031,Hillsborough,1372,661,27,0.040847,8964.6913,8555.0629,0.045694
120570112032,Hillsborough,882,426,0,0.000000,10501.9395,9468.2707,0.098426
120570112033,Hillsborough,1037,467,0,0.000000,10277.0962,9313.8536,0.093727
120570112041,Hillsborough,924,412,0,0.000000,9667.2270,8833.7731,0.086214
120570112042,Hillsborough,1140,517,43,0.083172,9834.9146,9353.5614,0.048943
120570112043,Hillsborough,1338,363,44,0.121212,10273.0464,9828.3264,0.043290
120570112044,Hillsborough,1014,372,0,0.000000,10096.4765,9133.1367,0.095413
120570112045,Hillsborough,1340,708,61,0.086158,11053.9667,9801.9842,0.113261
120570112051,Hillsborough,1106,384,0,0.000000,10791.3523,9236.2211,0.144109
120570112052,Hillsborough,696,329,14,0.042553,11320.1994,9761.3759,0.137703
120570112053,Hillsborough,1506,686,32,0.046647,10569.6634,9293.3208,0.120755
120570112061,Hillsborough,826,382,113,0.295812,11706.0113,10116.2984,0.135803
120570112062,Hillsborough,1760,523,128,0.244742,12124.8928,10281.7916,0.152010
120570112063,Hillsborough,1198,497,41,0.082495,12022.4936,10222.7929,0.149694
120570113011,Hillsborough,1280,489,30,0.061350,9995.4304,9306.5387,0.068921
120570113012,Hillsborough,2225,800,43,0.053750,9248.7291,8768.1056,0.051966
120570113031,Hillsborough,1080,467,10,0.021413,10510.9040,9486.0026,0.097508
120570113032,Hillsborough,2346,1060,94,0.088679,9890.8029,9264.2520,0.063347
120570113041,Hillsborough,2501,969,0,0.000000,9759.5431,9054.6952,0.072221
120570113042,Hillsborough,1292,620,134,0.216129,10495.0039,9249.7622,0.118651
120570113043,Hillsborough,1993,837,0,0.000000,10582.1567,9940.5059,0.060635
120570114071,Hillsborough,1067,525,33,0.062857,9673.1233,8895.0228,0.080439
120570114072,Hillsborough,1026,508,0,0.000000,9393.8991,8606.6158,0.083808
120570114081,Hillsborough,451,199,0,0.000000,9182.8278,8747.3248,0.047426
120570114082,Hillsborough,916,344,0,0.000000,9684.9513,9081.6079,0.062297
120570114083,Hillsborough,1408,517,28,0.054159,10745.2912,10046.2053,0.065060
120570114091,Hillsborough,494,180,0,0.000000,9397.2157,8833.7462,0.059961
120570114092,Hillsborough,2389,1083,27,0.024931,10930.0196,10020.6956,0.083195
120570114101,Hillsborough,1425,560,0,0.000000,6493.4492,6241.6840,0.038772
120570114102,Hillsborough,1694,632,7,0.011076,7704.6911,7162.6268,0.070355
120570114103,Hillsborough,3636,1379,31,0.022480,7912.6762,7270.1642,0.081200
120570114111,Hillsborough,2224,692,8,0.011561,8667.5364,8260.4434,0.046968
120570114121,Hillsborough,1400,598,35,0.058528,9811.7092,8972.0516,0.085577
120570114122,Hillsborough,1701,829,72,0.086852,9633.5625,8604.1585,0.106856
120570114131,Hillsborough,2917,1205,39,0.032365,9231.7643,8669.2909,0.060928
120570114132,Hillsborough,1183,361,0,0.000000,9158.1121,8548.8967,0.066522
120570114133,Hillsborough,1561,586,0,0.000000,9292.5822,8576.1231,0.077100
120570114134,Hillsborough,612,237,0,0.000000,9263.1628,8713.1837,0.059373
120570114141,Hillsborough,4494,2018,118,0.058474,8919.8224,8379.2683,0.060601
120570114142,Hillsborough,1952,501,0,0.000000,9119.3666,8607.6691,0.056111
120570114143,Hillsborough,1905,801,124,0.154806,9466.0998,8973.3562,0.052053
120570114151,Hillsborough,2993,1178,0,0.000000,9356.5893,8884.9657,0.050406
120570114152,Hillsborough,1973,635,0,0.000000,9318.1739,8801.0950,0.055491
120570114153,Hillsborough,1062,433,0,0.000000,10996.2016,10343.1507,0.059389
120570114161,Hillsborough,2859,748,46,0.061497,10107.4662,9442.7304,0.065767
120570114162,Hillsborough,1584,692,25,0.036127,9612.5968,9121.2936,0.051110
120570114163,Hillsborough,1546,702,52,0.074074,9817.0107,9297.9389,0.052875
120570114164,Hillsborough,874,349,14,0.040115,10655.5967,9987.9890,0.062653
120570114171,Hillsborough,1554,595,9,0.015126,8777.5579,8121.4969,0.074743
120570114172,Hillsborough,3524,1107,10,0.009033,9496.9676,9049.4175,0.047126
120570114173,Hillsborough,883,367,0,0.000000,9515.3210,9053.8714,0.048495
120570114181,Hillsborough,603,276,0,0.000000,9016.6609,8409.9061,0.067293
120570114182,Hillsborough,1559,665,17,0.025564,9115.9362,8391.0676,0.079517
120570114183,Hillsborough,1414,696,110,0.158046,8926.1713,8277.2987,0.072693
120570115041,Hillsborough,1525,529,0,0.000000,3748.8026,3592.0556,0.041813
120570115042,Hillsborough,1638,618,13,0.021036,5186.1135,4970.1375,0.041645
120570115061,Hillsborough,2291,828,195,0.235507,7012.1088,6554.2813,0.065291
120570115062,Hillsborough,602,247,0,0.000000,7193.9409,6695.0971,0.069342
120570115063,Hillsborough,3105,1261,94,0.074544,8072.1309,7175.7267,0.111049
120570115064,Hillsborough,2868,1105,0,0.000000,6103.3635,5739.5302,0.059612
120570115091,Hillsborough,1243,453,0,0.000000,5708.7577,5461.5985,0.043295
120570115092,Hillsborough,2940,893,0,0.000000,5667.9035,5404.4283,0.046485
120570115093,Hillsborough,1895,743,11,0.014805,5429.2356,5209.3940,0.040492
120570115094,Hillsborough,936,461,0,0.000000,30.9788,10.0080,0.676940
120570115101,Hillsborough,3511,1062,29,0.027307,6133.3383,5788.9643,0.056148
120570115102,Hillsborough,2309,680,0,0.000000,5919.0543,5643.8840,0.046489
120570115121,Hillsborough,1398,440,22,0.050000,6439.5498,6191.2536,0.038558
120570115122,Hillsborough,1306,449,0,0.000000,5428.4219,5217.1863,0.038913
120570115123,Hillsborough,1672,605,18,0.029752,6916.9916,6690.3567,0.032765
120570115141,Hillsborough,2082,623,0,0.000000,8101.4156,7589.1765,0.063228
120570115142,Hillsborough,2647,973,27,0.027749,8199.8776,7757.7063,0.053924
120570115143,Hillsborough,1150,476,0,0.000000,7996.7780,7688.9523,0.038494
120570115144,Hillsborough,787,311,0,0.000000,8471.4530,7928.6599,0.064073
120570115151,Hillsborough,2520,842,7,0.008314,8744.2383,8111.2348,0.072391
120570115152,Hillsborough,1744,640,7,0.010937,8665.9842,8317.6128,0.040200
120570115161,Hillsborough,1760,600,0,0.000000,9107.7706,8516.9379,0.064871
120570115162,Hillsborough,1532,704,0,0.000000,9580.5106,8965.7139,0.064172
120570115181,Hillsborough,705,280,11,0.039286,5075.1062,4884.3147,0.037594
120570115182,Hillsborough,1225,425,0,0.000000,5404.1028,5199.2871,0.037900
120570115183,Hillsborough,2407,788,0,0.000000,7034.4216,6768.5800,0.037792
120570115191,Hillsborough,739,243,4,0.016461,6857.8888,6574.9279,0.041261
120570115192,Hillsborough,1307,540,0,0.000000,7741.7576,7137.8420,0.078008
120570115201,Hillsborough,3053,1075,0,0.000000,7591.6259,6997.6911,0.078236
120570115202,Hillsborough,2636,1161,56,0.048234,9896.4613,9103.7562,0.080100
120570115211,Hillsborough,756,259,0,0.000000,5116.5173,4903.2775,0.041677
120570115212,Hillsborough,2533,1336,0,0.000000,6795.2437,6548.6482,0.036289
120570115213,Hillsborough,1589,646,44,0.068111,5383.7857,5176.1748,0.038562
120570115221,Hillsborough,2807,1070,6,0.005607,6204.2338,5782.1103,0.068038
120570115222,Hillsborough,1715,540,7,0.012963,7058.2969,6773.5067,0.040348
120570115223,Hillsborough,783,287,0,0.000000,7262.6430,6823.7972,0.060425
120570115231,Hillsborough,2072,653,8,0.012251,6293.3211,6032.2098,0.041490
120570115241,Hillsborough,900,415,140,0.337349,8460.4475,8095.1282,0.043180
120570115242,Hillsborough,2395,981,33,0.033639,7345.7156,6822.3150,0.071252
120570115243,Hillsborough,652,421,39,0.092637,8114.2479,7761.8304,0.043432
120570115244,Hillsborough,718,346,13,0.037572,8895.5879,8364.1411,0.059743
120570115251,Hillsborough,808,453,155,0.342163,8217.9575,7623.9407,0.072283
120570115252,Hillsborough,1035,346,0,0.000000,8790.3684,8421.9682,0.041910
120570115253,Hillsborough,2076,668,0,0.000000,7786.7259,7461.0738,0.041821
120570115261,Hillsborough,1450,585,16,0.027350,8161.0846,7455.7725,0.086424
120570115262,Hillsborough,2848,1271,29,0.022817,9832.3604,8873.3903,0.097532
120570115271,Hillsborough,1820,699,0,0.000000,5197.9902,5024.7504,0.033328
120570115272,Hillsborough,2227,684,15,0.021930,5850.0349,5627.3484,0.038066
120570115281,Hillsborough,3723,1309,0,0.000000,6955.2308,6493.9659,0.066319
120570115282,Hillsborough,105,42,42,1.000000,6118.2101,5916.5827,0.032955
120570115283,Hillsborough,2195,686,28,0.040816,7359.1732,6774.1391,0.079497
120570116031,Hillsborough,2758,898,22,0.024499,10548.2088,9775.2807,0.073276
120570116032,Hillsborough,787,305,0,0.000000,10319.1333,9654.9427,0.064365
120570116033,Hillsborough,651,210,0,0.000000,10756.0198,10111.1008,0.059959
120570116051,Hillsborough,1130,360,36,0.100000,10328.0098,9593.3251,0.071135
120570116052,Hillsborough,1645,447,0,0.000000,10985.5193,10264.3466,0.065648
120570116053,Hillsborough,1194,414,10,0.024155,11636.1507,10564.3546,0.092109
120570116054,Hillsborough,1401,380,0,0.000000,11348.2268,10612.0690,0.064870
120570116055,Hillsborough,1240,413,100,0.242131,11118.6575,10378.2634,0.066590
120570116101,Hillsborough,1003,353,0,0.000000,9387.4244,8663.3048,0.077137
120570116102,Hillsborough,1875,639,0,0.000000,9725.1233,8926.2356,0.082147
120570116103,Hillsborough,2013,705,113,0.160284,10085.7421,9263.0614,0.081569
120570116104,Hillsborough,1133,578,92,0.159170,8966.4541,8377.0257,0.065737
120570116111,Hillsborough,984,348,0,0.000000,11048.2916,10023.5042,0.092755
120570116112,Hillsborough,1937,739,0,0.000000,10266.4567,9789.3446,0.046473
120570116113,Hillsborough,1210,430,0,0.000000,10596.5368,9737.6469,0.081054
120570116121,Hillsborough,622,313,0,0.000000,8791.4625,8206.4197,0.066547
120570116122,Hillsborough,1710,588,0,0.000000,9337.6742,8712.2146,0.066982
120570116123,Hillsborough,1780,639,0,0.000000,10113.9123,9391.6866,0.071409
120570116124,Hillsborough,2469,985,182,0.184772,9973.3119,9267.6508,0.070755
120570116131,Hillsborough,1404,515,9,0.017476,10088.8485,9392.9999,0.068972
120570116132,Hillsborough,2154,789,65,0.082383,9780.0191,9156.7379,0.063730
120570116133,Hillsborough,662,207,0,0.000000,9742.2171,9279.7694,0.047468
120570116134,Hillsborough,1557,457,0,0.000000,10827.9284,10056.2477,0.071268
120570116141,Hillsborough,972,384,27,0.070312,8910.4540,8439.2746,0.052879
120570116142,Hillsborough,2787,1129,48,0.042516,8968.9449,8488.4972,0.053568
120570116143,Hillsborough,2205,724,18,0.024862,8198.8768,7724.3364,0.057879
120570116144,Hillsborough,1251,371,0,0.000000,8933.6689,8537.0081,0.044401
120570116151,Hillsborough,1119,376,0,0.000000,8303.2296,7810.6357,0.059326
120570116152,Hillsborough,968,391,13,0.033248,10673.3863,10032.3268,0.060061
120570116153,Hillsborough,767,314,47,0.149682,9364.0773,8818.9619,0.058213
120570116154,Hillsborough,1935,564,32,0.056738,9412.2680,8824.8044,0.062415
120570116161,Hillsborough,975,466,0,0.000000,7316.7018,6988.4951,0.044857
120570116162,Hillsborough,1004,461,0,0.000000,8368.1285,7725.0825,0.076845
120570116163,Hillsborough,1627,477,0,0.000000,9615.0062,8815.1328,0.083190
120570116164,Hillsborough,1296,460,0,0.000000,7506.6399,6976.3829,0.070638
120570116165,Hillsborough,5665,1914,191,0.099791,8790.3278,8077.8396,0.081054
120570116171,Hillsborough,842,390,0,0.000000,9146.8451,8507.3124,0.069918
120570116172,Hillsborough,995,388,8,0.020619,9129.7163,8533.5978,0.065294
120570116173,Hillsborough,1888,791,0,0.000000,9537.8840,8931.9017,0.063534
120570117081,Hillsborough,1456,599,25,0.041736,11432.0724,10833.4379,0.052364
120570117082,Hillsborough,1154,663,0,0.000000,13390.6045,11975.0487,0.105713
120570117083,Hillsborough,2228,1227,31,0.025265,10221.5403,9674.7356,0.053495
120570117121,Hillsborough,1145,503,0,0.000000,10854.0730,10102.9581,0.069201
120570117122,Hillsborough,1732,900,35,0.038889,9573.8970,9033.7842,0.056415
120570117123,Hillsborough,706,238,0,0.000000,10531.1545,9845.9388,0.065066
120570117124,Hillsborough,1745,777,35,0.045045,9589.5262,9060.8258,0.055133
120570117131,Hillsborough,1480,737,79,0.107191,8662.8227,8197.4830,0.053717
120570117132,Hillsborough,1258,660,0,0.000000,8900.5619,8350.0225,0.061854
120570117133,Hillsborough,1873,767,28,0.036506,8888.8400,8463.5048,0.047850
120570117134,Hillsborough,1060,543,15,0.027624,8781.6109,8321.2092,0.052428
120570117141,Hillsborough,2463,1059,0,0.000000,9106.0444,8524.5251,0.063861
120570117151,Hillsborough,1621,595,0,0.000000,10674.4833,9980.5352,0.065010
120570117152,Hillsborough,776,298,5,0.016779,10800.8368,10209.6781,0.054733
120570117161,Hillsborough,1194,509,98,0.192534,10632.0042,9994.7756,0.059935
120570117162,Hillsborough,3185,1363,73,0.053558,11894.2097,11223.6750,0.056375
120570117163,Hillsborough,1661,561,0,0.000000,11783.0442,11169.7488,0.052049
120570118021,Hillsborough,1167,369,53,0.143631,14348.0809,12282.3407,0.143973
120570118022,Hillsborough,2778,807,111,0.137546,13482.1411,11318.9791,0.160446
120570118023,Hillsborough,797,332,30,0.090361,12047.6839,10564.2947,0.123127
120570118024,Hillsborough,1827,645,8,0.012403,12116.4518,10649.8787,0.121040
120570118041,Hillsborough,1952,726,53,0.073003,11805.2271,10323.7682,0.125492
120570118042,Hillsborough,1461,408,0,0.000000,12863.1209,10817.6268,0.159020
120570118043,Hillsborough,849,239,0,0.000000,13566.7117,11514.1807,0.151292
120570118044,Hillsborough,1483,430,18,0.041860,10567.7849,9803.1140,0.072359
120570118051,Hillsborough,2447,906,0,0.000000,10796.2755,9579.6144,0.112693
120570118052,Hillsborough,775,353,6,0.016997,10721.8407,10030.1470,0.064513
120570118053,Hillsborough,672,278,18,0.064748,11659.8475,10217.7397,0.123682
120570118061,Hillsborough,541,296,59,0.199324,12073.4618,10699.1596,0.113828
120570118062,Hillsborough,1473,671,19,0.028316,11616.2245,10298.5403,0.113435
120570118063,Hillsborough,600,296,117,0.395270,12282.6318,10839.8076,0.117469
120570119051,Hillsborough,1896,537,53,0.098696,14577.9280,12209.6043,0.162460
120570119071,Hillsborough,1324,619,24,0.038772,11822.8248,10452.7875,0.115881
120570119072,Hillsborough,1956,875,16,0.018286,11319.3644,10010.8692,0.115598
120570119081,Hillsborough,1542,733,143,0.195089,11925.8141,10567.8931,0.113864
120570119082,Hillsborough,1034,366,10,0.027322,12734.1610,11166.6133,0.123098
120570119091,Hillsborough,1051,459,38,0.082789,11881.7133,10510.9035,0.115371
120570119092,Hillsborough,1468,540,16,0.029630,12232.5822,10388.4687,0.150754
120570119093,Hillsborough,782,312,14,0.044872,13443.0155,11186.1613,0.167883
120570119101,Hillsborough,811,282,0,0.000000,14096.8191,11851.9860,0.159244
120570119102,Hillsborough,1681,668,0,0.000000,11879.9757,10114.6920,0.148593
120570119103,Hillsborough,1034,484,127,0.262397,12381.5056,10837.1078,0.124734
120570119111,Hillsborough,1206,436,26,0.059633,14582.7534,11896.9835,0.184174
120570119112,Hillsborough,2246,1068,54,0.050562,13540.8536,11073.5725,0.182210
120570119113,Hillsborough,2687,990,113,0.114141,15584.7208,12627.0983,0.189777
120570120011,Hillsborough,933,399,6,0.015038,11366.9215,10213.5067,0.101471
120570120012,Hillsborough,1522,671,36,0.053651,12444.5702,10901.9763,0.123957
120570120021,Hillsborough,2292,840,73,0.086905,11107.7052,10173.1801,0.084133
120570120022,Hillsborough,879,250,0,0.000000,10699.9782,9739.8772,0.089729
120570120023,Hillsborough,1088,289,23,0.079585,11332.2398,10377.8742,0.084217
120570121031,Hillsborough,4847,1702,147,0.086369,10463.1738,9420.5920,0.099643
120570121032,Hillsborough,1842,792,246,0.310606,11088.2711,10188.5809,0.081139
120570121033,Hillsborough,1084,480,0,0.000000,12191.9344,9454.5601,0.224523
120570121061,Hillsborough,1100,380,14,0.036842,7462.6698,6810.6696,0.087368
120570121062,Hillsborough,2582,849,19,0.022379,7363.2855,6764.4917,0.081322
120570121063,Hillsborough,1633,638,7,0.010972,6139.0500,5660.9728,0.077875
120570121071,Hillsborough,850,382,0,0.000000,9205.0097,8512.0409,0.075282
120570121072,Hillsborough,954,442,23,0.052036,8595.7314,7849.9953,0.086757
120570121073,Hillsborough,2967,1172,64,0.054608,9340.5466,8541.4784,0.085548
120570121081,Hillsborough,1853,653,16,0.024502,7637.6156,7047.9532,0.077205
120570121082,Hillsborough,2269,569,35,0.061511,7942.4561,7346.3189,0.075057
120570121091,Hillsborough,894,322,66,0.204969,9882.2971,8790.1227,0.110518
120570121092,Hillsborough,2267,1067,121,0.113402,9841.8140,9095.2413,0.075857
120570121101,Hillsborough,2756,1243,29,0.023331,9145.4415,8452.3117,0.075790
120570121102,Hillsborough,2510,792,42,0.053030,9662.9154,8953.1045,0.073457
120570122061,Hillsborough,1757,726,0,0.000000,9063.9746,8421.1258,0.070923
120570122062,Hillsborough,1663,583,0,0.000000,8309.8447,7515.9182,0.095540
120570122063,Hillsborough,1335,468,0,0.000000,7836.1832,7015.8069,0.104691
120570122064,Hillsborough,1176,429,0,0.000000,7890.1744,7359.9881,0.067196
120570122071,Hillsborough,609,205,0,0.000000,7856.1375,7247.0307,0.077533
120570122072,Hillsborough,2503,748,36,0.048128,7009.3492,6489.1964,0.074208
120570122073,Hillsborough,3059,1144,19,0.016608,7187.8243,6607.7668,0.080700
120570122074,Hillsborough,629,277,18,0.064982,7326.9232,6810.3458,0.070504
120570122075,Hillsborough,893,525,0,0.000000,7145.9720,6602.5791,0.076042
120570122081,Hillsborough,2686,977,0,0.000000,5768.9630,5422.9595,0.059977
120570122082,Hillsborough,1588,492,0,0.000000,6601.7116,6074.1139,0.079918
120570122083,Hillsborough,1747,767,61,0.079531,6053.6180,5574.8081,0.079095
120570122091,Hillsborough,1337,443,52,0.117381,5710.7588,5323.1657,0.067871
120570122092,Hillsborough,3929,1422,18,0.012658,4275.2957,4012.2644,0.061524
120570122101,Hillsborough,3799,1236,29,0.023463,6198.3981,5710.8202,0.078662
120570122102,Hillsborough,2620,943,40,0.042418,6237.3465,5840.1256,0.063684
120570122111,Hillsborough,1932,16,2,0.125000,9524.1955,8495.8536,0.107972
120570122121,Hillsborough,2503,918,54,0.058824,10059.6733,8642.5665,0.140870
120570122122,Hillsborough,2126,637,0,0.000000,9728.9263,8365.7523,0.140116
120570122131,Hillsborough,1725,587,0,0.000000,9327.3806,8668.0875,0.070684
120570122132,Hillsborough,3289,1272,7,0.005503,8242.9580,7651.5190,0.071751
120570123011,Hillsborough,2126,716,6,0.008380,8721.7974,7518.3645,0.137980
120570123012,Hillsborough,1412,593,86,0.145025,7444.5721,6584.2557,0.115563
120570123013,Hillsborough,1075,517,50,0.096712,8973.1955,7720.7265,0.139579
120570123014,Hillsborough,2044,870,0,0.000000,9793.9641,8401.9314,0.142132
120570123031,Hillsborough,1516,644,0,0.000000,7547.4724,6918.3890,0.083350
120570123032,Hillsborough,1045,419,21,0.050119,7803.8124,7195.6900,0.077926
120570123033,Hillsborough,1480,552,6,0.010870,8254.3496,7176.1529,0.130622
120570123041,Hillsborough,985,330,35,0.106061,6958.6614,6431.8531,0.075705
120570123042,Hillsborough,2153,885,72,0.081356,7164.9381,6367.9233,0.111238
120570123043,Hillsborough,1753,603,0,0.000000,6899.6685,6282.9783,0.089380
120570124011,Hillsborough,552,278,24,0.086331,5778.1677,5314.8150,0.080190
120570124012,Hillsborough,1309,405,0,0.000000,5681.8381,5277.4772,0.071167
120570124013,Hillsborough,1226,428,0,0.000000,4738.2738,4415.8899,0.068038
120570124014,Hillsborough,1902,704,186,0.264205,5599.7949,5185.5886,0.073968
120570124021,Hillsborough,1255,350,0,0.000000,5426.5306,5051.6294,0.069087
120570124022,Hillsborough,1915,498,16,0.032129,4461.6039,4133.9740,0.073433
120570124031,Hillsborough,1278,419,13,0.031026,4511.7407,4241.9512,0.059797
120570124032,Hillsborough,1274,360,5,0.013889,3582.1124,3370.8929,0.058965
120570124033,Hillsborough,3472,1053,31,0.029440,3547.4249,3340.4038,0.058358
120570125011,Hillsborough,801,421,13,0.030879,5171.3146,4856.4778,0.060881
120570125012,Hillsborough,1378,247,13,0.052632,3466.2876,3234.4231,0.066891
120570125013,Hillsborough,2349,825,13,0.015758,4558.2380,4175.1255,0.084048
120570125031,Hillsborough,1731,649,10,0.015408,3239.6583,2895.2632,0.106306
120570125032,Hillsborough,2013,848,8,0.009434,4193.0437,3775.1275,0.099669
120570125033,Hillsborough,1174,364,9,0.024725,3379.7303,3007.5109,0.110133
120570125041,Hillsborough,3777,1391,9,0.006470,3638.7745,3291.6401,0.095399
120570126001,Hillsborough,920,326,0,0.000000,4195.2136,3781.8319,0.098537
120570126002,Hillsborough,1339,431,95,0.220418,4488.3226,4061.7354,0.095044
120570126003,Hillsborough,1995,799,80,0.100125,4242.2762,3766.9056,0.112056
120570126004,Hillsborough,1395,562,0,0.000000,3787.5659,3540.7762,0.065158
120570127011,Hillsborough,1950,861,176,0.204413,5224.4099,4674.0034,0.105353
120570127012,Hillsborough,390,70,0,0.000000,4898.7721,4502.1091,0.080972
120570127013,Hillsborough,2123,680,0,0.000000,4561.3051,4199.1013,0.079408
120570127014,Hillsborough,1629,500,0,0.000000,4699.7174,4261.9541,0.093147
120570127021,Hillsborough,1422,387,11,0.028424,4575.6237,4098.8785,0.104192
120570127022,Hillsborough,558,282,0,0.000000,4359.0800,3892.6501,0.107002
120570127023,Hillsborough,1952,726,142,0.195592,4645.7149,4197.8015,0.096414
120570128001,Hillsborough,2418,909,60,0.066007,4083.2979,3745.1940,0.082802
120570128002,Hillsborough,1275,532,52,0.097744,4115.2352,3680.5053,0.105639
120570129001,Hillsborough,1119,466,8,0.017167,4021.0514,3608.0933,0.102699
120570129002,Hillsborough,1844,706,116,0.164306,2925.3255,2713.2107,0.072510
120570130011,Hillsborough,3956,1246,0,0.000000,1795.0824,1614.5798,0.100554
120570130021,Hillsborough,846,298,38,0.127517,2804.6231,2644.8716,0.056960
120570130022,Hillsborough,2025,510,12,0.023529,2550.7937,2413.3432,0.053885
120570130023,Hillsborough,2598,915,53,0.057923,3217.4951,2809.4383,0.126824
120570130031,Hillsborough,3062,954,43,0.045073,3377.7366,2947.7199,0.127309
120570130032,Hillsborough,1336,427,35,0.081967,3322.6705,3109.2257,0.064239
120570130041,Hillsborough,677,311,0,0.000000,2665.2853,2467.1444,0.074341
120570130042,Hillsborough,1927,685,0,0.000000,2266.7647,2126.0731,0.062067
120570130043,Hillsborough,1171,318,19,0.059748,2375.0211,2217.1454,0.066473
120570131001,Hillsborough,1785,632,0,0.000000,1851.8490,1731.3413,0.065074
120570131002,Hillsborough,1221,345,0,0.000000,1036.5479,962.1308,0.071793
120570132031,Hillsborough,2188,640,0,0.000000,6508.5135,6019.1138,0.075194
120570132032,Hillsborough,1254,473,0,0.000000,5997.1673,5596.2737,0.066847
120570132041,Hillsborough,3806,1847,80,0.043313,5943.1942,5573.4606,0.062211
120570132051,Hillsborough,1728,585,8,0.013675,6094.1093,5703.3647,0.064118
120570132052,Hillsborough,2251,738,0,0.000000,5490.2466,5142.0326,0.063424
120570132053,Hillsborough,2254,830,41,0.049398,5468.4373,5130.5572,0.061787
120570132054,Hillsborough,2725,883,0,0.000000,4489.9401,4242.3663,0.055140
120570132061,Hillsborough,852,355,14,0.039437,15.3715,4.9576,0.677481
120570132062,Hillsborough,1762,688,17,0.024709,4620.7962,4360.1465,0.056408
120570132063,Hillsborough,1105,384,0,0.000000,4672.9727,4405.3020,0.057281
120570132064,Hillsborough,1210,471,0,0.000000,109.8382,35.4252,0.677478
120570132071,Hillsborough,1834,672,0,0.000000,3510.1639,3314.1522,0.055841
120570132072,Hillsborough,2363,816,13,0.015931,3726.3181,3525.9371,0.053775
120570132081,Hillsborough,2444,947,10,0.010560,4778.9633,4358.6709,0.087946
120570132082,Hillsborough,2659,920,8,0.008696,3713.3368,3458.5627,0.068611
120570133051,Hillsborough,2944,952,18,0.018908,6734.0345,6304.6405,0.063765
120570133052,Hillsborough,2365,875,18,0.020571,6192.1360,5535.6771,0.106015
120570133071,Hillsborough,810,342,67,0.195906,9463.2542,8710.0717,0.079590
120570133072,Hillsborough,1040,478,29,0.060669,8570.2670,6095.1299,0.288805
120570133073,Hillsborough,2153,827,14,0.016929,9326.4656,7848.3873,0.158482
120570133101,Hillsborough,975,402,26,0.064677,7286.2682,6906.2264,0.052159
120570133102,Hillsborough,1548,674,103,0.152819,7910.4118,7442.5685,0.059143
120570133111,Hillsborough,1192,458,28,0.061135,8665.7148,7026.3479,0.189178
120570133112,Hillsborough,1125,508,38,0.074803,7288.3697,6774.2769,0.070536
120570133113,Hillsborough,950,392,38,0.096939,7687.3931,6768.0760,0.119588
120570133121,Hillsborough,660,182,0,0.000000,7026.1230,6281.0943,0.106037
120570133122,Hillsborough,1634,768,34,0.044271,6380.0649,5852.4263,0.082701
120570133123,Hillsborough,2984,1034,38,0.036750,6754.8306,6220.6857,0.079076
120570133131,Hillsborough,1698,550,9,0.016364,7153.5878,6254.2208,0.125723
120570133132,Hillsborough,1731,633,27,0.042654,7804.8585,4970.7339,0.363123
120570133133,Hillsborough,1434,632,0,0.000000,6936.4797,6145.0629,0.114095
120570133141,Hillsborough,1918,637,11,0.017268,6825.9354,5957.5312,0.127221
120570133142,Hillsborough,1543,441,18,0.040816,6138.8240,5722.9085,0.067752
120570133151,Hillsborough,4122,2349,40,0.017029,11432.8500,10072.0465,0.119026
120570133152,Hillsborough,1052,597,0,0.000000,11714.0791,10349.6450,0.116478
120570133161,Hillsborough,659,348,9,0.025862,10834.5140,9033.8823,0.166194
120570133162,Hillsborough,2450,884,68,0.076923,11031.1616,9113.8474,0.173809
120570133171,Hillsborough,1058,408,39,0.095588,10819.7092,9965.6799,0.078933
120570133172,Hillsborough,1851,987,20,0.020263,11145.6015,10291.6814,0.076615
120570133191,Hillsborough,1488,747,74,0.099063,8130.1496,7673.8282,0.056127
120570133192,Hillsborough,776,295,0,0.000000,171.3076,79.5549,0.535602
120570133193,Hillsborough,3831,1774,31,0.017475,8515.2539,7971.9895,0.063799
120570133201,Hillsborough,4900,1823,75,0.041141,7869.6190,7277.7660,0.075207
120570133221,Hillsborough,1359,608,58,0.095395,7689.3599,7225.8606,0.060278
120570133222,Hillsborough,1949,803,85,0.105853,7284.3614,4428.3926,0.392069
120570133223,Hillsborough,1152,491,0,0.000000,7282.4314,6350.7204,0.127940
120570133224,Hillsborough,2154,874,0,0.000000,6616.3624,3853.5123,0.417578
120570133231,Hillsborough,1504,451,0,0.000000,9272.1124,8395.1555,0.094580
120570133232,Hillsborough,1136,462,0,0.000000,8612.6953,7843.3561,0.089326
120570133233,Hillsborough,3609,1343,58,0.043187,7785.9363,5231.7006,0.328058
120570133234,Hillsborough,4188,1485,5,0.003367,10238.3447,8984.4163,0.122474
120570133235,Hillsborough,1614,594,0,0.000000,7601.0840,7043.0734,0.073412
120570134061,Hillsborough,1311,438,26,0.059361,6543.6103,4515.8234,0.309888
120570134071,Hillsborough,1429,502,52,0.103586,6245.7442,4314.2545,0.309249
120570134072,Hillsborough,1786,585,78,0.133333,6351.8943,5134.5886,0.191645
120570134073,Hillsborough,1653,513,13,0.025341,5605.0654,4727.2293,0.156615
120570134074,Hillsborough,2727,832,23,0.027644,5038.9881,4270.0734,0.152593
120570134091,Hillsborough,1056,397,0,0.000000,5510.1006,5104.0280,0.073696
120570134092,Hillsborough,955,294,0,0.000000,5318.8977,4945.9644,0.070115
120570134093,Hillsborough,3278,1092,0,0.000000,4384.7849,4112.0162,0.062208
120570134101,Hillsborough,1738,842,12,0.014252,7822.8505,7221.3259,0.076893
120570134102,Hillsborough,2426,958,91,0.094990,8402.6873,7828.2875,0.068359
120570134111,Hillsborough,3435,1386,59,0.042569,7096.3889,6505.9257,0.083206
120570134121,Hillsborough,1618,539,11,0.020408,4831.5996,4528.3542,0.062763
120570134122,Hillsborough,2856,985,80,0.081218,6339.8217,5818.7678,0.082187
120570134131,Hillsborough,3730,1392,30,0.021552,5361.7771,5010.1564,0.065579
120570134141,Hillsborough,567,331,117,0.353474,5872.3019,5054.4039,0.139281
120570134142,Hillsborough,781,368,0,0.000000,5961.7926,4943.6330,0.170781
120570134143,Hillsborough,2200,769,0,0.000000,4592.5201,4256.4542,0.073177
120570134144,Hillsborough,2275,720,0,0.000000,5637.6091,4883.2678,0.133805
120570134151,Hillsborough,3062,1029,21,0.020408,3861.8469,3361.6557,0.129521
120570134152,Hillsborough,899,217,0,0.000000,4630.1341,4020.4608,0.131675
120570135011,Hillsborough,1593,619,37,0.059774,11019.2561,10338.4430,0.061784
120570135012,Hillsborough,2797,955,22,0.023037,10664.9826,9919.7062,0.069881
120570135031,Hillsborough,1547,536,80,0.149254,10666.8195,9607.5664,0.099304
120570135032,Hillsborough,1380,331,0,0.000000,10976.9217,10257.7369,0.065518
120570135033,Hillsborough,976,307,0,0.000000,10673.7335,9532.8481,0.106887
120570135041,Hillsborough,592,227,3,0.013216,10082.4516,9196.8295,0.087838
120570135042,Hillsborough,1816,600,38,0.063333,10085.0079,9302.8940,0.077552
120570135043,Hillsborough,714,258,11,0.042636,10338.9042,9592.0885,0.072234
120570135051,Hillsborough,979,313,7,0.022364,11490.0257,10851.1030,0.055607
120570135052,Hillsborough,874,323,0,0.000000,10627.0587,9800.2982,0.077798
120570135053,Hillsborough,1361,533,24,0.045028,10594.9086,9725.8902,0.082022
120570136021,Hillsborough,1084,413,19,0.046005,9467.3195,8875.1095,0.062553
120570136022,Hillsborough,2395,628,15,0.023885,8015.2864,7455.6140,0.069826
120570136041,Hillsborough,1246,492,77,0.156504,9052.1911,8464.7245,0.064898
120570137021,Hillsborough,1542,573,0,0.000000,7571.4082,7081.9774,0.064642
120570137022,Hillsborough,670,207,0,0.000000,7829.9565,7350.5499,0.061227
120570137023,Hillsborough,8166,3664,165,0.045033,6858.9743,6384.3206,0.069202
120570137024,Hillsborough,1154,346,0,0.000000,5998.1540,5519.0408,0.079877
120570137031,Hillsborough,815,258,0,0.000000,9091.0218,8613.9240,0.052480
120570137032,Hillsborough,4406,1669,67,0.040144,9203.6715,8666.5688,0.058357
120570137033,Hillsborough,3274,1717,72,0.041934,7139.4485,6652.2932,0.068234
120570137051,Hillsborough,2175,891,0,0.000000,7303.8128,6821.9421,0.065975
120570137052,Hillsborough,762,229,49,0.213974,6607.9663,6221.9408,0.058418
120570137053,Hillsborough,1518,634,0,0.000000,7153.3155,6667.0698,0.067975
120570137054,Hillsborough,3019,845,158,0.186982,8170.3352,7743.8047,0.052205
120570137061,Hillsborough,1045,606,4,0.006601,7991.1328,7577.0081,0.051823
120570137062,Hillsborough,1931,782,28,0.035806,9053.8327,8566.4854,0.053828
120570138011,Hillsborough,991,357,30,0.084034,4938.7371,4500.7810,0.088678
120570138012,Hillsborough,1340,400,22,0.055000,6247.0814,5727.9697,0.083097
120570138021,Hillsborough,1982,572,0,0.000000,6768.2357,6077.6217,0.102038
120570138022,Hillsborough,1633,865,8,0.009249,7069.0515,6458.8306,0.086323
120570138031,Hillsborough,1855,645,64,0.099225,6712.5761,5997.8909,0.106470
120570138041,Hillsborough,2560,726,35,0.048209,4487.4513,4153.4877,0.074422
120570138042,Hillsborough,6029,1859,19,0.010221,5584.4881,5168.4899,0.074492
120570138043,Hillsborough,2454,851,0,0.000000,5130.8661,4747.1694,0.074782
120570138061,Hillsborough,4578,1550,46,0.029677,6515.7356,5956.4080,0.085843
120570138071,Hillsborough,4655,1697,41,0.024160,5355.1610,4808.7679,0.102031
120570138072,Hillsborough,6210,2141,19,0.008874,5222.9683,4706.6828,0.098849
120570139031,Hillsborough,1910,614,15,0.024430,1316.1577,1213.4043,0.078071
120570139032,Hillsborough,1733,519,39,0.075145,76.5755,68.8902,0.100362
120570139071,Hillsborough,2726,517,0,0.000000,1165.6310,1033.5387,0.113323
120570139072,Hillsborough,723,266,13,0.048872,537.3888,471.0520,0.123443
120570139121,Hillsborough,2107,666,38,0.057057,3890.5917,3581.7590,0.079379
120570139122,Hillsborough,6469,1727,0,0.000000,3055.7029,2788.3398,0.087496
120570139131,Hillsborough,10937,4515,80,0.017719,2211.0021,1977.4672,0.105624
120570139132,Hillsborough,2228,475,0,0.000000,2368.1196,2112.2019,0.108068
120570139133,Hillsborough,796,165,0,0.000000,2478.7479,2237.0722,0.097499
120570139141,Hillsborough,2054,574,13,0.022648,1984.3903,1721.8181,0.132319
120570139142,Hillsborough,8232,2296,24,0.010453,2353.7545,2038.9330,0.133753
120570139151,Hillsborough,823,303,49,0.161716,4895.1774,4263.4186,0.129057
120570139152,Hillsborough,7354,2541,0,0.000000,4643.9838,4204.5157,0.094632
120570139153,Hillsborough,1945,647,0,0.000000,3803.2247,3567.5221,0.061974
120570139161,Hillsborough,1956,891,10,0.011223,3892.7123,3448.3825,0.114144
120570139162,Hillsborough,3268,1108,0,0.000000,4162.2989,3801.5020,0.086682
120570139163,Hillsborough,13583,4125,113,0.027394,3353.4938,3119.1257,0.069888
120570139171,Hillsborough,1187,442,0,0.000000,3702.8549,3344.7215,0.096718
120570139172,Hillsborough,3089,839,0,0.000000,3771.9725,3495.9780,0.073170
120570139173,Hillsborough,3201,1067,11,0.010309,4068.1320,3830.9556,0.058301
120570139181,Hillsborough,1180,398,0,0.000000,9.2455,2.9950,0.676059
120570139182,Hillsborough,517,182,6,0.032967,4533.2006,4215.9133,0.069992
120570139191,Hillsborough,1769,839,53,0.063170,5734.6640,5245.7602,0.085254
120570139192,Hillsborough,1718,627,0,0.000000,5186.5697,4802.3292,0.074084
120570139193,Hillsborough,2930,773,8,0.010349,4097.6234,3700.6178,0.096887
120570139194,Hillsborough,688,294,8,0.027211,4297.6945,3861.9399,0.101393
120570139221,Hillsborough,1756,452,22,0.048673,3176.7136,2838.5660,0.106446
120570139222,Hillsborough,4378,1225,18,0.014694,3654.1841,3267.1954,0.105903
120570139223,Hillsborough,2697,860,32,0.037209,3161.8823,2825.2518,0.106465
120570139231,Hillsborough,3163,1015,46,0.045320,2707.7255,2475.8603,0.085631
120570139232,Hillsborough,7199,2369,32,0.013508,3438.0931,3082.4674,0.103437
120570139241,Hillsborough,4819,1564,15,0.009591,5198.6120,4669.6819,0.101744
120570139251,Hillsborough,1151,744,58,0.077957,6406.2890,5809.5296,0.093152
120570139252,Hillsborough,1406,684,30,0.043860,6075.4605,5525.5738,0.090509
120570139253,Hillsborough,1590,750,46,0.061333,5439.0309,5058.4085,0.069980
120570139261,Hillsborough,1637,427,0,0.000000,848.5896,763.0919,0.100753
120570139262,Hillsborough,2500,729,14,0.019204,3031.0774,2845.2225,0.061316
120570139263,Hillsborough,4654,1333,111,0.083271,3750.4620,3515.8507,0.062555
120570140021,Hillsborough,1017,454,6,0.013216,949.8552,865.7407,0.088555
120570140022,Hillsborough,1350,797,28,0.035132,1974.7540,1809.8755,0.083493
120570140031,Hillsborough,1908,649,17,0.026194,1303.8810,1124.1314,0.137857
120570140071,Hillsborough,12016,4043,112,0.027702,2383.8165,2026.0358,0.150087
120570140081,Hillsborough,1454,876,149,0.170091,2544.4240,2217.5284,0.128475
120570140082,Hillsborough,1787,1056,27,0.025568,2730.8860,2414.2648,0.115941
120570140091,Hillsborough,2410,1062,102,0.096045,3300.5902,2894.2244,0.123119
120570140101,Hillsborough,957,604,46,0.076159,3140.8408,2767.8795,0.118746
120570140102,Hillsborough,1181,744,62,0.083333,2834.1851,2514.0383,0.112959
120570140111,Hillsborough,1422,1061,308,0.290292,2681.8501,2374.5186,0.114597
120570140112,Hillsborough,1347,701,41,0.058488,2515.7544,2207.9700,0.122343
120570140113,Hillsborough,1578,972,12,0.012346,2452.2664,2162.3444,0.118226
120570140121,Hillsborough,1272,713,33,0.046283,2432.0490,2155.6696,0.113641
120570140122,Hillsborough,1686,966,77,0.079710,1940.9187,1707.3048,0.120363
120570140131,Hillsborough,1197,343,12,0.034985,2388.5228,2156.0844,0.097315
120570140141,Hillsborough,1504,983,282,0.286877,2898.3965,2542.2237,0.122886
120570140142,Hillsborough,646,374,10,0.026738,2607.5761,2419.2683,0.072216
120570140171,Hillsborough,2953,1606,26,0.016189,2596.8882,2191.3527,0.156162
120570141041,Hillsborough,1597,931,94,0.100967,1751.5711,1582.8701,0.096314
120570141061,Hillsborough,1835,852,7,0.008216,3615.5133,3125.6536,0.135488
120570141062,Hillsborough,1871,666,29,0.043544,3866.9524,3606.8194,0.067271
120570141081,Hillsborough,1310,677,71,0.104874,2859.4612,2221.7500,0.223018
120570141082,Hillsborough,3149,791,7,0.008850,2887.5607,2284.7896,0.208748
120570141083,Hillsborough,1769,723,17,0.023513,2977.1353,2666.9219,0.104199
120570141091,Hillsborough,2240,794,0,0.000000,3062.6458,2845.2574,0.070981
120570141092,Hillsborough,1523,587,46,0.078365,2678.7178,2408.8186,0.100757
120570141093,Hillsborough,4787,1384,36,0.026012,2490.4126,2245.5742,0.098312
120570141171,Hillsborough,1717,865,16,0.018497,3235.2138,2948.4941,0.088625
120570141172,Hillsborough,1271,610,31,0.050820,3218.5367,2933.6850,0.088503
120570141181,Hillsborough,2323,1200,11,0.009167,3454.9397,3226.5583,0.066103
120570141182,Hillsborough,2198,855,8,0.009357,2698.3406,2515.8342,0.067637
120570141191,Hillsborough,3309,1174,23,0.019591,4962.6551,4610.4860,0.070964
120570141192,Hillsborough,8904,2765,26,0.009403,3410.9926,3127.7207,0.083047
120570141211,Hillsborough,3651,1039,0,0.000000,2924.1345,2549.1660,0.128232
120570141212,Hillsborough,2612,1176,28,0.023810,2895.2189,2581.8857,0.108224
120570141221,Hillsborough,4319,1366,98,0.071742,2948.1512,2540.6898,0.138209
120570141222,Hillsborough,4772,1371,17,0.012400,2896.7454,2234.6697,0.228558
120570142001,Hillsborough,424,223,0,0.000000,19596.0695,13137.8885,0.329565
120570142002,Hillsborough,1117,581,259,0.445783,19471.9791,12943.1297,0.335295
120570142003,Hillsborough,1135,851,281,0.330200,18853.5601,12715.7177,0.325553
120570142004,Hillsborough,273,200,0,0.000000,18569.5542,12704.0048,0.315869
120570143001,Hillsborough,1480,391,0,0.000000,1996.6894,1777.9992,0.109526
120570143002,Hillsborough,1699,493,10,0.020284,3057.9628,2886.6823,0.056011
120570143003,Hillsborough,1824,629,13,0.020668,3493.5776,3260.7286,0.066651
120570144001,Hillsborough,2483,941,0,0.000000,7419.8657,6963.9692,0.061443
120570144002,Hillsborough,2905,1246,0,0.000000,8582.3645,8001.2657,0.067708
120579801001,Hillsborough,0,0,0,0.000000,9001.0277,8553.3282,0.049739
120579802001,Hillsborough,0,0,0,0.000000,1568.3432,1512.6082,0.035538
120579803001,Hillsborough,0,0,0,0.000000,95.4062,0.7881,0.991740
120579804001,Hillsborough,77,36,16,0.444444,2862.5982,2565.3320,0.103845
120579805001,Hillsborough,0,0,0,0.000000,8268.5643,7823.6455,0.053808
120579806001,Hillsborough,0,0,0,0.000000,206.5915,88.8603,0.569874
120579807001,Hillsborough,0,0,0,0.000000,7115.7090,6735.4381,0.053441
120579900000,Hillsborough,0,0,0,0.000000,3404.4092,3295.3870,0.032024
120579901000,Hillsborough,0,0,0,0.000000,1226.1017,1175.1674,0.041542
121010301011,Pasco,1899,757,23,0.030383,1460.7940,1238.5081,0.152168
121010301012,Pasco,1173,569,0,0.000000,1382.7004,1185.4258,0.142673
121010301021,Pasco,899,346,46,0.132948,1370.2969,1203.4077,0.121791
121010301022,Pasco,475,276,0,0.000000,1808.5951,1566.0122,0.134128
121010301023,Pasco,1024,494,66,0.133603,1851.8650,1604.2334,0.133720
121010302021,Pasco,714,410,0,0.000000,2089.6409,1784.9073,0.145831
121010302022,Pasco,862,408,10,0.024510,1728.4168,1499.0260,0.132717
121010302023,Pasco,995,564,32,0.056738,1749.0198,1521.6430,0.130002
121010302031,Pasco,1123,534,77,0.144195,2512.8475,2073.3211,0.174912
121010302032,Pasco,374,270,44,0.162963,2472.7543,2065.5390,0.164681
121010302033,Pasco,151,89,8,0.089888,2218.3485,1916.9573,0.135863
121010302041,Pasco,1464,654,31,0.047401,2535.0308,2029.2095,0.199533
121010302051,Pasco,660,278,49,0.176259,3162.8389,2799.5230,0.114870
121010302052,Pasco,1626,694,23,0.033141,2583.9106,2263.8814,0.123855
121010303031,Pasco,1684,836,15,0.017943,2981.5961,2704.7096,0.092865
121010303032,Pasco,1413,682,11,0.016129,3023.7882,2739.2127,0.094112
121010303041,Pasco,2586,1483,248,0.167229,3261.6886,2851.9238,0.125630
121010303042,Pasco,1160,569,33,0.057996,2783.1531,2530.4396,0.090801
121010303043,Pasco,1178,668,97,0.145210,2920.5849,2667.6293,0.086611
121010304041,Pasco,863,581,0,0.000000,2409.4766,2258.5280,0.062648
121010304042,Pasco,1813,774,22,0.028424,1996.7338,1824.7974,0.086109
121010304051,Pasco,862,383,18,0.046997,3847.2574,3371.3394,0.123703
121010304052,Pasco,1084,583,82,0.140652,3653.4488,3222.7665,0.117884
121010304061,Pasco,627,447,112,0.250559,4208.4188,3622.5908,0.139204
121010304062,Pasco,1692,639,0,0.000000,3691.9098,3220.4042,0.127713
121010304063,Pasco,678,286,0,0.000000,4366.9526,3788.8553,0.132380
121010304071,Pasco,1773,683,7,0.010249,3676.6614,3218.0679,0.124731
121010304072,Pasco,927,361,53,0.146814,4355.7384,3806.0717,0.126194
121010304081,Pasco,1193,468,30,0.064103,3736.4870,3312.0510,0.113592
121010304082,Pasco,1695,920,131,0.142391,4538.6893,4072.6651,0.102678
121010304091,Pasco,1687,664,0,0.000000,3609.2097,3179.7238,0.118997
121010304092,Pasco,776,450,0,0.000000,4334.5027,3896.5070,0.101049
121010304101,Pasco,1077,609,84,0.137931,4594.9747,4130.4151,0.101102
121010304102,Pasco,651,405,35,0.086420,4789.4371,4312.7116,0.099537
121010304111,Pasco,680,345,9,0.026087,4221.4999,3755.6319,0.110356
121010304112,Pasco,1452,541,27,0.049908,4564.2854,4078.4958,0.106433
121010304113,Pasco,1288,515,0,0.000000,3969.0260,3601.8460,0.092511
121010304121,Pasco,1220,599,26,0.043406,4475.7145,4077.8206,0.088901
121010304122,Pasco,1278,643,6,0.009331,5001.3557,4539.6419,0.092318
121010305011,Pasco,1458,717,133,0.185495,4613.2560,4217.2130,0.085849
121010305012,Pasco,231,153,26,0.169935,4864.8740,4372.4122,0.101228
121010305021,Pasco,1254,485,19,0.039175,5078.7850,4576.2972,0.098939
121010305022,Pasco,1828,686,37,0.053936,4792.7270,4357.3697,0.090837
121010305023,Pasco,1577,750,48,0.064000,4104.3473,3743.2690,0.087975
121010306011,Pasco,835,390,25,0.064103,3981.3310,3549.8609,0.108373
121010306012,Pasco,1367,517,0,0.000000,4151.3851,3633.7575,0.124688
121010306021,Pasco,1253,514,27,0.052529,4577.5165,4152.6440,0.092817
121010306022,Pasco,1064,561,25,0.044563,4466.6174,4081.7207,0.086172
121010307001,Pasco,2264,810,25,0.030864,4371.9775,3770.8763,0.137490
121010307002,Pasco,1991,780,34,0.043590,4382.9833,3791.8769,0.134864
121010308001,Pasco,1779,683,19,0.027818,3614.7057,3116.6126,0.137796
121010308002,Pasco,2087,771,53,0.068742,4172.2420,3612.9267,0.134056
121010309011,Pasco,1538,801,60,0.074906,3296.9307,2831.8343,0.141070
121010309012,Pasco,2579,1342,117,0.087183,3021.6720,2602.4613,0.138735
121010309051,Pasco,2026,1207,61,0.050539,3060.8483,2690.3506,0.121044
121010309052,Pasco,1513,490,4,0.008163,3284.6565,2891.0315,0.119837
121010309061,Pasco,2965,1461,47,0.032170,3374.0260,2820.0881,0.164177
121010309062,Pasco,2882,1446,216,0.149378,3533.5570,3147.7583,0.109181
121010310031,Pasco,2104,727,22,0.030261,2364.0849,1984.2794,0.160656
121010310032,Pasco,1157,410,17,0.041463,2630.2942,2191.8409,0.166694
121010310033,Pasco,2925,1250,50,0.040000,2663.4010,2194.6354,0.176003
121010310051,Pasco,2200,1071,54,0.050420,3020.4575,2679.1991,0.112982
121010310052,Pasco,2429,822,12,0.014599,3021.1965,2585.6013,0.144180
121010310061,Pasco,1936,827,54,0.065296,3270.9156,2738.5706,0.162751
121010310071,Pasco,1582,543,0,0.000000,3125.2900,2609.9977,0.164878
121010310072,Pasco,2965,1229,151,0.122864,3102.6557,2705.7697,0.127918
121010310073,Pasco,1323,393,34,0.086514,3034.5412,2560.2000,0.156314
121010310081,Pasco,1380,563,35,0.062167,2430.4128,2140.6374,0.119229
121010310082,Pasco,1521,558,0,0.000000,2732.0536,2361.0290,0.135804
121010310091,Pasco,1397,763,68,0.089122,2583.0851,2098.0454,0.187775
121010310092,Pasco,1101,568,69,0.121479,2635.6183,2189.1142,0.169412
121010310101,Pasco,2305,995,33,0.033166,2576.4628,2074.6036,0.194786
121010310102,Pasco,1478,705,37,0.052482,2317.3401,2043.5597,0.118144
121010310111,Pasco,1293,811,74,0.091245,2359.7252,2061.9481,0.126191
121010310112,Pasco,1340,530,47,0.088679,2267.0996,2002.4379,0.116740
121010310121,Pasco,1410,833,35,0.042017,2324.2742,2069.1931,0.109747
121010310122,Pasco,947,539,0,0.000000,2588.6923,2079.2674,0.196789
121010310123,Pasco,2770,1091,194,0.177819,2890.7845,2409.9785,0.166324
121010310131,Pasco,1613,479,42,0.087683,2756.4006,2399.3734,0.129527
121010310132,Pasco,1574,602,58,0.096346,2846.5905,2381.2241,0.163482
121010310141,Pasco,2004,799,8,0.010013,2828.6143,2409.2873,0.148245
121010310142,Pasco,1601,647,0,0.000000,2828.0240,2338.4879,0.173102
121010311011,Pasco,1608,825,167,0.202424,2186.7742,1742.3332,0.203240
121010311012,Pasco,2487,1392,44,0.031609,2434.2990,1904.0553,0.217822
121010311031,Pasco,1405,643,52,0.080871,2478.2707,1989.6269,0.197171
121010311041,Pasco,1281,666,27,0.040541,2357.0551,1929.8002,0.181266
121010311042,Pasco,1444,795,249,0.313208,2221.8053,1783.6966,0.197186
121010311043,Pasco,913,399,31,0.077694,2297.9548,1850.3550,0.194782
121010312031,Pasco,1044,535,39,0.072897,1627.5210,1421.8000,0.126401
121010312032,Pasco,1416,839,34,0.040524,1746.2612,1530.6914,0.123446
121010312041,Pasco,1951,852,9,0.010563,1911.2798,1717.0814,0.101606
121010312042,Pasco,864,415,0,0.000000,2166.1240,1716.5594,0.207543
121010312051,Pasco,897,358,31,0.086592,1741.2676,1540.1374,0.115508
121010312052,Pasco,1753,861,20,0.023229,1979.4245,1705.5508,0.138360
121010312053,Pasco,948,495,65,0.131313,2453.0838,2143.8520,0.126058
121010312061,Pasco,1214,561,0,0.000000,1793.4048,1585.7865,0.115768
121010312062,Pasco,1733,512,80,0.156250,2255.8317,2009.6410,0.109135
121010312071,Pasco,683,337,8,0.023739,1328.4915,1191.5048,0.103114
121010312072,Pasco,2210,920,8,0.008696,2170.0276,1955.1464,0.099022
121010312081,Pasco,3102,1254,0,0.000000,1784.0777,1606.5516,0.099506
121010312082,Pasco,2026,731,18,0.024624,2767.9397,2494.0615,0.098947
121010313011,Pasco,1233,611,57,0.093290,2412.5091,2123.5177,0.119789
121010313012,Pasco,762,461,38,0.082430,2272.7482,2025.9632,0.108584
121010313013,Pasco,1557,643,27,0.041991,2095.6245,1869.6486,0.107832
121010313021,Pasco,1489,585,0,0.000000,1928.1675,1727.5484,0.104047
121010313022,Pasco,2139,928,33,0.035560,2014.5828,1832.1376,0.090562
121010313023,Pasco,718,290,14,0.048276,2288.6290,2131.2376,0.068771
121010313024,Pasco,1773,618,0,0.000000,2020.2780,1883.7309,0.067588
121010314011,Pasco,1811,692,31,0.044798,3800.8230,3271.0993,0.139371
121010314012,Pasco,1253,525,39,0.074286,3706.2259,3172.1919,0.144091
121010314013,Pasco,1240,585,180,0.307692,3560.1771,3140.6137,0.117849
121010314014,Pasco,495,266,25,0.093985,3681.2871,3165.1893,0.140195
121010314041,Pasco,1725,750,83,0.110667,3977.1244,3585.2879,0.098523
121010314042,Pasco,1744,752,91,0.121011,3943.3542,3437.1470,0.128370
121010314061,Pasco,1187,545,25,0.045872,3477.7768,3124.3539,0.101623
121010314062,Pasco,2136,1064,251,0.235902,3729.8434,3248.4690,0.129060
121010314071,Pasco,2048,878,54,0.061503,3414.4923,2992.8193,0.123495
121010314072,Pasco,1279,659,76,0.115326,3211.4959,2926.0494,0.088883
121010314101,Pasco,2492,932,122,0.130901,4004.4124,3675.2438,0.082201
121010314102,Pasco,2581,615,11,0.017886,4238.0785,3774.4892,0.109387
121010314111,Pasco,1395,651,22,0.033794,4252.6966,3750.8983,0.117995
121010314121,Pasco,2051,852,95,0.111502,3774.4979,3338.4238,0.115532
121010314122,Pasco,2360,1313,51,0.038842,3622.4277,3319.3848,0.083657
121010315031,Pasco,1285,541,0,0.000000,4265.5156,3715.1192,0.129034
121010315032,Pasco,1391,597,48,0.080402,4037.1492,3491.1764,0.135237
121010315041,Pasco,2128,823,15,0.018226,3831.5639,3509.2101,0.084131
121010315051,Pasco,2515,1148,63,0.054878,4098.2236,3640.2019,0.111761
121010315052,Pasco,2676,1187,75,0.063184,4558.1338,4269.6508,0.063290
121010315061,Pasco,2162,880,0,0.000000,4294.4374,3926.9290,0.085578
121010315062,Pasco,1638,578,0,0.000000,4398.5671,3855.0734,0.123562
121010315063,Pasco,667,264,0,0.000000,4668.2530,4268.6255,0.085605
121010315071,Pasco,2774,958,27,0.028184,4747.0937,4293.4388,0.095565
121010315072,Pasco,2485,977,0,0.000000,4213.3958,3985.4797,0.054093
121010315073,Pasco,2460,968,13,0.013430,4057.8366,3809.8031,0.061125
121010315081,Pasco,2917,774,0,0.000000,4597.2708,4089.8492,0.110375
121010315082,Pasco,3056,1015,0,0.000000,4539.3373,4267.6977,0.059841
121010316011,Pasco,1882,885,18,0.020339,4566.9746,4136.3975,0.094281
121010316012,Pasco,7202,2650,88,0.033208,4984.0470,4511.6948,0.094773
121010316021,Pasco,2509,800,0,0.000000,4423.8862,4142.8772,0.063521
121010316022,Pasco,5535,1792,48,0.026786,5640.6218,5296.6154,0.060987
121010316023,Pasco,2784,963,0,0.000000,5076.1306,4743.3385,0.065560
121010316031,Pasco,7517,1981,24,0.012115,5395.7437,5068.6962,0.060612
121010316032,Pasco,2769,626,0,0.000000,4716.1941,4502.7164,0.045265
121010316033,Pasco,2345,993,66,0.066465,5911.8740,5619.8551,0.049395
121010316041,Pasco,3576,1191,0,0.000000,4901.8347,4620.0687,0.057482
121010316042,Pasco,888,452,0,0.000000,5800.2716,5472.4271,0.056522
121010316043,Pasco,1570,635,0,0.000000,6008.9520,5544.1209,0.077356
121010316044,Pasco,2241,683,0,0.000000,5903.8337,5467.3209,0.073937
121010316051,Pasco,1158,524,18,0.034351,5534.1454,5212.4406,0.058131
121010316052,Pasco,6306,2351,46,0.019566,5702.0086,5272.6160,0.075305
121010317011,Pasco,10857,3663,25,0.006825,4500.0545,4233.1233,0.059317
121010317031,Pasco,1609,700,72,0.102857,2157.5322,1945.9678,0.098059
121010317032,Pasco,1551,580,64,0.110345,2031.8786,1852.6339,0.088216
121010317033,Pasco,2001,606,134,0.221122,2000.1279,1858.8574,0.070631
121010317041,Pasco,2603,885,0,0.000000,2701.4702,2526.0866,0.064922
121010317042,Pasco,3886,1282,44,0.034321,2783.7488,2390.3824,0.141308
121010317051,Pasco,2870,1058,10,0.009452,4139.2722,3742.6201,0.095827
121010317052,Pasco,1888,696,60,0.086207,4171.7740,3767.4684,0.096915
121010317061,Pasco,1490,700,35,0.050000,4541.0167,4077.3679,0.102102
121010317062,Pasco,3052,860,7,0.008140,3952.8990,3619.3059,0.084392
121010317071,Pasco,1697,763,0,0.000000,2233.2693,2044.7544,0.084412
121010317072,Pasco,1811,762,0,0.000000,2828.1707,2646.8665,0.064107
121010317081,Pasco,1851,684,25,0.036550,3934.5791,3527.5805,0.103441
121010317082,Pasco,1708,717,11,0.015342,4077.0502,3630.7374,0.109470
121010317083,Pasco,1953,1188,6,0.005051,4037.4345,3733.2808,0.075333
121010318041,Pasco,1041,497,17,0.034205,1082.3515,952.8312,0.119666
121010318042,Pasco,685,401,0,0.000000,1258.9308,1099.2280,0.126856
121010318043,Pasco,816,514,33,0.064202,1214.6364,1059.3962,0.127808
121010318044,Pasco,792,335,43,0.128358,1184.7496,1067.2842,0.099148
121010318051,Pasco,1565,716,38,0.053073,1032.3792,931.4301,0.097783
121010318052,Pasco,2460,725,23,0.031724,1341.4488,1205.5663,0.101295
121010318061,Pasco,2713,1105,21,0.019005,1391.4147,1261.8412,0.093124
121010318062,Pasco,2012,664,26,0.039157,1224.6442,1094.6967,0.106110
121010318071,Pasco,955,340,9,0.026471,886.9882,692.4252,0.219352
121010318072,Pasco,658,375,39,0.104000,1654.0254,1451.3719,0.122521
121010318073,Pasco,1284,623,239,0.383628,1325.1430,1162.7232,0.122568
121010318081,Pasco,2226,631,53,0.083994,1814.0626,1660.3429,0.084738
121010318082,Pasco,2502,930,14,0.015054,2076.3560,1918.6901,0.075934
121010318091,Pasco,1540,482,0,0.000000,838.9126,739.4252,0.118591
121010318092,Pasco,1521,507,49,0.096647,1553.2771,1389.6286,0.105357
121010319011,Pasco,3914,1699,5,0.002943,15.5537,7.7230,0.503462
121010319021,Pasco,3659,746,0,0.000000,2370.8003,2179.3140,0.080769
121010319022,Pasco,5731,1944,108,0.055556,2868.8511,2636.7823,0.080893
121010319023,Pasco,1320,678,15,0.022124,4490.9693,4085.4702,0.090292
121010319031,Pasco,2430,917,25,0.027263,3170.5543,2939.7432,0.072798
121010319032,Pasco,955,262,0,0.000000,4751.1894,3730.7758,0.214770
121010319033,Pasco,3803,1188,0,0.000000,3463.8481,3229.3729,0.067692
121010320011,Pasco,2689,833,29,0.034814,5161.4891,4778.8677,0.074130
121010320012,Pasco,1583,524,0,0.000000,3056.0128,2844.6502,0.069163
121010320013,Pasco,2408,755,0,0.000000,5083.9771,4749.5149,0.065788
121010320014,Pasco,1703,401,0,0.000000,4383.7471,4101.4703,0.064392
121010320051,Pasco,1417,610,0,0.000000,2440.3140,2331.0406,0.044778
121010320052,Pasco,1859,962,9,0.009356,2914.5214,2720.7118,0.066498
121010320053,Pasco,1039,597,0,0.000000,3159.3928,2952.7154,0.065417
121010320061,Pasco,3326,1266,63,0.049763,3628.6227,3332.5247,0.081601
121010320062,Pasco,2402,955,20,0.020942,3935.3914,3693.6321,0.061432
121010320063,Pasco,2924,917,34,0.037077,4633.3151,4273.2177,0.077719
121010320071,Pasco,1200,448,15,0.033482,5259.9767,4916.5557,0.065289
121010320072,Pasco,1664,642,43,0.066978,4753.6971,4446.0052,0.064727
121010320081,Pasco,3147,917,57,0.062159,5713.6881,5371.3041,0.059923
121010320082,Pasco,2646,756,0,0.000000,5591.4450,5258.1136,0.059615
121010320091,Pasco,1419,570,0,0.000000,4571.2170,4287.5396,0.062057
121010320092,Pasco,1884,773,0,0.000000,4460.2507,4178.6393,0.063138
121010320093,Pasco,3358,1062,0,0.000000,4964.1096,4667.0355,0.059844
121010320094,Pasco,2801,1013,55,0.054294,6009.8657,5640.7982,0.061410
121010320101,Pasco,3647,1410,77,0.054610,5688.9394,5336.1300,0.062017
121010320111,Pasco,3634,1213,9,0.007420,5037.8066,4709.1640,0.065235
121010320112,Pasco,1644,579,0,0.000000,4866.7798,4571.5863,0.060655
121010320121,Pasco,2408,735,20,0.027211,5525.0847,5026.2534,0.090285
121010320122,Pasco,1674,651,0,0.000000,6089.4742,5235.1522,0.140295
121010320131,Pasco,3622,1619,20,0.012353,6600.7215,6020.1998,0.087948
121010320132,Pasco,1409,511,8,0.015656,6660.8788,6017.5814,0.096578
121010320133,Pasco,1044,431,0,0.000000,5941.6088,5566.4783,0.063136
121010320141,Pasco,3282,1319,10,0.007582,6063.2128,5705.2119,0.059045
121010320142,Pasco,1187,618,0,0.000000,6196.7925,5833.0565,0.058697
121010320143,Pasco,2910,767,0,0.000000,6144.9437,5869.3118,0.044855
121010321031,Pasco,1898,665,0,0.000000,2891.9325,2714.4364,0.061376
121010321032,Pasco,2894,945,0,0.000000,4072.2028,3841.9673,0.056538
121010321033,Pasco,6337,1635,68,0.041590,3974.2603,3589.0203,0.096934
121010321041,Pasco,6698,2080,81,0.038942,4282.6190,3913.1312,0.086276
121010321051,Pasco,5103,1749,71,0.040595,2860.1260,2712.9072,0.051473
121010321052,Pasco,1436,475,0,0.000000,3133.9710,2762.1316,0.118648
121010321053,Pasco,3963,1060,5,0.004717,3802.7018,3509.3218,0.077150
121010321061,Pasco,4993,1622,16,0.009864,6066.4738,5438.2686,0.103554
121010321062,Pasco,4079,1207,18,0.014913,5070.2467,4727.4803,0.067603
121010321071,Pasco,5222,1553,56,0.036059,3719.7888,3536.0155,0.049404
121010321072,Pasco,3729,1182,23,0.019459,5724.7423,5088.2041,0.111191
121010321073,Pasco,802,412,0,0.000000,4241.1825,3975.2708,0.062698
121010321074,Pasco,2397,725,0,0.000000,5127.9920,4695.0739,0.084423
121010321081,Pasco,1210,714,0,0.000000,3108.0612,2820.9218,0.092385
121010321082,Pasco,1273,402,17,0.042289,3093.9437,2924.2215,0.054856
121010321083,Pasco,5109,1794,85,0.047380,3698.2462,3451.0163,0.066851
121010321091,Pasco,4946,1732,83,0.047921,6111.2890,5668.9019,0.072389
121010321101,Pasco,3193,1180,0,0.000000,5320.6292,4986.1210,0.062870
121010321111,Pasco,4247,1326,32,0.024133,4403.5708,4100.6229,0.068796
121010321112,Pasco,1879,631,13,0.020602,3969.5753,3799.3078,0.042893
121010321121,Pasco,4400,1668,10,0.005995,4986.6225,4698.8532,0.057708
121010321131,Pasco,2681,897,0,0.000000,4492.7218,4308.8859,0.040919
121010321132,Pasco,1331,541,20,0.036969,4040.6570,3874.7298,0.041064
121010322001,Pasco,2488,890,3,0.003371,1853.1806,1653.7539,0.107613
121010322002,Pasco,1769,700,23,0.032857,1583.8913,1423.0326,0.101559
121010322003,Pasco,3260,539,0,0.000000,2879.4365,2604.4271,0.095508
121010323001,Pasco,2736,1005,15,0.014925,1676.0721,1548.7008,0.075994
121010324011,Pasco,942,384,9,0.023438,548.1996,482.0200,0.120722
121010324012,Pasco,1208,501,0,0.000000,826.9456,742.2649,0.102402
121010324021,Pasco,1013,167,32,0.191617,543.2499,455.8189,0.160941
121010324022,Pasco,427,125,12,0.096000,451.9063,384.9849,0.148087
121010324023,Pasco,1897,608,0,0.000000,73.4763,61.7969,0.158955
121010325001,Pasco,884,218,0,0.000000,1078.0970,953.0652,0.115975
121010325002,Pasco,1520,385,0,0.000000,1344.4913,1127.1422,0.161659
121010325003,Pasco,1904,683,113,0.165447,1188.9080,1069.4551,0.100473
121010325004,Pasco,3535,1113,160,0.143756,2125.9532,1935.8230,0.089433
121010326011,Pasco,2047,686,102,0.148688,1554.8668,1305.9388,0.160096
121010326012,Pasco,1018,390,85,0.217949,1588.5871,1291.0928,0.187270
121010326021,Pasco,1738,590,66,0.111864,1530.9710,1290.0003,0.157397
121010326022,Pasco,1717,645,50,0.077519,1625.3322,1297.4336,0.201743
121010327001,Pasco,659,231,0,0.000000,1060.3864,925.8764,0.126850
121010327002,Pasco,1128,555,17,0.030631,570.4589,473.5474,0.169883
121010327003,Pasco,1451,767,44,0.057366,1226.0655,1092.2583,0.109135
121010328021,Pasco,2228,1030,33,0.032039,982.4614,848.8385,0.136008
121010328022,Pasco,1111,334,21,0.062874,1280.4098,1138.9244,0.110500
121010328041,Pasco,1652,769,0,0.000000,2103.0361,1866.9040,0.112282
121010328042,Pasco,1160,817,243,0.297430,2483.3280,1971.4448,0.206128
121010328051,Pasco,2538,934,16,0.017131,1255.9393,1121.8233,0.106785
121010328052,Pasco,1683,871,17,0.019518,2138.7129,1643.9913,0.231317
121010329011,Pasco,4357,1502,25,0.016644,2567.7877,2347.6299,0.085738
121010329012,Pasco,921,570,80,0.140351,2568.8967,2315.1369,0.098782
121010329013,Pasco,3507,1042,0,0.000000,1948.7146,1754.6227,0.099600
121010329021,Pasco,934,338,0,0.000000,2674.5617,2471.3999,0.075961
121010329022,Pasco,1056,617,15,0.024311,2958.8681,2712.3446,0.083317
121010329051,Pasco,967,513,30,0.058480,2720.6510,2435.3360,0.104870
121010329052,Pasco,1289,575,7,0.012174,3181.2205,2923.4690,0.081023
121010329053,Pasco,1324,687,11,0.016012,2963.9885,2717.5422,0.083147
121010329054,Pasco,2042,898,0,0.000000,3712.4099,3362.2227,0.094329
121010330051,Pasco,2294,792,24,0.030303,1867.4023,1575.5582,0.156283
121010330052,Pasco,2172,970,135,0.139175,2134.2194,1788.8858,0.161808
121010330053,Pasco,1253,594,30,0.050505,1665.8853,1475.5325,0.114265
121010330061,Pasco,2294,779,5,0.006418,2240.7349,1969.6643,0.120974
121010330062,Pasco,1095,504,8,0.015873,2744.0717,2213.6824,0.193286
121010330071,Pasco,705,462,43,0.093074,2640.1425,2282.5171,0.135457
121010330072,Pasco,1419,711,70,0.098453,2877.3542,2493.9837,0.133237
121010330081,Pasco,879,248,0,0.000000,3157.0907,2542.4238,0.194694
121010330082,Pasco,2014,992,42,0.042339,2837.3194,2361.3919,0.167738
121010330091,Pasco,658,229,72,0.314410,2547.9978,2048.0072,0.196229
121010330092,Pasco,1050,396,76,0.191919,3045.9146,2445.2153,0.197215
121010330093,Pasco,1366,625,64,0.102400,2842.2522,2302.4094,0.189935
121010330101,Pasco,1435,716,27,0.037709,2252.4306,1830.7792,0.187198
121010330102,Pasco,2966,983,102,0.103764,2814.4006,2311.8738,0.178556
121010330111,Pasco,1009,460,34,0.073913,2715.2137,2347.5303,0.135416
121010330112,Pasco,766,445,0,0.000000,2844.4449,2443.9752,0.140790
121010330121,Pasco,983,543,0,0.000000,3027.9987,2580.3679,0.147831
121010330122,Pasco,1539,539,56,0.103896,3212.0680,2712.9675,0.155383
121010330131,Pasco,868,394,127,0.322335,2899.5432,2542.2121,0.123237
121010330132,Pasco,1558,654,33,0.050459,3154.8013,2586.7297,0.180066
121010330133,Pasco,787,325,58,0.178462,3080.1424,2711.4645,0.119695
121010330141,Pasco,1335,475,11,0.023158,2900.1682,2574.9827,0.112126
121010330142,Pasco,1079,562,105,0.186833,3179.1495,2835.7842,0.108005
121010330143,Pasco,684,327,13,0.039755,3093.5386,2773.2723,0.103527
121010330144,Pasco,337,237,0,0.000000,3106.8836,2761.2306,0.111254
121010331011,Pasco,661,362,20,0.055249,471.3816,399.1065,0.153326
121010331012,Pasco,1819,942,22,0.023355,1081.7894,956.6192,0.115707
121010331021,Pasco,1959,806,9,0.011166,1956.7478,1748.5341,0.106408
121019900000,Pasco,0,0,0,0.000000,0.0000,0.0000,
121030201051,Pinellas,1139,632,0,0.000000,6130.5920,5356.5152,0.126265
121030201052,Pinellas,3015,285,81,0.284211,6366.9853,5478.5073,0.139545
121030201053,Pinellas,1613,798,29,0.036341,6104.7921,5162.7647,0.154309
121030201061,Pinellas,1857,705,20,0.028369,3721.6169,3372.1606,0.093899
121030201062,Pinellas,657,347,0,0.000000,847.9021,764.7793,0.098033
121030201063,Pinellas,1602,760,0,0.000000,3129.2496,3005.5165,0.039541
121030201071,Pinellas,780,433,7,0.016166,5313.3774,4714.0450,0.112797
121030201072,Pinellas,954,534,18,0.033708,6020.0538,5267.5594,0.124998
121030201081,Pinellas,1015,506,49,0.096838,4483.6859,3964.7379,0.115741
121030201082,Pinellas,560,381,9,0.023622,5015.7693,4410.0592,0.120761
121030201083,Pinellas,507,320,18,0.056250,4773.4398,4225.3958,0.114811
121030201091,Pinellas,1842,665,22,0.033083,7633.7205,6479.4953,0.151201
121030201092,Pinellas,1404,775,61,0.078710,7187.5322,5893.3259,0.180063
121030201093,Pinellas,816,319,0,0.000000,7706.0599,6282.9108,0.184679
121030201101,Pinellas,1175,534,17,0.031835,6747.8832,6309.1942,0.065011
121030202011,Pinellas,1600,659,37,0.056146,5903.1385,4897.9778,0.170276
121030202012,Pinellas,2032,718,33,0.045961,6082.9289,5371.4277,0.116967
121030202013,Pinellas,1135,404,21,0.051980,6562.4035,5935.8045,0.095483
121030202021,Pinellas,1111,658,35,0.053191,4436.5093,3795.9396,0.144386
121030202022,Pinellas,1548,578,21,0.036332,5201.5681,4377.6887,0.158391
121030202023,Pinellas,1211,446,55,0.123318,4659.9686,3916.0968,0.159630
121030202061,Pinellas,1555,933,102,0.109325,6296.4025,5527.3845,0.122136
121030202062,Pinellas,3047,1163,70,0.060189,5942.2020,5285.4671,0.110520
121030202071,Pinellas,1829,949,5,0.005269,5434.3288,5242.4048,0.035317
121030202072,Pinellas,958,493,39,0.079108,5955.6486,5346.2457,0.102324
121030202081,Pinellas,1729,743,51,0.068641,5722.7583,4967.5736,0.131962
121030202082,Pinellas,929,408,45,0.110294,5194.3004,4329.0242,0.166582
121030202091,Pinellas,1248,603,10,0.016584,4846.1074,4268.8775,0.119112
121030202092,Pinellas,1272,406,10,0.024631,5478.7940,4770.1859,0.129337
121030202093,Pinellas,357,161,0,0.000000,5135.9890,4405.9684,0.142138
121030202094,Pinellas,500,190,10,0.052632,4574.7110,3980.6688,0.129853
121030202095,Pinellas,1057,491,51,0.103870,4467.0393,3874.6283,0.132618
121030203011,Pinellas,480,248,11,0.044355,6152.8649,5362.2388,0.128497
121030203012,Pinellas,1775,546,68,0.124542,5472.1406,4706.1792,0.139975
121030203013,Pinellas,1207,437,0,0.000000,5764.5497,4868.3234,0.155472
121030203014,Pinellas,544,209,21,0.100478,6060.4746,5533.8265,0.086899
121030203015,Pinellas,367,227,13,0.057269,6156.8256,5305.9019,0.138208
121030203021,Pinellas,1279,592,9,0.015203,4580.9027,3960.6238,0.135405
121030203022,Pinellas,1310,623,70,0.112360,4801.8120,4184.9023,0.128474
121030203023,Pinellas,936,446,0,0.000000,5464.3757,4729.8477,0.134421
121030204001,Pinellas,812,284,0,0.000000,6661.7855,5391.3375,0.190707
121030204002,Pinellas,638,363,62,0.170799,7352.4569,5957.0706,0.189785
121030204003,Pinellas,903,373,28,0.075067,7434.4816,6006.7027,0.192048
121030205001,Pinellas,1063,313,27,0.086262,8122.5791,6213.4144,0.235044
121030205002,Pinellas,876,390,63,0.161538,7448.6309,5947.8204,0.201488
121030205003,Pinellas,928,229,50,0.218341,7423.0265,5960.0410,0.197087
121030205004,Pinellas,653,232,53,0.228448,7149.3693,5739.6014,0.197188
121030206001,Pinellas,757,298,32,0.107383,7518.6617,5774.8860,0.231926
121030206002,Pinellas,1287,433,74,0.170901,7287.1379,5867.2853,0.194844
121030206003,Pinellas,1211,414,0,0.000000,6303.8050,5795.3690,0.080655
121030206004,Pinellas,1045,317,0,0.000000,7606.4173,5928.4872,0.220594
121030207001,Pinellas,608,221,34,0.153846,8122.2212,6644.6522,0.181917
121030207002,Pinellas,899,255,23,0.090196,8088.6956,6407.3250,0.207867
121030207003,Pinellas,535,225,13,0.057778,7341.2260,6085.5636,0.171043
121030207004,Pinellas,1377,508,36,0.070866,7565.3487,6296.1540,0.167764
121030208001,Pinellas,1220,318,18,0.056604,8030.0179,6050.7417,0.246485
121030208002,Pinellas,496,122,6,0.049180,8245.0935,6298.3875,0.236105
121030208003,Pinellas,795,224,13,0.058036,7894.1148,6173.6669,0.217941
121030208004,Pinellas,260,111,0,0.000000,7892.1193,6109.4832,0.225875
121030208005,Pinellas,902,282,93,0.329787,7937.4748,6175.6340,0.221965
121030208006,Pinellas,628,248,72,0.290323,8147.9720,6384.1069,0.216479
121030212001,Pinellas,303,188,13,0.069149,8226.8911,6308.2601,0.233215
121030212002,Pinellas,944,325,81,0.249231,8557.7740,6240.8252,0.270742
121030212003,Pinellas,1974,499,86,0.172345,7732.6153,5881.3642,0.239408
121030212004,Pinellas,315,140,80,0.571429,7674.9656,5876.2585,0.234360
121030215011,Pinellas,811,427,42,0.098361,6836.7918,5904.7534,0.136327
121030215012,Pinellas,1630,1195,148,0.123849,9747.2827,6909.6392,0.291121
121030215021,Pinellas,200,178,160,0.898876,9690.4388,6883.8435,0.289625
121030215022,Pinellas,1234,833,138,0.165666,8284.9129,7165.8566,0.135072
121030216001,Pinellas,774,376,25,0.066489,10273.4909,7207.9472,0.298394
121030216002,Pinellas,1061,901,367,0.407325,9042.1514,7256.3919,0.197493
121030218001,Pinellas,390,153,10,0.065359,9217.8419,6977.7323,0.243019
121030218002,Pinellas,517,300,53,0.176667,9583.4787,7196.0368,0.249121
121030218003,Pinellas,1316,678,44,0.064897,10366.6083,7593.2621,0.267527
121030219001,Pinellas,1424,666,62,0.093093,9599.9749,7188.0202,0.251246
121030219002,Pinellas,490,200,27,0.135000,8707.6954,6724.0802,0.227800
121030219003,Pinellas,1097,450,38,0.084444,9652.7294,7247.0685,0.249221
121030220001,Pinellas,618,162,0,0.000000,8484.0339,6538.5105,0.229316
121030220002,Pinellas,850,313,0,0.000000,9119.2489,6840.0217,0.249936
121030220003,Pinellas,723,273,0,0.000000,9026.6099,6778.3707,0.249068
121030220004,Pinellas,429,219,19,0.086758,8730.2748,6600.6833,0.243932
121030221011,Pinellas,1210,456,35,0.076754,9179.3060,7109.5289,0.225483
121030221012,Pinellas,694,437,37,0.084668,9337.9763,7137.5589,0.235642
121030221021,Pinellas,912,497,56,0.112676,9307.4095,7012.1500,0.246606
121030221022,Pinellas,1264,642,21,0.032710,9128.6854,6882.4793,0.246060
121030221023,Pinellas,835,339,0,0.000000,9054.5700,6853.5675,0.243082
121030222001,Pinellas,1461,689,13,0.018868,9071.3528,7151.9847,0.211586
121030222002,Pinellas,1155,569,41,0.072056,9116.8873,7138.2555,0.217029
121030222003,Pinellas,1074,485,14,0.028866,8868.2268,6776.6382,0.235852
121030222004,Pinellas,443,183,0,0.000000,8411.8351,6415.3385,0.237344
121030223011,Pinellas,842,439,0,0.000000,6710.0202,6080.8076,0.093772
121030223012,Pinellas,1217,559,0,0.000000,7705.8670,5754.6689,0.253209
121030223013,Pinellas,613,268,0,0.000000,8306.5034,6233.0776,0.249615
121030223021,Pinellas,1098,573,16,0.027923,8421.2543,6563.9307,0.220552
121030223022,Pinellas,834,372,8,0.021505,8746.9817,6757.6860,0.227427
121030223023,Pinellas,2067,816,127,0.155637,8795.8723,6836.8584,0.222720
121030224011,Pinellas,1522,689,9,0.013062,6037.1282,4787.5122,0.206988
121030224012,Pinellas,843,382,0,0.000000,7657.3097,5992.9221,0.217359
121030224013,Pinellas,1276,489,36,0.073620,7529.0792,5677.8209,0.245881
121030224021,Pinellas,1665,549,0,0.000000,7580.7620,5927.2318,0.218122
121030224022,Pinellas,507,218,0,0.000000,7610.2159,6060.3622,0.203654
121030224023,Pinellas,1164,540,0,0.000000,7331.8470,5993.0251,0.182604
121030224024,Pinellas,808,284,0,0.000000,7226.7683,5618.7397,0.222510
121030224025,Pinellas,1317,611,25,0.040917,7954.5151,6179.9081,0.223094
121030225011,Pinellas,1505,669,0,0.000000,9049.5049,6974.2210,0.229326
121030225012,Pinellas,1693,677,23,0.033973,8992.4482,6830.8978,0.240374
121030225013,Pinellas,2082,967,97,0.100310,8497.3328,6552.5825,0.228866
121030225021,Pinellas,824,304,0,0.000000,8548.3766,6796.4234,0.204946
121030225022,Pinellas,710,287,35,0.121951,8837.5026,6940.5690,0.214646
121030225023,Pinellas,1574,778,23,0.029563,9281.8286,7086.4539,0.236524
121030225031,Pinellas,1833,792,27,0.034091,8552.2694,6738.3805,0.212094
121030225032,Pinellas,2787,977,21,0.021494,8735.9503,6705.3833,0.232438
121030225033,Pinellas,1472,647,68,0.105100,8879.2791,6933.0614,0.219186
121030226011,Pinellas,1187,508,0,0.000000,9128.1792,6993.5045,0.233855
121030226012,Pinellas,810,384,15,0.039062,9170.8433,7062.1416,0.229935
121030226013,Pinellas,988,468,0,0.000000,8956.9728,6875.0579,0.232435
121030226021,Pinellas,1440,634,11,0.017350,9302.0830,7354.6939,0.209350
121030226022,Pinellas,1466,600,0,0.000000,9391.4639,7229.2353,0.230233
121030226023,Pinellas,1961,715,23,0.032168,9028.5538,7040.2452,0.220224
121030227001,Pinellas,1365,651,33,0.050691,9468.2394,7136.8929,0.246228
121030227002,Pinellas,2282,807,55,0.068154,9224.8465,7035.2796,0.237355
121030227003,Pinellas,578,301,15,0.049834,9221.6674,7087.6357,0.231415
121030228011,Pinellas,1847,723,9,0.012448,10342.8101,8255.8770,0.201776
121030228012,Pinellas,783,403,46,0.114144,9796.5184,7726.2133,0.211331
121030228013,Pinellas,2028,1065,169,0.158685,9770.4065,7555.9034,0.226654
121030228021,Pinellas,1029,466,0,0.000000,9844.8826,7611.1394,0.226894
121030228022,Pinellas,1211,460,41,0.089130,9226.8079,7122.2462,0.228092
121030228023,Pinellas,1262,478,12,0.025105,9418.1241,7311.0527,0.223725
121030229011,Pinellas,1182,588,26,0.044218,9983.4685,7664.5204,0.232279
121030229012,Pinellas,1501,712,9,0.012640,9555.9816,7232.4734,0.243147
121030229021,Pinellas,954,327,23,0.070336,10271.5537,8069.8720,0.214347
121030229022,Pinellas,659,260,0,0.000000,10063.2105,7785.4546,0.226345
121030229023,Pinellas,1061,607,22,0.036244,10274.7284,7865.2189,0.234508
121030230001,Pinellas,1743,774,0,0.000000,10757.8792,8753.8244,0.186287
121030230002,Pinellas,1260,410,33,0.080488,10153.2488,7940.7653,0.217909
121030231001,Pinellas,920,434,0,0.000000,10060.6679,7834.7873,0.221246
121030231002,Pinellas,677,267,19,0.071161,10513.8580,8417.0574,0.199432
121030231003,Pinellas,1074,521,30,0.057582,10200.9779,8026.5413,0.213160
121030232001,Pinellas,1486,679,79,0.116348,10028.5662,7826.1898,0.219610
121030232002,Pinellas,1061,478,39,0.081590,9854.6133,7433.3878,0.245695
121030232003,Pinellas,601,272,0,0.000000,9888.0191,7638.5057,0.227499
121030233001,Pinellas,842,401,17,0.042394,10175.4396,7632.7707,0.249883
121030233002,Pinellas,332,154,27,0.175325,8183.0886,7544.7219,0.078010
121030233003,Pinellas,828,356,37,0.103933,9731.2202,7210.6132,0.259023
121030234001,Pinellas,852,401,58,0.144638,9715.8470,7114.7961,0.267712
121030234002,Pinellas,994,287,22,0.076655,8459.2683,7438.5255,0.120666
121030235011,Pinellas,728,317,0,0.000000,9635.9423,7309.9832,0.241384
121030235012,Pinellas,1570,808,179,0.221535,7546.9430,7086.9724,0.060948
121030235021,Pinellas,1120,640,113,0.176563,9444.7175,6982.4202,0.260706
121030236011,Pinellas,653,426,157,0.368545,7655.7602,5873.2314,0.232835
121030236012,Pinellas,719,404,10,0.024752,9370.0095,6696.1947,0.285359
121030236013,Pinellas,477,337,22,0.065282,9598.3715,6847.2427,0.286625
121030236021,Pinellas,833,317,15,0.047319,9122.3753,6634.8801,0.272681
121030236022,Pinellas,706,528,59,0.111742,8485.0587,6191.1676,0.270345
121030237001,Pinellas,1014,579,10,0.017271,9205.0171,6740.5864,0.267727
121030237002,Pinellas,609,286,0,0.000000,7148.0005,5787.1941,0.190376
121030237003,Pinellas,834,331,0,0.000000,9159.4979,6895.2076,0.247207
121030238001,Pinellas,940,463,7,0.015119,9196.4299,6953.3807,0.243904
121030238002,Pinellas,697,322,22,0.068323,9731.8199,7381.9786,0.241460
121030238003,Pinellas,812,415,9,0.021687,9492.8237,7349.4073,0.225793
121030239001,Pinellas,789,426,24,0.056338,10004.9377,7912.3948,0.209151
121030239002,Pinellas,1236,652,50,0.076687,9779.6656,7626.8614,0.220131
121030240011,Pinellas,1028,504,16,0.031746,6841.8555,5667.8043,0.171598
121030240012,Pinellas,2163,915,20,0.021858,7415.6209,5940.6976,0.198894
121030240021,Pinellas,2058,1028,31,0.030156,8176.0873,6713.2016,0.178922
121030240022,Pinellas,1478,583,18,0.030875,8946.8860,7180.0225,0.197484
121030240023,Pinellas,775,660,0,0.000000,9232.8454,7463.3488,0.191652
121030240024,Pinellas,1374,609,14,0.022989,7373.5526,6062.1387,0.177854
121030240041,Pinellas,1920,871,53,0.060850,6019.5476,5154.5190,0.143703
121030240042,Pinellas,1993,744,0,0.000000,6010.5044,5162.4004,0.141104
121030240043,Pinellas,877,370,0,0.000000,5561.1668,4804.7041,0.136026
121030240051,Pinellas,1668,560,0,0.000000,6104.8446,5216.0421,0.145590
121030240052,Pinellas,2075,720,0,0.000000,6621.8411,5623.3314,0.150790
121030241001,Pinellas,1852,762,0,0.000000,9585.8679,7564.1138,0.210910
121030241002,Pinellas,905,643,32,0.049767,10138.4256,8130.8427,0.198017
121030241003,Pinellas,2546,1125,78,0.069333,10096.7195,8182.4745,0.189591
121030242011,Pinellas,736,349,8,0.022923,10484.9230,8592.0418,0.180534
121030242012,Pinellas,1240,440,49,0.111364,10122.9635,8291.5035,0.180921
121030242013,Pinellas,992,334,25,0.074850,10261.0148,8260.4494,0.194968
121030242021,Pinellas,1821,798,0,0.000000,10046.2463,7982.0056,0.205474
121030242022,Pinellas,1179,481,86,0.178794,9956.1244,7962.7607,0.200215
121030243011,Pinellas,1862,632,26,0.041139,10200.2479,8573.1165,0.159519
121030243012,Pinellas,1370,465,65,0.139785,10108.6153,8308.6416,0.178063
121030243013,Pinellas,1554,448,37,0.082589,9951.0746,8096.2283,0.186397
121030243021,Pinellas,1103,418,27,0.064593,9559.4563,7857.3767,0.178052
121030243022,Pinellas,1790,640,27,0.042188,9468.8535,7894.0923,0.166310
121030243023,Pinellas,725,392,29,0.073980,10775.4948,9218.8881,0.144458
121030243024,Pinellas,804,551,28,0.050817,9571.5910,8086.4446,0.155162
121030244031,Pinellas,1098,380,12,0.031579,10334.4009,8681.0336,0.159987
121030244032,Pinellas,1748,925,41,0.044324,10557.8626,8906.6060,0.156401
121030244033,Pinellas,1685,634,35,0.055205,10393.3814,8699.2263,0.163003
121030244061,Pinellas,1603,1022,58,0.056751,10488.6576,9491.0022,0.095118
121030244062,Pinellas,2732,1222,81,0.066285,11063.0323,9864.5603,0.108331
121030244063,Pinellas,1559,880,44,0.050000,9936.4840,9549.4890,0.038947
121030244081,Pinellas,1258,647,28,0.043277,9247.7812,7672.3904,0.170353
121030244082,Pinellas,1426,741,149,0.201080,10594.2031,9112.4497,0.139865
121030244083,Pinellas,1398,648,46,0.070988,10531.8803,8882.8711,0.156573
121030244091,Pinellas,1537,713,0,0.000000,9333.8225,8016.2665,0.141159
121030244092,Pinellas,1385,601,0,0.000000,6601.9115,5677.8102,0.139975
121030244101,Pinellas,2095,1066,40,0.037523,10687.5837,9148.5783,0.143999
121030244102,Pinellas,1822,651,47,0.072197,11115.8945,9866.2227,0.112422
121030244111,Pinellas,1075,428,0,0.000000,9795.6027,8666.0079,0.115317
121030244112,Pinellas,735,351,0,0.000000,10704.1189,9321.2031,0.129195
121030244113,Pinellas,1190,559,0,0.000000,10598.5127,9362.7090,0.116602
121030244114,Pinellas,1181,673,35,0.052006,6814.5251,6332.6647,0.070711
121030244121,Pinellas,625,358,0,0.000000,10326.6809,9823.1245,0.048763
121030244122,Pinellas,3072,1597,0,0.000000,10219.0115,9363.4636,0.083721
121030244123,Pinellas,1426,723,0,0.000000,11218.1104,9739.6383,0.131793
121030244131,Pinellas,1145,685,33,0.048175,10154.4226,8826.1564,0.130807
121030244132,Pinellas,1336,836,61,0.072967,9350.7932,7981.1195,0.146477
121030244133,Pinellas,1217,603,0,0.000000,10462.8451,9398.2448,0.101751
121030244134,Pinellas,1237,506,66,0.130435,10297.3199,8840.6513,0.141461
121030245051,Pinellas,872,550,0,0.000000,9586.5849,8689.5412,0.093573
121030245052,Pinellas,2576,965,13,0.013472,9129.5441,8699.8070,0.047071
121030245053,Pinellas,1428,532,0,0.000000,8649.9279,8232.3488,0.048275
121030245054,Pinellas,2556,915,13,0.014208,9363.9583,8813.8799,0.058744
121030245071,Pinellas,2153,971,0,0.000000,8438.8894,7828.6489,0.072313
121030245072,Pinellas,1035,511,0,0.000000,8298.8733,7796.9259,0.060484
121030245073,Pinellas,587,339,0,0.000000,8750.6916,8256.0516,0.056526
121030245081,Pinellas,2149,1146,28,0.024433,9447.3452,8689.4471,0.080223
121030245082,Pinellas,406,251,19,0.075697,8747.6717,8280.4263,0.053414
121030245083,Pinellas,1962,934,112,0.119914,9969.1657,9095.7142,0.087615
121030245091,Pinellas,1665,766,32,0.041775,11076.3504,9843.5057,0.111304
121030245092,Pinellas,1644,917,9,0.009815,9048.2552,8520.7548,0.058299
121030245101,Pinellas,1026,335,45,0.134328,9259.8553,8632.9463,0.067702
121030245102,Pinellas,1039,436,49,0.112385,9892.6531,9138.2367,0.076260
121030245103,Pinellas,2739,0,0,0.000000,9113.7480,8573.0630,0.059326
121030245104,Pinellas,109,0,0,0.000000,9794.5450,9304.6439,0.050018
121030245121,Pinellas,1094,660,43,0.065152,8318.6277,7937.4251,0.045825
121030245122,Pinellas,1850,989,275,0.278059,10589.8107,9498.1094,0.103090
121030245141,Pinellas,2086,825,84,0.101818,9992.4693,9078.9844,0.091417
121030245142,Pinellas,2265,919,149,0.162133,10134.5553,9356.8676,0.076736
121030245143,Pinellas,1256,578,12,0.020761,9766.0177,9134.1751,0.064698
121030245151,Pinellas,528,389,28,0.071979,10831.9048,9568.2243,0.116663
121030245152,Pinellas,1163,647,0,0.000000,10698.0275,9838.4486,0.080349
121030245161,Pinellas,918,577,0,0.000000,8684.3165,8263.4156,0.048467
121030245162,Pinellas,1257,752,134,0.178191,8400.6475,7950.1311,0.053629
121030245171,Pinellas,0,0,0,0.000000,9589.7314,8863.1507,0.075767
121030245172,Pinellas,3166,1669,0,0.000000,9618.8682,9273.8252,0.035871
121030245181,Pinellas,1598,1005,32,0.031841,10113.8361,9321.2731,0.078364
121030245182,Pinellas,0,0,0,0.000000,9940.9663,9554.1661,0.038910
121030245191,Pinellas,2608,1317,0,0.000000,10696.8409,9707.1740,0.092520
121030245192,Pinellas,1321,927,248,0.267530,9598.0138,8865.0565,0.076366
121030246011,Pinellas,1608,536,71,0.132463,9091.6026,7962.4438,0.124198
121030246012,Pinellas,878,365,41,0.112329,8989.4595,8452.9942,0.059677
121030246013,Pinellas,977,328,44,0.134146,11190.3327,9878.8821,0.117195
121030246014,Pinellas,636,300,36,0.120000,10148.8536,9659.5227,0.048215
121030246031,Pinellas,1006,287,42,0.146341,10667.4693,8762.9416,0.178536
121030246032,Pinellas,2554,884,44,0.049774,10362.0239,8332.1678,0.195894
121030246041,Pinellas,499,139,43,0.309353,10399.7865,8897.1619,0.144486
121030246042,Pinellas,794,462,87,0.188312,9269.3220,8708.9157,0.060458
121030246043,Pinellas,1210,630,38,0.060317,10443.4870,8552.8017,0.181040
121030247011,Pinellas,842,643,188,0.292379,9015.5333,8479.8902,0.059413
121030247012,Pinellas,1023,324,25,0.077160,8801.5379,8198.6770,0.068495
121030247013,Pinellas,1139,459,79,0.172113,10162.9060,8627.7147,0.151058
121030247021,Pinellas,934,475,45,0.094737,9589.7701,7735.9070,0.193317
121030247022,Pinellas,1433,615,26,0.042276,8356.5607,7737.5410,0.074076
121030247031,Pinellas,1584,685,42,0.061314,9160.4067,8575.6460,0.063836
121030247032,Pinellas,791,243,36,0.148148,9625.3516,7755.1460,0.194300
121030247033,Pinellas,966,283,0,0.000000,9850.2063,8059.6616,0.181777
121030248011,Pinellas,1823,752,0,0.000000,9280.9900,7951.3800,0.143262
121030248012,Pinellas,2254,1086,61,0.056169,9086.4125,7326.3468,0.193703
121030248031,Pinellas,1156,416,15,0.036058,8564.3013,7520.4263,0.121887
121030248032,Pinellas,835,348,0,0.000000,8581.5964,7505.8589,0.125354
121030248041,Pinellas,2936,911,88,0.096597,8506.1209,7081.0451,0.167535
121030248051,Pinellas,1626,559,36,0.064401,8501.3375,7301.8111,0.141099
121030248052,Pinellas,1238,496,33,0.066532,7447.9390,6912.4576,0.071897
121030249011,Pinellas,1684,668,100,0.149701,9146.9764,8501.4002,0.070578
121030249012,Pinellas,2172,664,35,0.052711,8273.2179,7676.7570,0.072095
121030249013,Pinellas,2159,793,0,0.000000,8736.3432,7845.9167,0.101922
121030249041,Pinellas,1770,588,61,0.103741,8159.2196,7700.9888,0.056161
121030249042,Pinellas,1191,376,0,0.000000,8857.9999,8171.8503,0.077461
121030249043,Pinellas,689,385,8,0.020779,7529.7181,7149.8477,0.050449
121030249051,Pinellas,1846,606,57,0.094059,8855.6998,8408.0683,0.050547
121030249052,Pinellas,1097,460,0,0.000000,8710.9692,8280.9703,0.049363
121030249053,Pinellas,729,205,0,0.000000,8699.9548,8285.8664,0.047597
121030249054,Pinellas,2133,928,27,0.029095,8796.8132,8352.3651,0.050524
121030249055,Pinellas,970,336,48,0.142857,8918.0343,8467.5139,0.050518
121030249061,Pinellas,1982,754,58,0.076923,8785.6876,8343.1204,0.050374
121030249062,Pinellas,1295,593,47,0.079258,8768.1762,8304.4361,0.052889
121030249063,Pinellas,442,220,36,0.163636,9967.6082,8722.4635,0.124919
121030249071,Pinellas,1967,750,71,0.094667,9800.0700,8703.5901,0.111885
121030249072,Pinellas,1927,666,49,0.073574,10858.6783,9415.5101,0.132905
121030249081,Pinellas,872,314,23,0.073248,10939.1710,9327.8612,0.147297
121030249082,Pinellas,2559,824,67,0.081311,10358.6700,8699.4082,0.160181
121030250041,Pinellas,1116,515,16,0.031068,8715.1769,8034.2194,0.078135
121030250042,Pinellas,1427,601,87,0.144759,8378.1405,7245.5372,0.135186
121030250043,Pinellas,4145,1593,190,0.119272,9322.5924,7980.4083,0.143971
121030250071,Pinellas,1090,334,18,0.053892,8404.1791,7500.0916,0.107576
121030250072,Pinellas,2170,1018,101,0.099214,7516.0415,7058.2008,0.060915
121030250073,Pinellas,1429,577,24,0.041594,8128.3678,7145.9408,0.120864
121030250091,Pinellas,1587,703,28,0.039829,9430.9648,8413.4431,0.107892
121030250092,Pinellas,1828,755,55,0.072848,9314.9555,8749.5214,0.060702
121030250111,Pinellas,2432,818,12,0.014670,8735.8393,7558.9313,0.134722
121030250112,Pinellas,1219,414,7,0.016908,8815.9188,7698.1061,0.126795
121030250113,Pinellas,1746,675,0,0.000000,7849.9027,7015.0003,0.106358
121030250121,Pinellas,660,326,0,0.000000,8134.2326,7252.4457,0.108404
121030250122,Pinellas,1794,672,0,0.000000,3219.5123,2793.5376,0.132310
121030250123,Pinellas,1272,573,64,0.111693,8100.6576,7307.6892,0.097889
121030250124,Pinellas,1378,724,0,0.000000,8265.3227,7417.8446,0.102534
121030250131,Pinellas,2201,722,0,0.000000,8105.7984,7163.1454,0.116294
121030250132,Pinellas,1919,528,3,0.005682,8501.1212,7469.9279,0.121301
121030250133,Pinellas,871,397,16,0.040302,7637.6154,6676.6865,0.125815
121030250141,Pinellas,2784,915,41,0.044809,8940.4752,7598.5581,0.150095
121030250142,Pinellas,2106,874,62,0.070938,6947.5188,6104.6643,0.121317
121030250151,Pinellas,1656,1065,210,0.197183,7433.1992,6821.5685,0.082284
121030250152,Pinellas,1138,673,45,0.066865,6996.9294,6277.2443,0.102857
121030250161,Pinellas,2107,895,11,0.012291,7549.4489,6583.2064,0.127988
121030250171,Pinellas,1551,642,44,0.068536,8302.4348,6863.0892,0.173364
121030250172,Pinellas,631,321,0,0.000000,7605.7819,6304.5680,0.171082
121030250173,Pinellas,723,441,6,0.013605,7567.7504,6285.9469,0.169377
121030250181,Pinellas,1255,578,83,0.143599,9002.7322,7533.8752,0.163157
121030250182,Pinellas,1164,381,15,0.039370,9033.7536,7403.3548,0.180479
121030250191,Pinellas,645,389,17,0.043702,7895.3019,6301.7281,0.201838
121030250192,Pinellas,1682,810,82,0.101235,8217.2958,6540.0521,0.204111
121030250201,Pinellas,566,320,5,0.015625,9619.9789,8571.0829,0.109033
121030250202,Pinellas,2551,1003,9,0.008973,9869.0550,8933.6833,0.094778
121030250211,Pinellas,703,356,25,0.070225,8992.5900,7602.5347,0.154578
121030250212,Pinellas,2131,767,24,0.031291,9300.4099,8000.7772,0.139739
121030251061,Pinellas,1444,688,31,0.045058,6410.9054,5301.2534,0.173088
121030251062,Pinellas,1172,700,77,0.110000,6860.3340,5617.8022,0.181118
121030251071,Pinellas,810,385,0,0.000000,7198.5126,6048.1727,0.159802
121030251072,Pinellas,1620,537,19,0.035382,7073.0193,5950.5790,0.158693
121030251073,Pinellas,1760,975,3,0.003077,6024.0597,5106.2943,0.152350
121030251081,Pinellas,1287,791,97,0.122630,5642.8680,4941.5179,0.124290
121030251082,Pinellas,1119,505,8,0.015842,5949.5839,5192.7181,0.127213
121030251091,Pinellas,902,539,0,0.000000,7287.1831,6170.4309,0.153249
121030251092,Pinellas,1515,681,35,0.051395,7423.6987,6342.4087,0.145654
121030251093,Pinellas,1426,686,0,0.000000,6061.9716,5383.5194,0.111919
121030251101,Pinellas,1468,516,22,0.042636,4795.9121,4550.0509,0.051265
121030251102,Pinellas,991,537,77,0.143389,6308.3344,5533.2389,0.122868
121030251103,Pinellas,1011,402,0,0.000000,5520.7468,4891.1554,0.114041
121030251104,Pinellas,1922,773,42,0.054334,5626.6661,5006.2251,0.110268
121030251111,Pinellas,767,415,107,0.257831,7632.8126,6505.1774,0.147735
121030251112,Pinellas,810,540,56,0.103704,7582.0115,6658.4642,0.121808
121030251113,Pinellas,401,167,0,0.000000,7242.7751,6795.4472,0.061762
121030251114,Pinellas,569,467,66,0.141328,7430.0101,6333.0385,0.147641
121030251121,Pinellas,1366,655,27,0.041221,8029.1885,7082.5936,0.117894
121030251122,Pinellas,2076,819,61,0.074481,8139.3480,7179.4224,0.117936
121030251131,Pinellas,1301,456,0,0.000000,6671.0794,5859.0890,0.121718
121030251132,Pinellas,730,231,0,0.000000,7245.3691,6220.0698,0.141511
121030251133,Pinellas,1221,514,12,0.023346,6378.4446,5976.6877,0.062987
121030251141,Pinellas,2560,819,22,0.026862,7424.3080,6639.2404,0.105743
121030251142,Pinellas,918,498,51,0.102410,7902.6669,6884.9759,0.128778
121030251151,Pinellas,1547,886,122,0.137698,7420.7262,6509.8798,0.122744
121030251152,Pinellas,1573,555,0,0.000000,7937.7284,6964.4156,0.122619
121030251161,Pinellas,774,349,18,0.051576,6965.5683,6506.7304,0.065872
121030251162,Pinellas,1153,516,29,0.056202,7967.7672,6985.1479,0.123324
121030251191,Pinellas,2339,805,10,0.012422,6214.8725,5380.1813,0.134305
121030251192,Pinellas,1211,657,110,0.167428,5738.8488,5427.9315,0.054178
121030251193,Pinellas,2525,808,13,0.016089,5772.0883,5469.8973,0.052354
121030251201,Pinellas,985,398,17,0.042714,5953.1862,5581.1390,0.062495
121030251202,Pinellas,876,354,6,0.016949,5567.1508,5160.1999,0.073099
121030251203,Pinellas,1895,689,36,0.052250,6199.4631,5325.9754,0.140897
121030251211,Pinellas,2663,1025,11,0.010732,5398.5353,5030.0553,0.068256
121030251212,Pinellas,2425,884,10,0.011312,5821.3656,5397.0889,0.072883
121030251221,Pinellas,1619,486,0,0.000000,4391.9465,4155.4969,0.053837
121030251222,Pinellas,1868,914,22,0.024070,4464.9142,4219.9381,0.054867
121030251223,Pinellas,1439,674,0,0.000000,4876.8772,4587.8441,0.059266
121030251231,Pinellas,995,388,4,0.010309,5189.8471,4853.5528,0.064798
121030251232,Pinellas,627,243,11,0.045267,5352.1052,5047.1461,0.056979
121030252041,Pinellas,1746,921,96,0.104235,6462.7643,6057.8501,0.062653
121030252042,Pinellas,1264,689,41,0.059507,6643.6222,5620.6245,0.153982
121030252051,Pinellas,1060,544,41,0.075368,5012.3071,4733.6172,0.055601
121030252052,Pinellas,1461,516,0,0.000000,5185.3471,4918.1877,0.051522
121030252053,Pinellas,620,461,16,0.034707,5335.0396,4829.7042,0.094720
121030252054,Pinellas,945,439,0,0.000000,5941.4516,5410.5461,0.089356
121030252071,Pinellas,1986,840,26,0.030952,7304.7805,6142.9352,0.159053
121030252072,Pinellas,1474,681,55,0.080764,6538.7765,6163.4935,0.057393
121030252073,Pinellas,2735,991,15,0.015136,7647.4428,6516.0749,0.147941
121030252074,Pinellas,971,371,27,0.072776,7470.7078,6317.8045,0.154323
121030252081,Pinellas,565,251,12,0.047809,5730.7172,5250.3114,0.083830
121030252082,Pinellas,868,524,98,0.187023,5973.0250,5439.7794,0.089276
121030252091,Pinellas,2031,631,92,0.145800,6017.5618,5427.8488,0.097999
121030252092,Pinellas,577,305,0,0.000000,6228.2876,5758.8848,0.075366
121030252093,Pinellas,1805,703,0,0.000000,6255.9367,5949.6096,0.048966
121030252094,Pinellas,457,263,14,0.053232,6131.3184,5813.7017,0.051802
121030252101,Pinellas,1449,541,0,0.000000,6392.9152,5526.3256,0.135555
121030252102,Pinellas,2072,789,26,0.032953,5256.8253,5035.7200,0.042061
121030252111,Pinellas,983,462,53,0.114719,6202.2952,5862.7438,0.054746
121030252112,Pinellas,1053,622,252,0.405145,6990.1800,6499.8812,0.070141
121030253031,Pinellas,1857,977,34,0.034800,7927.9361,7436.4035,0.062000
121030253032,Pinellas,1571,922,106,0.114967,9225.6285,7748.6662,0.160093
121030253033,Pinellas,1019,608,56,0.092105,8971.7037,7137.4748,0.204446
121030253051,Pinellas,772,518,22,0.042471,8997.2222,7647.1343,0.150056
121030253052,Pinellas,2048,718,90,0.125348,9261.0460,7296.5031,0.212130
121030253071,Pinellas,2015,692,0,0.000000,7344.8340,6928.1091,0.056737
121030253072,Pinellas,2687,877,29,0.033067,8544.2431,7288.9169,0.146921
121030253091,Pinellas,928,371,14,0.037736,8588.8633,6629.8481,0.228088
121030253092,Pinellas,1257,718,63,0.087744,9017.0374,7230.1426,0.198169
121030253101,Pinellas,1304,775,42,0.054194,7381.9451,6902.2099,0.064988
121030253111,Pinellas,1121,534,72,0.134831,8022.4980,7368.9439,0.081465
121030253112,Pinellas,499,280,16,0.057143,8757.5035,7481.7690,0.145673
121030253113,Pinellas,2286,1143,110,0.096238,8117.7407,7127.3886,0.121998
121030254011,Pinellas,1380,544,0,0.000000,9471.2034,7964.8354,0.159047
121030254012,Pinellas,1759,714,60,0.084034,9204.3166,8156.5395,0.113835
121030254013,Pinellas,1773,876,219,0.250000,8696.7222,8172.7840,0.060245
121030254071,Pinellas,1522,692,27,0.039017,8821.0524,7659.0481,0.131731
121030254072,Pinellas,1199,796,0,0.000000,9287.4326,8118.8457,0.125825
121030254073,Pinellas,2223,901,0,0.000000,8563.4318,7412.8529,0.134360
121030254111,Pinellas,2036,684,8,0.011696,9706.2426,8493.8522,0.124908
121030254121,Pinellas,1244,632,39,0.061709,9349.8333,8246.4341,0.118013
121030254122,Pinellas,1112,608,0,0.000000,8381.7676,7735.9158,0.077054
121030254123,Pinellas,2100,1055,134,0.127014,9633.7965,8320.9580,0.136274
121030254131,Pinellas,1360,530,0,0.000000,9844.3923,8253.6797,0.161586
121030254132,Pinellas,901,473,44,0.093023,10462.7757,8547.4492,0.183061
121030254133,Pinellas,1595,700,53,0.075714,9714.8190,8066.8491,0.169635
121030254141,Pinellas,787,509,145,0.284872,9447.1245,8503.9939,0.099833
121030254142,Pinellas,1759,686,11,0.016035,8357.6459,7511.1407,0.101285
121030254151,Pinellas,887,429,21,0.048951,9865.3350,8896.8885,0.098167
121030254152,Pinellas,445,321,82,0.255452,9025.8160,8497.5277,0.058531
121030254153,Pinellas,1202,406,8,0.019704,9038.6771,8123.6605,0.101233
121030254161,Pinellas,1567,830,81,0.097590,9391.8532,8179.2734,0.129110
121030254162,Pinellas,2242,894,15,0.016779,9328.5278,7804.5621,0.163366
121030254171,Pinellas,793,419,9,0.021480,8899.5960,8130.2195,0.086451
121030254172,Pinellas,1527,881,8,0.009081,8901.2697,7647.4716,0.140856
121030254181,Pinellas,919,361,0,0.000000,9272.3097,8770.7907,0.054088
121030254182,Pinellas,2032,1109,61,0.055005,9518.0454,8691.0822,0.086884
121030254191,Pinellas,2174,652,21,0.032209,9087.7599,8586.9254,0.055111
121030254192,Pinellas,1744,594,0,0.000000,9579.4950,8722.4302,0.089469
121030254193,Pinellas,520,342,82,0.239766,9838.8729,8933.4986,0.092020
121030254201,Pinellas,1150,718,0,0.000000,10210.9374,8745.8375,0.143483
121030254202,Pinellas,887,472,0,0.000000,8938.6706,8279.2923,0.073767
121030254211,Pinellas,1973,991,103,0.103935,8222.8933,7795.8417,0.051934
121030254212,Pinellas,1472,811,11,0.013564,6713.8343,6401.7659,0.046481
121030255011,Pinellas,1804,770,58,0.075325,8991.4802,7225.5928,0.196396
121030255012,Pinellas,1575,555,13,0.023423,9213.7333,7538.9835,0.181767
121030255013,Pinellas,839,303,0,0.000000,8167.1037,7635.3204,0.065113
121030255051,Pinellas,275,161,2,0.012422,7534.8074,7058.1799,0.063257
121030255052,Pinellas,1934,673,124,0.184250,7347.8632,6705.9473,0.087361
121030255071,Pinellas,2199,986,27,0.027383,7599.2169,7158.7535,0.057962
121030255072,Pinellas,1190,412,162,0.393204,8723.2803,7210.0448,0.173471
121030255081,Pinellas,629,311,18,0.057878,9260.8980,7782.6441,0.159623
121030255082,Pinellas,726,434,74,0.170507,9344.4256,7734.3412,0.172304
121030255091,Pinellas,1962,789,0,0.000000,8255.7799,7272.7918,0.119067
121030255092,Pinellas,1715,652,60,0.092025,9263.9931,7017.4572,0.242502
121030255101,Pinellas,1163,350,0,0.000000,8837.4417,7055.8582,0.201595
121030255102,Pinellas,1291,418,71,0.169856,8808.5073,7024.3864,0.202545
121030255103,Pinellas,649,244,0,0.000000,8706.8717,6953.3550,0.201395
121030256021,Pinellas,732,338,68,0.201183,6799.1555,6325.0852,0.069725
121030256022,Pinellas,1560,560,130,0.232143,9094.5399,6725.0764,0.260537
121030256023,Pinellas,901,485,85,0.175258,9638.7655,6829.3040,0.291475
121030256031,Pinellas,1106,581,18,0.030981,10629.1039,7614.1965,0.283646
121030256032,Pinellas,1113,466,25,0.053648,9812.8068,7160.6107,0.270279
121030256041,Pinellas,1552,632,80,0.126582,9514.2003,7376.9429,0.224639
121030257001,Pinellas,1578,750,19,0.025333,6.7249,2.1689,0.677482
121030257002,Pinellas,1007,445,0,0.000000,7189.1875,5595.9561,0.221615
121030257003,Pinellas,1613,639,0,0.000000,8357.4530,6355.3788,0.239556
121030258001,Pinellas,1388,505,39,0.077228,9193.3676,7246.3795,0.211782
121030258002,Pinellas,1224,501,212,0.423154,9171.7612,7184.8729,0.216631
121030258003,Pinellas,1394,547,49,0.089580,8215.8233,6742.1377,0.179372
121030259011,Pinellas,687,503,140,0.278330,9419.6040,7226.2970,0.232845
121030259012,Pinellas,512,158,25,0.158228,9411.1268,7106.0835,0.244927
121030259013,Pinellas,2537,1059,105,0.099150,9128.1170,7163.5101,0.215226
121030259021,Pinellas,992,350,26,0.074286,8625.3450,6798.0761,0.211849
121030259022,Pinellas,1342,699,215,0.307582,9497.8866,7225.3805,0.239264
121030260011,Pinellas,1055,552,35,0.063406,4642.8438,4394.3306,0.053526
121030260012,Pinellas,1084,611,49,0.080196,6632.1752,5301.3465,0.200662
121030260013,Pinellas,644,349,23,0.065903,8044.1980,6128.1092,0.238195
121030260031,Pinellas,606,325,13,0.040000,6581.9766,4930.5613,0.250900
121030260032,Pinellas,827,437,0,0.000000,5555.3969,4229.0967,0.238741
121030260041,Pinellas,856,457,28,0.061269,4383.7044,3742.8582,0.146188
121030261011,Pinellas,1162,372,0,0.000000,8412.0017,6785.4614,0.193359
121030261012,Pinellas,1414,512,43,0.083984,8587.9822,6940.9329,0.191785
121030261021,Pinellas,1258,650,58,0.089231,7733.5837,6568.1216,0.150701
121030262001,Pinellas,1361,461,140,0.303688,8623.6224,7156.1974,0.170163
121030262002,Pinellas,1040,447,70,0.156600,8964.3416,7109.3177,0.206934
121030263001,Pinellas,1499,600,92,0.153333,8504.5893,7091.9949,0.166098
121030263002,Pinellas,517,326,101,0.309816,8088.0132,6955.5489,0.140018
121030263003,Pinellas,1869,598,63,0.105351,7253.9069,6851.1490,0.055523
121030263004,Pinellas,2185,598,88,0.147157,8231.1329,7278.7418,0.115706
121030263005,Pinellas,798,405,24,0.059259,8980.8930,7287.1557,0.188593
121030263006,Pinellas,807,335,64,0.191045,9133.6368,7253.3183,0.205867
121030264011,Pinellas,837,318,42,0.132075,9616.4467,7563.5122,0.213482
121030264012,Pinellas,891,377,44,0.116711,9087.7973,7238.5532,0.203487
121030264013,Pinellas,1347,367,21,0.057221,9106.7495,7223.2854,0.206821
121030264021,Pinellas,1294,286,67,0.234266,9795.6091,7741.9617,0.209650
121030264022,Pinellas,586,279,27,0.096774,9966.4752,8047.1745,0.192576
121030264023,Pinellas,1600,727,262,0.360385,9716.9456,7594.9767,0.218378
121030265011,Pinellas,1718,727,43,0.059147,9619.1111,7732.5866,0.196123
121030265012,Pinellas,1546,749,17,0.022697,9965.8401,8030.1444,0.194233
121030265021,Pinellas,851,127,11,0.086614,8125.1170,7683.9134,0.054301
121030265022,Pinellas,1702,600,9,0.015000,9045.1253,7484.1410,0.172577
121030265023,Pinellas,1444,504,0,0.000000,9244.6251,7762.0515,0.160371
121030266011,Pinellas,959,341,0,0.000000,9719.9948,7968.0343,0.180243
121030266012,Pinellas,1148,383,0,0.000000,10072.3110,8278.9049,0.178053
121030266013,Pinellas,1033,453,0,0.000000,9989.3726,8102.3712,0.188901
121030266021,Pinellas,2132,428,55,0.128505,8788.1771,7293.8747,0.170036
121030266022,Pinellas,2171,743,52,0.069987,9911.9585,8135.4706,0.179227
121030267011,Pinellas,1359,603,17,0.028192,7997.1267,6949.0965,0.131051
121030267012,Pinellas,811,356,0,0.000000,8125.3108,7095.0149,0.126801
121030267013,Pinellas,810,406,14,0.034483,8629.0648,7303.5279,0.153613
121030267014,Pinellas,1253,578,18,0.031142,8676.7702,7353.3835,0.152521
121030267031,Pinellas,1215,514,87,0.169261,9298.6687,7754.4369,0.166070
121030267032,Pinellas,1273,562,0,0.000000,10236.1613,8416.1762,0.177800
121030267033,Pinellas,1114,467,20,0.042827,10866.0220,8872.9921,0.183419
121030267034,Pinellas,901,412,0,0.000000,10527.8634,8526.1574,0.190134
121030267035,Pinellas,2032,740,105,0.141892,9793.2373,8239.4884,0.158655
121030267041,Pinellas,368,182,0,0.000000,9674.9349,7914.4135,0.181967
121030267042,Pinellas,2270,963,0,0.000000,9225.1842,7674.0940,0.168137
121030267043,Pinellas,957,491,62,0.126273,9386.1531,8248.0333,0.121255
121030267051,Pinellas,1027,364,14,0.038462,8232.9871,7259.0195,0.118301
121030267052,Pinellas,1814,791,184,0.232617,8744.3680,7506.5806,0.141553
121030267053,Pinellas,576,247,28,0.113360,9116.7469,7508.2409,0.176434
121030268041,Pinellas,1900,803,0,0.000000,8645.2435,7828.0272,0.094528
121030268042,Pinellas,1399,548,14,0.025547,9701.8481,8393.1075,0.134896
121030268043,Pinellas,1591,886,204,0.230248,8724.9275,7715.7265,0.115669
121030268091,Pinellas,826,394,35,0.088832,9489.5789,9115.6248,0.039407
121030268092,Pinellas,1795,947,138,0.145723,9778.5224,8569.9203,0.123598
121030268111,Pinellas,725,337,0,0.000000,8581.2355,7582.9612,0.116332
121030268112,Pinellas,2485,1049,0,0.000000,8228.8723,7707.4435,0.063366
121030268113,Pinellas,1650,574,88,0.153310,7719.7665,7325.6148,0.051057
121030268114,Pinellas,1160,573,16,0.027923,9085.8801,7794.4906,0.142131
121030268121,Pinellas,1481,513,21,0.040936,8875.1682,7611.8602,0.142342
121030268122,Pinellas,753,285,0,0.000000,9103.6494,7996.2880,0.121639
121030268123,Pinellas,999,591,14,0.023689,8604.4479,8154.6398,0.052276
121030268124,Pinellas,1372,766,90,0.117493,10278.8208,8231.5824,0.199171
121030268131,Pinellas,2055,759,52,0.068511,7110.8357,6575.9264,0.075225
121030268132,Pinellas,1976,739,100,0.135318,8808.3322,7837.6308,0.110203
121030268141,Pinellas,898,411,13,0.031630,8635.0416,8236.8496,0.046114
121030268142,Pinellas,1055,557,76,0.136445,8189.0051,7699.6371,0.059759
121030268151,Pinellas,1851,918,11,0.011983,8328.8823,7919.3208,0.049174
121030268152,Pinellas,1654,515,0,0.000000,7988.8879,7537.1723,0.056543
121030268153,Pinellas,1156,422,4,0.009479,7978.0807,7620.6742,0.044799
121030268161,Pinellas,1241,510,16,0.031373,7970.2389,7322.4122,0.081281
121030268162,Pinellas,1699,692,17,0.024566,8362.0054,7526.7917,0.099882
121030268163,Pinellas,2166,653,0,0.000000,8804.1891,8028.5943,0.088094
121030268164,Pinellas,1008,460,30,0.065217,8483.1556,7637.4556,0.099692
121030268171,Pinellas,1708,722,30,0.041551,7448.4377,6998.2035,0.060447
121030268172,Pinellas,1838,846,31,0.036643,7775.7724,7426.9890,0.044855
121030268173,Pinellas,1546,567,0,0.000000,7660.4374,7342.7843,0.041467
121030268181,Pinellas,3146,830,126,0.151807,8647.0758,7712.3560,0.108097
121030268182,Pinellas,656,371,49,0.132075,9923.2637,8663.2685,0.126974
121030268183,Pinellas,483,178,0,0.000000,10174.7029,8988.2304,0.116610
121030268191,Pinellas,802,476,6,0.012605,10091.1097,9000.2272,0.108103
121030268192,Pinellas,1773,684,32,0.046784,10624.9144,9060.8198,0.147210
121030268201,Pinellas,1587,881,80,0.090806,8640.7385,7950.0472,0.079934
121030268202,Pinellas,1366,764,24,0.031414,7883.6295,7448.1044,0.055244
121030268203,Pinellas,398,235,40,0.170213,7768.6057,7330.3588,0.056413
121030268204,Pinellas,881,626,0,0.000000,7495.0174,7032.5908,0.061698
121030268211,Pinellas,783,321,36,0.112150,8457.2093,7441.7093,0.120075
121030268212,Pinellas,2079,646,36,0.055728,8054.9919,7468.1166,0.072859
121030269041,Pinellas,1570,636,67,0.105346,7810.5427,7254.4461,0.071198
121030269042,Pinellas,1518,848,146,0.172170,9285.2363,7760.4830,0.164213
121030269043,Pinellas,1265,675,0,0.000000,8004.4955,7312.8794,0.086403
121030269081,Pinellas,805,290,0,0.000000,7607.4196,7058.7840,0.072118
121030269082,Pinellas,1375,446,0,0.000000,6830.1476,6323.2060,0.074221
121030269083,Pinellas,1212,617,9,0.014587,6473.6959,5915.9779,0.086151
121030269084,Pinellas,757,398,14,0.035176,7461.2395,6977.7904,0.064795
121030269091,Pinellas,1141,620,87,0.140323,7156.5612,6643.0465,0.071754
121030269092,Pinellas,1563,767,46,0.059974,8204.8130,7251.0524,0.116244
121030269093,Pinellas,1910,721,50,0.069348,7957.5561,7444.5523,0.064468
121030269111,Pinellas,2209,922,0,0.000000,7133.0628,6730.1635,0.056483
121030269112,Pinellas,1019,578,12,0.020761,8689.0909,7439.8800,0.143768
121030269113,Pinellas,1017,572,8,0.013986,7469.8725,7051.7365,0.055976
121030269121,Pinellas,1931,871,40,0.045924,9263.8251,7932.4741,0.143715
121030269122,Pinellas,1250,794,77,0.096977,8783.0919,7435.1237,0.153473
121030269123,Pinellas,1700,655,15,0.022901,9163.1011,7688.4897,0.160929
121030269131,Pinellas,1270,784,66,0.084184,8831.9195,7282.0709,0.175483
121030269132,Pinellas,1377,559,11,0.019678,10032.7811,7961.7206,0.206429
121030269133,Pinellas,722,357,0,0.000000,8719.0301,7405.7999,0.150617
121030269141,Pinellas,1436,848,50,0.058962,6818.7733,6435.1496,0.056260
121030269142,Pinellas,2636,1200,30,0.025000,7639.0765,7119.0110,0.068080
121030269151,Pinellas,1529,667,23,0.034483,7509.4672,7095.4559,0.055132
121030269152,Pinellas,793,438,0,0.000000,7155.8691,6685.7824,0.065692
121030269161,Pinellas,557,356,0,0.000000,8013.6907,7076.1860,0.116988
121030269162,Pinellas,1388,570,7,0.012281,8496.4008,7481.3490,0.119468
121030269163,Pinellas,1163,486,0,0.000000,7626.1572,7170.2153,0.059787
121030269164,Pinellas,1197,447,0,0.000000,7641.4056,7213.3662,0.056016
121030269171,Pinellas,1568,861,30,0.034843,9196.9466,7336.4051,0.202300
121030270001,Pinellas,1879,1019,9,0.008832,7689.1450,6494.9427,0.155310
121030270002,Pinellas,2047,899,106,0.117909,8086.8518,6589.3289,0.185180
121030270003,Pinellas,1076,642,0,0.000000,7566.9323,6179.7014,0.183328
121030271051,Pinellas,1703,773,200,0.258732,6951.7092,6014.7059,0.134787
121030271052,Pinellas,2165,903,10,0.011074,6850.5605,6004.3702,0.123521
121030271061,Pinellas,1723,737,0,0.000000,3.9760,1.2915,0.675176
121030271062,Pinellas,1448,665,0,0.000000,6398.8531,5715.5860,0.106780
121030271063,Pinellas,1014,645,52,0.080620,37.3089,12.0298,0.677562
121030271071,Pinellas,1777,877,70,0.079818,6721.6420,6388.7452,0.049526
121030271081,Pinellas,953,517,89,0.172147,6955.8530,6585.9622,0.053177
121030271082,Pinellas,1324,682,204,0.299120,7731.4946,6467.9523,0.163428
121030272021,Pinellas,1331,502,50,0.099602,4446.2607,4167.8503,0.062617
121030272022,Pinellas,1205,467,76,0.162741,5189.8746,4810.5019,0.073099
121030272023,Pinellas,2219,1039,26,0.025024,4701.7159,4316.3618,0.081960
121030272024,Pinellas,1195,390,45,0.115385,6039.4168,5699.2679,0.056321
121030272025,Pinellas,525,249,0,0.000000,5149.0239,4703.8024,0.086467
121030272041,Pinellas,2249,803,10,0.012453,5474.8791,4983.3744,0.089775
121030272042,Pinellas,930,432,16,0.037037,6138.7828,5649.9302,0.079633
121030272043,Pinellas,1152,520,17,0.032692,5743.9817,5246.4047,0.086626
121030272061,Pinellas,1746,706,77,0.109065,5788.7122,5359.0865,0.074218
121030272062,Pinellas,2149,710,0,0.000000,6665.7032,6109.5637,0.083433
121030272063,Pinellas,2655,943,6,0.006363,6057.7852,5705.8281,0.058100
121030272071,Pinellas,1031,295,0,0.000000,6610.5861,6202.2219,0.061774
121030272072,Pinellas,839,312,0,0.000000,6657.5065,6009.8807,0.097278
121030272073,Pinellas,568,232,0,0.000000,6669.9863,6045.3726,0.093645
121030272074,Pinellas,780,265,23,0.086792,6915.3085,6266.3485,0.093844
121030272075,Pinellas,1619,716,0,0.000000,7403.5363,6746.2855,0.088775
121030272081,Pinellas,1003,332,13,0.039157,6715.8968,6155.5765,0.083432
121030272082,Pinellas,2225,747,53,0.070950,7088.2143,6557.0862,0.074931
121030272083,Pinellas,2278,908,20,0.022026,6678.8675,6126.0088,0.082777
121030272084,Pinellas,1447,642,18,0.028037,7585.2760,6944.6531,0.084456
121030272091,Pinellas,1251,757,134,0.177015,6337.1189,5711.9353,0.098654
121030272101,Pinellas,1397,642,0,0.000000,6316.7975,5910.5434,0.064313
121030272102,Pinellas,681,493,78,0.158215,6675.3737,6139.0176,0.080348
121030272103,Pinellas,771,473,0,0.000000,6710.6567,6079.7359,0.094018
121030272104,Pinellas,1213,546,0,0.000000,7160.3784,6586.2602,0.080180
121030272111,Pinellas,1857,880,19,0.021591,6410.9280,5935.4930,0.074160
121030272112,Pinellas,1390,519,0,0.000000,5730.2924,5220.4318,0.088976
121030272113,Pinellas,1230,551,0,0.000000,5115.4650,4766.3407,0.068249
121030272121,Pinellas,1701,903,10,0.011074,6534.1872,6020.8737,0.078558
121030272122,Pinellas,1810,879,37,0.042093,6171.7140,5726.7181,0.072102
121030273081,Pinellas,2936,1074,62,0.057728,5392.8961,4882.0075,0.094734
121030273082,Pinellas,1327,630,124,0.196825,4565.1776,3890.8038,0.147721
121030273091,Pinellas,1326,428,0,0.000000,4573.6727,4254.2572,0.069838
121030273092,Pinellas,1040,438,15,0.034247,4632.9164,4430.8582,0.043614
121030273141,Pinellas,1415,685,163,0.237956,7231.0492,6824.0093,0.056291
121030273142,Pinellas,1608,759,21,0.027668,6390.6049,6062.1077,0.051403
121030273161,Pinellas,1091,614,31,0.050489,6823.7603,6390.9128,0.063432
121030273162,Pinellas,863,335,10,0.029851,5735.3762,5428.3518,0.053532
121030273163,Pinellas,1764,836,92,0.110048,6396.3341,5940.9095,0.071201
121030273171,Pinellas,1128,405,0,0.000000,7875.6896,7040.9907,0.105984
121030273172,Pinellas,2166,894,76,0.085011,7352.4353,6933.9696,0.056915
121030273173,Pinellas,2099,729,60,0.082305,7667.2238,6827.3008,0.109547
121030273181,Pinellas,1682,677,30,0.044313,7450.8846,6611.5381,0.112651
121030273182,Pinellas,2423,1282,226,0.176287,7673.9876,7255.9152,0.054479
121030273191,Pinellas,2112,590,0,0.000000,7958.0248,7457.6278,0.062880
121030273192,Pinellas,1436,793,18,0.022699,7757.2904,7276.8264,0.061937
121030273193,Pinellas,570,203,13,0.064039,8851.3686,8267.5078,0.065963
121030273194,Pinellas,633,230,0,0.000000,8359.6006,7848.3751,0.061154
121030273201,Pinellas,770,390,9,0.023077,8932.7600,8305.4007,0.070231
121030273202,Pinellas,3012,901,0,0.000000,6068.0517,5790.9321,0.045669
121030273203,Pinellas,1057,462,0,0.000000,8786.3112,8397.6631,0.044233
121030273211,Pinellas,1768,564,0,0.000000,5185.7861,4909.0279,0.053369
121030273231,Pinellas,1168,428,0,0.000000,7243.5919,6602.7042,0.088477
121030273232,Pinellas,2119,967,149,0.154085,7422.5297,6759.4932,0.089328
121030273241,Pinellas,1962,725,18,0.024828,4934.9225,4662.9245,0.055117
121030273242,Pinellas,2506,1111,8,0.007201,5264.9963,4998.4893,0.050619
121030273251,Pinellas,1743,668,0,0.000000,5677.9789,5412.7997,0.046703
121030273252,Pinellas,1743,775,8,0.010323,7017.5431,6365.9190,0.092856
121030273261,Pinellas,2029,972,20,0.020576,8024.4020,7496.2356,0.065820
121030273262,Pinellas,1847,959,32,0.033368,7869.9951,7203.6429,0.084670
121030273271,Pinellas,2412,920,60,0.065217,7355.0143,6846.1411,0.069187
121030273272,Pinellas,2577,902,32,0.035477,8478.8720,7873.3689,0.071413
121030273281,Pinellas,2375,919,16,0.017410,5434.0042,5142.6556,0.053616
121030273282,Pinellas,1871,586,11,0.018771,4767.2364,4524.4722,0.050923
121030273291,Pinellas,2034,863,16,0.018540,5749.5053,5310.8823,0.076289
121030273292,Pinellas,1540,496,0,0.000000,4831.8828,4597.6019,0.048486
121030273301,Pinellas,1053,746,111,0.148794,7335.1159,6846.4096,0.066626
121030273302,Pinellas,1372,760,354,0.465789,7565.9071,6972.4500,0.078438
121030273311,Pinellas,1959,976,181,0.185451,7406.8690,6842.6002,0.076182
121030273312,Pinellas,1275,747,0,0.000000,6902.4434,6528.4167,0.054188
121030273321,Pinellas,2817,1180,55,0.046610,1872.6418,1776.1152,0.051546
121030273331,Pinellas,1535,672,64,0.095238,5698.7743,5356.6571,0.060033
121030273332,Pinellas,2166,1069,88,0.082320,5274.7544,5038.8387,0.044725
121030274011,Pinellas,1022,612,111,0.181373,5425.7639,4801.8815,0.114985
121030274012,Pinellas,1571,706,22,0.031161,5308.2095,4777.0840,0.100057
121030274041,Pinellas,2410,935,6,0.006417,5155.3744,4670.5068,0.094051
121030274042,Pinellas,1094,518,0,0.000000,5731.0465,5329.4173,0.070080
121030274043,Pinellas,747,452,0,0.000000,5769.4163,5223.5671,0.094611
121030274044,Pinellas,1350,849,232,0.273263,5750.3366,5255.3164,0.086085
121030274045,Pinellas,224,172,121,0.703488,5410.8687,4868.6128,0.100216
121030274046,Pinellas,1664,808,139,0.172030,5263.2810,4870.0579,0.074711
121030275011,Pinellas,2816,1299,69,0.053118,1772.5320,1655.5331,0.066007
121030275012,Pinellas,1941,795,43,0.054088,3203.3969,3010.1852,0.060315
121030275013,Pinellas,1762,747,29,0.038822,4916.6765,4444.8661,0.095961
121030275031,Pinellas,1891,738,0,0.000000,4676.3319,4346.1156,0.070614
121030275032,Pinellas,1085,383,0,0.000000,4372.1231,4106.4593,0.060763
121030275033,Pinellas,1404,761,21,0.027595,3467.2054,3255.0709,0.061183
121030275041,Pinellas,1579,558,0,0.000000,4819.2441,4408.3592,0.085259
121030275042,Pinellas,1015,597,139,0.232831,4599.1583,4308.1968,0.063264
121030276031,Pinellas,591,329,0,0.000000,5052.4292,4450.9235,0.119053
121030276032,Pinellas,1416,736,41,0.055707,4429.2662,3870.0448,0.126256
121030276041,Pinellas,1081,605,22,0.036364,4287.0032,3937.0435,0.081633
121030276042,Pinellas,0,0,0,0.000000,3872.4210,3665.4328,0.053452
121030276043,Pinellas,1256,760,31,0.040789,4160.6881,3812.1474,0.083770
121030276051,Pinellas,721,298,3,0.010067,5217.4066,4428.4482,0.151217
121030276052,Pinellas,843,395,14,0.035443,4342.2275,3873.6300,0.107916
121030276061,Pinellas,655,333,17,0.051051,5550.1369,4934.7920,0.110870
121030276062,Pinellas,1005,498,21,0.042169,4528.3089,4081.6585,0.098635
121030277011,Pinellas,819,383,8,0.020888,4317.5483,4133.7965,0.042559
121030277012,Pinellas,1160,521,25,0.047985,3849.5877,3526.5746,0.083908
121030277013,Pinellas,648,318,3,0.009434,4261.2422,3902.5596,0.084173
121030277031,Pinellas,592,294,0,0.000000,4321.0852,3957.2711,0.084195
121030277032,Pinellas,499,235,17,0.072340,4428.5888,3990.8796,0.098837
121030277041,Pinellas,1148,657,12,0.018265,4046.4837,3748.7429,0.073580
121030277042,Pinellas,511,312,0,0.000000,4273.4112,3949.7545,0.075737
121030277043,Pinellas,574,351,6,0.017094,4387.2491,4049.2366,0.077044
121030278011,Pinellas,413,256,39,0.152344,5360.3388,4825.0291,0.099865
121030278012,Pinellas,571,364,28,0.076923,5351.7847,4820.6408,0.099246
121030278021,Pinellas,539,326,36,0.110429,5111.7280,4529.7074,0.113860
121030278022,Pinellas,2414,994,9,0.009054,3920.6505,3549.7379,0.094605
121030279011,Pinellas,532,376,21,0.055851,5535.7998,4419.8906,0.201580
121030279012,Pinellas,693,343,21,0.061224,5695.2471,4512.4602,0.207680
121030279013,Pinellas,888,425,9,0.021176,4096.4132,3412.5071,0.166952
121030279051,Pinellas,1243,793,58,0.073140,4218.7980,3881.1718,0.080029
121030279052,Pinellas,1143,731,0,0.000000,4401.6666,3678.6520,0.164259
121030279053,Pinellas,735,294,0,0.000000,3788.7175,3495.1241,0.077491
121030279054,Pinellas,1334,814,66,0.081081,5697.1399,4573.6035,0.197211
121030280021,Pinellas,1478,683,0,0.000000,4045.0639,3449.2022,0.147306
121030280022,Pinellas,438,287,7,0.024390,4207.2121,3910.3013,0.070572
121030280023,Pinellas,662,307,14,0.045603,3422.4403,2986.0019,0.127523
121030280024,Pinellas,1229,585,0,0.000000,2895.9552,2619.9688,0.095301
121030280041,Pinellas,815,498,28,0.056225,5398.1171,4282.8179,0.206609
121030280042,Pinellas,958,534,0,0.000000,5166.4253,4151.0777,0.196528
121030280051,Pinellas,778,402,38,0.094527,4590.0257,3662.0778,0.202166
121030280052,Pinellas,729,505,19,0.037624,4543.6441,3619.4353,0.203407
121030280061,Pinellas,618,361,30,0.083102,5021.6310,3979.0875,0.207611
121030280062,Pinellas,1074,631,84,0.133122,5293.1355,4125.8554,0.220527
121030281021,Pinellas,761,391,78,0.199488,6692.4537,5040.8078,0.246792
121030281022,Pinellas,850,408,0,0.000000,5696.6741,4675.0386,0.179339
121030281023,Pinellas,2134,986,0,0.000000,5531.7707,4376.6979,0.208807
121030281031,Pinellas,872,504,10,0.019841,5408.2273,4455.0732,0.176242
121030281032,Pinellas,1094,737,105,0.142469,6392.6603,4908.5021,0.232166
121030281041,Pinellas,1186,740,50,0.067568,6395.0615,5015.8725,0.215665
121030281042,Pinellas,709,407,0,0.000000,5412.1069,4328.4376,0.200231
121030281043,Pinellas,1426,830,339,0.408434,7074.7660,5503.6887,0.222068
121030282001,Pinellas,871,326,15,0.046012,7462.6140,5777.8403,0.225762
121030282002,Pinellas,939,339,0,0.000000,7331.2215,5591.1772,0.237347
121030282003,Pinellas,610,303,41,0.135314,7200.1374,5665.7971,0.213099
121030283001,Pinellas,813,392,52,0.132653,7661.1194,5943.9638,0.224139
121030283002,Pinellas,648,308,17,0.055195,7599.5050,5950.0442,0.217048
121030283003,Pinellas,698,392,0,0.000000,7443.5124,5875.6844,0.210630
121030283004,Pinellas,816,382,0,0.000000,7608.2862,5953.1846,0.217539
121030284031,Pinellas,894,662,72,0.108761,5622.8775,4612.0724,0.179767
121030284032,Pinellas,797,532,86,0.161654,6613.4760,5443.1548,0.176960
121030284033,Pinellas,1221,692,42,0.060694,6904.9123,5630.8255,0.184519
121030285001,Pinellas,1323,701,21,0.029957,7057.6016,5702.0879,0.192064
121030285002,Pinellas,455,281,0,0.000000,5963.5208,5579.3803,0.064415
121030286011,Pinellas,2753,2065,579,0.280387,9816.2523,6939.1035,0.293101
121030286012,Pinellas,673,312,0,0.000000,8611.2614,6506.5006,0.244420
121030286021,Pinellas,1279,868,84,0.096774,8560.6521,6146.0397,0.282059
121030286022,Pinellas,1542,367,29,0.079019,7748.8259,5929.5862,0.234776
121030287001,Pinellas,1292,423,36,0.085106,8536.3452,6256.0803,0.267124
121030287002,Pinellas,179,92,0,0.000000,8339.3152,6628.9314,0.205099
121030287003,Pinellas,309,73,21,0.287671,8504.9915,6795.2183,0.201032
121039900000,Pinellas,0,0,0,0.000000,4701.1380,4482.5552,0.046496
121039901000,Pinellas,0,0,0,0.000000,4586.7853,4176.9086,0.089360
