GEOID20,county,TotPop,AutoOwn0,HH_est,zero_car_share,no_transit,transit_share,A_drive,A_transit
120174501011,Citrus,2007,12,966,0.012422360248447204,True,0.0,1943,0.0
120174501012,Citrus,656,0,350,0.0,True,0.0,2558,0.0
120174501013,Citrus,2294,14,888,0.015765765765765764,True,0.0,3413,0.0
120174501014,Citrus,1789,229,978,0.23415132924335377,True,0.0,5205,0.0
120174501021,Citrus,1074,32,519,0.06165703275529865,True,0.0,2591,0.0
120174501022,Citrus,1040,16,725,0.022068965517241378,True,0.0,3084,0.0
120174501023,Citrus,752,11,331,0.03323262839879154,True,0.0,2474,0.0
120174501024,Citrus,1063,16,453,0.03532008830022075,True,0.0,2346,0.0
120174502011,Citrus,1456,23,654,0.035168195718654434,False,0.0869012293344637,4308,410.0
120174502012,Citrus,1867,51,847,0.0602125147579693,False,0.1356612482440297,4307,676.0
120174502013,Citrus,786,24,348,0.06896551724137931,False,0.0892280071813285,5073,497.0
120174502021,Citrus,1802,57,969,0.058823529411764705,False,0.0803123257110987,4947,432.0
120174502022,Citrus,1026,47,353,0.13314447592067988,False,0.1235257603972687,4236,597.0
120174502023,Citrus,1151,16,503,0.03180914512922465,False,0.1070035296303176,4807,576.0
120174502024,Citrus,1293,17,495,0.03434343434343434,False,0.1318279569892473,4037,613.0
120174503021,Citrus,3333,53,1305,0.04061302681992337,True,0.0,3643,0.0
120174503022,Citrus,3254,25,1226,0.020391517128874388,True,0.0,3025,0.0
120174503023,Citrus,1834,54,621,0.08695652173913043,True,0.0,4408,0.0
120174503031,Citrus,1683,197,661,0.2980332829046899,True,0.0,4055,0.0
120174503032,Citrus,1216,115,549,0.20947176684881602,True,0.0,4300,0.0
120174503033,Citrus,1813,66,851,0.07755581668625147,True,0.0,6213,0.0
120174503034,Citrus,1390,86,607,0.1416803953871499,True,0.0,3469,0.0
120174503041,Citrus,3243,39,1605,0.024299065420560748,True,0.0,3540,0.0
120174503042,Citrus,1082,0,411,0.0,True,0.0,2424,0.0
120174503043,Citrus,5544,34,2371,0.01433994095318431,False,0.1525457838599316,4211,758.0
120174504001,Citrus,1468,0,666,0.0,True,0.0,1877,0.0
120174504002,Citrus,1424,0,534,0.0,True,0.0,2581,0.0
120174504003,Citrus,862,0,552,0.0,True,0.0,3506,0.0
120174504004,Citrus,577,0,223,0.0,True,0.0,1904,0.0
120174504005,Citrus,1799,49,811,0.06041923551171394,True,0.0,2857,0.0
120174505001,Citrus,1598,37,688,0.05377906976744186,True,0.0,1636,0.0
120174505002,Citrus,1417,0,577,0.0,True,0.0,3216,0.0
120174505003,Citrus,594,43,279,0.15412186379928317,False,0.0574341123818995,3791,231.0
120174505004,Citrus,953,0,555,0.0,True,0.0,2271,0.0
120174506011,Citrus,1245,21,608,0.03453947368421053,True,0.0,3780,0.0
120174506012,Citrus,2750,137,1055,0.12985781990521328,True,0.0,3045,0.0
120174506013,Citrus,843,0,422,0.0,True,0.0,2444,0.0
120174506021,Citrus,892,40,393,0.10178117048346055,True,0.0,3348,0.0
120174506022,Citrus,1294,12,494,0.024291497975708502,True,0.0,4259,0.0
120174506023,Citrus,1030,0,526,0.0,True,0.0,5476,0.0
120174506024,Citrus,1431,56,568,0.09859154929577464,True,0.0,5480,0.0
120174507011,Citrus,3091,32,1278,0.025039123630672927,True,0.0,5086,0.0
120174507012,Citrus,3966,55,1910,0.028795811518324606,True,0.0,4830,0.0
120174507021,Citrus,3014,17,960,0.017708333333333333,True,0.0,4388,0.0
120174507022,Citrus,1147,69,438,0.15753424657534246,False,0.4185816382627818,5288,3807.0
120174507023,Citrus,2681,94,1211,0.07762180016515277,True,0.0,5368,0.0
120174507024,Citrus,1417,77,569,0.13532513181019332,True,0.0,5167,0.0
120174508001,Citrus,865,0,331,0.0,True,0.0,2210,0.0
120174508002,Citrus,614,0,269,0.0,True,0.0,2726,0.0
120174508003,Citrus,692,47,346,0.13583815028901733,True,0.0,4192,0.0
120174508004,Citrus,2165,43,834,0.05155875299760192,True,0.0,4889,0.0
120174509011,Citrus,1971,24,845,0.028402366863905324,True,0.0,1638,0.0
120174509012,Citrus,1129,9,499,0.018036072144288578,True,0.0,3032,0.0
120174509021,Citrus,1242,233,738,0.3157181571815718,True,0.0,5306,0.0
120174509022,Citrus,1310,91,658,0.13829787234042554,True,0.0,4216,0.0
120174510001,Citrus,1114,0,495,0.0,True,0.0,2461,0.0
120174510002,Citrus,1433,83,642,0.1292834890965732,False,0.3451253147859455,5461,2878.0
120174510003,Citrus,1146,0,419,0.0,True,0.0,2217,0.0
120174510004,Citrus,1399,0,723,0.0,True,0.0,2991,0.0
120174510005,Citrus,906,48,470,0.10212765957446808,False,0.1224651457541191,5539,773.0
120174511011,Citrus,2278,27,856,0.03154205607476635,True,0.0,5217,0.0
120174511021,Citrus,1684,162,876,0.18493150684931506,True,0.0,1957,0.0
120174511022,Citrus,1976,13,995,0.01306532663316583,True,0.0,4598,0.0
120174511023,Citrus,2342,36,953,0.03777544596012592,True,0.0,4439,0.0
120174512001,Citrus,1556,47,644,0.07298136645962733,True,0.0,1069,0.0
120174512002,Citrus,1323,32,677,0.047267355982274745,True,0.0,2248,0.0
120174512003,Citrus,1205,8,585,0.013675213675213675,False,0.3563884862290329,3108,1721.0
120174513001,Citrus,2509,44,996,0.04417670682730924,True,0.0,1516,0.0
120174513002,Citrus,760,17,417,0.0407673860911271,True,0.0,2518,0.0
120174514001,Citrus,3007,116,796,0.1457286432160804,True,0.0,1807,0.0
120174514002,Citrus,1336,23,496,0.046370967741935484,False,0.3529411764705882,6050,3300.0
120174514003,Citrus,1336,0,450,0.0,True,0.0,3802,0.0
120174515011,Citrus,1180,21,557,0.03770197486535009,True,0.0,5258,0.0
120174515012,Citrus,1826,32,758,0.04221635883905013,True,0.0,4194,0.0
120174515021,Citrus,1368,26,551,0.047186932849364795,True,0.0,4200,0.0
120174515022,Citrus,2760,109,1057,0.10312204351939451,True,0.0,4764,0.0
120174515023,Citrus,2687,119,1112,0.10701438848920863,True,0.0,4082,0.0
120174516011,Citrus,3983,32,1829,0.017495899398578457,True,0.0,5504,0.0
120174516012,Citrus,1730,60,850,0.07058823529411765,True,0.0,3259,0.0
120174516021,Citrus,2363,0,984,0.0,True,0.0,3883,0.0
120174516022,Citrus,1235,8,777,0.010296010296010296,True,0.0,4257,0.0
120174516023,Citrus,1512,32,720,0.044444444444444446,True,0.0,4415,0.0
120174516024,Citrus,1346,16,600,0.02666666666666667,True,0.0,4232,0.0
120174517001,Citrus,1065,80,613,0.13050570962479607,True,0.0,2575,0.0
120174517002,Citrus,669,13,386,0.03367875647668394,True,0.0,2159,0.0
120174517003,Citrus,642,0,350,0.0,True,0.0,2608,0.0
120174517004,Citrus,1482,29,705,0.04113475177304964,True,0.0,1938,0.0
120530401011,Hernando,2741,12,1053,0.011396011396011397,True,0.0,659,0.0
120530401012,Hernando,1774,18,779,0.023106546854942234,True,0.0,3330,0.0
120530401013,Hernando,802,9,299,0.030100334448160536,True,0.0,1486,0.0
120530401021,Hernando,925,15,388,0.03865979381443299,True,0.0,3908,0.0
120530401022,Hernando,1165,24,446,0.053811659192825115,True,0.0,3021,0.0
120530402011,Hernando,1472,7,589,0.011884550084889643,True,0.0,3406,0.0
120530402012,Hernando,1270,17,494,0.03441295546558704,True,0.0,2257,0.0
120530402021,Hernando,1954,12,721,0.016643550624133148,True,0.0,4555,0.0
120530402022,Hernando,881,18,490,0.036734693877551024,True,0.0,5384,0.0
120530402023,Hernando,3107,0,880,0.0,True,0.0,3707,0.0
120530403011,Hernando,1623,32,639,0.050078247261345854,True,0.0,3226,0.0
120530403021,Hernando,1593,36,679,0.053019145802650956,True,0.0,7799,0.0
120530403022,Hernando,1280,14,557,0.025134649910233394,True,0.0,2787,0.0
120530403023,Hernando,1245,55,421,0.13064133016627077,True,0.0,4130,0.0
120530403031,Hernando,1558,0,717,0.0,True,0.0,4323,0.0
120530403032,Hernando,1153,94,543,0.1731123388581952,True,0.0,3626,0.0
120530404001,Hernando,969,11,337,0.032640949554896145,False,0.1891747624639692,7595,1772.0
120530404002,Hernando,1171,20,690,0.028985507246376812,True,0.0,7719,0.0
120530404003,Hernando,286,17,104,0.16346153846153846,True,0.0,8573,0.0
120530404004,Hernando,317,8,201,0.03980099502487562,False,0.1309948646531465,9984,1505.0
120530405011,Hernando,938,19,509,0.03732809430255403,True,0.0,6243,0.0
120530405012,Hernando,1596,48,519,0.09248554913294797,False,0.1006337135614702,10644,1191.0
120530405013,Hernando,1341,148,728,0.2032967032967033,False,0.1691995947315096,9840,2004.0
120530405021,Hernando,1290,69,526,0.1311787072243346,True,0.0,9664,0.0
120530405022,Hernando,2102,52,716,0.07262569832402235,False,0.3515423187965354,8535,4627.0
120530406011,Hernando,913,8,328,0.024390243902439025,True,0.0,3832,0.0
120530406012,Hernando,1657,47,637,0.07378335949764521,True,0.0,6454,0.0
120530406021,Hernando,766,11,325,0.033846153846153845,True,0.0,6634,0.0
120530406022,Hernando,2160,18,838,0.021479713603818614,True,0.0,3701,0.0
120530407011,Hernando,2923,0,1005,0.0,True,0.0,4170,0.0
120530407012,Hernando,3261,0,1109,0.0,True,0.0,6640,0.0
120530407021,Hernando,2062,69,910,0.07582417582417582,True,0.0,4747,0.0
120530407022,Hernando,2577,6,929,0.006458557588805167,True,0.0,8933,0.0
120530408011,Hernando,1546,44,622,0.0707395498392283,True,0.0,9937,0.0
120530408012,Hernando,1118,31,639,0.048513302034428794,False,0.1485578150259508,10007,1746.0
120530408013,Hernando,1040,42,660,0.06363636363636363,True,0.0,9991,0.0
120530408021,Hernando,2867,0,1233,0.0,True,0.0,8947,0.0
120530408022,Hernando,1682,30,1009,0.02973240832507433,True,0.0,12371,0.0
120530409011,Hernando,2728,134,1182,0.11336717428087986,False,0.0580683389294884,14307,882.0
120530409012,Hernando,1973,0,752,0.0,False,0.0330947433233279,12563,430.0
120530409013,Hernando,955,0,404,0.0,False,0.0030812324929971,14236,44.0
120530409051,Hernando,2971,82,1545,0.05307443365695793,True,0.0,13491,0.0
120530409052,Hernando,1717,0,658,0.0,True,0.0,12877,0.0
120530409053,Hernando,1353,0,496,0.0,False,0.010365379632029,15276,160.0
120530409061,Hernando,1400,39,658,0.05927051671732523,False,0.0236946822621488,16193,393.0
120530409062,Hernando,1614,56,641,0.0873634945397816,False,0.032111481369282,15975,530.0
120530409063,Hernando,3789,17,1173,0.014492753623188406,True,0.0,15659,0.0
120530409071,Hernando,1514,0,533,0.0,False,0.0146238991678112,12196,181.0
120530409072,Hernando,1298,0,494,0.0,False,0.0066135946111451,16222,108.0
120530409081,Hernando,4168,33,1638,0.020146520146520148,True,0.0,10683,0.0
120530409082,Hernando,3189,0,1098,0.0,False,0.0196293516540615,16981,340.0
120530409091,Hernando,2764,97,943,0.10286320254506894,True,0.0,14499,0.0
120530409092,Hernando,2005,28,929,0.030139935414424113,True,0.0,13354,0.0
120530409101,Hernando,2640,67,968,0.06921487603305786,True,0.0,10773,0.0
120530409102,Hernando,1194,12,520,0.023076923076923078,True,0.0,4794,0.0
120530409111,Hernando,2417,14,525,0.02666666666666667,False,0.1134932036689136,16044,2054.0
120530409112,Hernando,3009,47,1031,0.04558680892337536,True,0.0,13378,0.0
120530410031,Hernando,1384,9,477,0.018867924528301886,False,0.2010928961748634,14620,3680.0
120530410032,Hernando,1742,113,663,0.17043740573152338,True,0.0,10294,0.0
120530410041,Hernando,2588,20,906,0.02207505518763797,False,0.1355711360675063,13932,2185.0
120530410042,Hernando,2575,87,1037,0.08389585342333655,True,0.0,12826,0.0
120530410043,Hernando,1647,28,670,0.041791044776119404,False,0.2122203323302368,12042,3244.0
120530410051,Hernando,1349,35,530,0.0660377358490566,False,0.1286384976525821,13920,2055.0
120530410052,Hernando,1134,8,350,0.022857142857142857,False,0.1293119350673307,14160,2103.0
120530410061,Hernando,2818,15,840,0.017857142857142856,True,0.0,13184,0.0
120530410062,Hernando,2385,15,849,0.0176678445229682,False,0.2871180797938034,13276,5347.0
120530410063,Hernando,2555,42,775,0.05419354838709677,False,0.1228998314051508,15087,2114.0
120530411031,Hernando,2255,53,844,0.06279620853080568,False,0.0850883935434281,11903,1107.0
120530411032,Hernando,2313,70,947,0.07391763463569166,False,0.1835527190533173,12281,2761.0
120530411041,Hernando,1225,30,488,0.06147540983606557,False,0.1535456531814871,12784,2319.0
120530411042,Hernando,1742,6,567,0.010582010582010581,False,0.0515353396125277,12386,673.0
120530411051,Hernando,1566,87,659,0.13201820940819423,False,0.1581050899259433,14324,2690.0
120530411052,Hernando,1463,57,475,0.12,False,0.2091055318553745,11309,2990.0
120530411053,Hernando,1843,20,669,0.029895366218236172,False,0.0135295866785608,13270,182.0
120530411061,Hernando,1923,18,684,0.02631578947368421,False,0.2084434302185923,13181,3471.0
120530411062,Hernando,2515,11,961,0.011446409989594173,False,0.1697889494901588,14004,2864.0
120530412011,Hernando,1257,0,466,0.0,True,0.0,12427,0.0
120530412012,Hernando,1426,0,490,0.0,True,0.0,11335,0.0
120530412013,Hernando,1596,56,678,0.08259587020648967,False,0.1231164502465106,12628,1773.0
120530412031,Hernando,1671,21,809,0.02595797280593325,False,0.2017399130043498,10644,2690.0
120530412032,Hernando,2513,30,880,0.03409090909090909,False,0.2115782711114283,11045,2964.0
120530412041,Hernando,1759,25,716,0.034916201117318434,False,0.3185773164402381,8928,4174.0
120530412042,Hernando,653,25,307,0.08143322475570032,True,0.0,9566,0.0
120530412043,Hernando,862,48,363,0.1322314049586777,True,0.0,10042,0.0
120530413021,Hernando,1581,0,634,0.0,False,0.1604642456008985,11212,2143.0
120530413022,Hernando,1842,45,825,0.05454545454545454,False,0.1740097588978186,11511,2425.0
120530413031,Hernando,715,0,427,0.0,True,0.0,8973,0.0
120530413032,Hernando,1017,0,569,0.0,True,0.0,10390,0.0
120530413033,Hernando,632,27,358,0.07541899441340782,True,0.0,9940,0.0
120530413041,Hernando,1823,115,972,0.1183127572016461,True,0.0,9260,0.0
120530413051,Hernando,747,0,448,0.0,True,0.0,8150,0.0
120530413052,Hernando,598,40,404,0.09900990099009901,True,0.0,9046,0.0
120530414011,Hernando,1450,48,574,0.08362369337979095,False,0.1423134917785596,11945,1982.0
120530414012,Hernando,1742,13,640,0.0203125,False,0.1497494539380701,13235,2331.0
120530414013,Hernando,2157,21,1000,0.021,True,0.0,9150,0.0
120530414021,Hernando,987,15,514,0.029182879377431907,True,0.0,10872,0.0
120530414022,Hernando,1995,0,706,0.0,True,0.0,12159,0.0
120530414023,Hernando,696,0,287,0.0,True,0.0,10631,0.0
120530414024,Hernando,1819,0,746,0.0,False,0.0341975035083831,13076,463.0
120530415011,Hernando,1947,31,871,0.03559127439724455,True,0.0,8098,0.0
120530415012,Hernando,1385,0,673,0.0,True,0.0,5960,0.0
120530415021,Hernando,1405,26,581,0.04475043029259897,False,0.2568055100032798,9064,3132.0
120530415022,Hernando,2130,34,922,0.0368763557483731,True,0.0,8584,0.0
120530416001,Hernando,1913,58,998,0.05811623246492986,True,0.0,5475,0.0
120530416002,Hernando,1761,14,914,0.015317286652078774,True,0.0,7996,0.0
120530416003,Hernando,1772,0,921,0.0,True,0.0,6912,0.0
120570001011,Hillsborough,2740,117,1129,0.10363153232949512,True,0.0,85354,0.0
120570001012,Hillsborough,1355,42,474,0.08860759493670886,True,0.0,86587,0.0
120570001021,Hillsborough,773,104,374,0.27807486631016043,False,0.6388563831904409,90733,160505.0
120570001022,Hillsborough,1553,36,491,0.07331975560081466,False,0.6354956829789431,91780,160014.0
120570001023,Hillsborough,1057,273,549,0.4972677595628415,False,0.566109220339605,94596,123422.0
120570001024,Hillsborough,2571,234,967,0.2419855222337125,False,0.604915732134402,92620,141811.0
120570002011,Hillsborough,2178,294,888,0.3310810810810811,False,0.2910946133767246,104560,42935.0
120570002012,Hillsborough,1631,114,530,0.21509433962264152,False,0.4273502467270364,108390,80888.0
120570002021,Hillsborough,1654,12,480,0.025,False,0.6127129492082556,98027,155085.0
120570002022,Hillsborough,2133,167,870,0.19195402298850575,False,0.5740793278910569,93079,125457.0
120570002023,Hillsborough,2072,99,578,0.17128027681660898,False,0.6155785040931687,88001,140917.0
120570003001,Hillsborough,1281,152,490,0.31020408163265306,False,0.5955341979891492,107651,158505.0
120570003002,Hillsborough,792,12,301,0.03986710963455149,False,0.6040257789113973,104635,159612.0
120570003003,Hillsborough,2035,38,520,0.07307692307692308,False,0.6120225959052639,100549,158613.0
120570003004,Hillsborough,2062,194,633,0.30647709320695105,False,0.5739085397214033,117643,158455.0
120570003005,Hillsborough,776,128,321,0.3987538940809969,False,0.5937482560670265,109196,159593.0
120570003006,Hillsborough,1293,26,430,0.06046511627906977,False,0.6137382630699895,99676,158377.0
120570004011,Hillsborough,818,44,300,0.14666666666666667,False,0.5486406970247242,103401,125687.0
120570004012,Hillsborough,863,56,301,0.18604651162790697,False,0.4243331956112565,100318,73946.0
120570004013,Hillsborough,1020,35,322,0.10869565217391304,False,0.3621259006096434,110490,62726.0
120570004021,Hillsborough,1477,50,583,0.08576329331046312,False,0.5814772500589377,115393,160322.0
120570004022,Hillsborough,629,0,259,0.0,False,0.5745252398457814,118633,160192.0
120570004023,Hillsborough,856,35,265,0.1320754716981132,False,0.5745213607453032,118606,160153.0
120570005001,Hillsborough,880,11,319,0.034482758620689655,True,0.0,93319,0.0
120570005002,Hillsborough,715,20,350,0.05714285714285714,False,0.5376478507548803,100968,117411.0
120570005003,Hillsborough,1060,0,448,0.0,False,0.624568066893188,117232,195027.0
120570005004,Hillsborough,1268,21,486,0.043209876543209874,False,0.5338310621640224,110393,126416.0
120570006011,Hillsborough,1058,38,372,0.10215053763440861,False,0.5252159375870716,122688,135720.0
120570006012,Hillsborough,2129,70,682,0.10263929618768329,False,0.5334156396909433,125849,143875.0
120570006013,Hillsborough,2248,10,943,0.010604453870625663,False,0.2594734860074846,125851,44097.0
120570006021,Hillsborough,1838,35,675,0.05185185185185185,False,0.5479995995862391,135460,164230.0
120570006022,Hillsborough,862,33,350,0.09428571428571429,False,0.5511762139669116,133745,164245.0
120570007001,Hillsborough,2436,245,755,0.32450331125827814,False,0.5731958614846673,118888,159666.0
120570007002,Hillsborough,1355,83,383,0.21671018276762402,False,0.5616826281290396,124444,159469.0
120570007003,Hillsborough,1189,67,430,0.1558139534883721,False,0.4089195329788125,119932,82971.0
120570007004,Hillsborough,1346,88,533,0.1651031894934334,False,0.3969378795829199,116078,76403.0
120570008001,Hillsborough,2101,74,748,0.09893048128342247,False,0.6087251468228713,102667,159724.0
120570008002,Hillsborough,1452,77,544,0.14154411764705882,False,0.5911267745100687,90841,131333.0
120570009011,Hillsborough,785,87,435,0.2,False,0.6183569089693085,98720,159951.0
120570009012,Hillsborough,980,86,387,0.2222222222222222,False,0.6281448768814157,94475,159589.0
120570009013,Hillsborough,1026,6,254,0.023622047244094488,False,0.6221452100758011,92568,152415.0
120570009021,Hillsborough,2684,206,1256,0.16401273885350318,False,0.6769029609890929,97606,204489.0
120570009022,Hillsborough,556,76,318,0.2389937106918239,False,0.5785364659813999,103326,141834.0
120570009023,Hillsborough,1250,196,599,0.327212020033389,False,0.6198783076960621,93459,152407.0
120570010011,Hillsborough,2102,150,731,0.2051983584131327,False,0.5030719774785056,104498,105790.0
120570010012,Hillsborough,2380,176,664,0.26506024096385544,False,0.5838411979801498,124280,174356.0
120570010021,Hillsborough,1450,64,558,0.11469534050179211,False,0.5925146538309589,101080,146978.0
120570010022,Hillsborough,1047,45,370,0.12162162162162163,False,0.6199721325693487,106914,174418.0
120570010023,Hillsborough,755,54,342,0.15789473684210525,False,0.6155680962864281,108790,174199.0
120570010024,Hillsborough,1965,220,655,0.33587786259541985,False,0.6145678690189469,109302,174281.0
120570011001,Hillsborough,643,5,255,0.0196078431372549,False,0.3112228971460445,134596,60817.0
120570011002,Hillsborough,858,12,356,0.033707865168539325,False,0.3460889669474791,131801,69757.0
120570011003,Hillsborough,1097,11,368,0.029891304347826088,False,0.3269666882086834,114557,55653.0
120570012001,Hillsborough,392,0,164,0.0,False,0.499078581548196,141075,140556.0
120570012002,Hillsborough,1329,118,574,0.20557491289198607,False,0.4328234213364221,142004,108366.0
120570012003,Hillsborough,817,78,355,0.21971830985915494,False,0.3741234906879078,131297,78484.0
120570013001,Hillsborough,1799,504,935,0.5390374331550802,False,0.4936851968003964,130772,127510.0
120570013002,Hillsborough,1039,40,435,0.09195402298850575,False,0.4899194633969985,132624,127382.0
120570013003,Hillsborough,1036,0,353,0.0,False,0.4158000150843466,139424,99234.0
120570013004,Hillsborough,1057,19,307,0.06188925081433225,False,0.5020399821067733,129129,130187.0
120570013005,Hillsborough,1330,0,513,0.0,False,0.4158098916201311,134324,95608.0
120570014001,Hillsborough,1959,45,584,0.07705479452054795,False,0.4246342232826378,129497,95572.0
120570014002,Hillsborough,1102,8,395,0.020253164556962026,False,0.4728291338038444,137289,123137.0
120570014003,Hillsborough,1103,42,451,0.09312638580931264,False,0.5168354210856312,144874,154970.0
120570014004,Hillsborough,624,7,226,0.030973451327433628,False,0.52157408621565,142292,155125.0
120570015001,Hillsborough,837,0,277,0.0,False,0.5118268765177248,134087,140584.0
120570015002,Hillsborough,686,6,333,0.018018018018018018,False,0.4317538011672672,143027,108672.0
120570015003,Hillsborough,1063,10,478,0.02092050209205021,False,0.3673294472939075,140990,81859.0
120570016001,Hillsborough,531,33,255,0.12941176470588237,False,0.4387884182908546,143742,112386.0
120570016002,Hillsborough,743,10,417,0.023980815347721823,False,0.4309373466900885,143834,108922.0
120570016003,Hillsborough,390,6,181,0.03314917127071823,False,0.4486297979913348,144824,117838.0
120570017001,Hillsborough,1061,13,421,0.030878859857482184,False,0.4959613457582974,124242,122251.0
120570017002,Hillsborough,831,8,309,0.025889967637540454,False,0.3671977384676411,126027,73130.0
120570017003,Hillsborough,861,9,306,0.029411764705882353,False,0.5873848912618479,122413,174263.0
120570017004,Hillsborough,1042,79,465,0.16989247311827957,False,0.5159514794558968,124263,132453.0
120570017005,Hillsborough,435,18,242,0.0743801652892562,False,0.5036901433367819,129049,130968.0
120570018001,Hillsborough,654,36,261,0.13793103448275862,False,0.597902349574129,117314,174441.0
120570018002,Hillsborough,1710,233,603,0.3864013266998342,False,0.6223937120400143,105692,174208.0
120570018003,Hillsborough,778,10,279,0.035842293906810034,False,0.5992542473160815,116502,174211.0
120570018004,Hillsborough,919,38,255,0.14901960784313725,False,0.5863722605844311,122737,173996.0
120570018005,Hillsborough,532,86,220,0.39090909090909093,False,0.5745158015789775,126165,170356.0
120570019001,Hillsborough,808,17,251,0.06772908366533864,False,0.5981974881346058,117252,174563.0
120570019002,Hillsborough,1649,139,510,0.2725490196078431,False,0.4298913646963023,123221,92915.0
120570019003,Hillsborough,1088,33,240,0.1375,False,0.560838990632565,133519,170513.0
120570020001,Hillsborough,1079,42,333,0.12612612612612611,False,0.5752672017856376,128635,174226.0
120570020002,Hillsborough,981,45,315,0.14285714285714285,False,0.4711904732804524,129800,115657.0
120570020003,Hillsborough,1246,43,287,0.14982578397212543,False,0.4618836242392592,133956,114979.0
120570021001,Hillsborough,712,0,310,0.0,False,0.566135743076323,133474,174166.0
120570021002,Hillsborough,871,28,291,0.09621993127147767,False,0.4670476059606693,139625,122359.0
120570021003,Hillsborough,1573,110,465,0.23655913978494625,False,0.5291632664431531,143665,161462.0
120570022001,Hillsborough,727,35,314,0.11146496815286625,False,0.4499750948312196,143551,117439.0
120570022002,Hillsborough,571,23,254,0.09055118110236221,False,0.4516205373672136,143665,118316.0
120570022003,Hillsborough,583,26,246,0.10569105691056911,False,0.5039043503848596,160162,162683.0
120570023001,Hillsborough,1441,22,615,0.03577235772357724,False,0.4370425360653618,134982,104791.0
120570023002,Hillsborough,696,24,288,0.08333333333333333,False,0.5316152018230225,144085,163536.0
120570023003,Hillsborough,1327,26,546,0.047619047619047616,False,0.5037571614403145,143438,145610.0
120570024001,Hillsborough,459,18,194,0.09278350515463918,False,0.5286821441925287,138657,155533.0
120570024002,Hillsborough,1340,38,619,0.061389337641357025,False,0.5068065237406287,149990,154130.0
120570024003,Hillsborough,1507,147,740,0.19864864864864865,False,0.4027641378612704,141696,95557.0
120570024004,Hillsborough,520,9,202,0.04455445544554455,False,0.5373390932495528,159042,184713.0
120570025001,Hillsborough,1881,137,811,0.16892725030826142,False,0.4932718354198697,138428,134752.0
120570025002,Hillsborough,1485,35,488,0.07172131147540983,False,0.2947264976319058,155017,64780.0
120570025003,Hillsborough,1610,110,770,0.14285714285714285,False,0.5809871290147267,126443,175321.0
120570025004,Hillsborough,1659,105,811,0.12946979038224415,False,0.4875068581571728,158796,151054.0
120570026001,Hillsborough,541,63,282,0.22340425531914893,False,0.4302759825186926,141573,106921.0
120570026002,Hillsborough,600,43,247,0.17408906882591094,False,0.3565194661864862,132936,73653.0
120570027001,Hillsborough,1467,165,765,0.21568627450980393,False,0.5313446239220788,162824,184604.0
120570027002,Hillsborough,1364,99,530,0.18679245283018867,False,0.4438403974451934,160308,127933.0
120570027003,Hillsborough,1187,73,460,0.15869565217391304,False,0.3545942256387632,155071,85198.0
120570027004,Hillsborough,1147,29,513,0.056530214424951264,False,0.3525819820344098,155750,84821.0
120570027005,Hillsborough,1808,100,629,0.1589825119236884,False,0.2853364892236965,157008,62687.0
120570028001,Hillsborough,620,10,275,0.03636363636363636,False,0.4858074271069027,143850,135909.0
120570028002,Hillsborough,1014,0,356,0.0,False,0.3603943563149633,142208,80129.0
120570028003,Hillsborough,684,11,346,0.031791907514450865,False,0.3620231886556614,148017,83993.0
120570028004,Hillsborough,999,0,480,0.0,False,0.4239079113518657,157397,115818.0
120570029001,Hillsborough,712,46,276,0.16666666666666666,False,0.487798132699464,146312,139341.0
120570029002,Hillsborough,1024,44,334,0.1317365269461078,False,0.4241426980530701,149959,110451.0
120570029003,Hillsborough,537,34,186,0.1827956989247312,False,0.5168808030753905,151311,161885.0
120570030001,Hillsborough,742,19,333,0.057057057057057055,False,0.4179048165843056,141941,101904.0
120570030002,Hillsborough,1235,163,370,0.44054054054054054,False,0.5118526703036619,155513,163065.0
120570030003,Hillsborough,670,38,281,0.13523131672597866,False,0.4713909903655378,155327,138514.0
120570031001,Hillsborough,802,45,280,0.16071428571428573,False,0.4605218377765173,142665,121785.0
120570031002,Hillsborough,730,17,220,0.07727272727272727,False,0.4334040077157295,142168,108748.0
120570031003,Hillsborough,599,34,193,0.17616580310880828,False,0.402690860848542,136871,92275.0
120570031004,Hillsborough,606,142,271,0.5239852398523985,False,0.4131898039025101,144894,102024.0
120570032001,Hillsborough,1285,113,444,0.2545045045045045,False,0.4821171281201655,146290,136187.0
120570032002,Hillsborough,736,117,353,0.3314447592067989,False,0.53486893042805,151389,174087.0
120570032003,Hillsborough,712,9,217,0.041474654377880185,False,0.4669669563993384,151472,132698.0
120570033001,Hillsborough,760,50,271,0.18450184501845018,False,0.5337446478972396,145702,166792.0
120570033002,Hillsborough,886,179,459,0.3899782135076253,False,0.5189341077370331,153397,165472.0
120570033003,Hillsborough,270,27,151,0.17880794701986755,False,0.5083844343935533,161303,166805.0
120570034001,Hillsborough,863,63,265,0.23773584905660378,False,0.5469663209528237,141308,170607.0
120570034002,Hillsborough,636,121,296,0.40878378378378377,False,0.5823520984554931,122441,170727.0
120570034003,Hillsborough,1315,123,495,0.24848484848484848,False,0.5581642218585767,135272,170887.0
120570035001,Hillsborough,732,16,227,0.07048458149779736,False,0.5104672816515798,158777,165567.0
120570035002,Hillsborough,334,46,138,0.3333333333333333,False,0.5161379705416268,155416,165783.0
120570035003,Hillsborough,718,128,295,0.43389830508474575,False,0.5384227625883371,141929,165558.0
120570035004,Hillsborough,630,7,223,0.03139013452914798,False,0.5503792995612182,139462,170715.0
120570036001,Hillsborough,1100,25,395,0.06329113924050633,False,0.5439144465339388,140909,168044.0
120570036002,Hillsborough,1461,55,458,0.12008733624454149,False,0.5584039168631639,137275,173586.0
120570036003,Hillsborough,1545,60,484,0.12396694214876033,False,0.5412553410932666,143221,168981.0
120570036004,Hillsborough,776,26,230,0.11304347826086956,False,0.5216434829388257,149385,162903.0
120570037001,Hillsborough,580,40,211,0.1895734597156398,True,0.0,130351,0.0
120570037002,Hillsborough,251,12,85,0.1411764705882353,False,0.645074640732553,129886,236067.0
120570038001,Hillsborough,468,67,207,0.32367149758454106,False,0.6014959592758389,160951,242937.0
120570038002,Hillsborough,609,57,201,0.2835820895522388,False,0.6257282256645867,144677,241879.0
120570039001,Hillsborough,1353,100,806,0.12406947890818859,False,0.6142868717969494,152332,242604.0
120570039002,Hillsborough,889,278,499,0.5571142284569138,False,0.4535826707716123,158137,131270.0
120570040001,Hillsborough,773,156,403,0.3870967741935484,False,0.5106632415042441,161533,168573.0
120570041001,Hillsborough,536,74,235,0.3148936170212766,False,0.5218376572892971,166061,181229.0
120570041002,Hillsborough,1028,193,488,0.39549180327868855,False,0.5297290844174954,169385,190801.0
120570042001,Hillsborough,740,10,272,0.03676470588235294,False,0.4889655779451177,168370,161099.0
120570042002,Hillsborough,480,70,176,0.3977272727272727,False,0.4877169002948189,167159,159143.0
120570043001,Hillsborough,565,121,229,0.5283842794759825,False,0.3204473788849742,146975,69307.0
120570043002,Hillsborough,408,60,199,0.3015075376884422,False,0.3669386082551035,169939,98501.0
120570043003,Hillsborough,835,163,320,0.509375,False,0.3202868125243179,158972,74909.0
120570044001,Hillsborough,580,67,217,0.3087557603686636,False,0.3281420964330002,184210,89970.0
120570044002,Hillsborough,747,44,341,0.12903225806451613,False,0.3630895349568472,172169,98150.0
120570044003,Hillsborough,763,13,267,0.04868913857677903,False,0.2462805951047832,169614,55422.0
120570045001,Hillsborough,997,17,397,0.042821158690176324,False,0.3307406355571192,157891,78028.0
120570045002,Hillsborough,574,49,220,0.22272727272727272,False,0.2775646236384327,177748,68292.0
120570045003,Hillsborough,685,8,287,0.027874564459930314,False,0.3152053855766517,169877,78193.0
120570045004,Hillsborough,999,53,330,0.1606060606060606,False,0.3573954083041978,162845,90569.0
120570045005,Hillsborough,529,41,187,0.2192513368983957,False,0.3277755406331966,185298,90351.0
120570046001,Hillsborough,845,37,510,0.07254901960784314,False,0.3217615314384668,158231,75066.0
120570046002,Hillsborough,3390,13,1665,0.007807807807807808,False,0.3473525727405288,165157,87900.0
120570046003,Hillsborough,668,48,361,0.1329639889196676,False,0.3322986114060045,157237,78253.0
120570047001,Hillsborough,334,26,146,0.1780821917808219,False,0.4590527635767338,173848,147529.0
120570047002,Hillsborough,592,21,316,0.06645569620253164,False,0.2041055043672518,166022,42576.0
120570047003,Hillsborough,751,0,386,0.0,False,0.4364124659203954,165994,128537.0
120570047004,Hillsborough,842,0,390,0.0,False,0.4553012386765138,172511,144198.0
120570048001,Hillsborough,659,87,299,0.2909698996655518,False,0.4321641274935709,169139,128727.0
120570048002,Hillsborough,549,17,269,0.06319702602230483,False,0.4503189703413542,171899,140826.0
120570048003,Hillsborough,744,22,307,0.07166123778501629,False,0.4347471855446008,171366,131801.0
120570048004,Hillsborough,659,36,265,0.13584905660377358,False,0.4511048952952626,161306,132568.0
120570048005,Hillsborough,838,35,340,0.10294117647058823,False,0.4389905408860158,168971,132220.0
120570048006,Hillsborough,608,42,239,0.17573221757322174,False,0.4483475640381718,164751,133899.0
120570049001,Hillsborough,849,66,320,0.20625,False,0.4330569444765741,171553,131040.0
120570049002,Hillsborough,371,43,125,0.344,False,0.4431495005668898,175830,139928.0
120570049003,Hillsborough,512,41,161,0.2546583850931677,False,0.4684448212335132,163020,143665.0
120570049004,Hillsborough,1458,13,817,0.01591187270501836,False,0.4784776144762552,153471,140804.0
120570049005,Hillsborough,1512,74,773,0.09573091849935317,False,0.4760637870077562,162864,147983.0
120570050001,Hillsborough,1565,131,789,0.16603295310519645,False,0.432771609768555,173248,132181.0
120570050002,Hillsborough,964,123,394,0.31218274111675126,False,0.3681616449130166,168704,98301.0
120570050003,Hillsborough,3702,98,325,0.30153846153846153,False,0.5136579491645349,142969,150999.0
120570051011,Hillsborough,1532,278,1149,0.24194952132288947,False,0.5202686119443687,140734,152626.0
120570051021,Hillsborough,1888,38,966,0.039337474120082816,False,0.4286190761615653,118205,88671.0
120570051022,Hillsborough,1936,109,1178,0.09252971137521222,False,0.4841169754085789,121086,113630.0
120570053011,Hillsborough,767,24,465,0.05161290322580645,False,0.4460002912998446,136931,110237.0
120570053012,Hillsborough,1196,7,637,0.01098901098901099,False,0.4204081956231345,146220,106061.0
120570053013,Hillsborough,1425,0,975,0.0,False,0.4480345575838731,136851,111083.0
120570053021,Hillsborough,1116,37,404,0.09158415841584158,True,0.0,146618,0.0
120570053022,Hillsborough,767,79,325,0.24307692307692308,True,0.0,148502,0.0
120570054011,Hillsborough,750,0,259,0.0,True,0.0,81373,0.0
120570054012,Hillsborough,1076,0,316,0.0,True,0.0,77547,0.0
120570054013,Hillsborough,879,0,335,0.0,True,0.0,91803,0.0
120570054014,Hillsborough,1425,113,649,0.17411402157164868,False,0.4131017574410558,102456,72116.0
120570054015,Hillsborough,702,14,378,0.037037037037037035,False,0.4812922519433458,106499,98817.0
120570054016,Hillsborough,553,14,361,0.038781163434903045,True,0.0,104468,0.0
120570055001,Hillsborough,758,36,436,0.08256880733944955,False,0.4928558793392898,151949,147668.0
120570055002,Hillsborough,286,0,190,0.0,False,0.493796493267973,153244,149488.0
120570055003,Hillsborough,486,107,400,0.2675,False,0.4925015484277112,149946,145515.0
120570055004,Hillsborough,903,0,554,0.0,False,0.4306355469733859,135634,102586.0
120570057001,Hillsborough,796,0,367,0.0,False,0.4630913901504302,157471,135821.0
120570057002,Hillsborough,1211,12,701,0.017118402282453638,False,0.4869168030346901,157711,149668.0
120570057003,Hillsborough,718,97,527,0.1840607210626186,False,0.4816751379351729,159798,148499.0
120570057004,Hillsborough,671,0,280,0.0,False,0.480866726184529,161072,149199.0
120570057005,Hillsborough,617,0,366,0.0,False,0.4751223597770042,160432,145224.0
120570058001,Hillsborough,842,10,391,0.02557544757033248,False,0.4384865573490173,157623,123088.0
120570058002,Hillsborough,716,12,358,0.0335195530726257,False,0.451606872509595,149600,123197.0
120570058003,Hillsborough,1193,8,466,0.017167381974248927,False,0.2984974220014301,149117,63451.0
120570058004,Hillsborough,423,0,158,0.0,False,0.2526996601972107,143389,48487.0
120570058005,Hillsborough,704,0,279,0.0,False,0.2376128908287353,138865,43280.0
120570058006,Hillsborough,979,0,337,0.0,False,0.2644295521590482,134897,48494.0
120570059001,Hillsborough,1388,20,557,0.03590664272890485,False,0.2732772055365491,157616,59270.0
120570059002,Hillsborough,1335,0,594,0.0,False,0.2162388226156573,157420,43432.0
120570059003,Hillsborough,1241,0,493,0.0,True,0.0,136350,0.0
120570059004,Hillsborough,1236,0,430,0.0,True,0.0,131362,0.0
120570059005,Hillsborough,494,0,163,0.0,True,0.0,120666,0.0
120570059006,Hillsborough,664,0,229,0.0,True,0.0,128715,0.0
120570060001,Hillsborough,686,0,275,0.0,False,0.504034459531322,139897,142173.0
120570060002,Hillsborough,1362,36,562,0.06405693950177936,False,0.5097262765409428,139905,145456.0
120570060003,Hillsborough,1103,0,338,0.0,False,0.2578910629758087,136082,47290.0
120570060004,Hillsborough,423,0,234,0.0,False,0.2689259193383432,131529,48383.0
120570060005,Hillsborough,565,0,287,0.0,False,0.1334505764103591,138459,21323.0
120570060006,Hillsborough,747,20,389,0.05141388174807198,False,0.1526219200336953,140830,25365.0
120570060007,Hillsborough,540,51,216,0.2361111111111111,False,0.2487567349211461,137618,45569.0
120570061011,Hillsborough,608,0,253,0.0,False,0.2753791022818205,145793,55406.0
120570061012,Hillsborough,1029,20,487,0.04106776180698152,True,0.0,139766,0.0
120570061013,Hillsborough,659,13,232,0.05603448275862069,False,0.4532967930600709,133857,110987.0
120570061014,Hillsborough,1020,8,568,0.014084507042253521,False,0.3168648073017533,144977,67246.0
120570061031,Hillsborough,367,46,237,0.1940928270042194,True,0.0,137302,0.0
120570061032,Hillsborough,548,4,336,0.011904761904761904,False,0.1437253154962167,128782,21616.0
120570061033,Hillsborough,513,0,348,0.0,True,0.0,132919,0.0
120570061034,Hillsborough,321,79,316,0.25,False,0.1592740129358998,140772,26669.0
120570061035,Hillsborough,877,16,531,0.030131826741996232,False,0.1645762649584165,136413,26873.0
120570061036,Hillsborough,1371,15,513,0.029239766081871343,False,0.1433122086979847,127745,21370.0
120570062001,Hillsborough,1023,0,357,0.0,False,0.1809986844363095,143186,31644.0
120570062002,Hillsborough,1139,0,521,0.0,False,0.259867262481289,134491,47221.0
120570062003,Hillsborough,1156,0,409,0.0,False,0.1808189506187063,142200,31388.0
120570062004,Hillsborough,1092,9,377,0.023872679045092837,False,0.1998926030339642,125160,31269.0
120570063001,Hillsborough,899,0,340,0.0,False,0.2650994903460879,129488,46710.0
120570063002,Hillsborough,1220,14,386,0.03626943005181347,False,0.1988985437841448,127134,31565.0
120570063003,Hillsborough,891,0,304,0.0,False,0.2780487804878049,121656,46854.0
120570063004,Hillsborough,1390,0,463,0.0,False,0.2076346629108979,119270,31254.0
120570064001,Hillsborough,574,9,215,0.04186046511627907,True,0.0,126750,0.0
120570064002,Hillsborough,1138,0,349,0.0,True,0.0,130292,0.0
120570064003,Hillsborough,1055,0,367,0.0,False,0.2967373254460249,119004,50213.0
120570064004,Hillsborough,1390,0,524,0.0,False,0.2968619729303035,118914,50205.0
120570065011,Hillsborough,1199,217,626,0.3466453674121406,False,0.261101115509176,112937,39908.0
120570065012,Hillsborough,722,0,303,0.0,False,0.2671398741819492,109855,40044.0
120570065013,Hillsborough,679,16,391,0.04092071611253197,False,0.2728940715974883,106998,40158.0
120570065014,Hillsborough,967,34,339,0.10029498525073746,False,0.2698207675304269,109670,40526.0
120570065021,Hillsborough,1370,0,797,0.0,True,0.0,119801,0.0
120570065023,Hillsborough,627,28,474,0.05907172995780591,False,0.0104902971782131,105551,1119.0
120570066001,Hillsborough,513,0,286,0.0,False,0.2824463403901628,117409,46215.0
120570066002,Hillsborough,927,10,460,0.021739130434782608,False,0.2794573127862124,113760,44121.0
120570066003,Hillsborough,1076,32,641,0.0499219968798752,False,0.2993795784583726,113717,48592.0
120570066004,Hillsborough,1650,93,706,0.13172804532577903,False,0.2692908967010061,109374,40308.0
120570067001,Hillsborough,1245,0,502,0.0,False,0.3066708183749725,113559,50229.0
120570067002,Hillsborough,1359,0,571,0.0,True,0.0,117759,0.0
120570067003,Hillsborough,906,16,319,0.050156739811912224,True,0.0,105623,0.0
120570067004,Hillsborough,835,0,424,0.0,True,0.0,108297,0.0
120570067005,Hillsborough,689,0,312,0.0,True,0.0,113918,0.0
120570067006,Hillsborough,752,0,286,0.0,False,0.2742009554947804,105889,40004.0
120570068011,Hillsborough,899,76,399,0.19047619047619047,False,0.2898458205172847,110130,44949.0
120570068012,Hillsborough,605,41,319,0.12852664576802508,False,0.3375058686610195,100187,51040.0
120570068013,Hillsborough,687,79,374,0.21122994652406418,False,0.4095014703822994,101202,70182.0
120570068014,Hillsborough,1564,37,724,0.05110497237569061,False,0.3288484645262246,96074,47074.0
120570068015,Hillsborough,852,78,390,0.2,False,0.2847886323268206,100666,40084.0
120570068021,Hillsborough,1081,137,536,0.2555970149253731,True,0.0,97703,0.0
120570068022,Hillsborough,1364,0,598,0.0,True,0.0,102947,0.0
120570068023,Hillsborough,823,0,332,0.0,True,0.0,96156,0.0
120570069001,Hillsborough,1910,20,663,0.030165912518853696,True,0.0,84308,0.0
120570069002,Hillsborough,921,26,355,0.07323943661971831,False,0.3629198670182276,88916,50652.0
120570069003,Hillsborough,493,0,225,0.0,True,0.0,96212,0.0
120570069004,Hillsborough,744,0,450,0.0,False,0.3030782748329824,92009,40013.0
120570069005,Hillsborough,817,0,454,0.0,False,0.348092764429337,95125,50793.0
120570069006,Hillsborough,852,30,292,0.10273972602739725,True,0.0,90142,0.0
120570070011,Hillsborough,554,24,368,0.06521739130434782,False,0.3915619960605536,109040,70173.0
120570070012,Hillsborough,664,54,308,0.17532467532467533,False,0.3180615214077871,98431,45909.0
120570070013,Hillsborough,1580,15,531,0.02824858757062147,False,0.2869738645086772,99388,40001.0
120570070014,Hillsborough,878,21,361,0.05817174515235457,False,0.3348863302068154,97219,48950.0
120570070021,Hillsborough,1024,16,399,0.040100250626566414,False,0.3384366451152873,96491,49362.0
120570070022,Hillsborough,1600,32,529,0.06049149338374291,False,0.3093726719642414,88997,39867.0
120570070023,Hillsborough,667,38,369,0.10298102981029811,False,0.3607072019697695,93471,52739.0
120570071021,Hillsborough,375,62,226,0.2743362831858407,False,0.2839561343774827,100945,40031.0
120570071022,Hillsborough,996,36,389,0.09254498714652956,False,0.3639857928282975,91504,52367.0
120570071023,Hillsborough,1688,19,824,0.023058252427184466,False,0.1838192701293686,88767,19992.0
120570071031,Hillsborough,1048,39,387,0.10077519379844961,False,0.271867900032457,107682,40206.0
120570071032,Hillsborough,1737,9,604,0.014900662251655629,False,0.2902408849428717,97528,39882.0
120570071033,Hillsborough,1541,17,616,0.027597402597402596,False,0.3210967741935484,84184,39816.0
120570072001,Hillsborough,1802,63,741,0.08502024291497975,False,0.3092733112983566,89025,39861.0
120570072002,Hillsborough,1406,10,612,0.016339869281045753,False,0.3357618442184154,79411,40141.0
120570072003,Hillsborough,1431,27,641,0.0421216848673947,False,0.3244215896536037,83161,39935.0
120570073001,Hillsborough,2533,0,563,0.0,False,0.5018940464748121,52860,53262.0
120570101031,Hillsborough,3003,12,1056,0.011363636363636364,True,0.0,15436,0.0
120570101032,Hillsborough,1135,0,375,0.0,True,0.0,7945,0.0
120570101051,Hillsborough,1524,0,568,0.0,True,0.0,38741,0.0
120570101052,Hillsborough,1017,27,337,0.08011869436201781,True,0.0,40053,0.0
120570101053,Hillsborough,1752,11,533,0.020637898686679174,True,0.0,39870,0.0
120570101061,Hillsborough,757,0,265,0.0,True,0.0,39649,0.0
120570101062,Hillsborough,1999,0,733,0.0,True,0.0,33329,0.0
120570101063,Hillsborough,475,0,137,0.0,True,0.0,36321,0.0
120570101064,Hillsborough,2116,5,585,0.008547008547008548,True,0.0,42936,0.0
120570101071,Hillsborough,1695,8,574,0.013937282229965157,True,0.0,17835,0.0
120570101072,Hillsborough,1357,0,825,0.0,True,0.0,33470,0.0
120570101073,Hillsborough,631,0,224,0.0,True,0.0,32148,0.0
120570101081,Hillsborough,890,22,381,0.05774278215223097,True,0.0,34642,0.0
120570101082,Hillsborough,1387,7,427,0.01639344262295082,True,0.0,16699,0.0
120570102031,Hillsborough,924,14,385,0.03636363636363636,True,0.0,77702,0.0
120570102032,Hillsborough,940,26,392,0.0663265306122449,True,0.0,72899,0.0
120570102041,Hillsborough,3550,21,1035,0.020289855072463767,False,0.721122420773646,68605,177399.0
120570102042,Hillsborough,2490,15,728,0.020604395604395604,False,0.6741329479768786,85690,177270.0
120570102051,Hillsborough,6531,0,1929,0.0,True,0.0,35522,0.0
120570102052,Hillsborough,650,9,318,0.02830188679245283,True,0.0,30631,0.0
120570102053,Hillsborough,994,0,342,0.0,True,0.0,33979,0.0
120570102054,Hillsborough,801,15,380,0.039473684210526314,False,0.2586607051435202,43441,15157.0
120570102055,Hillsborough,1328,0,369,0.0,True,0.0,42601,0.0
120570102091,Hillsborough,2108,0,863,0.0,True,0.0,37916,0.0
120570102092,Hillsborough,5233,16,1560,0.010256410256410256,True,0.0,31813,0.0
120570102093,Hillsborough,2587,17,650,0.026153846153846153,True,0.0,22822,0.0
120570102094,Hillsborough,585,0,177,0.0,True,0.0,29473,0.0
120570102095,Hillsborough,2459,0,927,0.0,True,0.0,32802,0.0
120570102101,Hillsborough,2476,15,951,0.015772870662460567,True,0.0,27924,0.0
120570102102,Hillsborough,1984,16,544,0.029411764705882353,True,0.0,28129,0.0
120570102111,Hillsborough,646,0,222,0.0,False,0.2608725347904038,43287,15278.0
120570102112,Hillsborough,1228,10,399,0.02506265664160401,True,0.0,38973,0.0
120570102113,Hillsborough,3096,10,984,0.01016260162601626,True,0.0,34091,0.0
120570102114,Hillsborough,1116,25,463,0.05399568034557235,True,0.0,40285,0.0
120570102121,Hillsborough,2365,51,879,0.05802047781569966,True,0.0,31466,0.0
120570102122,Hillsborough,2832,0,915,0.0,True,0.0,31522,0.0
120570102131,Hillsborough,1837,76,684,0.1111111111111111,True,0.0,28942,0.0
120570102141,Hillsborough,248,0,131,0.0,True,0.0,8129,0.0
120570103031,Hillsborough,1210,59,471,0.12526539278131635,True,0.0,72559,0.0
120570103032,Hillsborough,1451,57,515,0.11067961165048544,True,0.0,73124,0.0
120570103033,Hillsborough,771,43,254,0.16929133858267717,True,0.0,68604,0.0
120570103041,Hillsborough,1724,0,616,0.0,True,0.0,65366,0.0
120570103042,Hillsborough,1060,0,297,0.0,True,0.0,79311,0.0
120570103043,Hillsborough,1162,38,454,0.08370044052863436,True,0.0,48963,0.0
120570103051,Hillsborough,1375,0,362,0.0,True,0.0,77563,0.0
120570103052,Hillsborough,2236,29,655,0.044274809160305344,True,0.0,60060,0.0
120570103053,Hillsborough,459,14,220,0.06363636363636363,True,0.0,74025,0.0
120570104011,Hillsborough,1568,16,691,0.023154848046309694,True,0.0,87373,0.0
120570104012,Hillsborough,3405,135,1130,0.11946902654867257,False,0.6417203616406242,99031,177376.0
120570104013,Hillsborough,903,0,427,0.0,False,0.6635938570411902,101158,199544.0
120570104021,Hillsborough,1409,130,651,0.19969278033794163,False,0.5625106661639513,110232,141733.0
120570104022,Hillsborough,584,54,253,0.2134387351778656,False,0.5492972454496933,116531,142023.0
120570104023,Hillsborough,3379,52,1203,0.043225270157938485,True,0.0,116011,0.0
120570104024,Hillsborough,1225,23,359,0.06406685236768803,False,0.1580954044064146,86781,16296.0
120570105011,Hillsborough,1861,73,685,0.10656934306569343,False,0.6345925457991156,101227,175798.0
120570105012,Hillsborough,2416,129,872,0.14793577981651376,False,0.6449422150588838,96929,176066.0
120570105013,Hillsborough,1831,184,690,0.26666666666666666,False,0.5656390627424611,100770,131226.0
120570105021,Hillsborough,616,6,216,0.027777777777777776,False,0.5662600703280248,108916,142193.0
120570105022,Hillsborough,2067,114,755,0.1509933774834437,False,0.5704399525325939,107509,142768.0
120570106001,Hillsborough,866,0,254,0.0,False,0.5854196163578349,100435,141822.0
120570106002,Hillsborough,1412,52,487,0.10677618069815195,False,0.6167070933639359,88175,141871.0
120570106003,Hillsborough,757,0,324,0.0,True,0.0,84380,0.0
120570107011,Hillsborough,1414,0,455,0.0,True,0.0,77630,0.0
120570107012,Hillsborough,2834,10,976,0.010245901639344262,False,0.6358369797765472,82724,144438.0
120570107013,Hillsborough,766,0,291,0.0,False,0.3932224743552116,84765,54932.0
120570107014,Hillsborough,859,17,362,0.04696132596685083,False,0.5810494189458857,89226,123749.0
120570107021,Hillsborough,755,0,381,0.0,False,0.5782922893425946,90159,123636.0
120570107022,Hillsborough,1061,0,257,0.0,True,0.0,86861,0.0
120570107023,Hillsborough,1066,42,443,0.09480812641083522,False,0.606098627915413,92297,142018.0
120570108051,Hillsborough,701,63,317,0.19873817034700317,False,0.6036023121745598,102315,155797.0
120570108052,Hillsborough,2869,130,780,0.16666666666666666,False,0.6141724503185619,97619,155393.0
120570108053,Hillsborough,2245,302,955,0.3162303664921466,False,0.2798303726184685,105121,40846.0
120570108081,Hillsborough,1913,157,812,0.1933497536945813,False,0.4303907509640604,76662,57925.0
120570108082,Hillsborough,539,17,208,0.08173076923076923,False,0.6166992284842806,76907,123737.0
120570108091,Hillsborough,2979,106,1167,0.0908311910882605,False,0.4267623437283223,74373,55369.0
120570108101,Hillsborough,2891,37,1209,0.030603804797353185,True,0.0,74794,0.0
120570108102,Hillsborough,625,71,401,0.1770573566084788,False,0.6853763191464688,81390,177300.0
120570108111,Hillsborough,2958,16,1348,0.011869436201780416,True,0.0,64422,0.0
120570108112,Hillsborough,1026,18,348,0.05172413793103448,False,0.6187183887057317,76214,123675.0
120570108113,Hillsborough,2048,76,877,0.08665906499429875,False,0.6695122064377245,71234,144308.0
120570108114,Hillsborough,430,0,217,0.0,False,0.714562504531649,70861,177393.0
120570108121,Hillsborough,4473,262,1833,0.14293507910529188,False,0.6188586005903963,76048,123479.0
120570108122,Hillsborough,1700,96,788,0.1218274111675127,False,0.6182253717935922,76500,123880.0
120570108131,Hillsborough,1492,40,712,0.056179775280898875,False,0.2989755527398807,71372,30439.0
120570108132,Hillsborough,1355,78,470,0.16595744680851063,False,0.6197961556192499,75875,123689.0
120570108133,Hillsborough,682,124,363,0.3415977961432507,False,0.6290627774254914,73121,124004.0
120570108134,Hillsborough,1376,107,538,0.19888475836431227,False,0.6298483842973097,72509,123381.0
120570108141,Hillsborough,830,41,335,0.12238805970149254,False,0.66548208286469,91307,181644.0
120570108142,Hillsborough,1138,199,677,0.29394387001477107,False,0.6403283400104511,82595,147045.0
120570108151,Hillsborough,1104,207,585,0.35384615384615387,False,0.6711108811813136,89002,181612.0
120570108152,Hillsborough,682,91,236,0.3855932203389831,False,0.6695263786317605,89676,181680.0
120570108161,Hillsborough,1991,191,659,0.2898330804248862,False,0.3433208668623974,91480,47827.0
120570108162,Hillsborough,968,138,441,0.3129251700680272,False,0.6526799343543289,96928,182146.0
120570108163,Hillsborough,1105,185,435,0.42528735632183906,False,0.618743119667121,95933,155690.0
120570108171,Hillsborough,3165,230,1059,0.21718602455146366,False,0.4037591780898406,85427,57849.0
120570108172,Hillsborough,1382,134,676,0.19822485207100593,False,0.4185122912801484,80236,57748.0
120570108181,Hillsborough,1452,187,475,0.3936842105263158,False,0.6032226729901149,97216,147798.0
120570108182,Hillsborough,1000,107,429,0.2494172494172494,False,0.6064006820398895,96028,147946.0
120570108183,Hillsborough,2895,454,1057,0.4295175023651845,False,0.6204065316890852,94961,155204.0
120570109001,Hillsborough,5418,0,11,0.0,False,0.6675613477102889,64282,129083.0
120570110031,Hillsborough,1667,29,749,0.03871829105473965,True,0.0,74245,0.0
120570110032,Hillsborough,2078,207,1145,0.18078602620087336,True,0.0,76225,0.0
120570110033,Hillsborough,1265,26,401,0.06483790523690773,True,0.0,82376,0.0
120570110051,Hillsborough,1580,9,529,0.017013232514177693,True,0.0,43107,0.0
120570110052,Hillsborough,1203,0,517,0.0,True,0.0,47180,0.0
120570110061,Hillsborough,2116,0,683,0.0,True,0.0,47386,0.0
120570110062,Hillsborough,429,0,197,0.0,True,0.0,59430,0.0
120570110063,Hillsborough,3002,17,1071,0.015873015873015872,True,0.0,50181,0.0
120570110071,Hillsborough,1482,0,514,0.0,True,0.0,63141,0.0
120570110072,Hillsborough,1230,73,550,0.13272727272727272,True,0.0,69846,0.0
120570110073,Hillsborough,437,0,177,0.0,True,0.0,72277,0.0
120570110081,Hillsborough,951,14,332,0.04216867469879518,True,0.0,36299,0.0
120570110082,Hillsborough,1143,0,554,0.0,True,0.0,48124,0.0
120570110083,Hillsborough,2274,27,1046,0.02581261950286807,False,0.3506688885802898,56110,30302.0
120570110084,Hillsborough,830,0,374,0.0,True,0.0,53299,0.0
120570110085,Hillsborough,691,0,303,0.0,True,0.0,53718,0.0
120570110086,Hillsborough,950,71,410,0.17317073170731706,False,0.3607495592958393,52944,29878.0
120570110101,Hillsborough,3844,0,1499,0.0,True,0.0,59061,0.0
120570110102,Hillsborough,1718,11,760,0.014473684210526316,False,0.4160391809963537,81198,57849.0
120570110121,Hillsborough,4329,0,1514,0.0,True,0.0,29973,0.0
120570110122,Hillsborough,747,0,282,0.0,True,0.0,35418,0.0
120570110123,Hillsborough,1766,0,635,0.0,True,0.0,43770,0.0
120570110131,Hillsborough,2452,76,915,0.08306010928961749,True,0.0,51836,0.0
120570110132,Hillsborough,1599,28,624,0.04487179487179487,False,0.2092537584475892,60961,16132.0
120570110141,Hillsborough,1279,11,559,0.01967799642218247,False,0.255714580718949,46855,16098.0
120570110151,Hillsborough,1063,54,528,0.10227272727272728,False,0.32745459331403,45990,22392.0
120570110152,Hillsborough,2782,38,1239,0.03066989507667474,True,0.0,43140,0.0
120570110153,Hillsborough,1340,0,389,0.0,True,0.0,53200,0.0
120570110154,Hillsborough,1415,0,696,0.0,True,0.0,69416,0.0
120570110161,Hillsborough,1034,0,336,0.0,True,0.0,57298,0.0
120570110162,Hillsborough,1507,25,513,0.04873294346978557,True,0.0,51662,0.0
120570110163,Hillsborough,1564,0,527,0.0,True,0.0,40153,0.0
120570111031,Hillsborough,2661,41,1045,0.03923444976076555,True,0.0,44845,0.0
120570111032,Hillsborough,830,24,346,0.06936416184971098,True,0.0,41462,0.0
120570111061,Hillsborough,2054,43,988,0.043522267206477734,True,0.0,57308,0.0
120570111071,Hillsborough,579,0,226,0.0,True,0.0,55057,0.0
120570111072,Hillsborough,721,15,241,0.06224066390041494,True,0.0,67684,0.0
120570111073,Hillsborough,3585,0,1434,0.0,True,0.0,47717,0.0
120570111074,Hillsborough,1920,0,633,0.0,True,0.0,56374,0.0
120570111081,Hillsborough,486,48,275,0.17454545454545456,True,0.0,82620,0.0
120570111082,Hillsborough,998,16,443,0.03611738148984198,True,0.0,82476,0.0
120570111091,Hillsborough,2435,12,841,0.014268727705112961,True,0.0,60602,0.0
120570111092,Hillsborough,1301,0,470,0.0,True,0.0,45748,0.0
120570112031,Hillsborough,1262,8,457,0.0175054704595186,True,0.0,65665,0.0
120570112032,Hillsborough,2391,18,928,0.01939655172413793,False,0.317099939390961,83378,38716.0
120570112041,Hillsborough,660,0,312,0.0,True,0.0,81905,0.0
120570112042,Hillsborough,784,52,475,0.10947368421052632,True,0.0,92228,0.0
120570112043,Hillsborough,1085,27,428,0.0630841121495327,False,0.196424767106308,82982,20284.0
120570112044,Hillsborough,1182,0,482,0.0,True,0.0,86902,0.0
120570112045,Hillsborough,1920,42,655,0.06412213740458016,False,0.3047174020240918,88830,38931.0
120570112051,Hillsborough,633,7,262,0.026717557251908396,False,0.2889840717440771,95616,38862.0
120570112052,Hillsborough,540,0,231,0.0,True,0.0,98407,0.0
120570112053,Hillsborough,1632,7,667,0.010494752623688156,False,0.2923313879304487,93730,38719.0
120570112061,Hillsborough,556,85,303,0.28052805280528054,False,0.5894054287289551,102771,147527.0
120570112062,Hillsborough,1246,54,509,0.10609037328094302,False,0.5666349467027865,112941,147673.0
120570112063,Hillsborough,916,78,462,0.16883116883116883,False,0.5411033585160987,106481,125556.0
120570113011,Hillsborough,1585,25,552,0.04528985507246377,True,0.0,72866,0.0
120570113012,Hillsborough,2007,110,777,0.14157014157014158,True,0.0,73458,0.0
120570113031,Hillsborough,663,13,301,0.04318936877076412,False,0.7278860228344664,83656,223774.0
120570113032,Hillsborough,1725,90,787,0.11435832274459974,False,0.6953427065026362,79741,181999.0
120570113033,Hillsborough,520,0,222,0.0,False,0.3095249535524377,86221,38651.0
120570113041,Hillsborough,1763,23,690,0.03333333333333333,True,0.0,84553,0.0
120570113042,Hillsborough,1131,0,416,0.0,True,0.0,95732,0.0
120570113043,Hillsborough,2649,26,1013,0.02566633761105627,True,0.0,86216,0.0
120570114071,Hillsborough,1287,30,647,0.04636785162287481,True,0.0,74731,0.0
120570114072,Hillsborough,1020,49,464,0.10560344827586207,True,0.0,65738,0.0
120570114081,Hillsborough,682,0,224,0.0,True,0.0,74935,0.0
120570114082,Hillsborough,880,0,334,0.0,True,0.0,80242,0.0
120570114083,Hillsborough,1304,10,528,0.01893939393939394,False,0.5131191527111827,89459,94280.0
120570114091,Hillsborough,714,0,230,0.0,True,0.0,70385,0.0
120570114092,Hillsborough,2189,23,1030,0.02233009708737864,False,0.6289232425373463,84109,142553.0
120570114101,Hillsborough,2147,35,644,0.05434782608695652,True,0.0,49105,0.0
120570114102,Hillsborough,1594,0,603,0.0,True,0.0,69248,0.0
120570114103,Hillsborough,3611,14,1385,0.010108303249097473,True,0.0,76804,0.0
120570114111,Hillsborough,1757,6,581,0.010327022375215147,True,0.0,74651,0.0
120570114121,Hillsborough,1567,9,691,0.013024602026049204,False,0.3337880255764386,85958,43067.0
120570114122,Hillsborough,1856,130,745,0.174496644295302,False,0.3476734581497797,85293,45459.0
120570114131,Hillsborough,2379,94,1003,0.09371884346959122,False,0.5308560761956167,83441,94417.0
120570114132,Hillsborough,443,0,233,0.0,True,0.0,80529,0.0
120570114133,Hillsborough,1324,0,426,0.0,True,0.0,85726,0.0
120570114134,Hillsborough,1345,15,413,0.03631961259079903,False,0.4679055994486068,83376,73318.0
120570114141,Hillsborough,4499,110,1740,0.06321839080459771,False,0.4545510458887132,88684,73905.0
120570114142,Hillsborough,1005,0,426,0.0,False,0.3091280833663105,94275,42183.0
120570114143,Hillsborough,2051,0,660,0.0,True,0.0,104421,0.0
120570114151,Hillsborough,2022,19,890,0.021348314606741574,True,0.0,90878,0.0
120570114152,Hillsborough,2053,0,843,0.0,False,0.5067668122646122,91805,94324.0
120570114153,Hillsborough,1053,0,466,0.0,True,0.0,117726,0.0
120570114161,Hillsborough,2638,20,822,0.024330900243309004,False,0.4735144376286914,97930,88077.0
120570114162,Hillsborough,2015,58,704,0.08238636363636363,False,0.5228874706303844,85896,94137.0
120570114163,Hillsborough,2643,38,1231,0.030869212022745736,True,0.0,100617,0.0
120570114171,Hillsborough,1542,46,715,0.06433566433566433,True,0.0,74917,0.0
120570114172,Hillsborough,2186,22,836,0.02631578947368421,False,0.512686014336449,89465,94123.0
120570114173,Hillsborough,1117,0,433,0.0,False,0.519937481360388,86923,94143.0
120570114181,Hillsborough,868,0,293,0.0,True,0.0,60851,0.0
120570114182,Hillsborough,1443,0,664,0.0,True,0.0,68821,0.0
120570114183,Hillsborough,1670,91,792,0.1148989898989899,True,0.0,77007,0.0
120570115041,Hillsborough,645,20,261,0.07662835249042145,True,0.0,13768,0.0
120570115042,Hillsborough,1619,17,524,0.03244274809160305,True,0.0,39723,0.0
120570115061,Hillsborough,5727,37,2048,0.01806640625,True,0.0,69803,0.0
120570115062,Hillsborough,1700,21,701,0.029957203994293864,True,0.0,59046,0.0
120570115063,Hillsborough,1105,0,373,0.0,True,0.0,77810,0.0
120570115071,Hillsborough,922,246,627,0.3923444976076555,True,0.0,63071,0.0
120570115072,Hillsborough,2855,0,933,0.0,True,0.0,81536,0.0
120570115073,Hillsborough,3648,54,1714,0.03150525087514586,False,0.3222930870170808,92446,43964.0
120570115091,Hillsborough,1449,0,576,0.0,True,0.0,39294,0.0
120570115092,Hillsborough,121,0,54,0.0,True,0.0,36417,0.0
120570115093,Hillsborough,3048,0,962,0.0,True,0.0,41551,0.0
120570115094,Hillsborough,1835,0,604,0.0,True,0.0,31988,0.0
120570115101,Hillsborough,4909,9,1462,0.006155950752393981,True,0.0,47874,0.0
120570115121,Hillsborough,1651,0,494,0.0,True,0.0,55562,0.0
120570115122,Hillsborough,971,0,324,0.0,True,0.0,56058,0.0
120570115123,Hillsborough,1181,0,432,0.0,True,0.0,61681,0.0
120570115141,Hillsborough,1759,27,532,0.05075187969924812,True,0.0,66139,0.0
120570115142,Hillsborough,1918,0,744,0.0,True,0.0,63674,0.0
120570115143,Hillsborough,1476,50,631,0.07923930269413629,True,0.0,51790,0.0
120570115144,Hillsborough,485,0,228,0.0,True,0.0,71549,0.0
120570115151,Hillsborough,1651,0,624,0.0,True,0.0,74099,0.0
120570115152,Hillsborough,1810,0,629,0.0,True,0.0,70284,0.0
120570115161,Hillsborough,2699,19,1133,0.01676963812886143,True,0.0,73531,0.0
120570115171,Hillsborough,1528,17,590,0.0288135593220339,True,0.0,37675,0.0
120570115172,Hillsborough,2915,0,1005,0.0,True,0.0,56892,0.0
120570115173,Hillsborough,5035,0,1741,0.0,True,0.0,52533,0.0
120570115181,Hillsborough,999,0,339,0.0,True,0.0,28090,0.0
120570115182,Hillsborough,1103,0,429,0.0,True,0.0,36793,0.0
120570115183,Hillsborough,2166,0,722,0.0,True,0.0,56743,0.0
120570115191,Hillsborough,693,5,246,0.02032520325203252,True,0.0,45879,0.0
120570115192,Hillsborough,1656,0,598,0.0,True,0.0,69063,0.0
120570115201,Hillsborough,5330,6,2008,0.00298804780876494,True,0.0,86832,0.0
120570115211,Hillsborough,755,0,343,0.0,True,0.0,40017,0.0
120570115212,Hillsborough,3328,18,1833,0.009819967266775777,True,0.0,53613,0.0
120570115221,Hillsborough,1308,0,508,0.0,True,0.0,43977,0.0
120570115222,Hillsborough,1687,8,601,0.013311148086522463,True,0.0,46606,0.0
120570115223,Hillsborough,760,0,367,0.0,True,0.0,51294,0.0
120570115231,Hillsborough,1772,0,552,0.0,True,0.0,49456,0.0
120570115241,Hillsborough,1056,17,469,0.03624733475479744,True,0.0,51389,0.0
120570115242,Hillsborough,2307,157,1016,0.1545275590551181,True,0.0,57617,0.0
120570115243,Hillsborough,2205,11,761,0.01445466491458607,True,0.0,54842,0.0
120570116031,Hillsborough,2415,28,766,0.03655352480417755,False,0.1913643778837334,115495,27332.0
120570116032,Hillsborough,1545,9,457,0.019693654266958426,False,0.1640939698190344,111229,21835.0
120570116033,Hillsborough,805,9,255,0.03529411764705882,False,0.1427587511825922,113263,18862.0
120570116051,Hillsborough,1825,10,609,0.016420361247947456,False,0.1644047000730152,111008,21841.0
120570116052,Hillsborough,1692,0,424,0.0,True,0.0,116865,0.0
120570116053,Hillsborough,1850,19,559,0.03398926654740608,False,0.2160255070039724,119992,33064.0
120570116054,Hillsborough,1517,34,507,0.0670611439842209,False,0.2384757832261381,130360,40823.0
120570116055,Hillsborough,555,10,183,0.0546448087431694,False,0.2160143372051811,117238,32303.0
120570116061,Hillsborough,2897,58,1319,0.04397270659590599,False,0.0175879727755032,74625,1336.0
120570116062,Hillsborough,2615,20,841,0.023781212841854936,True,0.0,71212,0.0
120570116063,Hillsborough,890,0,296,0.0,True,0.0,87292,0.0
120570116064,Hillsborough,1255,23,460,0.05,False,0.2237456390204439,92115,26551.0
120570116071,Hillsborough,1106,20,436,0.045871559633027525,True,0.0,66088,0.0
120570116072,Hillsborough,1562,0,510,0.0,True,0.0,74182,0.0
120570116073,Hillsborough,3004,14,1086,0.01289134438305709,False,0.1976487167360018,83126,20477.0
120570116074,Hillsborough,1708,118,481,0.24532224532224534,False,0.3223563417565644,91900,43717.0
120570116075,Hillsborough,874,64,495,0.1292929292929293,False,0.4174666531932093,92236,66100.0
120570116081,Hillsborough,1591,0,546,0.0,True,0.0,54422,0.0
120570116101,Hillsborough,1224,0,434,0.0,False,0.4248959613046806,89412,66059.0
120570116102,Hillsborough,1165,37,427,0.08665105386416862,False,0.0871835643170771,101036,9650.0
120570116103,Hillsborough,1474,0,550,0.0,False,0.2665187101518743,111707,40590.0
120570116104,Hillsborough,1437,383,837,0.45758661887694146,False,0.3987203222713375,99706,66117.0
120570116111,Hillsborough,1014,0,384,0.0,True,0.0,104584,0.0
120570116112,Hillsborough,2308,26,802,0.032418952618453865,False,0.1873644833916386,117308,27047.0
120570116113,Hillsborough,933,0,317,0.0,False,0.1968664352881061,121025,29666.0
120570116121,Hillsborough,669,50,247,0.20242914979757085,True,0.0,99394,0.0
120570116122,Hillsborough,1132,57,497,0.11468812877263582,False,0.2129766899031637,99804,27008.0
120570116123,Hillsborough,2116,0,787,0.0,False,0.1748537453898003,103810,21998.0
120570116124,Hillsborough,1997,106,861,0.12311265969802555,False,0.1894424020035299,116191,27156.0
120570116131,Hillsborough,1349,9,467,0.019271948608137045,False,0.1364686608916055,111747,17660.0
120570116132,Hillsborough,2059,125,820,0.1524390243902439,False,0.2680867048806277,105214,38538.0
120570116133,Hillsborough,1091,7,330,0.021212121212121213,False,0.2299661036342053,107680,32158.0
120570116134,Hillsborough,1350,46,449,0.10244988864142539,False,0.2293653768725616,111013,33041.0
120570116141,Hillsborough,892,19,284,0.06690140845070422,True,0.0,91742,0.0
120570116142,Hillsborough,3013,80,1099,0.07279344858962693,False,0.3619872460737306,92746,52621.0
120570116143,Hillsborough,1961,0,545,0.0,True,0.0,81318,0.0
120570116144,Hillsborough,681,0,300,0.0,True,0.0,88589,0.0
120570116151,Hillsborough,1314,19,434,0.04377880184331797,True,0.0,85088,0.0
120570116152,Hillsborough,3294,38,1115,0.034080717488789235,True,0.0,92151,0.0
120570116153,Hillsborough,228,0,114,0.0,False,0.3551404390194558,95623,52662.0
120570117061,Hillsborough,1916,0,566,0.0,False,0.2449295748464775,121851,39526.0
120570117062,Hillsborough,847,13,250,0.052,False,0.2356106748856437,124996,38528.0
120570117063,Hillsborough,1930,27,841,0.03210463733650416,False,0.2408942243365792,122547,38889.0
120570117064,Hillsborough,1725,44,609,0.0722495894909688,False,0.1816492058127745,130761,29025.0
120570117065,Hillsborough,2666,41,1021,0.040156709108716944,False,0.141940422989307,137861,22805.0
120570117081,Hillsborough,2615,80,1536,0.052083333333333336,True,0.0,113900,0.0
120570117082,Hillsborough,1788,18,641,0.028081123244929798,False,0.1504146995023606,133164,23576.0
120570117091,Hillsborough,1068,0,529,0.0,False,0.0016731258429651,58475,98.0
120570117101,Hillsborough,1911,29,862,0.033642691415313224,True,0.0,86846,0.0
120570117102,Hillsborough,1323,0,698,0.0,True,0.0,83895,0.0
120570117103,Hillsborough,2752,12,1231,0.00974817221770918,True,0.0,88339,0.0
120570117121,Hillsborough,1155,0,297,0.0,False,0.2479635840919981,113004,37260.0
120570117122,Hillsborough,1782,76,902,0.08425720620842572,False,0.1588383141317139,115796,21866.0
120570117123,Hillsborough,630,0,204,0.0,True,0.0,109319,0.0
120570117124,Hillsborough,1198,18,481,0.037422037422037424,True,0.0,102454,0.0
120570117125,Hillsborough,835,0,261,0.0,False,0.1983417502072812,106356,26314.0
120570118021,Hillsborough,1209,0,336,0.0,False,0.3116328006838956,136084,61607.0
120570118022,Hillsborough,2794,0,1030,0.0,True,0.0,127896,0.0
120570118023,Hillsborough,1393,40,434,0.09216589861751152,False,0.2324238467647494,114048,34534.0
120570118024,Hillsborough,1118,21,389,0.05398457583547558,True,0.0,119309,0.0
120570118031,Hillsborough,1514,26,651,0.039938556067588324,True,0.0,92888,0.0
120570118032,Hillsborough,411,44,266,0.16541353383458646,False,0.2182758987166883,117687,32861.0
120570118033,Hillsborough,1777,74,867,0.0853517877739331,False,0.141070500870947,112427,18465.0
120570118034,Hillsborough,2380,21,873,0.024054982817869417,False,0.1381014148290883,114954,18419.0
120570118035,Hillsborough,395,28,217,0.12903225806451613,False,0.139985680370803,114111,18574.0
120570118041,Hillsborough,2320,24,748,0.03208556149732621,False,0.1365335531405681,119420,18883.0
120570118042,Hillsborough,1309,37,447,0.08277404921700224,True,0.0,121309,0.0
120570118043,Hillsborough,945,18,274,0.06569343065693431,False,0.576372801479434,127824,173913.0
120570118044,Hillsborough,1013,8,311,0.02572347266881029,True,0.0,120666,0.0
120570119011,Hillsborough,2602,181,1117,0.162041181736795,False,0.5816170064471162,120055,166895.0
120570119012,Hillsborough,2021,17,603,0.028192371475953566,False,0.5169372543498857,126960,135863.0
120570119013,Hillsborough,1249,79,670,0.11791044776119403,False,0.2177350442195066,112600,31341.0
120570119021,Hillsborough,1344,19,448,0.04241071428571429,False,0.2144575649595547,120807,32981.0
120570119022,Hillsborough,1718,37,533,0.06941838649155722,False,0.2312347795214875,138583,41684.0
120570119023,Hillsborough,1165,17,479,0.03549060542797495,False,0.2200365649089961,124146,35023.0
120570119024,Hillsborough,1882,30,832,0.036057692307692304,False,0.6009057118876991,129813,195456.0
120570119025,Hillsborough,1720,64,537,0.1191806331471136,False,0.6141110905166862,122835,195482.0
120570119026,Hillsborough,660,40,206,0.1941747572815534,False,0.5907125376818461,135635,195758.0
120570119041,Hillsborough,744,77,482,0.15975103734439833,False,0.527673829068083,125208,139880.0
120570119042,Hillsborough,775,73,347,0.21037463976945245,False,0.593936685424514,133566,195363.0
120570119051,Hillsborough,1499,61,507,0.1203155818540434,False,0.5149775594069438,146000,155017.0
120570119061,Hillsborough,1245,6,429,0.013986013986013986,False,0.2782322416163968,143818,55440.0
120570119062,Hillsborough,1830,21,615,0.03414634146341464,False,0.3610334357724928,138473,78241.0
120570119063,Hillsborough,1721,24,701,0.034236804564907276,False,0.5878858249833803,137002,195435.0
120570120011,Hillsborough,914,17,373,0.045576407506702415,False,0.5130807605233105,121518,128047.0
120570120012,Hillsborough,1861,35,655,0.05343511450381679,False,0.5914555200121235,124010,179531.0
120570120021,Hillsborough,2435,94,795,0.11823899371069183,True,0.0,127313,0.0
120570120022,Hillsborough,991,86,314,0.27388535031847133,False,0.3524326645806491,105547,57443.0
120570120023,Hillsborough,728,14,257,0.054474708171206226,True,0.0,120507,0.0
120570121031,Hillsborough,2827,100,1094,0.09140767824497258,False,0.3755339121558811,102779,61808.0
120570121032,Hillsborough,1782,118,671,0.17585692995529062,True,0.0,103206,0.0
120570121033,Hillsborough,3423,24,1073,0.022367194780987885,True,0.0,105052,0.0
120570121041,Hillsborough,280,23,127,0.18110236220472442,True,0.0,90177,0.0
120570121042,Hillsborough,2840,79,930,0.08494623655913978,True,0.0,88215,0.0
120570121043,Hillsborough,2512,131,951,0.1377497371188223,False,0.341985270703334,97121,50476.0
120570121044,Hillsborough,1414,89,489,0.18200408997955012,False,0.3420899205466822,97047,50461.0
120570121061,Hillsborough,1170,35,399,0.08771929824561403,True,0.0,63883,0.0
120570121062,Hillsborough,2950,0,940,0.0,True,0.0,67784,0.0
120570121063,Hillsborough,1337,0,420,0.0,True,0.0,69452,0.0
120570121071,Hillsborough,864,15,336,0.044642857142857144,True,0.0,86544,0.0
120570121072,Hillsborough,1093,51,456,0.1118421052631579,True,0.0,78556,0.0
120570121073,Hillsborough,2325,37,864,0.04282407407407408,False,0.3081286516535254,85379,38024.0
120570121081,Hillsborough,1926,0,584,0.0,True,0.0,68542,0.0
120570121082,Hillsborough,1719,13,555,0.023423423423423424,True,0.0,73865,0.0
120570122061,Hillsborough,2530,0,804,0.0,True,0.0,100006,0.0
120570122062,Hillsborough,1329,9,397,0.022670025188916875,True,0.0,77186,0.0
120570122063,Hillsborough,1173,13,459,0.02832244008714597,True,0.0,81247,0.0
120570122064,Hillsborough,1734,0,532,0.0,True,0.0,84747,0.0
120570122071,Hillsborough,521,0,195,0.0,True,0.0,71225,0.0
120570122072,Hillsborough,3141,0,966,0.0,True,0.0,59174,0.0
120570122073,Hillsborough,1821,0,697,0.0,True,0.0,75616,0.0
120570122074,Hillsborough,827,0,378,0.0,True,0.0,73171,0.0
120570122075,Hillsborough,938,70,332,0.21084337349397592,True,0.0,69265,0.0
120570122081,Hillsborough,3601,0,1172,0.0,True,0.0,57537,0.0
120570122082,Hillsborough,787,0,302,0.0,True,0.0,52167,0.0
120570122083,Hillsborough,1152,0,388,0.0,True,0.0,57960,0.0
120570122084,Hillsborough,1100,30,416,0.07211538461538461,True,0.0,67105,0.0
120570122091,Hillsborough,1063,18,316,0.056962025316455694,True,0.0,55855,0.0
120570122092,Hillsborough,3991,0,1288,0.0,True,0.0,37853,0.0
120570122101,Hillsborough,857,8,422,0.018957345971563982,True,0.0,49245,0.0
120570122102,Hillsborough,1303,5,434,0.01152073732718894,True,0.0,52112,0.0
120570122103,Hillsborough,3560,18,1327,0.013564431047475508,True,0.0,47265,0.0
120570122111,Hillsborough,2523,0,24,0.0,False,0.3410172601640002,103428,53523.0
120570122121,Hillsborough,4104,94,1712,0.054906542056074766,True,0.0,76499,0.0
120570122131,Hillsborough,2130,34,852,0.03990610328638498,True,0.0,90815,0.0
120570122132,Hillsborough,944,12,383,0.031331592689295036,True,0.0,97026,0.0
120570122133,Hillsborough,1666,1,573,0.0017452006980802793,True,0.0,85699,0.0
120570123011,Hillsborough,1243,0,413,0.0,True,0.0,81353,0.0
120570123012,Hillsborough,1728,19,609,0.031198686371100164,True,0.0,68029,0.0
120570123013,Hillsborough,1014,76,396,0.1919191919191919,False,0.038282035326217,80365,3199.0
120570123014,Hillsborough,2428,42,954,0.0440251572327044,False,0.0381499811358441,86680,3438.0
120570123031,Hillsborough,1131,0,371,0.0,True,0.0,69606,0.0
120570123032,Hillsborough,1236,41,417,0.09832134292565947,True,0.0,69865,0.0
120570123033,Hillsborough,853,58,339,0.1710914454277286,False,0.047936085219707,69355,3492.0
120570123041,Hillsborough,1179,15,387,0.03875968992248062,True,0.0,63836,0.0
120570123042,Hillsborough,2378,175,945,0.18518518518518517,True,0.0,65276,0.0
120570123043,Hillsborough,1305,27,448,0.060267857142857144,False,0.0737992200483767,56288,4485.0
120570124011,Hillsborough,758,20,305,0.06557377049180328,True,0.0,45154,0.0
120570124012,Hillsborough,1126,0,388,0.0,True,0.0,51854,0.0
120570124013,Hillsborough,736,28,263,0.10646387832699619,True,0.0,44057,0.0
120570124014,Hillsborough,2053,31,601,0.051580698835274545,True,0.0,44228,0.0
120570124021,Hillsborough,948,58,289,0.20069204152249134,True,0.0,44413,0.0
120570124022,Hillsborough,1739,32,482,0.06639004149377593,True,0.0,41666,0.0
120570124031,Hillsborough,1827,45,478,0.09414225941422594,True,0.0,35428,0.0
120570124032,Hillsborough,737,73,263,0.27756653992395436,True,0.0,28354,0.0
120570124033,Hillsborough,4081,29,1049,0.027645376549094377,True,0.0,23830,0.0
120570125011,Hillsborough,886,45,393,0.11450381679389313,True,0.0,46343,0.0
120570125012,Hillsborough,1846,8,581,0.013769363166953529,True,0.0,43387,0.0
120570125013,Hillsborough,830,51,230,0.2217391304347826,True,0.0,38616,0.0
120570125014,Hillsborough,648,12,240,0.05,True,0.0,33864,0.0
120570125031,Hillsborough,1441,0,562,0.0,True,0.0,30102,0.0
120570125032,Hillsborough,1664,31,751,0.041278295605858856,True,0.0,30767,0.0
120570125033,Hillsborough,1333,8,467,0.017130620985010708,True,0.0,29673,0.0
120570125041,Hillsborough,3495,12,1213,0.00989282769991756,True,0.0,33715,0.0
120570126001,Hillsborough,1223,17,378,0.04497354497354497,True,0.0,35447,0.0
120570126002,Hillsborough,3370,88,1228,0.07166123778501629,True,0.0,33818,0.0
120570126003,Hillsborough,1029,16,337,0.04747774480712166,True,0.0,38671,0.0
120570127011,Hillsborough,1681,30,588,0.05102040816326531,True,0.0,42857,0.0
120570127012,Hillsborough,1438,68,379,0.17941952506596306,True,0.0,42769,0.0
120570127013,Hillsborough,3749,56,1156,0.04844290657439446,True,0.0,38569,0.0
120570127021,Hillsborough,1301,47,480,0.09791666666666667,True,0.0,42865,0.0
120570127022,Hillsborough,1208,75,463,0.16198704103671707,True,0.0,40252,0.0
120570127023,Hillsborough,1485,121,556,0.21762589928057555,True,0.0,40604,0.0
120570128001,Hillsborough,2491,13,873,0.014891179839633447,True,0.0,39490,0.0
120570128002,Hillsborough,1576,29,583,0.04974271012006861,True,0.0,38109,0.0
120570129001,Hillsborough,1441,80,458,0.17467248908296942,True,0.0,34337,0.0
120570129002,Hillsborough,2093,47,653,0.07197549770290965,True,0.0,30999,0.0
120570130011,Hillsborough,3613,99,1145,0.08646288209606987,True,0.0,29796,0.0
120570130012,Hillsborough,586,0,182,0.0,True,0.0,26428,0.0
120570130021,Hillsborough,862,8,247,0.032388663967611336,True,0.0,23674,0.0
120570130022,Hillsborough,1750,38,611,0.062193126022913256,True,0.0,22972,0.0
120570130023,Hillsborough,2261,67,823,0.08140947752126367,True,0.0,23048,0.0
120570130031,Hillsborough,1956,26,651,0.039938556067588324,True,0.0,31211,0.0
120570130032,Hillsborough,1359,0,493,0.0,True,0.0,25432,0.0
120570130041,Hillsborough,2466,126,736,0.17119565217391305,True,0.0,21559,0.0
120570130042,Hillsborough,1098,0,351,0.0,True,0.0,16393,0.0
120570131001,Hillsborough,1421,13,497,0.026156941649899398,True,0.0,9157,0.0
120570131002,Hillsborough,1556,30,396,0.07575757575757576,True,0.0,790,0.0
120570132031,Hillsborough,1923,0,716,0.0,True,0.0,51487,0.0
120570132032,Hillsborough,1308,0,449,0.0,True,0.0,44514,0.0
120570132041,Hillsborough,2135,34,783,0.04342273307790549,True,0.0,46152,0.0
120570132042,Hillsborough,1145,46,699,0.06580829756795423,False,0.0656630149875663,41706,2931.0
120570132051,Hillsborough,1563,16,636,0.025157232704402517,True,0.0,47940,0.0
120570132052,Hillsborough,2542,0,827,0.0,True,0.0,42408,0.0
120570132053,Hillsborough,4152,0,1306,0.0,True,0.0,41024,0.0
120570132061,Hillsborough,971,0,286,0.0,True,0.0,39238,0.0
120570132062,Hillsborough,2756,12,817,0.014687882496940025,True,0.0,41548,0.0
120570132063,Hillsborough,1134,0,397,0.0,True,0.0,40991,0.0
120570132064,Hillsborough,1436,8,513,0.015594541910331383,True,0.0,39132,0.0
120570132071,Hillsborough,1620,0,660,0.0,True,0.0,32810,0.0
120570132072,Hillsborough,2595,21,817,0.025703794369645042,True,0.0,24315,0.0
120570132081,Hillsborough,2049,10,711,0.014064697609001406,True,0.0,33041,0.0
120570132082,Hillsborough,1942,16,732,0.02185792349726776,True,0.0,19936,0.0
120570132083,Hillsborough,1163,0,326,0.0,True,0.0,24587,0.0
120570133051,Hillsborough,2934,8,987,0.008105369807497468,True,0.0,54062,0.0
120570133052,Hillsborough,1737,0,548,0.0,True,0.0,44161,0.0
120570133071,Hillsborough,802,69,441,0.1564625850340136,False,0.0373385422525848,94130,3651.0
120570133072,Hillsborough,1247,14,436,0.03211009174311927,True,0.0,75274,0.0
120570133073,Hillsborough,1641,0,742,0.0,False,0.4411337731591278,77764,61382.0
120570133101,Hillsborough,1790,24,737,0.032564450474898234,False,0.5852656437319645,68843,97150.0
120570133102,Hillsborough,266,0,88,0.0,True,0.0,68794,0.0
120570133103,Hillsborough,852,0,295,0.0,True,0.0,60371,0.0
120570133111,Hillsborough,542,15,275,0.05454545454545454,False,0.0569190802993292,72969,4404.0
120570133112,Hillsborough,1479,39,676,0.057692307692307696,True,0.0,58232,0.0
120570133113,Hillsborough,1123,34,428,0.0794392523364486,False,0.0638776229941809,63705,4347.0
120570133121,Hillsborough,887,0,300,0.0,False,0.0668552366604664,60702,4349.0
120570133122,Hillsborough,1838,45,694,0.06484149855907781,True,0.0,48552,0.0
120570133123,Hillsborough,1854,20,625,0.032,True,0.0,52657,0.0
120570133131,Hillsborough,1778,0,680,0.0,True,0.0,61925,0.0
120570133132,Hillsborough,1984,20,772,0.025906735751295335,True,0.0,55290,0.0
120570133133,Hillsborough,1079,0,345,0.0,True,0.0,60343,0.0
120570133141,Hillsborough,1803,11,613,0.01794453507340946,True,0.0,53979,0.0
120570133142,Hillsborough,1209,8,384,0.020833333333333332,True,0.0,48824,0.0
120570133151,Hillsborough,5057,41,2614,0.01568477429227238,True,0.0,101051,0.0
120570133161,Hillsborough,3046,125,1191,0.10495382031905962,True,0.0,88622,0.0
120570133171,Hillsborough,2321,9,1186,0.007588532883642495,False,0.3561240696334589,82702,45742.0
120570133181,Hillsborough,3815,79,1483,0.053270397842211735,False,0.3832459534657502,86229,53582.0
120570133191,Hillsborough,6669,28,2827,0.009904492394764769,True,0.0,65006,0.0
120570133201,Hillsborough,4135,73,1657,0.044055522027761015,False,0.5919034937312271,67118,97348.0
120570133211,Hillsborough,1003,0,281,0.0,False,0.5232642373054159,88844,97515.0
120570133212,Hillsborough,1963,19,623,0.030497592295345103,False,0.5175046034076871,82802,88810.0
120570133213,Hillsborough,3338,262,1395,0.1878136200716846,False,0.4295581424855674,71935,54169.0
120570133214,Hillsborough,1130,17,414,0.04106280193236715,False,0.4627912393143961,62277,53650.0
120570133221,Hillsborough,1701,79,650,0.12153846153846154,False,0.4033188127227594,61775,41756.0
120570133222,Hillsborough,1871,3,802,0.003740648379052369,False,0.5006307472695283,60170,60322.0
120570133223,Hillsborough,1196,0,416,0.0,False,0.7011237754584524,55984,131331.0
120570133224,Hillsborough,2673,34,987,0.034447821681864235,False,0.714481483495568,52504,131386.0
120570134061,Hillsborough,1465,82,507,0.16173570019723865,True,0.0,49017,0.0
120570134071,Hillsborough,1579,0,594,0.0,True,0.0,46836,0.0
120570134072,Hillsborough,1260,0,482,0.0,True,0.0,46801,0.0
120570134073,Hillsborough,1739,12,590,0.020338983050847456,True,0.0,45871,0.0
120570134074,Hillsborough,2050,13,697,0.018651362984218076,True,0.0,44258,0.0
120570134091,Hillsborough,1224,0,375,0.0,True,0.0,35960,0.0
120570134092,Hillsborough,1306,18,409,0.044009779951100246,True,0.0,33906,0.0
120570134093,Hillsborough,2585,0,783,0.0,True,0.0,25461,0.0
120570134101,Hillsborough,647,0,211,0.0,False,0.1982845534572267,53278,13177.0
120570134102,Hillsborough,4786,82,1737,0.04720782959124928,False,0.2586693813214238,67725,23631.0
120570134111,Hillsborough,2504,19,1076,0.017657992565055763,True,0.0,54551,0.0
120570134121,Hillsborough,1641,28,580,0.04827586206896552,True,0.0,49759,0.0
120570134122,Hillsborough,2606,0,853,0.0,True,0.0,39638,0.0
120570134131,Hillsborough,3794,25,1377,0.01815541031227306,True,0.0,31192,0.0
120570134141,Hillsborough,873,52,414,0.12560386473429952,True,0.0,39040,0.0
120570134142,Hillsborough,940,27,411,0.06569343065693431,True,0.0,35273,0.0
120570134143,Hillsborough,2500,0,798,0.0,True,0.0,31369,0.0
120570134144,Hillsborough,2277,0,663,0.0,True,0.0,35278,0.0
120570134151,Hillsborough,3083,22,1048,0.02099236641221374,True,0.0,31456,0.0
120570134152,Hillsborough,877,0,284,0.0,True,0.0,34121,0.0
120570135011,Hillsborough,1293,101,617,0.16369529983792544,True,0.0,100583,0.0
120570135012,Hillsborough,2222,39,805,0.0484472049689441,False,0.6032203008710589,107638,163641.0
120570135031,Hillsborough,2088,67,717,0.09344490934449093,False,0.6663548601864181,100227,200173.0
120570135032,Hillsborough,725,35,246,0.14227642276422764,False,0.6373226003357241,114078,200466.0
120570135033,Hillsborough,1103,39,287,0.13588850174216027,False,0.6390555367833166,113229,200473.0
120570135041,Hillsborough,667,113,363,0.31129476584022037,True,0.0,97219,0.0
120570135042,Hillsborough,1487,9,497,0.018108651911468814,False,0.6772712186994128,95296,199986.0
120570135043,Hillsborough,1167,0,379,0.0,False,0.6929763934325516,99950,225595.0
120570135051,Hillsborough,1287,10,342,0.029239766081871343,False,0.6830423451889059,93893,202339.0
120570135052,Hillsborough,1080,14,331,0.04229607250755287,True,0.0,91336,0.0
120570135053,Hillsborough,1363,18,432,0.041666666666666664,False,0.651503652097199,107447,200869.0
120570136021,Hillsborough,1093,7,331,0.021148036253776436,True,0.0,83803,0.0
120570136022,Hillsborough,813,0,219,0.0,True,0.0,72423,0.0
120570136041,Hillsborough,1210,52,444,0.11711711711711711,True,0.0,39329,0.0
120570137021,Hillsborough,2259,49,664,0.07379518072289157,False,0.1667175040306767,76492,15304.0
120570137022,Hillsborough,1628,16,464,0.034482758620689655,False,0.1598186869425354,80444,15302.0
120570137023,Hillsborough,6249,53,2307,0.022973558734286952,True,0.0,56766,0.0
120570137024,Hillsborough,899,18,359,0.05013927576601671,True,0.0,56152,0.0
120570137031,Hillsborough,6027,152,2080,0.07307692307692308,True,0.0,80414,0.0
120570137032,Hillsborough,1083,14,308,0.045454545454545456,False,0.5089821703077838,87520,90722.0
120570137041,Hillsborough,7719,116,2495,0.04649298597194389,True,0.0,57118,0.0
120570137042,Hillsborough,522,42,240,0.175,True,0.0,52486,0.0
120570137043,Hillsborough,2140,14,1090,0.012844036697247707,False,0.1542245108962969,84257,15364.0
120570138011,Hillsborough,1144,44,347,0.12680115273775217,False,0.4680310020860932,34936,30737.0
120570138012,Hillsborough,1383,20,448,0.044642857142857144,False,0.4543547637954542,36418,30325.0
120570138021,Hillsborough,2222,72,777,0.09266409266409266,False,0.3434839960765302,58231,30466.0
120570138022,Hillsborough,1380,18,591,0.030456852791878174,False,0.2534639307928791,52209,17726.0
120570138031,Hillsborough,1530,85,514,0.16536964980544747,False,0.3475569037135969,57644,30707.0
120570138041,Hillsborough,10208,66,2856,0.023109243697478993,True,0.0,29275,0.0
120570138061,Hillsborough,1751,5,578,0.00865051903114187,True,0.0,47533,0.0
120570138071,Hillsborough,7702,66,2545,0.02593320235756385,True,0.0,28812,0.0
120570139031,Hillsborough,1978,11,612,0.017973856209150325,True,0.0,10238,0.0
120570139032,Hillsborough,1455,35,607,0.057660626029654036,True,0.0,6045,0.0
120570139071,Hillsborough,1162,18,403,0.04466501240694789,True,0.0,14131,0.0
120570139072,Hillsborough,599,0,247,0.0,True,0.0,3595,0.0
120570139081,Hillsborough,657,59,427,0.13817330210772832,True,0.0,47537,0.0
120570139082,Hillsborough,9304,72,3323,0.021667168221486607,True,0.0,45875,0.0
120570139121,Hillsborough,1755,5,494,0.010121457489878543,True,0.0,26509,0.0
120570139122,Hillsborough,2973,5,747,0.006693440428380187,True,0.0,11001,0.0
120570139131,Hillsborough,5663,37,2161,0.017121702915316984,True,0.0,16014,0.0
120570139132,Hillsborough,4066,65,857,0.07584597432905485,True,0.0,12936,0.0
120570139141,Hillsborough,2714,29,648,0.044753086419753084,True,0.0,13693,0.0
120570139142,Hillsborough,2105,31,564,0.0549645390070922,True,0.0,8876,0.0
120570139151,Hillsborough,8132,43,2548,0.016875981161695447,True,0.0,27388,0.0
120570139161,Hillsborough,12706,28,3927,0.0071301247771836,True,0.0,26358,0.0
120570139171,Hillsborough,7682,62,2366,0.026204564666103127,True,0.0,26664,0.0
120570139181,Hillsborough,1268,9,503,0.017892644135188866,True,0.0,16284,0.0
120570139182,Hillsborough,637,15,166,0.09036144578313253,True,0.0,34476,0.0
120570139191,Hillsborough,1718,0,512,0.0,True,0.0,35169,0.0
120570139192,Hillsborough,2081,0,643,0.0,True,0.0,29979,0.0
120570139193,Hillsborough,3208,13,1043,0.012464046021093002,True,0.0,28823,0.0
120570139201,Hillsborough,1867,8,595,0.013445378151260505,True,0.0,4692,0.0
120570139202,Hillsborough,2134,0,633,0.0,True,0.0,14868,0.0
120570139211,Hillsborough,4504,4,1323,0.0030234315948601664,True,0.0,13893,0.0
120570139221,Hillsborough,6462,63,2180,0.02889908256880734,True,0.0,12716,0.0
120570139231,Hillsborough,7355,23,2225,0.010337078651685393,True,0.0,13122,0.0
120570140021,Hillsborough,2448,9,1004,0.008964143426294821,True,0.0,14561,0.0
120570140022,Hillsborough,835,9,355,0.02535211267605634,True,0.0,3543,0.0
120570140031,Hillsborough,1498,5,603,0.008291873963515755,True,0.0,12043,0.0
120570140071,Hillsborough,4563,0,1304,0.0,True,0.0,23429,0.0
120570140081,Hillsborough,1515,31,846,0.03664302600472813,True,0.0,19536,0.0
120570140082,Hillsborough,1451,87,966,0.09006211180124224,True,0.0,15133,0.0
120570140083,Hillsborough,550,15,367,0.04087193460490463,True,0.0,22226,0.0
120570140091,Hillsborough,2027,205,968,0.21177685950413222,True,0.0,24248,0.0
120570140101,Hillsborough,1139,34,699,0.04864091559370529,True,0.0,24916,0.0
120570140102,Hillsborough,1399,37,856,0.04322429906542056,True,0.0,20552,0.0
120570140111,Hillsborough,1391,102,914,0.11159737417943107,True,0.0,16298,0.0
120570140112,Hillsborough,1297,81,872,0.09288990825688073,True,0.0,20960,0.0
120570140113,Hillsborough,938,42,569,0.07381370826010544,True,0.0,17707,0.0
120570140121,Hillsborough,1126,87,729,0.11934156378600823,True,0.0,18985,0.0
120570140122,Hillsborough,1681,17,1029,0.01652089407191448,True,0.0,17914,0.0
120570140131,Hillsborough,1228,31,384,0.08072916666666667,True,0.0,20665,0.0
120570140141,Hillsborough,1215,345,923,0.37378114842903576,True,0.0,22745,0.0
120570140142,Hillsborough,895,11,511,0.021526418786692758,True,0.0,19621,0.0
120570140151,Hillsborough,1799,16,1019,0.015701668302257114,True,0.0,19943,0.0
120570140161,Hillsborough,924,16,515,0.031067961165048542,True,0.0,15077,0.0
120570141041,Hillsborough,890,7,422,0.016587677725118485,True,0.0,10711,0.0
120570141042,Hillsborough,658,17,341,0.04985337243401759,True,0.0,18680,0.0
120570141061,Hillsborough,1074,18,577,0.03119584055459272,False,0.7007143120597022,24343,56994.0
120570141062,Hillsborough,2203,8,764,0.010471204188481676,True,0.0,20220,0.0
120570141081,Hillsborough,1175,19,512,0.037109375,True,0.0,17718,0.0
120570141082,Hillsborough,3004,73,709,0.10296191819464035,True,0.0,19944,0.0
120570141083,Hillsborough,2140,50,723,0.06915629322268327,False,0.1402164543626089,17954,2928.0
120570141091,Hillsborough,4768,28,1310,0.021374045801526718,True,0.0,22477,0.0
120570141092,Hillsborough,1626,41,535,0.07663551401869159,False,0.0945959612985874,26857,2806.0
120570141171,Hillsborough,1713,0,776,0.0,True,0.0,18074,0.0
120570141172,Hillsborough,1191,18,580,0.03103448275862069,True,0.0,19031,0.0
120570141181,Hillsborough,3886,10,1890,0.005291005291005291,True,0.0,18730,0.0
120570141191,Hillsborough,6944,14,2331,0.006006006006006006,True,0.0,27285,0.0
120570141211,Hillsborough,5403,25,1946,0.012846865364850977,True,0.0,15307,0.0
120570141221,Hillsborough,5633,85,1765,0.04815864022662889,True,0.0,24571,0.0
120579804001,Hillsborough,89,0,34,0.0,True,0.0,17567,0.0
120579805001,Hillsborough,18,0,5,0.0,True,0.0,44532,0.0
121010301011,Pasco,2005,47,766,0.06135770234986945,True,0.0,8249,0.0
121010301012,Pasco,894,26,391,0.06649616368286446,True,0.0,6903,0.0
121010301021,Pasco,604,8,252,0.031746031746031744,True,0.0,9656,0.0
121010301022,Pasco,757,35,335,0.1044776119402985,False,0.5849817854205022,10595,14934.0
121010301023,Pasco,1283,157,519,0.302504816955684,True,0.0,10789,0.0
121010302021,Pasco,1094,0,532,0.0,False,0.5824483834037345,10577,14754.0
121010302022,Pasco,951,58,540,0.10740740740740741,False,0.3861077429412783,10632,6687.0
121010302023,Pasco,861,21,459,0.0457516339869281,False,0.613410836620303,9311,14774.0
121010302031,Pasco,671,38,338,0.11242603550295859,False,0.3418711778254308,16573,8609.0
121010302032,Pasco,932,63,480,0.13125,False,0.2446278150249269,13182,4269.0
121010302041,Pasco,1145,24,547,0.043875685557586835,False,0.405820713148443,16047,10960.0
121010302051,Pasco,919,21,348,0.0603448275862069,False,0.336015972968822,21616,10939.0
121010302052,Pasco,1359,39,654,0.05963302752293578,True,0.0,12127,0.0
121010303011,Pasco,1637,129,809,0.15945611866501855,False,0.3457291209594851,17893,9455.0
121010303012,Pasco,804,21,309,0.06796116504854369,False,0.3812400424853956,18642,11486.0
121010303021,Pasco,998,27,561,0.0481283422459893,False,0.2427074586543025,20743,6648.0
121010303022,Pasco,1065,179,713,0.25105189340813466,False,0.566182649651156,22198,28971.0
121010303031,Pasco,1461,10,647,0.015455950540958269,True,0.0,16732,0.0
121010303032,Pasco,2098,26,839,0.03098927294398093,True,0.0,17173,0.0
121010304041,Pasco,751,18,374,0.0481283422459893,True,0.0,12078,0.0
121010304042,Pasco,2033,19,810,0.02345679012345679,True,0.0,15654,0.0
121010304051,Pasco,477,24,256,0.09375,True,0.0,18059,0.0
121010304052,Pasco,1495,47,583,0.08061749571183534,True,0.0,15726,0.0
121010304061,Pasco,658,42,301,0.13953488372093023,False,0.3956006087930391,21047,13776.0
121010304062,Pasco,797,0,437,0.0,False,0.4112230559956949,19694,13755.0
121010304063,Pasco,783,15,304,0.049342105263157895,False,0.4432898707510107,19555,15571.0
121010304071,Pasco,1609,33,556,0.05935251798561151,True,0.0,17660,0.0
121010304072,Pasco,1054,44,465,0.09462365591397849,False,0.4508537148131056,19040,15632.0
121010304081,Pasco,1181,8,579,0.013816925734024179,True,0.0,18348,0.0
121010304082,Pasco,1138,41,502,0.08167330677290836,False,0.3993058471184258,21461,14266.0
121010304091,Pasco,1722,34,687,0.049490538573508006,True,0.0,17672,0.0
121010304092,Pasco,852,0,338,0.0,True,0.0,15416,0.0
121010304101,Pasco,1051,86,550,0.15636363636363637,False,0.5663583608960012,21895,28596.0
121010304102,Pasco,973,10,448,0.022321428571428572,False,0.6508430033498047,18866,35167.0
121010304111,Pasco,685,33,350,0.09428571428571429,True,0.0,16460,0.0
121010304112,Pasco,1508,85,491,0.17311608961303462,True,0.0,17581,0.0
121010304113,Pasco,997,10,410,0.024390243902439025,True,0.0,15608,0.0
121010304121,Pasco,1361,46,580,0.07931034482758621,False,0.4959486539075886,17356,17077.0
121010304122,Pasco,1295,16,554,0.02888086642599278,False,0.4532208187011898,20864,17294.0
121010305011,Pasco,1185,70,571,0.12259194395796848,False,0.5916943410150616,24344,35278.0
121010305012,Pasco,300,6,132,0.045454545454545456,False,0.5487981830799319,21456,26097.0
121010305021,Pasco,1355,24,533,0.0450281425891182,False,0.6167430150015736,21920,35274.0
121010305022,Pasco,1577,31,704,0.04403409090909091,True,0.0,22072,0.0
121010305023,Pasco,1593,32,760,0.042105263157894736,False,0.3603881309137695,23862,13445.0
121010306011,Pasco,1063,145,641,0.22620904836193448,False,0.4435336976320583,21996,17532.0
121010306012,Pasco,935,35,381,0.09186351706036745,False,0.4102716636922466,26766,18621.0
121010306021,Pasco,1204,0,514,0.0,False,0.3806229305192882,23008,14139.0
121010306022,Pasco,1472,29,566,0.05123674911660778,False,0.3812563369895843,26851,16545.0
121010307001,Pasco,1842,19,618,0.030744336569579287,False,0.5452102672028261,24203,29015.0
121010307002,Pasco,1982,26,822,0.031630170316301706,False,0.5305487994440685,25671,29012.0
121010308001,Pasco,1389,141,534,0.2640449438202247,False,0.3149069877373968,24638,11325.0
121010308002,Pasco,1664,127,747,0.17001338688085676,False,0.5239702537814519,26373,29029.0
121010309011,Pasco,284,69,224,0.3080357142857143,False,0.3663654073388049,19841,11472.0
121010309012,Pasco,2189,82,938,0.08742004264392324,False,0.3175262041986442,22854,10633.0
121010309013,Pasco,1327,8,575,0.01391304347826087,False,0.2484996249062265,20035,6625.0
121010309031,Pasco,2885,38,1241,0.030620467365028204,False,0.2281633047003185,23991,7092.0
121010309041,Pasco,1482,37,741,0.04993252361673414,False,0.161744875943905,24866,4798.0
121010309042,Pasco,1382,69,644,0.10714285714285714,False,0.2964417940819037,24894,10489.0
121010309051,Pasco,2295,84,1015,0.08275862068965517,False,0.3357805512914636,19904,10062.0
121010309052,Pasco,1259,36,519,0.06936416184971098,False,0.3069743173517305,23908,10590.0
121010310031,Pasco,1652,0,619,0.0,True,0.0,14879,0.0
121010310032,Pasco,1653,25,473,0.052854122621564484,False,0.4330180042722001,14864,11352.0
121010310033,Pasco,2012,18,813,0.02214022140221402,True,0.0,15013,0.0
121010310034,Pasco,849,0,377,0.0,True,0.0,15512,0.0
121010310051,Pasco,2457,118,1122,0.1051693404634581,False,0.3368558898769643,21775,11061.0
121010310052,Pasco,1780,25,626,0.039936102236421724,False,0.239527553074323,20024,6307.0
121010310061,Pasco,1951,81,750,0.108,False,0.2238929793632686,22452,6477.0
121010310071,Pasco,1982,28,621,0.04508856682769726,False,0.3397358943577431,23100,11886.0
121010310072,Pasco,2312,186,949,0.19599578503688092,False,0.218905299739357,22476,6299.0
121010310073,Pasco,1428,0,521,0.0,False,0.2268949527376493,21674,6361.0
121010310081,Pasco,1036,87,478,0.18200836820083682,False,0.2082609426665919,14127,3716.0
121010310082,Pasco,1344,14,399,0.03508771929824561,False,0.1862009369172693,17893,4094.0
121010310091,Pasco,1445,136,677,0.20088626292466766,False,0.4484029484029484,14368,11680.0
121010310092,Pasco,1670,45,583,0.07718696397941681,False,0.394767521601975,17651,11513.0
121010310101,Pasco,2649,65,1019,0.06378802747791953,False,0.3666215717623908,15450,8943.0
121010310102,Pasco,2628,132,1000,0.132,False,0.3452869304397689,14843,7828.0
121010310111,Pasco,1222,96,612,0.1568627450980392,False,0.3209710869830425,16698,7893.0
121010310112,Pasco,1466,61,555,0.10990990990990991,False,0.2693168409488546,17958,6619.0
121010310121,Pasco,1339,12,766,0.015665796344647518,True,0.0,14671,0.0
121010310122,Pasco,1404,8,540,0.014814814814814815,False,0.182442506664257,18095,4038.0
121010310123,Pasco,2114,97,900,0.10777777777777778,False,0.1682758620689655,19899,4026.0
121010310131,Pasco,1122,7,432,0.016203703703703703,False,0.2921465968586387,20956,8649.0
121010310132,Pasco,1948,139,828,0.1678743961352657,False,0.319771247459262,19745,9282.0
121010310141,Pasco,1721,58,641,0.0904836193447738,False,0.2897082498920171,18089,7378.0
121010310142,Pasco,1955,74,735,0.10068027210884353,False,0.1611277640210261,19310,3709.0
121010311011,Pasco,2405,215,1062,0.2024482109227872,False,0.3776862212650405,13292,8067.0
121010311012,Pasco,2707,30,919,0.03264417845484222,True,0.0,13137,0.0
121010311021,Pasco,1376,0,692,0.0,False,0.3915668469860896,12597,8107.0
121010311022,Pasco,2213,39,1047,0.03724928366762178,True,0.0,15454,0.0
121010311023,Pasco,1482,232,769,0.3016905071521456,True,0.0,13314,0.0
121010312031,Pasco,1093,94,583,0.16123499142367068,True,0.0,12307,0.0
121010312032,Pasco,1395,10,790,0.012658227848101266,False,0.4236099230111206,10107,7428.0
121010312041,Pasco,1820,27,915,0.029508196721311476,False,0.3443846226504203,13882,7292.0
121010312042,Pasco,869,0,283,0.0,False,0.3648370732599058,13898,7983.0
121010312051,Pasco,1072,30,400,0.075,True,0.0,11123,0.0
121010312052,Pasco,1850,38,787,0.048284625158831,True,0.0,13476,0.0
121010312053,Pasco,1248,0,463,0.0,True,0.0,14464,0.0
121010312061,Pasco,1485,30,555,0.05405405405405406,True,0.0,13763,0.0
121010312062,Pasco,1425,6,469,0.01279317697228145,True,0.0,12847,0.0
121010312071,Pasco,577,11,231,0.047619047619047616,True,0.0,13631,0.0
121010312072,Pasco,1841,28,806,0.034739454094292806,False,0.1983851185609157,15686,3882.0
121010312081,Pasco,1905,32,737,0.04341926729986431,True,0.0,10511,0.0
121010312082,Pasco,1970,0,779,0.0,True,0.0,17278,0.0
121010313011,Pasco,984,17,484,0.03512396694214876,False,0.0204884445172922,11952,250.0
121010313012,Pasco,961,69,581,0.11876075731497418,True,0.0,10080,0.0
121010313013,Pasco,1669,0,713,0.0,True,0.0,10616,0.0
121010313021,Pasco,1665,40,693,0.05772005772005772,True,0.0,11076,0.0
121010313022,Pasco,1883,0,598,0.0,True,0.0,13075,0.0
121010313023,Pasco,3196,0,940,0.0,False,0.2168576104746317,14355,3975.0
121010314011,Pasco,1036,115,492,0.23373983739837398,False,0.2999297039756307,26889,11520.0
121010314012,Pasco,1247,67,512,0.130859375,False,0.3021407546160021,26079,11291.0
121010314013,Pasco,1087,142,500,0.284,False,0.308694017828375,25747,11497.0
121010314014,Pasco,454,7,211,0.03317535545023697,False,0.3022136415328872,26384,11427.0
121010314041,Pasco,1826,49,818,0.05990220048899755,False,0.4234822887063931,25764,18925.0
121010314042,Pasco,1975,68,717,0.09483960948396095,False,0.2025114365539897,25975,6596.0
121010314051,Pasco,1899,104,768,0.13541666666666666,False,0.2891169425087108,26115,10621.0
121010314061,Pasco,942,172,517,0.33268858800773693,False,0.3549391587620963,26930,14818.0
121010314062,Pasco,1154,116,508,0.2283464566929134,False,0.2808454074172538,27051,10564.0
121010314063,Pasco,935,20,425,0.047058823529411764,False,0.3327954713786901,25223,12581.0
121010314071,Pasco,1374,42,649,0.06471494607087827,False,0.321312767053547,22396,10603.0
121010314072,Pasco,1349,120,730,0.1643835616438356,False,0.3160190438178863,23992,11085.0
121010314081,Pasco,2723,60,1306,0.045941807044410414,False,0.3496624622490673,29286,15746.0
121010314091,Pasco,5744,203,1624,0.125,False,0.2887318514711551,27679,11236.0
121010314092,Pasco,1499,14,801,0.017478152309612985,False,0.2740371293987254,28820,10879.0
121010315031,Pasco,1198,25,546,0.045787545787545784,False,0.4247240523658766,26893,19855.0
121010315032,Pasco,1493,39,602,0.06478405315614617,False,0.4107717396095024,26738,18640.0
121010315041,Pasco,2010,10,726,0.013774104683195593,True,0.0,26245,0.0
121010315051,Pasco,2619,53,1064,0.04981203007518797,False,0.2849631692652073,27471,10948.0
121010315052,Pasco,3326,0,1360,0.0,False,0.2523402523402523,31229,10540.0
121010315061,Pasco,1386,59,688,0.08575581395348837,True,0.0,25770,0.0
121010315062,Pasco,1464,37,532,0.06954887218045112,True,0.0,22807,0.0
121010315063,Pasco,692,0,251,0.0,False,0.2539383396153474,30878,10510.0
121010315071,Pasco,1829,35,670,0.05223880597014925,False,0.0457336091138908,29066,1393.0
121010315072,Pasco,1880,0,882,0.0,True,0.0,29858,0.0
121010315073,Pasco,1840,0,637,0.0,True,0.0,27418,0.0
121010315081,Pasco,1847,0,647,0.0,True,0.0,30454,0.0
121010315082,Pasco,2158,8,781,0.010243277848911651,True,0.0,27242,0.0
121010316011,Pasco,2599,21,1043,0.020134228187919462,True,0.0,28264,0.0
121010316012,Pasco,3523,57,1589,0.03587161736941473,True,0.0,33192,0.0
121010316021,Pasco,2274,11,772,0.014248704663212436,True,0.0,35356,0.0
121010316022,Pasco,2313,39,739,0.05277401894451962,True,0.0,35027,0.0
121010316023,Pasco,2415,0,923,0.0,True,0.0,39074,0.0
121010316031,Pasco,3640,24,988,0.024291497975708502,True,0.0,38701,0.0
121010316032,Pasco,6009,27,1724,0.015661252900232018,True,0.0,37385,0.0
121010316041,Pasco,2413,58,724,0.08011049723756906,True,0.0,24145,0.0
121010316042,Pasco,1155,39,540,0.07222222222222222,True,0.0,33280,0.0
121010316043,Pasco,2914,15,1063,0.014111006585136407,True,0.0,33841,0.0
121010316051,Pasco,1515,24,479,0.05010438413361169,True,0.0,33189,0.0
121010316052,Pasco,2362,65,1121,0.05798394290811775,True,0.0,43850,0.0
121010317011,Pasco,1600,5,538,0.00929368029739777,True,0.0,10522,0.0
121010317012,Pasco,749,10,462,0.021645021645021644,True,0.0,30123,0.0
121010317031,Pasco,967,0,355,0.0,False,0.1989960737537895,16117,4004.0
121010317032,Pasco,1705,18,609,0.029556650246305417,False,0.1949771000050329,15995,3874.0
121010317033,Pasco,1669,107,680,0.15735294117647058,False,0.2247810375451705,12657,3670.0
121010317041,Pasco,682,0,282,0.0,True,0.0,17934,0.0
121010317042,Pasco,2347,17,947,0.01795142555438226,False,0.1784585365853658,21052,4573.0
121010317043,Pasco,2844,14,1063,0.01317027281279398,True,0.0,17462,0.0
121010317051,Pasco,2276,9,868,0.010368663594470046,False,0.1754108829361745,24534,5219.0
121010317052,Pasco,2049,0,793,0.0,True,0.0,24406,0.0
121010317061,Pasco,1513,28,837,0.03345280764635603,True,0.0,24251,0.0
121010317062,Pasco,1367,11,525,0.02095238095238095,True,0.0,24144,0.0
121010317071,Pasco,1414,10,688,0.014534883720930232,True,0.0,21045,0.0
121010317072,Pasco,2258,28,889,0.031496062992125984,True,0.0,25989,0.0
121010317081,Pasco,1159,14,505,0.027722772277227723,False,0.1098289164709828,26536,3274.0
121010317082,Pasco,1817,29,727,0.039889958734525444,True,0.0,22183,0.0
121010317083,Pasco,2151,94,1205,0.07800829875518672,False,0.1132781576106513,24642,3148.0
121010318041,Pasco,1088,39,523,0.0745697896749522,True,0.0,8624,0.0
121010318042,Pasco,880,0,516,0.0,True,0.0,8864,0.0
121010318043,Pasco,1150,28,708,0.03954802259887006,True,0.0,9322,0.0
121010318044,Pasco,711,0,288,0.0,True,0.0,11406,0.0
121010318051,Pasco,1802,17,756,0.022486772486772486,True,0.0,11010,0.0
121010318052,Pasco,2110,41,737,0.05563093622795115,True,0.0,10479,0.0
121010318061,Pasco,2636,16,859,0.018626309662398137,True,0.0,13160,0.0
121010318062,Pasco,2559,19,903,0.021040974529346623,True,0.0,7102,0.0
121010318071,Pasco,990,0,387,0.0,True,0.0,12068,0.0
121010318072,Pasco,543,57,316,0.18037974683544303,False,0.2830603417712543,10111,3992.0
121010318073,Pasco,1354,62,561,0.11051693404634581,True,0.0,11678,0.0
121010318081,Pasco,2218,42,637,0.06593406593406594,True,0.0,14456,0.0
121010318082,Pasco,1288,0,500,0.0,True,0.0,18078,0.0
121010318091,Pasco,1931,8,605,0.013223140495867768,True,0.0,2793,0.0
121010318092,Pasco,1202,85,501,0.16966067864271456,True,0.0,4997,0.0
121010319011,Pasco,1892,18,765,0.023529411764705882,True,0.0,610,0.0
121010319012,Pasco,406,6,147,0.04081632653061224,True,0.0,3003,0.0
121010319021,Pasco,4128,0,474,0.0,True,0.0,8420,0.0
121010319022,Pasco,3374,90,1316,0.06838905775075987,True,0.0,4314,0.0
121010319023,Pasco,1305,24,515,0.04660194174757282,False,0.0523303352412101,18544,1024.0
121010319031,Pasco,2487,30,746,0.040214477211796246,True,0.0,8629,0.0
121010319032,Pasco,1798,0,539,0.0,True,0.0,8271,0.0
121010319033,Pasco,1017,45,344,0.1308139534883721,True,0.0,7598,0.0
121010319034,Pasco,976,16,394,0.04060913705583756,True,0.0,13139,0.0
121010320011,Pasco,2461,0,862,0.0,False,0.0353422331970059,25002,916.0
121010320012,Pasco,3382,13,997,0.013039117352056168,True,0.0,21499,0.0
121010320013,Pasco,832,0,313,0.0,True,0.0,18375,0.0
121010320051,Pasco,1535,10,551,0.018148820326678767,True,0.0,16864,0.0
121010320052,Pasco,2496,17,1355,0.012546125461254613,True,0.0,18062,0.0
121010320061,Pasco,2578,139,925,0.15027027027027026,True,0.0,27605,0.0
121010320062,Pasco,3645,81,1158,0.06994818652849741,True,0.0,28871,0.0
121010320063,Pasco,2470,0,868,0.0,True,0.0,28981,0.0
121010320071,Pasco,1133,0,416,0.0,True,0.0,26578,0.0
121010320072,Pasco,1605,13,618,0.021035598705501618,True,0.0,29646,0.0
121010320081,Pasco,2414,4,849,0.004711425206124852,True,0.0,26647,0.0
121010320082,Pasco,2812,16,848,0.018867924528301886,True,0.0,29647,0.0
121010320091,Pasco,1338,19,481,0.0395010395010395,True,0.0,25750,0.0
121010320092,Pasco,2487,0,876,0.0,True,0.0,26662,0.0
121010320093,Pasco,2054,0,759,0.0,True,0.0,27081,0.0
121010320094,Pasco,1703,0,620,0.0,True,0.0,36972,0.0
121010320101,Pasco,3309,0,1159,0.0,True,0.0,40337,0.0
121010320111,Pasco,3304,7,1141,0.006134969325153374,True,0.0,31219,0.0
121010320112,Pasco,1773,0,628,0.0,True,0.0,28880,0.0
121010320121,Pasco,2013,0,683,0.0,True,0.0,36662,0.0
121010320122,Pasco,1817,21,690,0.030434782608695653,True,0.0,38670,0.0
121010320131,Pasco,1842,0,855,0.0,True,0.0,42817,0.0
121010320132,Pasco,900,91,495,0.18383838383838383,True,0.0,29516,0.0
121010320133,Pasco,3385,0,1037,0.0,True,0.0,46759,0.0
121010320141,Pasco,2576,0,1013,0.0,True,0.0,41599,0.0
121010320142,Pasco,4321,0,1436,0.0,True,0.0,45343,0.0
121010321031,Pasco,815,0,276,0.0,True,0.0,11771,0.0
121010321032,Pasco,2687,0,848,0.0,True,0.0,22964,0.0
121010321033,Pasco,3173,0,933,0.0,True,0.0,19701,0.0
121010321041,Pasco,2213,0,707,0.0,True,0.0,26053,0.0
121010321042,Pasco,2680,36,934,0.03854389721627409,True,0.0,22653,0.0
121010321051,Pasco,3939,0,1112,0.0,True,0.0,17520,0.0
121010321052,Pasco,3458,49,1124,0.04359430604982206,True,0.0,21846,0.0
121010321061,Pasco,3055,0,871,0.0,True,0.0,30495,0.0
121010321062,Pasco,1376,0,480,0.0,True,0.0,27881,0.0
121010321063,Pasco,3914,39,1485,0.026262626262626262,True,0.0,29815,0.0
121010321071,Pasco,2002,12,639,0.018779342723004695,True,0.0,24163,0.0
121010321072,Pasco,2625,30,742,0.04043126684636118,True,0.0,16581,0.0
121010321073,Pasco,1454,6,445,0.01348314606741573,True,0.0,20463,0.0
121010321081,Pasco,1052,19,485,0.03917525773195876,False,0.1324849448926258,22905,3498.0
121010321082,Pasco,1704,0,499,0.0,True,0.0,17746,0.0
121010321083,Pasco,2936,41,1081,0.037927844588344126,True,0.0,19881,0.0
121010321091,Pasco,4449,28,1374,0.020378457059679767,True,0.0,41638,0.0
121010321101,Pasco,3162,23,1090,0.02110091743119266,True,0.0,31318,0.0
121010321111,Pasco,2589,0,797,0.0,True,0.0,23415,0.0
121010321112,Pasco,1306,0,480,0.0,True,0.0,20063,0.0
121010321121,Pasco,2668,0,927,0.0,True,0.0,30434,0.0
121010321122,Pasco,1343,0,436,0.0,True,0.0,27264,0.0
121010321131,Pasco,2624,0,1007,0.0,True,0.0,26836,0.0
121010321132,Pasco,1529,11,541,0.02033271719038817,True,0.0,22440,0.0
121010322001,Pasco,1788,8,717,0.011157601115760111,True,0.0,7614,0.0
121010322002,Pasco,1726,3,561,0.0053475935828877,True,0.0,12851,0.0
121010322003,Pasco,2142,39,363,0.10743801652892562,True,0.0,11169,0.0
121010323001,Pasco,2718,0,869,0.0,True,0.0,5517,0.0
121010324011,Pasco,872,0,388,0.0,False,0.32177291696647,4713,2236.0
121010324012,Pasco,2164,26,614,0.04234527687296417,True,0.0,5824,0.0
121010324021,Pasco,833,23,261,0.08812260536398467,False,0.5744598765432098,3309,4467.0
121010324022,Pasco,773,40,224,0.17857142857142858,False,0.6051735874744725,2900,4445.0
121010324023,Pasco,1899,37,653,0.05666156202143951,True,0.0,2788,0.0
121010325001,Pasco,1066,37,222,0.16666666666666666,False,0.3455551712210308,7568,3996.0
121010325002,Pasco,799,69,201,0.34328358208955223,False,0.3724782680006561,7652,4542.0
121010325003,Pasco,1068,70,396,0.17676767676767677,False,0.2264814990963569,8132,2381.0
121010325004,Pasco,1738,12,603,0.01990049751243781,True,0.0,6346,0.0
121010325005,Pasco,1169,0,432,0.0,True,0.0,8103,0.0
121010326011,Pasco,2298,55,703,0.07823613086770982,False,0.2927616759273164,9419,3899.0
121010326012,Pasco,910,101,409,0.2469437652811736,False,0.3317111459968603,8514,4226.0
121010326021,Pasco,1585,27,532,0.05075187969924812,False,0.3400059532668552,8869,4569.0
121010326022,Pasco,1776,21,589,0.035653650254668934,True,0.0,7948,0.0
121010327001,Pasco,608,23,260,0.08846153846153847,True,0.0,6669,0.0
121010327002,Pasco,1039,35,443,0.07900677200902935,True,0.0,5845,0.0
121010327003,Pasco,1243,9,583,0.015437392795883362,True,0.0,7288,0.0
121010328011,Pasco,1838,19,729,0.02606310013717421,True,0.0,7951,0.0
121010328021,Pasco,2126,21,812,0.02586206896551724,True,0.0,3945,0.0
121010328022,Pasco,954,31,362,0.0856353591160221,True,0.0,12397,0.0
121010328031,Pasco,1043,32,448,0.07142857142857142,False,0.3781157378164326,12799,7782.0
121010328032,Pasco,823,6,413,0.014527845036319613,False,0.3242450388265746,15664,7516.0
121010328041,Pasco,1238,0,576,0.0,False,0.262896867449451,17389,6202.0
121010328042,Pasco,1453,247,785,0.3146496815286624,False,0.3578706893425681,17708,9869.0
121010329011,Pasco,2452,127,1052,0.12072243346007605,True,0.0,18543,0.0
121010329012,Pasco,3145,27,1093,0.024702653247941447,True,0.0,17495,0.0
121010329021,Pasco,960,4,395,0.010126582278481013,True,0.0,20658,0.0
121010329022,Pasco,785,21,509,0.0412573673870334,False,0.1669956426203865,22367,4484.0
121010329031,Pasco,859,9,450,0.02,False,0.180311299777643,20275,4460.0
121010329032,Pasco,1155,10,575,0.017391304347826087,False,0.1554105909439754,24211,4455.0
121010329033,Pasco,1225,21,642,0.03271028037383177,True,0.0,15475,0.0
121010329041,Pasco,2463,25,843,0.02965599051008304,True,0.0,21450,0.0
121010330051,Pasco,1498,17,543,0.03130755064456722,True,0.0,12169,0.0
121010330052,Pasco,420,0,175,0.0,True,0.0,15933,0.0
121010330053,Pasco,1992,92,910,0.1010989010989011,False,0.1700701320132013,16094,3298.0
121010330054,Pasco,364,0,144,0.0,True,0.0,17761,0.0
121010330061,Pasco,1342,15,623,0.024077046548956663,False,0.1133321107647166,19340,2472.0
121010330062,Pasco,904,32,425,0.07529411764705882,False,0.3036210731164859,20039,8737.0
121010330071,Pasco,860,18,471,0.03821656050955414,True,0.0,20183,0.0
121010330072,Pasco,1027,20,538,0.03717472118959108,False,0.175500217056711,20892,4447.0
121010330081,Pasco,514,18,214,0.08411214953271028,False,0.3017002650150374,23451,10132.0
121010330082,Pasco,1189,47,731,0.06429548563611491,True,0.0,15946,0.0
121010330083,Pasco,698,0,308,0.0,False,0.16165946290654,23663,4563.0
121010330091,Pasco,894,63,340,0.18529411764705883,False,0.1513611302549965,19702,3514.0
121010330092,Pasco,812,58,355,0.16338028169014085,False,0.3216871262197041,21550,10220.0
121010330093,Pasco,1201,67,579,0.1157167530224525,False,0.2602965995188337,20600,7249.0
121010330101,Pasco,384,81,249,0.3253012048192771,False,0.14278254058053,19698,3281.0
121010330102,Pasco,1369,20,731,0.027359781121751026,False,0.1705668226729069,15950,3280.0
121010330103,Pasco,1947,44,712,0.06179775280898876,False,0.1771969211032713,20524,4420.0
121010330111,Pasco,760,4,317,0.012618296529968454,True,0.0,21127,0.0
121010330112,Pasco,1191,33,511,0.06457925636007827,True,0.0,19331,0.0
121010330121,Pasco,1080,66,605,0.10909090909090909,False,0.1252346272242661,23302,3336.0
121010330122,Pasco,1456,67,621,0.10789049919484701,True,0.0,22832,0.0
121010330131,Pasco,1233,58,415,0.13975903614457832,False,0.2668113470779724,23649,8606.0
121010330132,Pasco,1149,32,515,0.062135922330097085,False,0.304121785692049,22353,9769.0
121010330133,Pasco,716,0,311,0.0,False,0.2871193790654558,22686,9137.0
121010330141,Pasco,836,43,360,0.11944444444444445,True,0.0,17613,0.0
121010330142,Pasco,999,35,582,0.06013745704467354,True,0.0,23154,0.0
121010330143,Pasco,781,11,434,0.02534562211981567,True,0.0,21906,0.0
121010331011,Pasco,1232,11,435,0.02528735632183908,True,0.0,8771,0.0
121010331012,Pasco,1314,29,782,0.0370843989769821,True,0.0,13268,0.0
121010331021,Pasco,902,0,389,0.0,True,0.0,19322,0.0
121010331022,Pasco,476,7,204,0.03431372549019608,True,0.0,14332,0.0
121030201011,Pinellas,1321,105,434,0.24193548387096775,False,0.5867906365194525,52797,74976.0
121030201012,Pinellas,995,79,455,0.17362637362637362,False,0.5836591637606116,47278,66278.0
121030201013,Pinellas,1977,67,657,0.1019786910197869,False,0.6155247758305233,50853,81413.0
121030201014,Pinellas,660,35,268,0.13059701492537312,False,0.5590385340348462,53807,68215.0
121030201051,Pinellas,1873,0,867,0.0,False,0.2886470668922317,46674,18939.0
121030201052,Pinellas,1768,136,254,0.5354330708661418,False,0.4291424776148775,46413,34891.0
121030201053,Pinellas,1550,8,683,0.01171303074670571,False,0.5953032457830024,44961,66137.0
121030201061,Pinellas,537,0,184,0.0,True,0.0,13481,0.0
121030201062,Pinellas,1475,0,724,0.0,True,0.0,16725,0.0
121030201063,Pinellas,1058,0,427,0.0,True,0.0,18168,0.0
121030201064,Pinellas,487,0,244,0.0,True,0.0,22192,0.0
121030201071,Pinellas,836,0,340,0.0,False,0.1022512594458438,34215,3897.0
121030201072,Pinellas,838,26,511,0.050880626223091974,False,0.2209177362775513,38422,10895.0
121030201081,Pinellas,693,0,429,0.0,False,0.2546938202903973,31876,10893.0
121030201082,Pinellas,478,35,324,0.10802469135802469,False,0.2367218419959329,34907,10826.0
121030201083,Pinellas,1086,0,586,0.0,True,0.0,26919,0.0
121030202011,Pinellas,2289,28,818,0.034229828850855744,False,0.3995946327321241,46804,31150.0
121030202012,Pinellas,2160,28,665,0.042105263157894736,False,0.5570000925326177,47875,60195.0
121030202013,Pinellas,845,18,341,0.05278592375366569,False,0.5038941795117368,54908,55770.0
121030202021,Pinellas,653,53,368,0.14402173913043478,False,0.5498636413221337,41264,50406.0
121030202022,Pinellas,1344,10,495,0.020202020202020204,False,0.5906160766299625,42867,61844.0
121030202023,Pinellas,1372,0,512,0.0,False,0.6187324408362411,38134,61885.0
121030202061,Pinellas,2713,74,1103,0.06708975521305531,False,0.5871468396941587,50648,72030.0
121030202062,Pinellas,1756,127,844,0.1504739336492891,False,0.5933126934984521,49260,71865.0
121030202071,Pinellas,2118,36,979,0.03677221654749745,False,0.5963011677716358,45425,67097.0
121030202072,Pinellas,748,0,265,0.0,False,0.592722932048278,46061,67034.0
121030202081,Pinellas,1399,28,513,0.05458089668615984,False,0.4699046006725996,46342,41080.0
121030202082,Pinellas,1032,46,395,0.11645569620253164,False,0.6197211315009216,37964,61868.0
121030202091,Pinellas,1136,7,442,0.01583710407239819,False,0.6091360873633812,43022,67047.0
121030202092,Pinellas,1546,42,640,0.065625,False,0.597748820879831,41705,61974.0
121030202093,Pinellas,658,11,271,0.04059040590405904,False,0.5931272695066867,45940,66970.0
121030202094,Pinellas,1047,18,329,0.0547112462006079,False,0.6006125039977516,41210,61973.0
121030203011,Pinellas,1001,58,370,0.15675675675675677,False,0.5606211517566099,48525,61915.0
121030203012,Pinellas,884,0,237,0.0,False,0.5719459265197799,46452,62067.0
121030203013,Pinellas,819,33,331,0.09969788519637462,False,0.5931097982045577,42424,61840.0
121030203014,Pinellas,597,0,227,0.0,False,0.5885931558935361,43280,61920.0
121030203021,Pinellas,927,18,489,0.03680981595092025,False,0.5527782292706713,38521,47613.0
121030203022,Pinellas,1866,25,677,0.03692762186115214,False,0.5384752962217751,41288,48172.0
121030203023,Pinellas,1285,0,445,0.0,False,0.5393424789992144,45735,53547.0
121030204001,Pinellas,734,22,302,0.0728476821192053,True,0.0,51759,0.0
121030204002,Pinellas,796,32,354,0.0903954802259887,False,0.7536320642373515,57928,177200.0
121030204003,Pinellas,879,25,400,0.0625,False,0.5184301492285642,57119,61491.0
121030205001,Pinellas,404,35,201,0.17412935323383086,False,0.7620956742413596,57560,184386.0
121030205002,Pinellas,1349,153,486,0.3148148148148148,False,0.7024869945675497,56847,134227.0
121030205003,Pinellas,795,172,391,0.4398976982097187,False,0.5233535889972595,56005,61493.0
121030205004,Pinellas,1528,63,403,0.15632754342431762,False,0.5319259387437273,54100,61480.0
121030206001,Pinellas,1153,10,274,0.0364963503649635,False,0.7027955357554816,57973,137088.0
121030206002,Pinellas,1102,11,310,0.035483870967741936,False,0.6960422706764338,53154,121719.0
121030206003,Pinellas,1264,99,475,0.20842105263157895,False,0.6828229393882143,55401,119268.0
121030206004,Pinellas,561,28,167,0.16766467065868262,False,0.7309327978674898,61371,166717.0
121030207001,Pinellas,298,28,108,0.25925925925925924,False,0.7505777657722552,66482,200062.0
121030207002,Pinellas,1008,80,385,0.2077922077922078,False,0.7279820118756549,62303,166737.0
121030207003,Pinellas,703,85,235,0.3617021276595745,False,0.6705698328945484,59812,121750.0
121030207004,Pinellas,1217,64,478,0.13389121338912133,False,0.7210989970981149,64490,166739.0
121030208001,Pinellas,846,127,260,0.48846153846153845,False,0.589781032774305,55060,79161.0
121030208002,Pinellas,601,34,178,0.19101123595505617,False,0.738154509131226,62585,176430.0
121030208003,Pinellas,1397,120,399,0.3007518796992481,False,0.7124931414125357,56067,138944.0
121030208004,Pinellas,943,47,255,0.1843137254901961,False,0.6332533770988511,58100,100320.0
121030208005,Pinellas,764,0,230,0.0,False,0.6320494322815382,58655,100755.0
121030208006,Pinellas,1167,92,314,0.2929936305732484,False,0.7453424570472216,60103,175912.0
121030212001,Pinellas,454,23,190,0.12105263157894737,False,0.7648551679102401,63376,206143.0
121030212002,Pinellas,546,114,217,0.5253456221198156,False,0.7097190275577614,59188,144711.0
121030212003,Pinellas,1268,36,315,0.11428571428571428,False,0.6990469880746101,59053,137167.0
121030212004,Pinellas,1021,49,247,0.19838056680161945,False,0.7299182193891847,61691,166725.0
121030215001,Pinellas,1183,282,822,0.34306569343065696,False,0.7658773291925466,66341,217019.0
121030215002,Pinellas,370,130,304,0.4276315789473684,False,0.7329665350070339,78965,216747.0
121030215003,Pinellas,1783,54,1048,0.05152671755725191,False,0.7433678911543745,66885,193741.0
121030216001,Pinellas,581,32,342,0.0935672514619883,False,0.7007747656894054,74771,175111.0
121030216002,Pinellas,671,277,490,0.5653061224489796,False,0.7258876920979335,70366,186339.0
121030216003,Pinellas,1202,57,405,0.14074074074074075,False,0.7084757391337492,68835,167286.0
121030218001,Pinellas,703,78,331,0.23564954682779457,False,0.7142477814806548,74255,185603.0
121030218002,Pinellas,957,100,334,0.2994011976047904,False,0.7590874638369648,67701,213318.0
121030218003,Pinellas,202,17,123,0.13821138211382114,False,0.7199670424385558,73752,189617.0
121030218004,Pinellas,1209,50,317,0.15772870662460567,False,0.6767692965576224,78611,164593.0
121030219001,Pinellas,660,64,231,0.27705627705627706,False,0.7090853350214801,73067,178096.0
121030219002,Pinellas,642,11,328,0.03353658536585366,False,0.7069707366936346,73960,178438.0
121030219003,Pinellas,565,67,242,0.2768595041322314,False,0.7244766702907983,71970,189242.0
121030219004,Pinellas,270,0,164,0.0,False,0.7516117775200657,70466,213227.0
121030219005,Pinellas,748,96,277,0.34657039711191334,False,0.7616035038627654,66623,212840.0
121030220001,Pinellas,863,0,311,0.0,False,0.7119146866087355,60404,149270.0
121030220002,Pinellas,450,38,225,0.1688888888888889,False,0.741593317981594,64412,184854.0
121030220003,Pinellas,769,11,202,0.054455445544554455,False,0.7390589035260832,66773,189120.0
121030220004,Pinellas,1060,29,356,0.08146067415730338,False,0.7572430791040088,60278,188028.0
121030221001,Pinellas,902,118,403,0.29280397022332505,False,0.7375953832993578,61658,173315.0
121030221002,Pinellas,809,27,399,0.06766917293233082,False,0.7327481887149573,68905,188923.0
121030221003,Pinellas,914,165,286,0.5769230769230769,False,0.735053343397636,68095,188919.0
121030221004,Pinellas,1056,99,390,0.25384615384615383,False,0.7474948946210124,63678,188507.0
121030221005,Pinellas,1222,0,449,0.0,False,0.6952346207785316,64325,146739.0
121030222001,Pinellas,1059,17,423,0.04018912529550828,False,0.6863513473945168,64271,140643.0
121030222002,Pinellas,1255,51,566,0.09010600706713781,False,0.6950299977779424,61761,140754.0
121030222003,Pinellas,1448,26,362,0.0718232044198895,False,0.7530446097894632,59212,180556.0
121030222004,Pinellas,760,9,278,0.03237410071942446,False,0.7140264050493695,58765,146726.0
121030223011,Pinellas,1158,19,374,0.05080213903743316,False,0.6328069067172036,52314,90156.0
121030223012,Pinellas,1345,28,579,0.04835924006908463,False,0.5852449557645907,47443,66945.0
121030223013,Pinellas,596,12,250,0.048,False,0.6754726789248845,48695,101354.0
121030223021,Pinellas,1111,93,501,0.18562874251497005,False,0.6681322731820336,50420,101508.0
121030223022,Pinellas,1068,8,382,0.020942408376963352,False,0.6599774286863236,52424,101754.0
121030223023,Pinellas,1671,159,751,0.21171770972037285,False,0.6408104386597601,54780,97730.0
121030224011,Pinellas,945,28,344,0.08139534883720931,False,0.4740639280189871,44541,40148.0
121030224012,Pinellas,1356,18,636,0.02830188679245283,True,0.0,35413,0.0
121030224013,Pinellas,652,0,248,0.0,False,0.4564764776153365,47773,40122.0
121030224014,Pinellas,679,42,255,0.16470588235294117,False,0.6140712636093698,42111,67005.0
121030224021,Pinellas,404,35,145,0.2413793103448276,False,0.3847772136909336,48837,30544.0
121030224022,Pinellas,1553,30,540,0.05555555555555555,False,0.6619069481514913,43448,85061.0
121030224023,Pinellas,394,12,175,0.06857142857142857,False,0.4161302795278276,51342,36592.0
121030224024,Pinellas,652,0,265,0.0,False,0.4154855614625854,53984,38373.0
121030224025,Pinellas,950,0,392,0.0,False,0.4036639061337496,48893,33096.0
121030224026,Pinellas,620,41,176,0.23295454545454544,False,0.56970596066796,45248,59908.0
121030225011,Pinellas,2282,0,673,0.0,False,0.6131431495968788,58203,92248.0
121030225012,Pinellas,863,16,448,0.03571428571428571,False,0.666862394995746,55600,111298.0
121030225013,Pinellas,2052,190,1158,0.16407599309153714,False,0.4369893300009612,46856,36368.0
121030225021,Pinellas,1229,18,300,0.06,False,0.3861036900985139,58826,36998.0
121030225022,Pinellas,791,38,296,0.12837837837837837,False,0.3584147432051529,56677,31662.0
121030225023,Pinellas,1865,9,693,0.012987012987012988,False,0.3428635597978663,58518,30532.0
121030225031,Pinellas,1991,24,765,0.03137254901960784,False,0.1748116743006397,65397,13854.0
121030225032,Pinellas,1510,0,630,0.0,False,0.4870480503645457,61842,58719.0
121030225033,Pinellas,1955,49,780,0.06282051282051282,False,0.3079391160503147,62336,27737.0
121030226011,Pinellas,1322,17,516,0.03294573643410853,False,0.6608935348693444,66923,130428.0
121030226012,Pinellas,1094,27,427,0.06323185011709602,False,0.665165027121449,65556,130230.0
121030226013,Pinellas,1330,37,482,0.07676348547717843,False,0.6892519065240947,60796,134848.0
121030226021,Pinellas,1852,53,672,0.07886904761904762,False,0.4333913150090804,73943,56558.0
121030226022,Pinellas,1153,0,473,0.0,False,0.6648245286970024,65623,130164.0
121030226023,Pinellas,1688,10,658,0.015197568389057751,False,0.1924547941226307,66721,15901.0
121030227001,Pinellas,1833,71,689,0.10304789550072568,False,0.6638631538313067,69661,137579.0
121030227002,Pinellas,1665,32,718,0.04456824512534819,False,0.6946400761377401,70587,160573.0
121030227003,Pinellas,696,41,378,0.10846560846560846,False,0.659732954977324,67150,130195.0
121030228011,Pinellas,2339,0,672,0.0,False,0.4475104506671248,77185,62519.0
121030228012,Pinellas,1301,35,475,0.07368421052631578,False,0.4169190508394836,79320,56716.0
121030228013,Pinellas,1382,86,652,0.13190184049079753,False,0.4741089663350681,79825,71965.0
121030228021,Pinellas,1138,0,412,0.0,False,0.5941071591844198,71028,103964.0
121030228022,Pinellas,1276,0,488,0.0,False,0.6388146898480092,69366,122685.0
121030228023,Pinellas,1349,22,388,0.05670103092783505,False,0.646481056056929,70941,129730.0
121030229011,Pinellas,2315,51,890,0.05730337078651685,False,0.6565232127850235,73977,141400.0
121030229012,Pinellas,722,26,353,0.07365439093484419,False,0.6865120986666775,76813,168214.0
121030229021,Pinellas,1125,56,441,0.12698412698412698,False,0.4862100725314366,80329,76017.0
121030229022,Pinellas,687,0,226,0.0,False,0.4786777956321196,80134,73579.0
121030229023,Pinellas,1108,117,418,0.2799043062200957,False,0.4743340418796074,81361,73416.0
121030230001,Pinellas,1275,13,491,0.026476578411405296,False,0.5126901906502439,90126,94820.0
121030230002,Pinellas,1232,0,452,0.0,False,0.4165728077232502,83398,59547.0
121030231001,Pinellas,1230,27,544,0.04963235294117647,False,0.1867527675276752,88156,20244.0
121030231002,Pinellas,1218,67,526,0.12737642585551331,False,0.2031346437989788,85212,21722.0
121030232001,Pinellas,967,15,455,0.03296703296703297,False,0.3914610871562876,86090,55380.0
121030232002,Pinellas,1028,15,490,0.030612244897959183,False,0.4090652296727652,81588,56478.0
121030232003,Pinellas,807,0,310,0.0,False,0.4042952339562509,82243,55817.0
121030233001,Pinellas,1142,47,420,0.11190476190476191,False,0.5510369019222674,79994,98181.0
121030233002,Pinellas,535,11,221,0.049773755656108594,False,0.5454586920577,79722,95668.0
121030233003,Pinellas,757,43,333,0.12912912912912913,False,0.6031471305865783,80023,121621.0
121030234001,Pinellas,690,54,352,0.1534090909090909,False,0.6131487715419786,76995,122035.0
121030234002,Pinellas,984,104,393,0.26463104325699743,False,0.7096472494850358,76681,187415.0
121030235001,Pinellas,944,123,611,0.20130932896890344,False,0.718806636538297,72301,184821.0
121030235002,Pinellas,877,42,391,0.10741687979539642,False,0.6610375525328754,75009,146281.0
121030235003,Pinellas,1521,111,699,0.15879828326180256,False,0.7327652507968333,69841,191506.0
121030236001,Pinellas,548,111,376,0.29521276595744683,False,0.5284643421033216,63911,71627.0
121030236002,Pinellas,1259,150,761,0.19710906701708278,False,0.7236335672700862,71158,186319.0
121030236003,Pinellas,1343,132,772,0.17098445595854922,False,0.5944856005729247,69081,101273.0
121030237001,Pinellas,1065,0,438,0.0,False,0.5232972475124942,63145,69317.0
121030237002,Pinellas,641,0,249,0.0,False,0.2860522424839822,65187,26118.0
121030237003,Pinellas,975,57,458,0.12445414847161572,False,0.4999818789368009,68983,68978.0
121030238001,Pinellas,1127,11,494,0.022267206477732792,False,0.5038107752956636,67968,69012.0
121030238002,Pinellas,1346,9,580,0.015517241379310345,False,0.4751876091331991,78746,71300.0
121030239001,Pinellas,817,14,366,0.03825136612021858,False,0.4805707041233171,77436,71643.0
121030239002,Pinellas,1269,160,634,0.25236593059936907,False,0.5012468478565425,71202,71558.0
121030240011,Pinellas,1473,0,661,0.0,True,0.0,56551,0.0
121030240012,Pinellas,1676,11,816,0.013480392156862746,True,0.0,43261,0.0
121030240021,Pinellas,1766,17,775,0.02193548387096774,True,0.0,67755,0.0
121030240022,Pinellas,1617,28,595,0.047058823529411764,False,0.4878005632686565,72383,68935.0
121030240023,Pinellas,2410,80,1242,0.0644122383252818,True,0.0,54738,0.0
121030240041,Pinellas,2766,21,884,0.023755656108597284,True,0.0,51781,0.0
121030240042,Pinellas,1698,0,781,0.0,True,0.0,52928,0.0
121030240043,Pinellas,1013,0,445,0.0,True,0.0,49032,0.0
121030240051,Pinellas,1715,21,603,0.03482587064676617,True,0.0,53206,0.0
121030240052,Pinellas,1400,6,516,0.011627906976744186,True,0.0,59000,0.0
121030241001,Pinellas,606,50,289,0.17301038062283736,False,0.4965902175965755,71973,70998.0
121030241002,Pinellas,1488,7,588,0.011904761904761904,False,0.5029542723867411,70327,71163.0
121030241003,Pinellas,1058,73,577,0.1265164644714038,False,0.5080313088562814,68699,70942.0
121030241004,Pinellas,1377,29,700,0.041428571428571426,False,0.4935015554787418,73265,71385.0
121030242001,Pinellas,1263,28,610,0.04590163934426229,False,0.4010224121996303,82956,55540.0
121030242002,Pinellas,1396,0,514,0.0,False,0.2648730000321926,91341,32911.0
121030242003,Pinellas,527,0,176,0.0,False,0.2731932795390068,82236,30911.0
121030242004,Pinellas,987,12,372,0.03225806451612903,False,0.1913675173357233,85711,20284.0
121030242005,Pinellas,889,54,392,0.1377551020408163,False,0.3907578825571304,84246,54034.0
121030243011,Pinellas,1611,0,515,0.0,False,0.2934696110613747,85233,35403.0
121030243012,Pinellas,1097,21,446,0.04708520179372197,False,0.268074378151418,78095,28603.0
121030243013,Pinellas,1077,26,392,0.0663265306122449,False,0.2665717113234246,79299,28822.0
121030243014,Pinellas,695,0,247,0.0,False,0.3978401290425247,83248,55001.0
121030243021,Pinellas,1088,0,346,0.0,False,0.2794304490690033,82235,31890.0
121030243022,Pinellas,2204,64,747,0.0856760374832664,False,0.2198424208316197,72085,20313.0
121030243023,Pinellas,1093,85,706,0.12039660056657224,False,0.2278619296796107,84109,24821.0
121030244031,Pinellas,1084,0,371,0.0,False,0.5041257754291528,75539,76796.0
121030244032,Pinellas,1991,122,815,0.14969325153374233,False,0.3191479191893442,85466,40062.0
121030244033,Pinellas,1283,84,542,0.15498154981549817,False,0.4954616709566294,78210,76803.0
121030244061,Pinellas,2096,83,962,0.08627858627858628,False,0.2025687618732964,96545,24525.0
121030244062,Pinellas,1791,72,828,0.08695652173913043,False,0.3097121094946959,94615,42451.0
121030244063,Pinellas,1744,24,904,0.02654867256637168,True,0.0,99091,0.0
121030244081,Pinellas,1728,0,619,0.0,False,0.2903474457055865,73652,30134.0
121030244082,Pinellas,1522,60,647,0.09273570324574962,False,0.4960446601325847,79441,78194.0
121030244083,Pinellas,935,60,444,0.13513513513513514,False,0.494352668486908,77226,75501.0
121030244091,Pinellas,1686,48,844,0.05687203791469194,False,0.3012052938396092,70964,30588.0
121030244092,Pinellas,1254,0,584,0.0,True,0.0,56920,0.0
121030244101,Pinellas,1977,105,836,0.1255980861244019,False,0.3481976536423287,85727,45796.0
121030244102,Pinellas,1569,135,761,0.1773981603153745,False,0.3327094999142539,89495,44622.0
121030244111,Pinellas,304,0,132,0.0,False,0.3066240867082789,71650,31685.0
121030244112,Pinellas,2069,36,824,0.043689320388349516,False,0.1923858018881943,81523,19420.0
121030244113,Pinellas,842,9,411,0.021897810218978103,False,0.294077232214285,75005,31246.0
121030244114,Pinellas,807,19,354,0.05367231638418079,False,0.3176138578934665,73508,34214.0
121030244121,Pinellas,3560,33,1661,0.019867549668874173,True,0.0,82425,0.0
121030244122,Pinellas,739,29,391,0.0741687979539642,False,0.3155611202988892,102223,47130.0
121030244131,Pinellas,1517,79,765,0.10326797385620914,False,0.332383834787253,90000,44808.0
121030244132,Pinellas,654,19,397,0.04785894206549118,False,0.1958394294960613,82995,20212.0
121030244133,Pinellas,2279,85,981,0.08664627930682976,False,0.2458870566629682,78841,25707.0
121030244134,Pinellas,708,112,454,0.24669603524229075,False,0.3534724139290925,81970,44815.0
121030245051,Pinellas,898,17,451,0.037694013303769404,False,0.3461366635151842,62935,33316.0
121030245052,Pinellas,2719,0,1096,0.0,False,0.229000349561159,81608,24239.0
121030245053,Pinellas,1114,50,522,0.09578544061302682,False,0.4123866835803347,75969,53315.0
121030245054,Pinellas,2256,23,950,0.024210526315789474,False,0.3050219316058809,68447,30041.0
121030245071,Pinellas,2273,11,1040,0.010576923076923078,True,0.0,58062,0.0
121030245072,Pinellas,1487,49,818,0.05990220048899755,False,0.3686957364106414,52135,30448.0
121030245081,Pinellas,3382,50,1293,0.038669760247486466,True,0.0,59634,0.0
121030245082,Pinellas,1872,11,811,0.013563501849568433,False,0.4098822656901826,63656,44214.0
121030245091,Pinellas,939,8,497,0.01609657947686117,True,0.0,81106,0.0
121030245092,Pinellas,1311,11,603,0.01824212271973466,True,0.0,78116,0.0
121030245093,Pinellas,1396,9,669,0.013452914798206279,False,0.0060276040543454,92181,559.0
121030245101,Pinellas,876,0,172,0.0,False,0.2640604727252214,65230,23405.0
121030245102,Pinellas,2141,87,617,0.14100486223662884,False,0.4723248417874008,65704,58812.0
121030245111,Pinellas,2473,51,1150,0.04434782608695652,False,0.237963864546143,84522,26394.0
121030245112,Pinellas,425,0,359,0.0,False,0.1921422844230629,88664,21088.0
121030245113,Pinellas,6324,93,3132,0.029693486590038315,False,0.0018921355734186,78598,149.0
121030245121,Pinellas,954,13,584,0.02226027397260274,True,0.0,81156,0.0
121030245122,Pinellas,2324,16,816,0.0196078431372549,False,0.2156954548728661,87108,23956.0
121030245131,Pinellas,966,16,562,0.028469750889679714,False,0.2196726468601671,84337,23742.0
121030245132,Pinellas,531,14,319,0.0438871473354232,False,0.547509674397313,85008,102859.0
121030245133,Pinellas,2348,77,1130,0.06814159292035399,False,0.2786052087096456,87863,33933.0
121030245141,Pinellas,1055,29,391,0.0741687979539642,False,0.4985423644709093,64676,64300.0
121030245142,Pinellas,2187,40,834,0.047961630695443645,False,0.2866431831272985,64399,25877.0
121030245143,Pinellas,1709,67,739,0.09066305818673884,False,0.3756281650788723,64359,38719.0
121030246011,Pinellas,1795,46,677,0.06794682422451995,False,0.5361680775642997,85968,99375.0
121030246012,Pinellas,1041,35,386,0.09067357512953368,False,0.1823932784353079,83104,18539.0
121030246013,Pinellas,1036,64,407,0.15724815724815724,False,0.5395653312385441,87920,103030.0
121030246021,Pinellas,1179,57,424,0.13443396226415094,False,0.5077608396573914,88733,91531.0
121030246022,Pinellas,1635,54,533,0.10131332082551595,False,0.529122212423556,81694,91799.0
121030246023,Pinellas,2156,112,838,0.13365155131264916,False,0.5311258709383343,86406,97878.0
121030246024,Pinellas,826,0,442,0.0,False,0.5321052745539581,86437,98299.0
121030247011,Pinellas,1268,187,816,0.22916666666666666,False,0.5384827160901693,83818,97796.0
121030247012,Pinellas,761,36,250,0.144,False,0.4048829717036059,76660,52155.0
121030247013,Pinellas,1494,49,496,0.09879032258064516,False,0.5361691651165336,84779,98001.0
121030247021,Pinellas,371,35,224,0.15625,False,0.1432533346139531,71361,11932.0
121030247022,Pinellas,868,7,343,0.02040816326530612,False,0.4764932857859252,75163,68413.0
121030247023,Pinellas,916,40,384,0.10416666666666667,False,0.4596586345381526,80727,68673.0
121030247031,Pinellas,1486,58,535,0.10841121495327102,False,0.4628780193311882,86301,74372.0
121030247032,Pinellas,1182,2,368,0.005434782608695652,False,0.2034073869465709,80749,20619.0
121030247033,Pinellas,541,18,244,0.07377049180327869,False,0.4369744374777193,80547,62514.0
121030248011,Pinellas,2146,10,830,0.012048192771084338,False,0.2796217712177122,78089,30311.0
121030248012,Pinellas,2082,37,983,0.03763987792472025,False,0.2576417385478603,70916,24612.0
121030248031,Pinellas,746,40,339,0.11799410029498525,False,0.2325410258297152,62574,18960.0
121030248032,Pinellas,1790,82,631,0.12995245641838352,False,0.1391925102399064,73556,11894.0
121030248041,Pinellas,2174,74,757,0.0977542932628798,False,0.1616592069595915,66493,12822.0
121030248051,Pinellas,1530,12,424,0.02830188679245283,False,0.1439605726129079,71041,11947.0
121030248052,Pinellas,1220,49,495,0.09898989898989899,True,0.0,65785,0.0
121030249011,Pinellas,1194,113,604,0.1870860927152318,False,0.5275369797041624,82407,92013.0
121030249012,Pinellas,2254,23,935,0.02459893048128342,False,0.321313492027063,73930,35001.0
121030249013,Pinellas,2261,35,615,0.056910569105691054,False,0.309690166142793,76866,34484.0
121030249021,Pinellas,1685,14,658,0.02127659574468085,False,0.5277857926019967,81830,91460.0
121030249022,Pinellas,1093,65,398,0.16331658291457288,False,0.5371772063183999,85849,99641.0
121030249023,Pinellas,2462,65,960,0.06770833333333333,False,0.5368262184211482,89305,103506.0
121030249024,Pinellas,1823,50,643,0.07776049766718507,False,0.5494746922795257,79975,97540.0
121030249041,Pinellas,2300,43,856,0.05023364485981308,False,0.0889279793467393,71992,7027.0
121030249042,Pinellas,1248,98,566,0.17314487632508835,False,0.3467503692762186,67222,35682.0
121030249051,Pinellas,2736,70,1061,0.06597549481621112,False,0.2536983473707012,117141,39821.0
121030249052,Pinellas,3091,70,1068,0.06554307116104868,False,0.1129602866347514,117845,15007.0
121030249053,Pinellas,1046,0,374,0.0,True,0.0,111249,0.0
121030249061,Pinellas,2295,79,924,0.0854978354978355,False,0.2393205096177866,109620,34488.0
121030249062,Pinellas,1023,54,430,0.12558139534883722,False,0.2646142131652136,113962,41007.0
121030249063,Pinellas,598,6,227,0.02643171806167401,False,0.4487816545287697,112927,91941.0
121030250041,Pinellas,1694,76,676,0.11242603550295859,False,0.2164518782561009,100016,27629.0
121030250042,Pinellas,1611,0,593,0.0,False,0.243618752421542,97611,31439.0
121030250043,Pinellas,2127,40,887,0.04509582863585118,False,0.2165558422525549,100501,27780.0
121030250044,Pinellas,899,126,362,0.34806629834254144,False,0.3045297966449474,102360,44821.0
121030250071,Pinellas,917,0,345,0.0,False,0.4168294248603466,85396,61038.0
121030250072,Pinellas,2073,64,894,0.07158836689038031,False,0.0013827903253196,82328,114.0
121030250073,Pinellas,1086,0,478,0.0,False,0.330731056340965,80242,39653.0
121030250091,Pinellas,2226,6,766,0.007832898172323759,False,0.0411066083537294,95594,4098.0
121030250092,Pinellas,2002,85,849,0.10011778563015312,False,0.222450692087299,102855,29426.0
121030250101,Pinellas,1272,0,538,0.0,False,0.2989747647068519,85061,36277.0
121030250102,Pinellas,866,0,408,0.0,False,0.1394665178757318,103332,16747.0
121030250103,Pinellas,1025,0,412,0.0,False,0.2049388844077682,102512,26424.0
121030250104,Pinellas,1801,51,759,0.06719367588932806,False,0.2934240602297844,93663,38896.0
121030250111,Pinellas,2551,30,797,0.037641154328732745,False,0.4036823445078045,92338,62509.0
121030250112,Pinellas,1399,0,464,0.0,False,0.0492241387422484,101038,5231.0
121030250113,Pinellas,1437,19,608,0.03125,True,0.0,83226,0.0
121030250121,Pinellas,1423,39,528,0.07386363636363637,False,0.0001823819077147,82230,15.0
121030250122,Pinellas,1591,15,641,0.0234009360374415,True,0.0,91138,0.0
121030250123,Pinellas,2416,59,1232,0.04788961038961039,False,0.0002639716419036,79533,21.0
121030250131,Pinellas,1797,42,687,0.0611353711790393,False,0.1370915476762904,82551,13115.0
121030250132,Pinellas,990,50,414,0.12077294685990338,False,0.2222533151590102,86158,24621.0
121030250133,Pinellas,1297,30,485,0.061855670103092786,False,0.277676352756225,85461,32853.0
121030250141,Pinellas,2249,42,792,0.05303030303030303,False,0.2595522790614043,98832,34644.0
121030250142,Pinellas,634,62,238,0.2605042016806723,False,0.2702367556892553,95337,35304.0
121030250143,Pinellas,1775,24,728,0.03296703296703297,False,0.1165346021401858,95439,12589.0
121030250151,Pinellas,1282,104,821,0.12667478684531058,False,0.1986708671139477,88264,21883.0
121030250152,Pinellas,1513,78,931,0.08378088077336197,False,0.1658262857827523,83545,16608.0
121030250161,Pinellas,2187,50,882,0.05668934240362812,False,0.3069574923262952,74509,33001.0
121030250171,Pinellas,1411,74,690,0.1072463768115942,False,0.1945047275786575,84254,20345.0
121030250172,Pinellas,1129,72,588,0.12244897959183673,False,0.1954724648755666,92651,22511.0
121030250181,Pinellas,622,18,289,0.06228373702422145,False,0.1933161266611538,96577,23144.0
121030250182,Pinellas,696,77,319,0.2413793103448276,False,0.205160428857558,101195,26120.0
121030250183,Pinellas,891,20,313,0.06389776357827476,False,0.1664915819907592,89658,17909.0
121030250191,Pinellas,529,44,340,0.12941176470588237,False,0.2947622422731725,88556,37013.0
121030250192,Pinellas,1766,141,764,0.18455497382198952,False,0.1602650851775195,84390,16106.0
121030251061,Pinellas,889,51,360,0.14166666666666666,False,0.0711418239764648,60621,4643.0
121030251062,Pinellas,1455,112,813,0.13776137761377613,False,0.3585561926145704,63993,35771.0
121030251071,Pinellas,784,62,378,0.164021164021164,False,0.2718925602634575,59474,22209.0
121030251072,Pinellas,1565,27,617,0.04376012965964344,False,0.3371949213121078,58415,29718.0
121030251073,Pinellas,1654,54,925,0.05837837837837838,True,0.0,49502,0.0
121030251081,Pinellas,1042,87,645,0.13488372093023257,False,0.0944385441426861,53717,5602.0
121030251082,Pinellas,1129,34,487,0.06981519507186858,False,0.0884932786629989,52686,5115.0
121030251091,Pinellas,1072,11,536,0.020522388059701493,False,0.2739478354036227,65055,24546.0
121030251092,Pinellas,1815,92,757,0.1215323645970938,True,0.0,57431,0.0
121030251093,Pinellas,1425,26,569,0.04569420035149385,False,0.3314331882041384,59580,29536.0
121030251101,Pinellas,1323,49,478,0.10251046025104603,False,0.1939316918189038,50742,12208.0
121030251102,Pinellas,923,12,388,0.030927835051546393,False,0.1633410166532549,61343,11976.0
121030251103,Pinellas,1192,0,509,0.0,True,0.0,53773,0.0
121030251104,Pinellas,1564,15,729,0.0205761316872428,True,0.0,53635,0.0
121030251111,Pinellas,1227,122,798,0.15288220551378445,False,0.3627070343877902,66643,37929.0
121030251112,Pinellas,521,173,246,0.7032520325203252,False,0.3727498873719468,64046,38060.0
121030251113,Pinellas,1289,173,745,0.23221476510067113,False,0.3521017720260738,67787,36839.0
121030251121,Pinellas,942,0,339,0.0,False,0.2563740416009391,81082,27954.0
121030251122,Pinellas,1244,31,534,0.05805243445692884,False,0.2992182086143455,71800,30657.0
121030251123,Pinellas,1217,23,569,0.040421792618629174,False,0.2822447559399543,72199,28391.0
121030251131,Pinellas,936,20,417,0.047961630695443645,True,0.0,71316,0.0
121030251132,Pinellas,630,38,307,0.1237785016286645,False,0.1600392343990244,63370,12074.0
121030251133,Pinellas,1119,24,563,0.04262877442273535,False,0.1494502494353577,68539,12043.0
121030251141,Pinellas,1912,33,669,0.04932735426008968,True,0.0,72069,0.0
121030251142,Pinellas,1316,51,758,0.06728232189973615,False,0.2719620504857311,76891,28723.0
121030251151,Pinellas,1966,145,1051,0.1379638439581351,False,0.3094670833462256,66952,30005.0
121030251152,Pinellas,1288,49,494,0.09919028340080972,False,0.2878012716250185,72249,29196.0
121030251161,Pinellas,699,27,313,0.08626198083067092,True,0.0,81083,0.0
121030251162,Pinellas,1399,5,560,0.008928571428571428,True,0.0,71489,0.0
121030251191,Pinellas,2473,20,801,0.024968789013732832,True,0.0,70199,0.0
121030251192,Pinellas,1055,68,479,0.1419624217118998,False,0.1880821086514867,61545,14257.0
121030251193,Pinellas,1980,25,789,0.031685678073510776,False,0.1758020745801936,59831,12762.0
121030251201,Pinellas,1281,0,422,0.0,True,0.0,73251,0.0
121030251202,Pinellas,771,0,253,0.0,True,0.0,63823,0.0
121030251203,Pinellas,1528,21,564,0.03723404255319149,True,0.0,62793,0.0
121030251211,Pinellas,2423,19,926,0.020518358531317494,False,0.1681271144140646,59998,12126.0
121030251212,Pinellas,2178,20,856,0.02336448598130841,False,0.1701234947762968,59337,12164.0
121030251221,Pinellas,1955,0,644,0.0,False,0.1972891320323344,49154,12081.0
121030251222,Pinellas,1890,19,939,0.02023429179978701,False,0.1798784983337757,55619,12199.0
121030251223,Pinellas,1787,22,836,0.02631578947368421,False,0.1726415498081285,57997,12102.0
121030251231,Pinellas,1110,5,393,0.01272264631043257,False,0.1603872422253166,63311,12094.0
121030251232,Pinellas,739,9,298,0.030201342281879196,False,0.1906403019056233,51901,12225.0
121030252031,Pinellas,2457,350,1222,0.2864157119476268,False,0.36663239256843,71454,41362.0
121030252032,Pinellas,1113,4,512,0.0078125,False,0.0022318016448072,65272,146.0
121030252033,Pinellas,2151,15,905,0.016574585635359115,False,0.0007738663680969,60687,47.0
121030252041,Pinellas,2283,111,1097,0.10118505013673655,False,0.2832170867942002,74301,29358.0
121030252042,Pinellas,1136,22,596,0.03691275167785235,False,0.2764397679984475,67116,25642.0
121030252051,Pinellas,1113,0,494,0.0,True,0.0,53126,0.0
121030252052,Pinellas,1777,69,865,0.07976878612716763,False,0.2054093040028849,55085,14240.0
121030252053,Pinellas,1068,0,475,0.0,False,0.1700318511554813,59151,12118.0
121030252071,Pinellas,2174,62,824,0.07524271844660194,False,0.3947992069712757,65631,42814.0
121030252072,Pinellas,3903,197,1261,0.15622521808088818,False,0.0288224031336324,66447,1972.0
121030252073,Pinellas,1352,21,641,0.0327613104524181,False,0.3927222434185425,63667,41173.0
121030252081,Pinellas,619,48,304,0.15789473684210525,False,0.1778253883235136,56795,12284.0
121030252082,Pinellas,1046,92,577,0.15944540727902945,False,0.2015839448174063,56254,14203.0
121030252091,Pinellas,2903,14,1070,0.013084112149532711,False,0.0225728687267148,62440,1442.0
121030252092,Pinellas,1275,171,697,0.24533715925394547,False,0.0277144969298311,64446,1837.0
121030252093,Pinellas,540,33,299,0.11036789297658862,False,0.2135657412101512,52743,14323.0
121030253031,Pinellas,1497,15,738,0.02032520325203252,False,0.2955052204605853,85625,35916.0
121030253032,Pinellas,2261,89,1047,0.08500477554918816,False,0.238743969253414,93094,29196.0
121030253033,Pinellas,1628,70,828,0.08454106280193237,False,0.2769857089766546,85602,32794.0
121030253041,Pinellas,1140,10,415,0.024096385542168676,False,0.3922051878669126,79409,51242.0
121030253042,Pinellas,786,13,427,0.03044496487119438,False,0.3460337987243655,81923,43348.0
121030253043,Pinellas,1185,67,723,0.09266943291839558,False,0.357098735329497,79100,43936.0
121030253051,Pinellas,1342,98,818,0.1198044009779951,False,0.3230498885650608,78973,37687.0
121030253052,Pinellas,1555,130,690,0.18840579710144928,False,0.3599800511591242,79566,44752.0
121030253061,Pinellas,1473,17,583,0.029159519725557463,False,0.3141128477792547,74820,34265.0
121030253071,Pinellas,1642,43,694,0.06195965417867435,False,0.3361824542786556,80071,40551.0
121030253072,Pinellas,2263,110,690,0.15942028985507245,False,0.4257593810697439,70364,52170.0
121030253073,Pinellas,757,10,275,0.03636363636363636,False,0.3745563504971278,78066,46751.0
121030253081,Pinellas,774,61,386,0.15803108808290156,False,0.3189926160823754,73875,34604.0
121030253082,Pinellas,1499,26,771,0.03372243839169909,False,0.2831778083728519,70288,27767.0
121030254011,Pinellas,1527,33,623,0.052969502407704656,True,0.0,108793,0.0
121030254012,Pinellas,1056,16,401,0.0399002493765586,False,0.0005669103386543,100488,57.0
121030254013,Pinellas,1350,45,564,0.0797872340425532,False,0.0016608300353994,105194,175.0
121030254014,Pinellas,851,25,257,0.09727626459143969,False,0.000824896887889,106592,88.0
121030254051,Pinellas,532,18,349,0.05157593123209169,False,0.1925358652713285,116509,27781.0
121030254052,Pinellas,1397,87,659,0.13201820940819423,False,0.0915684648693015,108464,10933.0
121030254053,Pinellas,2155,48,1045,0.045933014354066985,False,0.2400951056340764,97799,30900.0
121030254071,Pinellas,1767,49,752,0.06515957446808511,False,0.2817533730981468,90071,35333.0
121030254072,Pinellas,2053,100,858,0.11655011655011654,False,0.1530281975815848,98131,17730.0
121030254073,Pinellas,1784,0,786,0.0,True,0.0,89255,0.0
121030254081,Pinellas,1600,13,499,0.026052104208416832,False,0.3532005717252386,100913,55106.0
121030254082,Pinellas,1127,117,641,0.18252730109204368,False,0.1382803317226067,105571,16941.0
121030254083,Pinellas,3238,73,1349,0.054114158636026685,False,0.0050801466827335,114765,586.0
121030254111,Pinellas,2106,23,755,0.030463576158940398,False,0.1878695996082715,86245,19951.0
121030254121,Pinellas,1506,39,604,0.06456953642384106,False,0.0020845631641086,108190,226.0
121030254122,Pinellas,1545,60,610,0.09836065573770492,False,0.0049020036175213,113882,561.0
121030254123,Pinellas,673,25,249,0.10040160642570281,False,0.059615143873956,105167,6667.0
121030254124,Pinellas,1280,99,678,0.14601769911504425,False,0.0046834490256753,107109,504.0
121030254131,Pinellas,952,9,450,0.02,False,0.000351858005747,102278,36.0
121030254132,Pinellas,779,120,502,0.23904382470119523,False,0.1298130788389769,107958,16105.0
121030254133,Pinellas,1239,74,556,0.13309352517985612,False,0.1053389539541448,93807,11045.0
121030254141,Pinellas,711,20,421,0.047505938242280284,False,0.2422140060896041,104529,33411.0
121030254142,Pinellas,1778,54,714,0.07563025210084033,False,0.0066789131104197,93548,629.0
121030254151,Pinellas,1201,17,618,0.02750809061488673,False,0.310632284092041,110729,49895.0
121030254152,Pinellas,3366,140,1361,0.10286554004408523,False,0.1415838524470178,105556,17410.0
121030254161,Pinellas,1619,27,770,0.03506493506493506,False,0.1857688594790386,98684,22515.0
121030254162,Pinellas,1856,9,837,0.010752688172043012,False,0.2618293480847014,99281,35215.0
121030254171,Pinellas,854,9,483,0.018633540372670808,False,0.0009812934480585,96716,95.0
121030254172,Pinellas,1604,27,904,0.029867256637168143,False,0.0008812655833548,92966,82.0
121030255011,Pinellas,1466,20,578,0.03460207612456748,False,0.2545241526959483,88444,30197.0
121030255012,Pinellas,2011,8,764,0.010471204188481676,False,0.1046842604631549,101912,11916.0
121030255013,Pinellas,818,0,295,0.0,False,0.1291626839992353,91107,13513.0
121030255031,Pinellas,2127,94,916,0.10262008733624454,False,0.1044075178715144,94588,11027.0
121030255032,Pinellas,1253,102,682,0.1495601173020528,False,0.2694621737240638,95802,35337.0
121030255033,Pinellas,1707,318,810,0.3925925925925926,False,0.2603796106517146,94184,33157.0
121030255051,Pinellas,2781,229,1095,0.2091324200913242,False,0.3869599338239973,86709,54732.0
121030255061,Pinellas,1129,21,390,0.05384615384615385,False,0.3124515638754919,91380,41527.0
121030255062,Pinellas,1949,52,812,0.06403940886699508,False,0.3390397391357347,86755,44501.0
121030255063,Pinellas,810,0,306,0.0,False,0.3008794121190218,87051,37464.0
121030255064,Pinellas,2135,66,993,0.06646525679758308,False,0.3045699643143481,88474,38748.0
121030256021,Pinellas,1150,188,637,0.29513343799058084,False,0.3256258608117962,83238,40192.0
121030256022,Pinellas,1332,73,531,0.1374764595103578,False,0.385308958001599,91490,57349.0
121030256023,Pinellas,605,34,314,0.10828025477707007,False,0.3915605152678603,84783,54562.0
121030256031,Pinellas,647,38,364,0.1043956043956044,False,0.4369000601574556,86116,66816.0
121030256032,Pinellas,495,20,249,0.08032128514056225,False,0.4435120555308494,86343,68814.0
121030256033,Pinellas,1317,0,483,0.0,False,0.4068528915690487,77016,52827.0
121030256041,Pinellas,1370,67,578,0.11591695501730104,False,0.4019745385021957,91648,61603.0
121030257001,Pinellas,752,9,380,0.02368421052631579,False,0.2708836133721197,79454,29519.0
121030257002,Pinellas,1016,8,512,0.015625,False,0.3576023156709818,79895,44475.0
121030257003,Pinellas,1553,43,556,0.07733812949640288,False,0.2716230868676759,69863,26053.0
121030257004,Pinellas,776,27,245,0.11020408163265306,False,0.2543005502879201,81713,27866.0
121030258001,Pinellas,1325,24,495,0.048484848484848485,False,0.3292351979849168,89476,43918.0
121030258002,Pinellas,1656,85,508,0.1673228346456693,False,0.3091126266712904,89653,40112.0
121030258003,Pinellas,1638,92,465,0.1978494623655914,False,0.3186000093561415,87395,40863.0
121030259001,Pinellas,1470,245,766,0.3198433420365535,False,0.3674028107318853,83184,48312.0
121030259002,Pinellas,592,0,314,0.0,False,0.3150223291531401,83133,38233.0
121030259003,Pinellas,525,106,252,0.42063492063492064,False,0.3117705901967322,90816,41140.0
121030259004,Pinellas,1379,203,758,0.2678100263852243,False,0.3249626285465321,89863,43260.0
121030259005,Pinellas,419,112,245,0.45714285714285713,False,0.3480895897194885,92937,49624.0
121030259006,Pinellas,690,223,485,0.45979381443298967,False,0.3490953020618277,72199,38722.0
121030260011,Pinellas,1114,9,604,0.014900662251655629,False,0.2782967741935483,41949,16176.0
121030260012,Pinellas,1039,21,483,0.043478260869565216,False,0.3132964654965136,45696,20848.0
121030260013,Pinellas,751,22,439,0.05011389521640091,False,0.2904578769891034,50921,20845.0
121030260021,Pinellas,1127,15,545,0.027522935779816515,False,0.2293151782138566,38488,11452.0
121030260022,Pinellas,572,7,259,0.02702702702702703,False,0.3570696257877755,42643,23683.0
121030260023,Pinellas,1068,19,563,0.03374777975133215,False,0.296377353119106,39545,16657.0
121030261011,Pinellas,1033,29,312,0.09294871794871795,False,0.1944133714174006,74176,17901.0
121030261012,Pinellas,450,31,171,0.18128654970760233,False,0.2865471064212369,75387,30278.0
121030261013,Pinellas,807,29,324,0.08950617283950617,False,0.2963482010510713,78327,32988.0
121030261021,Pinellas,795,11,412,0.02669902912621359,False,0.2069050176461562,77529,20226.0
121030261022,Pinellas,511,16,215,0.07441860465116279,False,0.3109911839828623,83625,37745.0
121030262001,Pinellas,1126,142,394,0.3604060913705584,False,0.3125212731604716,78772,35809.0
121030262002,Pinellas,942,66,322,0.20496894409937888,False,0.3037969365720863,82860,36157.0
121030263001,Pinellas,1229,239,573,0.41710296684118675,False,0.3054074080105526,85305,37508.0
121030263002,Pinellas,2350,16,667,0.0239880059970015,False,0.3081694612885539,84541,37658.0
121030263003,Pinellas,904,16,381,0.04199475065616798,False,0.3015905924500763,84217,36367.0
121030263004,Pinellas,1815,181,714,0.2535014005602241,False,0.2930473121926403,83378,34562.0
121030263005,Pinellas,1053,26,322,0.08074534161490683,False,0.361746577372133,86154,48830.0
121030263006,Pinellas,592,0,212,0.0,False,0.330966494436872,84424,41764.0
121030264001,Pinellas,1032,183,498,0.3674698795180723,False,0.3093158177971412,93692,41959.0
121030264002,Pinellas,2269,186,664,0.28012048192771083,False,0.3325341696786203,92151,45910.0
121030264003,Pinellas,1315,94,493,0.19066937119675456,False,0.274368007364396,81979,30997.0
121030264004,Pinellas,999,15,330,0.045454545454545456,False,0.2725490542378269,82378,30864.0
121030264005,Pinellas,1092,0,389,0.0,False,0.2415388772546105,89820,28604.0
121030265001,Pinellas,688,119,273,0.4358974358974359,False,0.0097451906851164,93892,924.0
121030265002,Pinellas,1939,28,592,0.0472972972972973,False,0.0013196851116568,87027,115.0
121030265003,Pinellas,1608,69,453,0.152317880794702,False,0.1399826006857376,84028,13677.0
121030265004,Pinellas,492,45,241,0.18672199170124482,False,0.2810655322307797,100722,39377.0
121030265005,Pinellas,448,11,157,0.07006369426751592,False,0.2997341430210761,98248,42053.0
121030265006,Pinellas,2114,124,822,0.15085158150851583,False,0.1517144950851983,100711,18012.0
121030266011,Pinellas,659,0,203,0.0,False,0.1302757885113515,97036,14535.0
121030266012,Pinellas,641,30,247,0.1214574898785425,False,0.1311114459848637,103787,15661.0
121030266013,Pinellas,1108,0,434,0.0,False,0.1501539077554493,101877,18000.0
121030266014,Pinellas,974,8,394,0.02030456852791878,False,0.1527454376989082,105157,18958.0
121030266021,Pinellas,1053,15,316,0.04746835443037975,False,0.1414301333916466,98156,16169.0
121030266022,Pinellas,1223,99,553,0.17902350813743217,False,0.3251601736859685,88898,42834.0
121030267011,Pinellas,1855,50,620,0.08064516129032258,False,0.1628246250387202,83782,16295.0
121030267012,Pinellas,1029,0,330,0.0,True,0.0,93170,0.0
121030267013,Pinellas,830,0,258,0.0,False,0.0013225587264608,82307,109.0
121030267014,Pinellas,1071,50,436,0.11467889908256881,False,0.0002370819948079,84339,20.0
121030267021,Pinellas,1237,12,369,0.032520325203252036,False,0.172121920784649,94874,19725.0
121030267022,Pinellas,2041,112,843,0.132858837485172,False,0.2795638514137867,97457,37818.0
121030267023,Pinellas,804,0,438,0.0,False,0.2682852227107627,95690,35085.0
121030267024,Pinellas,547,27,226,0.11946902654867257,False,0.1661748573469509,98052,19541.0
121030267025,Pinellas,1118,0,521,0.0,False,0.0149011678724502,93544,1415.0
121030267026,Pinellas,1043,0,348,0.0,False,0.1606340756232621,105954,20277.0
121030267031,Pinellas,984,17,403,0.04218362282878412,False,0.1384478667558381,94041,15112.0
121030267032,Pinellas,1263,0,426,0.0,False,0.0082607886520129,95923,799.0
121030267033,Pinellas,1478,22,577,0.038128249566724434,False,0.1348124493589438,108915,16971.0
121030267034,Pinellas,1140,78,533,0.14634146341463414,False,0.1181322661258194,97397,13047.0
121030267035,Pinellas,2183,145,788,0.18401015228426396,False,0.1638052651987031,101356,19855.0
121030268041,Pinellas,2768,50,949,0.05268703898840885,True,0.0,100667,0.0
121030268042,Pinellas,1433,18,690,0.02608695652173913,False,0.1748722020943967,99753,21141.0
121030268043,Pinellas,1337,57,806,0.0707196029776675,True,0.0,98504,0.0
121030268091,Pinellas,1068,25,396,0.06313131313131314,False,0.2479488639553441,93771,30916.0
121030268092,Pinellas,1784,211,997,0.21163490471414242,True,0.0,106705,0.0
121030268111,Pinellas,699,16,310,0.05161290322580645,False,0.0001608731700676,80796,13.0
121030268112,Pinellas,2207,16,903,0.017718715393133997,True,0.0,74869,0.0
121030268113,Pinellas,2008,44,750,0.058666666666666666,False,0.0060270508866195,91200,553.0
121030268114,Pinellas,1277,15,499,0.03006012024048096,False,0.2772233397277083,93064,35695.0
121030268121,Pinellas,2767,0,1198,0.0,False,0.1920851614256498,92440,21978.0
121030268122,Pinellas,2034,17,729,0.023319615912208505,False,0.0439344197452733,96685,4443.0
121030268131,Pinellas,2249,7,802,0.008728179551122194,False,0.014653765446491,84523,1257.0
121030268132,Pinellas,1551,176,674,0.26112759643916916,True,0.0,102910,0.0
121030268141,Pinellas,2307,65,1113,0.05840071877807727,False,0.0347706591528477,83585,3011.0
121030268151,Pinellas,1843,13,804,0.01616915422885572,False,0.0280672643017585,96060,2774.0
121030268152,Pinellas,1629,0,539,0.0,False,0.0069268982056442,92757,647.0
121030268153,Pinellas,1285,0,514,0.0,False,0.0008025581541162,79681,64.0
121030268161,Pinellas,1128,16,512,0.03125,False,0.0026989657651678,90161,244.0
121030268162,Pinellas,714,39,291,0.13402061855670103,False,0.0128855223070823,94609,1235.0
121030268163,Pinellas,676,36,277,0.1299638989169675,False,0.0154445326928413,102889,1614.0
121030268164,Pinellas,1815,0,676,0.0,False,0.0130590167101323,102178,1352.0
121030268165,Pinellas,1425,22,555,0.03963963963963964,False,0.0029020848658289,98951,288.0
121030268171,Pinellas,1921,15,794,0.018891687657430732,True,0.0,97151,0.0
121030268172,Pinellas,2052,70,798,0.08771929824561403,False,0.0004527862525469,92717,42.0
121030268173,Pinellas,1523,31,554,0.05595667870036101,False,0.0023869684425568,92783,222.0
121030268181,Pinellas,2203,123,681,0.18061674008810572,False,0.1540775942541061,109651,19972.0
121030268182,Pinellas,1710,83,580,0.14310344827586208,False,0.1428640659074388,106122,17688.0
121030268183,Pinellas,620,0,176,0.0,False,0.1693586371310768,114631,23372.0
121030268191,Pinellas,910,22,474,0.046413502109704644,False,0.1509266920403772,102619,18241.0
121030268192,Pinellas,1602,33,565,0.0584070796460177,False,0.1981406289798181,107037,26449.0
121030268201,Pinellas,1334,46,758,0.06068601583113457,False,0.201038701444723,89534,22529.0
121030268202,Pinellas,1776,64,1022,0.06262230919765166,False,0.3786321437183506,82458,50246.0
121030268203,Pinellas,1621,29,938,0.03091684434968017,False,0.3685840869979129,86223,50332.0
121030268211,Pinellas,2805,94,1034,0.09090909090909091,False,0.2693624621335465,74045,27298.0
121030269041,Pinellas,1494,29,703,0.041251778093883355,False,0.3714374592640872,84866,50150.0
121030269042,Pinellas,1893,84,817,0.10281517747858017,False,0.1520954535660418,94443,16941.0
121030269043,Pinellas,1415,46,689,0.06676342525399129,True,0.0,81503,0.0
121030269071,Pinellas,1697,45,799,0.056320400500625784,False,0.2168523194217535,79094,21901.0
121030269072,Pinellas,2330,27,1098,0.02459016393442623,False,0.1963093396303232,78961,19287.0
121030269073,Pinellas,1748,106,790,0.1341772151898734,False,0.1980970238570174,80402,19862.0
121030269081,Pinellas,681,0,235,0.0,True,0.0,81946,0.0
121030269082,Pinellas,1140,0,498,0.0,True,0.0,68324,0.0
121030269083,Pinellas,1068,0,394,0.0,False,0.2202703538090626,75679,21379.0
121030269084,Pinellas,1172,41,618,0.06634304207119741,False,0.1076123785859498,79012,9528.0
121030269091,Pinellas,1436,187,830,0.2253012048192771,False,0.1091063592023932,76534,9373.0
121030269092,Pinellas,1746,61,889,0.0686164229471316,False,0.1270331295208408,87377,12715.0
121030269093,Pinellas,1543,33,688,0.04796511627906977,False,0.1052603223860012,83039,9769.0
121030269101,Pinellas,731,143,613,0.233278955954323,False,0.2892073059215496,89390,36371.0
121030269102,Pinellas,3020,26,895,0.02905027932960894,False,0.2424580307922858,84925,27181.0
121030269103,Pinellas,1441,19,500,0.038,False,0.1699811202013845,92323,18907.0
121030269104,Pinellas,896,0,493,0.0,False,0.2748893887705394,97349,36905.0
121030269111,Pinellas,1745,87,899,0.0967741935483871,False,0.2529371376258773,78340,26524.0
121030269112,Pinellas,805,52,580,0.0896551724137931,False,0.1587769487801529,91891,17344.0
121030269113,Pinellas,1376,51,661,0.07715582450832073,False,0.2191717027313882,72097,20237.0
121030269121,Pinellas,619,29,415,0.06987951807228916,False,0.0906287374840616,92002,9169.0
121030269122,Pinellas,1226,97,713,0.13604488078541374,False,0.1639535608956367,93832,18401.0
121030269123,Pinellas,1746,125,628,0.19904458598726116,False,0.0822874542080974,96447,8648.0
121030269124,Pinellas,837,18,309,0.05825242718446602,False,0.1557756946067723,104737,19326.0
121030269131,Pinellas,999,33,419,0.07875894988066826,False,0.2904926768563132,88941,36415.0
121030269132,Pinellas,504,8,213,0.03755868544600939,False,0.084461303864907,97265,8973.0
121030269133,Pinellas,601,32,395,0.0810126582278481,False,0.172941743791383,89185,18649.0
121030269134,Pinellas,1086,134,709,0.18899858956276447,False,0.2041752674893409,88288,22651.0
121030270001,Pinellas,1745,14,844,0.016587677725118485,False,0.2086129917836591,81004,21353.0
121030270002,Pinellas,822,0,457,0.0,False,0.3203147796906915,74537,35127.0
121030270003,Pinellas,435,0,209,0.0,False,0.218249785379742,71939,20084.0
121030270004,Pinellas,2164,51,1009,0.05054509415262636,False,0.240517395746653,72103,22834.0
121030271011,Pinellas,1850,144,962,0.1496881496881497,False,0.2468927222443423,69984,22943.0
121030271012,Pinellas,1661,533,1068,0.499063670411985,False,0.2194132715296413,76791,21585.0
121030271013,Pinellas,508,33,189,0.1746031746031746,False,0.3243472505756126,72482,34795.0
121030271051,Pinellas,1517,38,712,0.05337078651685393,False,0.1262048228568712,73522,10619.0
121030271052,Pinellas,1882,0,809,0.0,True,0.0,58619,0.0
121030271061,Pinellas,2124,17,773,0.02199223803363519,True,0.0,63976,0.0
121030271062,Pinellas,1171,0,590,0.0,False,0.2056477633514881,61548,15934.0
121030271063,Pinellas,1180,17,431,0.03944315545243619,True,0.0,63885,0.0
121030271064,Pinellas,507,0,358,0.0,True,0.0,21905,0.0
121030272021,Pinellas,875,12,376,0.031914893617021274,False,0.2537820478793991,56232,19124.0
121030272022,Pinellas,1036,17,361,0.04709141274238227,True,0.0,58903,0.0
121030272023,Pinellas,1768,18,947,0.01900739176346357,False,0.1687412714797498,41070,8337.0
121030272024,Pinellas,822,0,311,0.0,False,0.21327445437892,64849,17580.0
121030272025,Pinellas,987,26,535,0.048598130841121495,False,0.264144276567778,52064,18689.0
121030272041,Pinellas,1568,10,612,0.016339869281045753,False,0.4567621151892366,55074,46307.0
121030272042,Pinellas,729,27,434,0.06221198156682028,False,0.4325654342089199,60421,46060.0
121030272043,Pinellas,2724,8,926,0.008639308855291577,True,0.0,62904,0.0
121030272051,Pinellas,2339,135,1183,0.11411665257819104,False,0.4223182775695565,63348,46311.0
121030272052,Pinellas,1469,13,528,0.02462121212121212,False,0.2479605481065299,61304,20213.0
121030272053,Pinellas,2408,54,1096,0.04927007299270073,True,0.0,60161,0.0
121030272054,Pinellas,576,0,407,0.0,False,0.1600150985032156,57859,11022.0
121030272061,Pinellas,1686,0,751,0.0,False,0.2214216243613101,56837,16164.0
121030272062,Pinellas,2129,46,814,0.056511056511056514,False,0.2780669389906443,65745,25323.0
121030272063,Pinellas,2514,13,820,0.015853658536585366,True,0.0,64319,0.0
121030272071,Pinellas,2556,18,972,0.018518518518518517,True,0.0,78775,0.0
121030272072,Pinellas,589,0,242,0.0,True,0.0,66980,0.0
121030272073,Pinellas,824,0,332,0.0,False,0.2080446324124898,70408,18496.0
121030272074,Pinellas,1106,9,497,0.018108651911468814,False,0.1988188750645032,69867,17338.0
121030272081,Pinellas,898,0,324,0.0,True,0.0,73484,0.0
121030272082,Pinellas,2664,65,690,0.09420289855072464,False,0.0085613149301649,72262,624.0
121030272083,Pinellas,1740,0,626,0.0,False,0.0007121921823211,72962,52.0
121030272084,Pinellas,2053,0,800,0.0,False,0.2227399450217378,79736,22850.0
121030272091,Pinellas,384,12,259,0.04633204633204633,False,0.1799203656450663,58493,12833.0
121030272092,Pinellas,815,79,539,0.14656771799628943,False,0.2071186881832379,60925,15915.0
121030272101,Pinellas,1111,67,575,0.11652173913043479,True,0.0,55430,0.0
121030272102,Pinellas,1331,17,649,0.026194144838212634,False,0.0006924931083618,75039,52.0
121030272103,Pinellas,880,19,446,0.042600896860986545,False,0.1570819956298294,69051,12868.0
121030272104,Pinellas,824,0,220,0.0,False,0.1954137256851244,72840,17691.0
121030272105,Pinellas,715,0,358,0.0,False,0.1965719953551384,66421,16251.0
121030273081,Pinellas,1184,17,470,0.036170212765957444,False,0.3509427319668283,33185,17943.0
121030273082,Pinellas,2716,79,942,0.08386411889596602,False,0.4502222467629276,39827,32615.0
121030273091,Pinellas,1925,57,831,0.06859205776173286,True,0.0,49156,0.0
121030273101,Pinellas,2045,32,930,0.034408602150537634,True,0.0,67037,0.0
121030273102,Pinellas,1666,0,584,0.0,True,0.0,52965,0.0
121030273103,Pinellas,3280,0,1036,0.0,True,0.0,55616,0.0
121030273104,Pinellas,1716,21,625,0.0336,True,0.0,45363,0.0
121030273141,Pinellas,2253,179,952,0.1880252100840336,True,0.0,78057,0.0
121030273142,Pinellas,1416,0,679,0.0,True,0.0,74297,0.0
121030273151,Pinellas,2097,76,1076,0.07063197026022305,True,0.0,79075,0.0
121030273152,Pinellas,1220,111,739,0.15020297699594046,False,0.2519473302969864,75388,25391.0
121030273153,Pinellas,866,0,523,0.0,True,0.0,71209,0.0
121030273154,Pinellas,1801,235,798,0.29448621553884713,False,0.2714999627060491,68369,25480.0
121030273161,Pinellas,1301,27,704,0.03835227272727273,False,0.221272241111808,70770,20109.0
121030273162,Pinellas,1945,60,930,0.06451612903225806,True,0.0,62345,0.0
121030273163,Pinellas,663,0,213,0.0,True,0.0,60423,0.0
121030273171,Pinellas,1468,25,537,0.04655493482309125,True,0.0,81046,0.0
121030273172,Pinellas,1920,25,1019,0.02453385672227674,True,0.0,79645,0.0
121030273173,Pinellas,2105,29,800,0.03625,True,0.0,77728,0.0
121030273181,Pinellas,1604,23,669,0.0343796711509716,False,0.0838129713423831,75929,6946.0
121030273182,Pinellas,2400,0,1151,0.0,False,0.0198748664000672,81616,1655.0
121030273191,Pinellas,1752,0,581,0.0,False,0.0162965131993873,87345,1447.0
121030273192,Pinellas,2097,15,662,0.022658610271903322,True,0.0,79894,0.0
121030273193,Pinellas,1432,30,827,0.036275695284159616,False,0.000560504692736,83806,47.0
121030273201,Pinellas,1232,0,444,0.0,False,0.0164860732566642,88770,1488.0
121030273202,Pinellas,2233,19,713,0.02664796633941094,True,0.0,75351,0.0
121030273203,Pinellas,752,37,319,0.11598746081504702,False,0.0231878388803772,89897,2134.0
121030273211,Pinellas,1584,4,508,0.007874015748031496,True,0.0,56652,0.0
121030273221,Pinellas,2797,150,1265,0.11857707509881422,True,0.0,55859,0.0
121030273222,Pinellas,650,32,430,0.07441860465116279,True,0.0,57759,0.0
121030273223,Pinellas,263,0,116,0.0,True,0.0,37250,0.0
121030273224,Pinellas,2665,12,1034,0.01160541586073501,True,0.0,49576,0.0
121030273231,Pinellas,921,0,244,0.0,True,0.0,75731,0.0
121030273232,Pinellas,2121,34,927,0.036677454153182305,True,0.0,82955,0.0
121030273241,Pinellas,832,0,346,0.0,True,0.0,50052,0.0
121030273242,Pinellas,1794,20,676,0.029585798816568046,True,0.0,70053,0.0
121030273243,Pinellas,1379,12,601,0.019966722129783693,True,0.0,60948,0.0
121030273251,Pinellas,1840,12,697,0.01721664275466284,True,0.0,67385,0.0
121030273252,Pinellas,1934,28,812,0.034482758620689655,True,0.0,73685,0.0
121030273261,Pinellas,2098,46,883,0.052095130237825596,True,0.0,83725,0.0
121030273262,Pinellas,1582,26,940,0.027659574468085105,False,0.0181600896916234,79693,1474.0
121030273271,Pinellas,1950,19,818,0.023227383863080684,True,0.0,84135,0.0
121030273272,Pinellas,2681,7,956,0.007322175732217573,True,0.0,89367,0.0
121030274011,Pinellas,1724,51,640,0.0796875,False,0.3441664853890218,45223,23732.0
121030274012,Pinellas,988,35,516,0.06782945736434108,False,0.4176820924504451,44683,32050.0
121030274021,Pinellas,662,85,308,0.275974025974026,False,0.2680477596443983,45119,16523.0
121030274022,Pinellas,543,12,282,0.0425531914893617,False,0.5387714380730676,48542,56703.0
121030274023,Pinellas,1865,176,702,0.25071225071225073,False,0.1563359000964811,46345,8588.0
121030274024,Pinellas,1162,12,611,0.019639934533551555,False,0.5378611347920811,48788,56782.0
121030274025,Pinellas,1867,204,816,0.25,False,0.5573184520552942,48548,61120.0
121030274031,Pinellas,1794,35,801,0.04369538077403246,False,0.5481169169548534,47694,57851.0
121030275011,Pinellas,2620,22,904,0.024336283185840708,True,0.0,37170,0.0
121030275012,Pinellas,678,14,227,0.06167400881057269,True,0.0,42365,0.0
121030275013,Pinellas,462,34,229,0.14847161572052403,False,0.3887978445641908,44009,27995.0
121030275014,Pinellas,1921,0,602,0.0,True,0.0,33952,0.0
121030275021,Pinellas,1932,13,794,0.0163727959697733,True,0.0,45810,0.0
121030275022,Pinellas,3128,82,902,0.09090909090909091,True,0.0,41293,0.0
121030275023,Pinellas,2577,39,1017,0.038348082595870206,True,0.0,42295,0.0
121030276031,Pinellas,1584,34,762,0.04461942257217848,False,0.2915101587843606,33197,13659.0
121030276032,Pinellas,587,8,363,0.02203856749311295,False,0.3721281207353295,39107,23178.0
121030276033,Pinellas,228,43,161,0.2670807453416149,False,0.2795712023388963,41398,16065.0
121030276041,Pinellas,1490,10,894,0.011185682326621925,False,0.3536671058410189,29434,16106.0
121030276042,Pinellas,553,22,324,0.06790123456790123,False,0.4001153070049005,31215,20820.0
121030276051,Pinellas,1632,11,778,0.014138817480719794,True,0.0,41921,0.0
121030276061,Pinellas,648,0,343,0.0,False,0.2617615847187831,41740,14800.0
121030276062,Pinellas,1176,0,657,0.0,False,0.3124681335059026,35060,15934.0
121030277011,Pinellas,2021,48,944,0.05084745762711865,False,0.4156856449771689,32759,23305.0
121030277012,Pinellas,639,7,354,0.01977401129943503,False,0.4364929709178433,36757,28472.0
121030277031,Pinellas,541,10,305,0.03278688524590164,False,0.4506871144349253,34816,28565.0
121030277032,Pinellas,549,12,299,0.04013377926421405,False,0.4182987693915425,32285,23216.0
121030277041,Pinellas,202,6,112,0.05357142857142857,False,0.4076506015478592,41407,28496.0
121030277042,Pinellas,848,0,452,0.0,False,0.4580534260649648,27429,23183.0
121030277043,Pinellas,588,20,296,0.06756756756756757,False,0.437581458604862,29775,23166.0
121030277044,Pinellas,922,26,514,0.05058365758754864,False,0.4579395692703311,33727,28493.0
121030278011,Pinellas,630,21,367,0.05722070844686648,False,0.2418027775351559,43403,13842.0
121030278012,Pinellas,965,45,488,0.09221311475409837,False,0.2151310658211536,46290,12688.0
121030278021,Pinellas,907,0,446,0.0,False,0.2540755815225716,34088,11611.0
121030278022,Pinellas,1763,5,840,0.005952380952380952,False,0.2781682722693582,37689,14524.0
121030279011,Pinellas,342,13,254,0.051181102362204724,False,0.5057396039215173,37761,38638.0
121030279012,Pinellas,1085,53,458,0.11572052401746726,False,0.4524383848977451,46989,38826.0
121030279013,Pinellas,932,27,547,0.04936014625228519,True,0.0,29787,0.0
121030279031,Pinellas,1495,21,814,0.025798525798525797,True,0.0,51094,0.0
121030279041,Pinellas,1082,16,641,0.0249609984399376,False,0.4947610492274524,35152,34423.0
121030279042,Pinellas,1174,23,561,0.040998217468805706,False,0.5107257776188774,32844,34284.0
121030279043,Pinellas,765,9,365,0.024657534246575342,True,0.0,30090,0.0
121030280021,Pinellas,1541,35,638,0.054858934169279,False,0.2716694371883163,30670,11440.0
121030280022,Pinellas,829,16,393,0.04071246819338423,False,0.246911975035756,34752,11394.0
121030280023,Pinellas,534,16,338,0.047337278106508875,True,0.0,23587,0.0
121030280024,Pinellas,1241,0,618,0.0,True,0.0,22816,0.0
121030280031,Pinellas,965,31,514,0.06031128404669261,False,0.5099181599683592,32217,33521.0
121030280032,Pinellas,951,28,484,0.05785123966942149,False,0.4763804149931205,37676,34277.0
121030280033,Pinellas,514,92,310,0.2967741935483871,False,0.5401076154271339,40769,47880.0
121030280034,Pinellas,836,69,541,0.12754158964879853,False,0.5320293825516541,42875,48744.0
121030280041,Pinellas,958,17,508,0.03346456692913386,False,0.5210337382950727,37493,40786.0
121030280042,Pinellas,1050,47,529,0.0888468809073724,False,0.513161165584864,35252,37158.0
121030281021,Pinellas,702,0,316,0.0,False,0.4032630344545166,64117,43329.0
121030281022,Pinellas,903,149,530,0.2811320754716981,False,0.4036249837006128,68604,46431.0
121030281023,Pinellas,1711,11,752,0.014627659574468085,False,0.1624823695345557,65318,12672.0
121030281031,Pinellas,507,25,237,0.10548523206751055,False,0.4236699358939236,52593,38662.0
121030281032,Pinellas,1118,90,718,0.12534818941504178,False,0.4175291568128478,64776,46433.0
121030281041,Pinellas,512,40,259,0.15444015444015444,False,0.5152286410715796,63045,67006.0
121030281042,Pinellas,1528,272,891,0.3052749719416386,False,0.4171727880399626,64871,46433.0
121030281043,Pinellas,580,45,425,0.10588235294117647,False,0.4213155885240536,53048,38622.0
121030281044,Pinellas,765,61,554,0.11010830324909747,False,0.445796204810933,48014,38622.0
121030282001,Pinellas,974,15,465,0.03225806451612903,False,0.4314169583552576,74560,56573.0
121030282002,Pinellas,503,0,296,0.0,False,0.4147283813269169,67864,48089.0
121030282003,Pinellas,1015,19,376,0.05053191489361702,False,0.5339925429370868,71116,81491.0
121030283001,Pinellas,971,21,390,0.05384615384615385,False,0.5253698834931436,73655,81529.0
121030283002,Pinellas,981,24,463,0.05183585313174946,False,0.5144061752472561,76937,81502.0
121030283003,Pinellas,751,33,422,0.07819905213270142,False,0.5208654048840314,75009,81542.0
121030283004,Pinellas,756,25,307,0.08143322475570032,False,0.5259880625907405,73460,81515.0
121030284011,Pinellas,533,37,385,0.09610389610389611,False,0.3391711838457401,63881,32787.0
121030284012,Pinellas,1043,50,700,0.07142857142857142,False,0.3426186466385632,62845,32754.0
121030284021,Pinellas,602,0,316,0.0,False,0.5380555958679103,70028,81566.0
121030284022,Pinellas,702,23,385,0.05974025974025974,False,0.5407597889769624,69292,81592.0
121030285001,Pinellas,1162,24,610,0.03934426229508197,False,0.4004754621012476,65064,43462.0
121030285002,Pinellas,876,0,480,0.0,False,0.393343245013186,68551,44447.0
121030286001,Pinellas,1259,0,196,0.0,False,0.6920368836782668,82928,186351.0
121030286002,Pinellas,1301,450,1050,0.42857142857142855,False,0.7051171251654836,91102,217841.0
121030286003,Pinellas,1589,116,1135,0.10220264317180616,False,0.7244697700041317,80025,210415.0
121030287001,Pinellas,1579,129,518,0.24903474903474904,False,0.6965345343280503,88269,202601.0
121030287002,Pinellas,1271,29,442,0.06561085972850679,False,0.6940261746473989,77643,176114.0
