GEOID20,county,mep_published,mep_harm_lo,mep_harm_hi,rank_published,rank_harm
120570001011,Hillsborough,10087.0311,9451.3069,9450.9057,483,385
120570001012,Hillsborough,10806.4641,9227.9301,9222.3654,363,431
120570001013,Hillsborough,10993.7940,9323.0588,9316.9302,344,406
120570001014,Hillsborough,9864.2247,9303.8055,9303.6284,519,414
120570001021,Hillsborough,11837.1265,8962.6658,8954.8335,267,475
120570001022,Hillsborough,10824.3537,9310.2593,9304.9867,359,410
120570001023,Hillsborough,10784.7362,9233.4994,9228.1397,367,428
120570001024,Hillsborough,10990.0519,9386.0612,9381.0731,346,397
120570002011,Hillsborough,11485.8693,9688.5153,9681.9003,295,353
120570002012,Hillsborough,12630.1867,10878.9407,10872.6828,223,219
120570002021,Hillsborough,11183.0473,9589.3290,9583.8361,322,366
120570002022,Hillsborough,10405.9861,9865.7524,9865.5160,427,324
120570002023,Hillsborough,11019.1575,9802.1283,9798.5471,341,333
120570003011,Hillsborough,12687.9140,11020.4009,11014.3857,221,214
120570003012,Hillsborough,11483.6377,10084.2866,10079.4409,296,288
120570003013,Hillsborough,13713.6422,11485.3067,11476.7092,177,172
120570003014,Hillsborough,12803.7243,11211.6775,11206.5975,215,194
120570003021,Hillsborough,11018.9968,9764.4995,9760.7991,342,339
120570003022,Hillsborough,11402.1083,10081.8191,10077.8629,301,289
120570004011,Hillsborough,11850.5892,10296.2533,10291.1467,265,265
120570004012,Hillsborough,13017.9572,11049.8763,11042.4018,208,212
120570004013,Hillsborough,13379.3663,11383.9799,11376.7575,190,183
120570004021,Hillsborough,13468.2116,11554.3662,11547.4355,184,161
120570004022,Hillsborough,13408.2350,11467.8336,11461.1229,187,174
120570004023,Hillsborough,13269.1187,11424.8390,11418.2592,197,179
120570005001,Hillsborough,11572.1350,9991.1663,9985.4917,290,305
120570005002,Hillsborough,11789.7643,10195.4450,10189.7981,270,279
120570005003,Hillsborough,13216.4358,11384.7335,11378.0519,198,181
120570005004,Hillsborough,12287.2466,10674.9172,10669.1189,232,234
120570006011,Hillsborough,12069.7247,10523.3066,10518.0980,245,250
120570006012,Hillsborough,13774.2722,11827.3490,11820.2816,173,140
120570006013,Hillsborough,11980.9056,11292.0097,11291.9991,251,191
120570006021,Hillsborough,14554.2844,12134.5849,12125.1554,146,116
120570006022,Hillsborough,14610.8961,12134.7913,12125.4572,143,115
120570007011,Hillsborough,13784.8161,11696.2230,11688.1468,172,149
120570007012,Hillsborough,13958.8857,11877.9419,11869.9346,163,137
120570007021,Hillsborough,13357.5661,11332.0797,11324.6761,193,187
120570007022,Hillsborough,13101.3067,11103.7434,11096.4568,202,207
120570008001,Hillsborough,11508.4099,10284.5001,10280.7132,292,267
120570008002,Hillsborough,11054.2523,9726.3278,9722.7220,333,346
120570009011,Hillsborough,11029.8417,9709.5543,9705.7307,338,348
120570009012,Hillsborough,10685.8783,9404.5490,9400.8500,381,391
120570009013,Hillsborough,10470.8999,9230.9039,9227.4554,419,430
120570009021,Hillsborough,10757.7520,9338.1496,9334.2090,371,403
120570009022,Hillsborough,10857.9326,9574.2887,9570.7720,353,371
120570009023,Hillsborough,10631.1665,9252.6787,9248.7431,390,425
120570009024,Hillsborough,10147.3627,8906.3446,8902.8669,471,485
120570010011,Hillsborough,11675.4382,10364.5460,10360.4992,279,258
120570010012,Hillsborough,11440.8689,10620.4305,10620.3364,297,237
120570010021,Hillsborough,12709.4240,10875.1194,10869.3327,220,221
120570010022,Hillsborough,13874.9588,11504.5144,11495.9992,167,170
120570010023,Hillsborough,13000.1038,11200.7311,11195.2899,209,195
120570010024,Hillsborough,13841.6751,11653.1102,11645.3549,170,153
120570011001,Hillsborough,15405.7485,12527.0761,12515.3894,124,65
120570011002,Hillsborough,14369.4032,11730.8698,11719.5839,151,146
120570011003,Hillsborough,12982.0974,10876.8287,10868.0712,210,220
120570012001,Hillsborough,15540.7082,13067.5058,13057.9881,121,15
120570012002,Hillsborough,15587.8649,12785.4632,12773.9749,115,36
120570013001,Hillsborough,14731.1080,12170.8029,12160.8911,140,110
120570013002,Hillsborough,13604.0998,11316.2627,11307.0337,179,189
120570013003,Hillsborough,14009.8879,11786.3971,11777.8131,162,142
120570013004,Hillsborough,12183.8218,11568.4803,11568.4734,236,160
120570013005,Hillsborough,12546.5827,11550.0850,11548.8624,225,163
120570014001,Hillsborough,12782.5056,12206.4211,12206.3653,216,107
120570014002,Hillsborough,15086.6127,12551.8850,12541.0234,134,59
120570014003,Hillsborough,15634.9534,12561.0212,12547.3658,113,57
120570014004,Hillsborough,15841.1812,12937.0527,12924.3741,106,21
120570015001,Hillsborough,14319.0911,11588.8664,11577.6034,153,158
120570015002,Hillsborough,15192.2762,12328.9916,12317.1121,129,94
120570015003,Hillsborough,14714.7809,11946.7524,11935.2523,141,132
120570016001,Hillsborough,13309.3382,12603.8908,12603.8392,195,51
120570016002,Hillsborough,15558.2463,12659.8048,12647.9804,119,47
120570017001,Hillsborough,15211.6206,12528.4581,12517.9897,128,64
120570017002,Hillsborough,13944.2167,11425.4213,11415.5715,164,178
120570017003,Hillsborough,13901.8096,11221.1568,11211.0318,165,193
120570017004,Hillsborough,15177.0535,12288.7374,12276.7180,130,99
120570017005,Hillsborough,14380.3769,11634.1028,11623.5295,150,156
120570018001,Hillsborough,13848.1213,11455.1764,11446.4709,168,175
120570018002,Hillsborough,12518.8982,10854.9947,10850.1871,227,222
120570018003,Hillsborough,14116.9364,11576.5829,11566.8698,157,159
120570018004,Hillsborough,14015.0443,11637.3882,11628.2519,161,155
120570019001,Hillsborough,13877.9503,11371.5158,11362.2491,166,185
120570019002,Hillsborough,13617.4973,11052.1931,11042.2400,178,211
120570019003,Hillsborough,14930.0304,11525.1901,11510.5687,139,166
120570020001,Hillsborough,14990.3875,12005.7474,11993.9405,136,126
120570020002,Hillsborough,15869.9553,12158.0480,12141.8219,104,112
120570020003,Hillsborough,16056.9715,12309.2636,12292.5153,99,95
120570021001,Hillsborough,16226.3481,12520.0380,12503.5228,92,66
120570021002,Hillsborough,16187.7456,12334.8725,12317.6276,94,93
120570021003,Hillsborough,16866.1031,12879.2661,12861.1292,70,28
120570022001,Hillsborough,16815.4743,12798.0622,12780.0834,74,34
120570023001,Hillsborough,16286.1617,12140.2177,12121.5998,91,113
120570023002,Hillsborough,16891.7177,12482.3102,12462.5349,69,71
120570023003,Hillsborough,16822.7045,12469.5488,12449.9238,73,74
120570024001,Hillsborough,13293.8922,12488.5005,12487.9471,196,70
120570024002,Hillsborough,15576.2681,12664.8348,12652.1821,117,46
120570024003,Hillsborough,12924.8743,12215.8902,12215.8562,212,104
120570024004,Hillsborough,16007.6373,12635.7158,12620.7147,102,49
120570025001,Hillsborough,15302.1786,11949.8121,11937.9368,126,131
120570025002,Hillsborough,15549.3783,12853.1301,12842.5796,120,30
120570025003,Hillsborough,14947.2992,11737.3151,11725.1694,138,145
120570025004,Hillsborough,15154.7346,12387.9037,12376.2289,132,87
120570026001,Hillsborough,12871.3811,11814.8008,11813.5228,213,141
120570026002,Hillsborough,17881.6579,12901.9824,12882.8995,39,23
120570027011,Hillsborough,16626.1805,12762.9310,12745.2189,79,37
120570027012,Hillsborough,16458.2461,12454.4466,12436.2575,87,80
120570027013,Hillsborough,17475.9700,12411.6524,12387.3885,53,83
120570027021,Hillsborough,17637.7545,12576.5401,12551.8568,46,54
120570027022,Hillsborough,17620.2636,12455.1208,12430.1212,47,79
120570028001,Hillsborough,16572.0164,12162.2030,12141.7468,83,111
120570028002,Hillsborough,16533.9935,12097.2837,12076.5338,85,120
120570028003,Hillsborough,16594.2399,11967.0028,11945.1613,81,130
120570028004,Hillsborough,16926.0319,12128.4097,12105.9572,67,117
120570029001,Hillsborough,16997.1657,12459.8236,12439.1728,64,77
120570029002,Hillsborough,17138.3681,12403.8499,12382.2571,62,86
120570029003,Hillsborough,19157.9189,12717.2077,12685.8246,18,42
120570030001,Hillsborough,17258.0588,12954.1356,12933.7029,60,18
120570030002,Hillsborough,17290.1551,12843.0424,12822.7418,59,31
120570030003,Hillsborough,19022.3164,12895.2266,12865.2632,20,24
120570031001,Hillsborough,16519.0647,12529.8216,12511.5105,86,63
120570031002,Hillsborough,16086.7724,12140.1871,12122.2340,97,114
120570031003,Hillsborough,15728.8947,12054.4591,12038.6347,110,123
120570031004,Hillsborough,16293.9617,12240.9919,12223.1724,90,103
120570032001,Hillsborough,16697.3862,12537.8149,12518.5409,77,62
120570032002,Hillsborough,19250.4587,13168.6895,13138.8461,17,11
120570032003,Hillsborough,17206.5964,12891.0492,12871.0340,61,25
120570033001,Hillsborough,16759.1509,12586.2062,12567.9218,76,53
120570033002,Hillsborough,16769.6966,12721.5321,12703.8746,75,41
120570033003,Hillsborough,16959.1256,12890.3606,12872.1746,65,26
120570034001,Hillsborough,16009.8233,12175.8205,12159.2652,101,109
120570034002,Hillsborough,14128.3684,11534.5486,11524.4122,156,164
120570034003,Hillsborough,15053.6876,11351.0076,11335.2281,135,186
120570035001,Hillsborough,16593.3554,12562.3384,12544.6847,82,56
120570035002,Hillsborough,16331.1963,12356.7837,12339.1883,88,91
120570035003,Hillsborough,15559.7801,11654.7392,11638.0181,118,152
120570035004,Hillsborough,15404.4999,11894.6317,11879.3706,125,135
120570036001,Hillsborough,12752.6679,10710.5491,10702.9173,217,232
120570036002,Hillsborough,13190.3768,11185.6100,11179.0821,200,198
120570036003,Hillsborough,13405.5168,11384.1680,11377.0706,188,182
120570036004,Hillsborough,13714.2962,11454.5076,11446.1676,176,176
120570037001,Hillsborough,11496.5414,10599.7948,10598.4470,293,242
120570038001,Hillsborough,14188.9813,11989.1178,11981.2774,155,127
120570041001,Hillsborough,19348.6127,12800.3675,12768.4282,16,33
120570041002,Hillsborough,20197.9531,13294.0199,13260.6795,5,5
120570042001,Hillsborough,19395.4532,12472.3530,12439.7150,15,73
120570043001,Hillsborough,18917.5862,12285.4122,12252.9301,21,100
120570043002,Hillsborough,17367.3196,12357.4332,12333.7768,55,90
120570043003,Hillsborough,19135.2470,12497.1506,12464.4385,19,68
120570044001,Hillsborough,18198.4286,12945.8597,12920.1144,32,19
120570044002,Hillsborough,17787.7300,12279.1949,12252.3901,41,102
120570044003,Hillsborough,18713.0344,12867.9766,12839.2790,25,29
120570045001,Hillsborough,17357.7710,12213.5525,12188.2951,56,105
120570045002,Hillsborough,17580.1224,12555.1004,12530.4021,50,58
120570045003,Hillsborough,18402.6105,12637.9181,12611.1868,28,48
120570045004,Hillsborough,17693.3259,12603.1661,12577.9095,44,52
120570045005,Hillsborough,18117.9711,12744.2851,12717.5675,34,40
120570046011,Hillsborough,17944.5313,13261.2022,13240.5253,36,8
120570046012,Hillsborough,16840.9194,13163.9912,13147.7865,71,12
120570046021,Hillsborough,14421.9298,13030.7542,13027.8054,149,16
120570047001,Hillsborough,17618.7690,13713.1283,13696.1200,49,3
120570047002,Hillsborough,17620.1450,13264.2206,13244.0782,48,6
120570047003,Hillsborough,17546.2108,13327.6205,13308.1646,52,4
120570048001,Hillsborough,18828.7603,12991.8315,12964.0901,23,17
120570048002,Hillsborough,18356.1844,12667.4660,12639.7012,30,45
120570048003,Hillsborough,18186.8150,12549.2102,12521.7396,33,60
120570048004,Hillsborough,17993.4740,12408.2621,12381.0657,35,84
120570048005,Hillsborough,18367.6916,12445.2654,12416.9659,29,81
120570048006,Hillsborough,17885.6864,12478.6071,12452.8656,38,72
120570049011,Hillsborough,19562.1439,12457.2684,12422.0963,12,78
120570049012,Hillsborough,18724.0006,13207.4495,13180.7874,24,10
120570049021,Hillsborough,18271.3746,12748.2806,12722.3132,31,39
120570049022,Hillsborough,17686.0735,12407.8932,12382.7699,45,85
120570049023,Hillsborough,17845.5919,12497.4998,12472.1529,40,67
120570050001,Hillsborough,20117.1364,12917.3176,12882.0666,7,22
120570050002,Hillsborough,20063.4230,12816.8577,12782.7926,8,32
120570050003,Hillsborough,21166.0095,12882.8711,12847.4746,3,27
120570051011,Hillsborough,22231.2517,13738.3163,13702.4333,2,2
120570051012,Hillsborough,23789.2826,14204.2147,14168.1608,1,1
120570051021,Hillsborough,16635.9461,11486.1994,11460.9054,78,171
120570051022,Hillsborough,18628.8400,12044.1777,12016.8933,26,125
120570051023,Hillsborough,16896.4357,11639.5250,11613.7858,68,154
120570053011,Hillsborough,19601.0579,12367.8714,12337.5264,10,89
120570053012,Hillsborough,13027.2880,12381.0716,12380.8453,207,88
120570053013,Hillsborough,20236.9697,12796.0984,12764.7871,4,35
120570053021,Hillsborough,11742.3473,9914.3982,9907.2239,272,318
120570053022,Hillsborough,14088.8149,11111.4359,11098.0483,159,206
120570054011,Hillsborough,10256.3566,8355.1494,8347.3732,453,608
120570054012,Hillsborough,11723.2382,9384.0323,9374.1517,274,398
120570054013,Hillsborough,13067.3179,9498.4094,9483.1148,205,378
120570054014,Hillsborough,15840.2655,11704.0427,11685.3675,107,148
120570054015,Hillsborough,14021.8666,9968.7685,9951.1275,160,311
120570054016,Hillsborough,13846.2531,9700.5537,9683.0186,169,351
120570055001,Hillsborough,19542.9613,12294.0165,12259.6245,13,97
120570055002,Hillsborough,20166.1058,12339.5718,12306.2452,6,92
120570055003,Hillsborough,19610.0793,12438.3092,12403.0975,9,82
120570057001,Hillsborough,17743.4892,12546.7823,12521.8128,42,61
120570057002,Hillsborough,17701.4333,12491.9929,12466.8470,43,69
120570057003,Hillsborough,17923.8994,12570.1971,12544.5968,37,55
120570057004,Hillsborough,17124.2611,12755.2736,12735.1867,63,38
120570058001,Hillsborough,17335.3147,13263.3465,13244.6439,57,7
120570058002,Hillsborough,17298.2726,13079.0178,13058.9939,58,14
120570058003,Hillsborough,16613.9349,12464.7931,12445.3747,80,76
120570058004,Hillsborough,15745.2119,12058.9371,12041.8220,109,122
120570058005,Hillsborough,15704.9880,11986.7162,11969.6636,111,128
120570059001,Hillsborough,14958.8903,12305.8029,12294.2330,137,96
120570059002,Hillsborough,16953.4896,13233.0457,13217.0036,66,9
120570059003,Hillsborough,15296.7612,11747.4353,11730.4432,127,143
120570059004,Hillsborough,11960.0248,11519.9303,11519.9204,254,167
120570059005,Hillsborough,13040.0595,10791.6138,10781.4399,206,230
120570059006,Hillsborough,13720.0264,11121.9708,11110.4968,175,204
120570060001,Hillsborough,17552.5739,12467.6115,12443.5854,51,75
120570060002,Hillsborough,17457.0847,12288.9675,12264.0571,54,98
120570060003,Hillsborough,16199.8461,11865.8677,11844.7592,93,138
120570060004,Hillsborough,15132.5254,11682.7391,11667.7358,133,150
120570060005,Hillsborough,16023.0855,11741.9017,11720.9209,100,144
120570060006,Hillsborough,15844.2423,11630.8795,11610.1267,105,157
120570060007,Hillsborough,16137.8475,12059.1376,12040.6650,96,121
120570061011,Hillsborough,16839.9105,11724.1464,11699.6292,72,147
120570061012,Hillsborough,16557.1297,11662.7010,11639.2188,84,151
120570061013,Hillsborough,16301.8707,11477.2983,11453.8744,89,173
120570061014,Hillsborough,16074.2806,11532.3475,11510.1337,98,165
120570061031,Hillsborough,15919.6830,11888.6194,11868.5787,103,136
120570061032,Hillsborough,15640.9166,11445.4679,11424.9109,112,177
120570061033,Hillsborough,14427.1884,11402.9916,11388.7378,148,180
120570061034,Hillsborough,15508.0733,11379.2543,11358.9132,122,184
120570062001,Hillsborough,16145.8776,12199.0527,12180.8460,95,108
120570062002,Hillsborough,15619.6176,12115.9647,12099.2642,114,118
120570062003,Hillsborough,15486.8253,11941.8349,11925.8245,123,133
120570062004,Hillsborough,14466.8775,11551.8168,11538.3914,147,162
120570063001,Hillsborough,14690.3898,11518.2930,11503.4124,142,168
120570063002,Hillsborough,15750.7900,12105.6148,12088.2613,108,119
120570063003,Hillsborough,11665.0975,11163.6051,11163.5308,280,202
120570063004,Hillsborough,15176.6768,12045.8488,12030.9101,131,124
120570064001,Hillsborough,13493.1943,11165.8653,11155.4228,182,201
120570064002,Hillsborough,13088.5127,11081.4038,11072.6572,204,208
120570064003,Hillsborough,13414.3504,11075.6617,11065.2098,186,209
120570064004,Hillsborough,13200.5777,11118.4099,11109.4350,199,205
120570065011,Hillsborough,12418.0806,10613.0876,10605.6246,230,240
120570065012,Hillsborough,12957.1312,11003.0654,10995.1339,211,215
120570065013,Hillsborough,13094.3221,10903.1992,10893.6488,203,216
120570065031,Hillsborough,10457.8540,10072.1148,10072.1148,423,290
120570065032,Hillsborough,10474.4534,10107.6566,10107.6166,418,286
120570065033,Hillsborough,11216.2691,10825.6067,10825.5667,318,227
120570065041,Hillsborough,12167.2943,10744.0414,10738.3984,237,231
120570065042,Hillsborough,11861.9056,10796.5070,10792.8115,264,229
120570066001,Hillsborough,13744.1644,11195.4418,11183.6213,174,196
120570066002,Hillsborough,11039.8988,10489.8222,10489.4870,336,253
120570066003,Hillsborough,13348.4018,11025.5284,11015.2329,194,213
120570067001,Hillsborough,14202.5535,11162.0584,11148.6312,154,203
120570067002,Hillsborough,13375.0164,10506.7938,10493.0272,191,252
120570067003,Hillsborough,13809.3983,10882.6607,10869.7618,171,218
120570067004,Hillsborough,12610.9629,10207.1817,10195.7356,224,277
120570067005,Hillsborough,13146.2493,10324.4725,10311.8017,201,262
120570067006,Hillsborough,12730.9199,10586.0376,10576.3385,219,244
120570068011,Hillsborough,13366.9773,11294.9057,11285.7791,192,190
120570068012,Hillsborough,12156.5950,10208.3247,10199.5050,238,276
120570068013,Hillsborough,12534.4081,10589.1743,10580.5604,226,243
120570068014,Hillsborough,11608.1898,9760.7122,9752.5432,286,342
120570068015,Hillsborough,11930.0675,10175.4342,10167.7204,255,281
120570068021,Hillsborough,11092.4518,9396.4382,9389.1302,328,394
120570068022,Hillsborough,11887.9019,9906.9203,9898.0118,260,319
120570068023,Hillsborough,11256.3584,9592.0957,9584.6577,311,363
120570069001,Hillsborough,7885.9189,7664.9338,7664.9283,994,763
120570069002,Hillsborough,8216.6949,7371.4261,7368.3214,926,842
120570069003,Hillsborough,10331.0342,8926.7445,8920.3750,438,481
120570069004,Hillsborough,10495.3701,9704.4915,9701.9918,413,350
120570069005,Hillsborough,10371.8542,8898.3755,8892.0106,431,487
120570069006,Hillsborough,10405.1956,8899.2498,8892.5598,428,486
120570070011,Hillsborough,12464.7041,10657.1879,10649.6130,228,235
120570070012,Hillsborough,11974.6691,10200.5358,10193.1083,253,278
120570070013,Hillsborough,11638.9329,9982.1711,9975.2080,283,307
120570070014,Hillsborough,10276.6623,9124.4817,9120.0097,446,443
120570070021,Hillsborough,9816.7036,8783.8953,8779.9553,530,515
120570070022,Hillsborough,8395.9176,7495.3763,7491.9804,887,807
120570070023,Hillsborough,9128.4564,8801.8796,8801.8256,705,510
120570071021,Hillsborough,8737.2042,7805.4431,7802.4347,809,722
120570071022,Hillsborough,9843.9402,8640.9098,8636.6541,524,546
120570071031,Hillsborough,12129.3160,10573.0993,10567.1550,239,245
120570071032,Hillsborough,11235.8275,9937.9830,9933.3287,313,315
120570071033,Hillsborough,9523.7017,8407.3727,8403.2806,599,598
120570072001,Hillsborough,8619.7367,7739.5668,7736.7322,841,739
120570072002,Hillsborough,6455.5129,6011.8173,6010.8274,1234,1180
120570072003,Hillsborough,8183.0362,7460.6546,7458.3232,933,818
120570073001,Hillsborough,4646.6130,4465.7268,4465.5353,1503,1463
120570073002,Hillsborough,6334.0722,6034.3261,6033.7899,1251,1173
120570073003,Hillsborough,5288.0822,5052.7123,5052.2763,1417,1365
120570101051,Hillsborough,4790.1917,4466.4131,4466.3923,1485,1462
120570101052,Hillsborough,4118.1635,3902.6143,3902.6016,1602,1567
120570101053,Hillsborough,4628.5845,4259.7272,4259.6328,1510,1505
120570101061,Hillsborough,3967.8630,3773.8484,3773.8431,1628,1596
120570101062,Hillsborough,3707.9171,3525.7170,3525.6781,1661,1641
120570101063,Hillsborough,4368.1912,4152.7299,4152.7046,1569,1527
120570101064,Hillsborough,4493.6017,4243.1551,4243.0466,1540,1508
120570101071,Hillsborough,2285.0303,2139.0863,2139.0724,1838,1817
120570101072,Hillsborough,3871.3949,3662.7241,3662.7228,1638,1617
120570101073,Hillsborough,3609.5082,3410.2597,3410.2219,1675,1655
120570101081,Hillsborough,1728.9193,1585.6853,1585.6802,1891,1883
120570101082,Hillsborough,2503.1363,2378.7153,2378.7045,1811,1784
120570102031,Hillsborough,9525.7598,8960.4338,8960.3550,597,476
120570102032,Hillsborough,8385.3683,7696.5732,7696.3588,889,755
120570102041,Hillsborough,9498.1086,8963.2120,8963.1828,603,474
120570102042,Hillsborough,8856.8101,8306.0485,8305.9927,779,617
120570102043,Hillsborough,9130.7093,8457.2272,8457.1506,701,587
120570102101,Hillsborough,4081.0795,3818.6861,3818.5844,1609,1582
120570102102,Hillsborough,3958.9024,3788.3377,3788.2361,1629,1592
120570102111,Hillsborough,5150.1957,4919.8440,4919.7511,1442,1389
120570102112,Hillsborough,5293.3068,5064.2323,5064.1861,1415,1361
120570102113,Hillsborough,5576.4657,5127.2663,5126.4719,1367,1354
120570102121,Hillsborough,4563.9446,4381.7885,4381.7600,1528,1479
120570102122,Hillsborough,4648.7552,4446.3964,4446.3082,1502,1466
120570102131,Hillsborough,7383.1382,6905.6798,6905.5135,1093,989
120570102151,Hillsborough,3990.6487,3817.8550,3817.6807,1622,1583
120570102152,Hillsborough,3713.2753,3453.3065,3453.2437,1659,1649
120570102161,Hillsborough,5942.5726,5380.2845,5378.6213,1317,1302
120570102162,Hillsborough,4856.6981,4646.7874,4646.7521,1477,1441
120570102171,Hillsborough,5393.3261,5162.6359,5162.4719,1400,1346
120570102172,Hillsborough,5029.3621,4820.4754,4820.3408,1459,1408
120570102181,Hillsborough,5345.3843,5116.7980,5116.6543,1408,1355
120570102182,Hillsborough,5273.7388,5052.4196,5052.4118,1419,1366
120570102183,Hillsborough,6152.0280,5894.9458,5894.9134,1272,1210
120570102184,Hillsborough,6101.5799,5838.5172,5838.4602,1285,1222
120570103031,Hillsborough,6812.7314,6285.6501,6285.5442,1186,1123
120570103032,Hillsborough,6896.3828,6399.7979,6399.7100,1174,1100
120570103033,Hillsborough,7064.4384,6515.1146,6515.1141,1151,1081
120570103041,Hillsborough,6100.3242,5714.0881,5713.9008,1286,1242
120570103042,Hillsborough,7176.1279,6677.8332,6677.7000,1132,1046
120570103043,Hillsborough,5191.1612,4739.0270,4738.9795,1431,1423
120570103051,Hillsborough,7417.3083,6800.9733,6800.7919,1089,1015
120570103052,Hillsborough,7997.1779,7395.0988,7394.8722,970,838
120570103053,Hillsborough,8147.9121,7655.8663,7655.7908,941,766
120570104011,Hillsborough,9658.0687,8866.2305,8866.1609,567,498
120570104012,Hillsborough,9802.1691,9004.9272,9004.8576,534,465
120570104013,Hillsborough,9051.6233,8209.8249,8209.5116,732,643
120570104021,Hillsborough,10518.9459,9767.6152,9767.1203,409,338
120570104022,Hillsborough,10774.6658,9972.6361,9972.0447,369,310
120570104023,Hillsborough,11233.6355,10265.9600,10265.0737,314,269
120570104024,Hillsborough,9236.7586,8638.8283,8638.5875,671,547
120570105011,Hillsborough,9656.3517,9046.9394,9046.9394,568,460
120570105012,Hillsborough,10188.4875,9306.3819,9304.9984,462,412
120570105013,Hillsborough,12046.9835,10613.8560,10610.2893,248,239
120570105021,Hillsborough,10474.9577,9761.2951,9761.0006,417,341
120570105022,Hillsborough,11553.8613,10618.2637,10617.5218,291,238
120570106001,Hillsborough,11395.9012,10020.5662,10016.9587,303,300
120570106002,Hillsborough,10150.6460,8994.9038,8991.9218,469,467
120570106003,Hillsborough,9280.2584,8282.3781,8279.9417,658,623
120570107011,Hillsborough,9181.8756,8150.1902,8147.0620,689,653
120570107012,Hillsborough,10412.5728,8994.0014,8989.2323,426,468
120570107013,Hillsborough,10451.9733,8885.2641,8880.2050,424,492
120570107014,Hillsborough,11133.0122,9411.0244,9405.3363,324,390
120570107021,Hillsborough,11358.8275,9697.9336,9692.7419,305,352
120570107022,Hillsborough,10064.9454,8786.7689,8783.0512,488,514
120570108051,Hillsborough,12682.1220,10523.4204,10514.8564,222,249
120570108052,Hillsborough,11974.9936,10010.4934,10002.9935,252,302
120570108053,Hillsborough,12099.7265,10066.0054,10057.9277,242,292
120570108081,Hillsborough,11233.1876,9400.7690,9393.3579,315,392
120570108082,Hillsborough,11724.5757,9440.7456,9431.2030,273,387
120570108091,Hillsborough,10543.0172,9080.4894,9075.2232,405,453
120570108092,Hillsborough,11075.5262,9458.9264,9453.1301,331,383
120570108101,Hillsborough,8363.9934,7920.3108,7920.1974,893,699
120570108102,Hillsborough,8879.8375,8286.9654,8286.3067,774,621
120570108111,Hillsborough,10627.4948,9209.5922,9204.6553,392,434
120570108112,Hillsborough,10701.0430,9544.2167,9540.9465,376,376
120570108113,Hillsborough,9310.1890,8799.4765,8799.3182,648,512
120570108114,Hillsborough,9357.3773,8891.7947,8891.7910,633,491
120570108115,Hillsborough,10164.3824,8776.2941,8771.4833,465,516
120570108141,Hillsborough,11575.7531,9592.0136,9584.1843,288,365
120570108142,Hillsborough,11246.6742,9585.8821,9579.4075,312,368
120570108151,Hillsborough,12069.2265,9995.8686,9987.4708,246,303
120570108152,Hillsborough,12094.0566,9916.8398,9908.3153,243,317
120570108161,Hillsborough,11700.5369,9648.4212,9640.1271,278,359
120570108162,Hillsborough,11573.0579,9584.9266,9577.0085,289,369
120570108163,Hillsborough,11717.8157,9663.3165,9655.3521,275,355
120570108171,Hillsborough,10808.1967,9303.7990,9297.9407,362,415
120570108172,Hillsborough,10991.7679,9336.6898,9330.1843,345,404
120570108173,Hillsborough,11402.0600,9895.5851,9890.4092,302,321
120570108191,Hillsborough,9449.6912,9041.4811,9041.4787,614,461
120570108192,Hillsborough,11022.7358,9032.6430,9023.9372,339,464
120570108201,Hillsborough,10809.6260,9292.5125,9286.4245,361,419
120570108202,Hillsborough,11353.0187,9216.4012,9207.2902,306,433
120570108211,Hillsborough,11910.6678,9980.2273,9972.5920,257,309
120570108212,Hillsborough,11864.7429,9902.8970,9894.9575,263,320
120570108221,Hillsborough,11844.7435,9952.7120,9945.5569,266,313
120570108222,Hillsborough,11654.3660,9839.1399,9831.8143,282,328
120570108231,Hillsborough,11198.6720,9115.2884,9106.2831,319,446
120570108241,Hillsborough,11907.8663,9631.0914,9621.7204,258,360
120570108242,Hillsborough,11591.1801,9195.2685,9185.9543,287,436
120570108243,Hillsborough,11983.6821,9587.5096,9578.2810,250,367
120570109001,Hillsborough,11410.3936,9143.7653,9135.0968,300,439
120570110031,Hillsborough,8620.6219,8041.2031,8039.8333,840,673
120570110032,Hillsborough,10830.2517,9546.9800,9542.2860,357,375
120570110033,Hillsborough,11188.7941,10044.9769,10041.5025,321,295
120570110034,Hillsborough,11223.0525,9657.8343,9651.7499,316,357
120570110051,Hillsborough,5477.7330,5192.8146,5192.7769,1381,1340
120570110061,Hillsborough,5299.3441,5053.8247,5053.7763,1414,1364
120570110062,Hillsborough,6613.5094,6225.7674,6225.2942,1216,1135
120570110063,Hillsborough,6810.1714,6520.2431,6520.2059,1187,1079
120570110071,Hillsborough,7670.6044,7304.2576,7304.2331,1027,860
120570110072,Hillsborough,8465.2549,8116.0532,8116.0207,875,662
120570110073,Hillsborough,8264.9670,7919.8323,7919.7714,912,700
120570110081,Hillsborough,5946.2785,5683.7507,5683.6879,1315,1250
120570110082,Hillsborough,8363.0038,7405.2547,7402.1301,894,836
120570110083,Hillsborough,8434.6275,7469.8944,7466.5349,880,814
120570110084,Hillsborough,8541.0471,7622.2596,7619.0230,860,776
120570110085,Hillsborough,8014.5305,7621.3236,7621.0884,967,777
120570110086,Hillsborough,9958.9185,8717.0064,8712.1211,505,526
120570110101,Hillsborough,9432.1052,8236.9295,8232.2517,618,639
120570110102,Hillsborough,10246.3507,8815.4857,8809.7711,454,507
120570110131,Hillsborough,6807.2843,6078.3544,6076.0682,1188,1163
120570110132,Hillsborough,6604.1921,6247.4394,6247.2012,1220,1131
120570110161,Hillsborough,8115.2661,7139.9139,7136.5800,951,918
120570110162,Hillsborough,8388.1876,7447.3335,7443.9883,888,823
120570110163,Hillsborough,8243.4601,7378.6899,7375.5909,916,840
120570110171,Hillsborough,7981.5474,7494.2043,7493.8635,975,808
120570110172,Hillsborough,7705.6049,6920.8405,6917.9493,1020,984
120570110173,Hillsborough,3998.0963,3768.9070,3768.5665,1621,1598
120570110181,Hillsborough,9125.7062,7991.1103,7986.5901,708,682
120570110182,Hillsborough,10325.8703,8908.1797,8902.5137,441,483
120570110191,Hillsborough,5529.3327,5092.0956,5090.8339,1375,1358
120570110192,Hillsborough,6650.1364,5907.4248,5905.3304,1211,1208
120570110193,Hillsborough,5054.6206,4798.9867,4798.7634,1455,1414
120570111031,Hillsborough,7270.3616,6923.4988,6923.4580,1118,983
120570111032,Hillsborough,6771.3357,6409.8188,6409.6077,1191,1097
120570111061,Hillsborough,8148.1745,7808.9710,7808.9542,939,721
120570111071,Hillsborough,8593.9012,8139.4580,8139.0195,846,654
120570111072,Hillsborough,8701.7853,8135.6631,8134.7775,822,655
120570111073,Hillsborough,8243.1727,7769.3692,7768.9221,917,729
120570111081,Hillsborough,9690.0046,9231.8423,9231.5948,561,429
120570111091,Hillsborough,7902.8900,7484.4890,7483.9343,988,809
120570111092,Hillsborough,6951.1958,6669.6500,6669.6459,1166,1048
120570112031,Hillsborough,8964.6913,8555.0629,8555.0440,757,563
120570112032,Hillsborough,10501.9395,9468.2707,9465.3067,412,382
120570112033,Hillsborough,10277.0962,9313.8536,9311.2721,445,409
120570112041,Hillsborough,9667.2270,8833.7731,8831.3360,565,502
120570112042,Hillsborough,9834.9146,9353.5614,9353.0259,527,402
120570112043,Hillsborough,10273.0464,9828.3264,9828.1926,449,330
120570112044,Hillsborough,10096.4765,9133.1367,9130.5428,480,442
120570112045,Hillsborough,11053.9667,9801.9842,9797.4439,334,334
120570112051,Hillsborough,10791.3523,9236.2211,9230.4955,366,427
120570112052,Hillsborough,11320.1994,9761.3759,9755.6762,309,340
120570112053,Hillsborough,10569.6634,9293.3208,9288.9651,401,418
120570112061,Hillsborough,11706.0113,10116.2984,10110.3510,277,283
120570112062,Hillsborough,12124.8928,10281.7916,10274.6777,240,268
120570112063,Hillsborough,12022.4936,10222.7929,10215.9334,249,272
120570113011,Hillsborough,9995.4304,9306.5387,9305.7745,496,411
120570113012,Hillsborough,9248.7291,8768.1056,8768.0318,668,518
120570113031,Hillsborough,10510.9040,9486.0026,9483.0619,411,381
120570113032,Hillsborough,9890.8029,9264.2520,9263.7668,514,423
120570113041,Hillsborough,9759.5431,9054.6952,9053.4553,547,457
120570113042,Hillsborough,10495.0039,9249.7622,9245.5686,414,426
120570113043,Hillsborough,10582.1567,9940.5059,9940.1016,400,314
120570114071,Hillsborough,9673.1233,8895.0228,8893.4771,564,490
120570114072,Hillsborough,9393.8991,8606.6158,8604.7900,625,552
120570114081,Hillsborough,9182.8278,8747.3248,8747.3201,688,522
120570114082,Hillsborough,9684.9513,9081.6079,9080.7587,562,452
120570114083,Hillsborough,10745.2912,10046.2053,10045.2470,373,294
120570114091,Hillsborough,9397.2157,8833.7462,8833.0602,624,503
120570114092,Hillsborough,10930.0196,10020.6956,10018.9822,350,299
120570114101,Hillsborough,6493.4492,6241.6840,6241.6434,1231,1132
120570114102,Hillsborough,7704.6911,7162.6268,7161.2583,1021,911
120570114103,Hillsborough,7912.6762,7270.1642,7268.1375,986,872
120570114111,Hillsborough,8667.5364,8260.4434,8260.2162,828,632
120570114121,Hillsborough,9811.7092,8972.0516,8969.8343,533,472
120570114122,Hillsborough,9633.5625,8604.1585,8601.2523,573,553
120570114131,Hillsborough,9231.7643,8669.2909,8668.1911,673,539
120570114132,Hillsborough,9158.1121,8548.8967,8547.4281,696,566
120570114133,Hillsborough,9292.5822,8576.1231,8574.8394,653,556
120570114134,Hillsborough,9263.1628,8713.1837,8712.6621,664,527
120570114141,Hillsborough,8919.8224,8379.2683,8378.6927,766,604
120570114142,Hillsborough,9119.3666,8607.6691,8607.1359,710,551
120570114143,Hillsborough,9466.0998,8973.3562,8973.1794,612,471
120570114151,Hillsborough,9356.5893,8884.9657,8884.7997,634,493
120570114152,Hillsborough,9318.1739,8801.0950,8801.0176,646,511
120570114153,Hillsborough,10996.2016,10343.1507,10342.8279,343,260
120570114161,Hillsborough,10107.4662,9442.7304,9441.9530,478,386
120570114162,Hillsborough,9612.5968,9121.2936,9121.2592,580,444
120570114163,Hillsborough,9817.0107,9297.9389,9297.9257,529,417
120570114164,Hillsborough,10655.5967,9987.9890,9987.6194,388,306
120570114171,Hillsborough,8777.5579,8121.4969,8120.1232,801,660
120570114172,Hillsborough,9496.9676,9049.4175,9049.4139,605,459
120570114173,Hillsborough,9515.3210,9053.8714,9053.8633,601,458
120570114181,Hillsborough,9016.6609,8409.9061,8408.4498,743,596
120570114182,Hillsborough,9115.9362,8391.0676,8389.3298,714,603
120570114183,Hillsborough,8926.1713,8277.2987,8275.9270,765,628
120570115041,Hillsborough,3748.8026,3592.0556,3591.9733,1652,1629
120570115042,Hillsborough,5186.1135,4970.1375,4970.0884,1435,1382
120570115061,Hillsborough,7012.1088,6554.2813,6553.1507,1157,1073
120570115062,Hillsborough,7193.9409,6695.0971,6693.6822,1128,1043
120570115063,Hillsborough,8072.1309,7175.7267,7173.3957,959,906
120570115064,Hillsborough,6103.3635,5739.5302,5738.6463,1284,1237
120570115091,Hillsborough,5708.7577,5461.5985,5461.3629,1348,1288
120570115092,Hillsborough,5667.9035,5404.4283,5404.1861,1357,1298
120570115093,Hillsborough,5429.2356,5209.3940,5209.3754,1389,1338
120570115094,Hillsborough,30.9788,10.0080,9.9217,2163,2162
120570115101,Hillsborough,6133.3383,5788.9643,5788.6512,1277,1229
120570115102,Hillsborough,5919.0543,5643.8840,5643.7582,1321,1258
120570115121,Hillsborough,6439.5498,6191.2536,6191.2102,1235,1141
120570115122,Hillsborough,5428.4219,5217.1863,5217.1619,1390,1335
120570115123,Hillsborough,6916.9916,6690.3567,6690.3158,1169,1044
120570115141,Hillsborough,8101.4156,7589.1765,7588.0254,954,786
120570115142,Hillsborough,8199.8776,7757.7063,7756.7286,929,733
120570115143,Hillsborough,7996.7780,7688.9523,7688.9062,972,756
120570115144,Hillsborough,8471.4530,7928.6599,7927.2878,874,698
120570115151,Hillsborough,8744.2383,8111.2348,8109.7221,808,663
120570115152,Hillsborough,8665.9842,8317.6128,8317.6058,829,615
120570115161,Hillsborough,9107.7706,8516.9379,8516.1223,716,574
120570115162,Hillsborough,9580.5106,8965.7139,8964.8982,590,473
120570115181,Hillsborough,5075.1062,4884.3147,4884.2939,1453,1397
120570115182,Hillsborough,5404.1028,5199.2871,5199.2608,1396,1339
120570115183,Hillsborough,7034.4216,6768.5800,6768.5009,1154,1026
120570115191,Hillsborough,6857.8888,6574.9279,6574.8748,1177,1069
120570115192,Hillsborough,7741.7576,7137.8420,7136.4468,1013,920
120570115201,Hillsborough,7591.6259,6997.6911,6996.2142,1049,960
120570115202,Hillsborough,9896.4613,9103.7562,9101.6378,512,449
120570115211,Hillsborough,5116.5173,4903.2775,4903.0419,1447,1394
120570115212,Hillsborough,6795.2437,6548.6482,6548.5330,1190,1075
120570115213,Hillsborough,5383.7857,5176.1748,5176.1321,1402,1343
120570115221,Hillsborough,6204.2338,5782.1103,5781.5339,1263,1231
120570115222,Hillsborough,7058.2969,6773.5067,6773.4771,1152,1025
120570115223,Hillsborough,7262.6430,6823.7972,6823.2577,1119,1009
120570115231,Hillsborough,6293.3211,6032.2098,6032.1167,1256,1174
120570115241,Hillsborough,8460.4475,8095.1282,8095.0443,876,666
120570115242,Hillsborough,7345.7156,6822.3150,6821.3368,1102,1010
120570115243,Hillsborough,8114.2479,7761.8304,7761.7449,952,731
120570115244,Hillsborough,8895.5879,8364.1411,8363.1417,772,607
120570115251,Hillsborough,8217.9575,7623.9407,7622.4434,924,775
120570115252,Hillsborough,8790.3684,8421.9682,8421.9430,794,591
120570115253,Hillsborough,7786.7259,7461.0738,7461.0109,1007,817
120570115261,Hillsborough,8161.0846,7455.7725,7453.6002,937,820
120570115262,Hillsborough,9832.3604,8873.3903,8870.5688,528,496
120570115271,Hillsborough,5197.9902,5024.7504,5024.7077,1429,1374
120570115272,Hillsborough,5850.0349,5627.3484,5627.3380,1326,1261
120570115281,Hillsborough,6955.2308,6493.9659,6493.2757,1164,1089
120570115282,Hillsborough,6118.2101,5916.5827,5916.5825,1280,1205
120570115283,Hillsborough,7359.1732,6774.1391,6772.2935,1097,1024
120570116031,Hillsborough,10548.2088,9775.2807,9773.6689,404,337
120570116032,Hillsborough,10319.1333,9654.9427,9653.8217,442,358
120570116033,Hillsborough,10756.0198,10111.1008,10110.0993,372,285
120570116051,Hillsborough,10328.0098,9593.3251,9591.8713,439,362
120570116052,Hillsborough,10985.5193,10264.3466,10263.0043,347,270
120570116053,Hillsborough,11636.1507,10564.3546,10561.9879,284,247
120570116054,Hillsborough,11348.2268,10612.0690,10610.6618,307,241
120570116055,Hillsborough,11118.6575,10378.2634,10376.9450,325,256
120570116101,Hillsborough,9387.4244,8663.3048,8661.5537,628,543
120570116102,Hillsborough,9725.1233,8926.2356,8923.9543,553,482
120570116103,Hillsborough,10085.7421,9263.0614,9260.8758,484,424
120570116104,Hillsborough,8966.4541,8377.0257,8375.9285,756,605
120570116111,Hillsborough,11048.2916,10023.5042,10022.0401,335,298
120570116112,Hillsborough,10266.4567,9789.3446,9789.2578,451,336
120570116113,Hillsborough,10596.5368,9737.6469,9735.5639,396,345
120570116121,Hillsborough,8791.4625,8206.4197,8205.4609,793,644
120570116122,Hillsborough,9337.6742,8712.2146,8711.1240,640,528
120570116123,Hillsborough,10113.9123,9391.6866,9390.2599,475,396
120570116124,Hillsborough,9973.3119,9267.6508,9266.1863,500,422
120570116131,Hillsborough,10088.8485,9392.9999,9391.6763,482,395
120570116132,Hillsborough,9780.0191,9156.7379,9155.7762,542,437
120570116133,Hillsborough,9742.2171,9279.7694,9279.7156,549,420
120570116134,Hillsborough,10827.9284,10056.2477,10054.6978,358,293
120570116141,Hillsborough,8910.4540,8439.2746,8439.0026,768,590
120570116142,Hillsborough,8968.9449,8488.4972,8488.0253,755,582
120570116143,Hillsborough,8198.8768,7724.3364,7723.7012,930,747
120570116144,Hillsborough,8933.6689,8537.0081,8537.0053,763,569
120570116151,Hillsborough,8303.2296,7810.6357,7809.9249,905,720
120570116152,Hillsborough,10673.3863,10032.3268,10031.3579,384,296
120570116153,Hillsborough,9364.0773,8818.9619,8818.2831,631,506
120570116154,Hillsborough,9412.2680,8824.8044,8823.7966,622,505
120570116161,Hillsborough,7316.7018,6988.4951,6988.4880,1109,962
120570116162,Hillsborough,8368.1285,7725.0825,7723.6239,892,746
120570116163,Hillsborough,9615.0062,8815.1328,8812.7765,579,508
120570116164,Hillsborough,7506.6399,6976.3829,6975.2198,1067,967
120570116165,Hillsborough,8790.3278,8077.8396,8076.0605,795,668
120570116171,Hillsborough,9146.8451,8507.3124,8506.1365,698,576
120570116172,Hillsborough,9129.7163,8533.5978,8532.4753,702,570
120570116173,Hillsborough,9537.8840,8931.9017,8931.0457,596,480
120570117081,Hillsborough,11432.0724,10833.4379,10832.9227,299,226
120570117082,Hillsborough,13390.6045,11975.0487,11970.6750,189,129
120570117083,Hillsborough,10221.5403,9674.7356,9674.2281,457,354
120570117121,Hillsborough,10854.0730,10102.9581,10101.6204,354,287
120570117122,Hillsborough,9573.8970,9033.7842,9032.9805,592,463
120570117123,Hillsborough,10531.1545,9845.9388,9844.7047,407,326
120570117124,Hillsborough,9589.5262,9060.8258,9060.0864,586,455
120570117131,Hillsborough,8662.8227,8197.4830,8196.9655,831,646
120570117132,Hillsborough,8900.5619,8350.0225,8349.1382,770,610
120570117133,Hillsborough,8888.8400,8463.5048,8463.3535,773,586
120570117134,Hillsborough,8781.6109,8321.2092,8320.7459,800,613
120570117141,Hillsborough,9106.0444,8524.5251,8523.6640,718,572
120570117151,Hillsborough,10674.4833,9980.5352,9979.3946,382,308
120570117152,Hillsborough,10800.8368,10209.6781,10209.0791,364,275
120570117161,Hillsborough,10632.0042,9994.7756,9993.7399,389,304
120570117162,Hillsborough,11894.2097,11223.6750,11222.8212,259,192
120570117163,Hillsborough,11783.0442,11169.7488,11169.1254,271,199
120570118021,Hillsborough,14348.0809,12282.3407,12275.0360,152,101
120570118022,Hillsborough,13482.1411,11318.9791,11310.4848,183,188
120570118023,Hillsborough,12047.6839,10564.2947,10559.5576,247,248
120570118024,Hillsborough,12116.4518,10649.8787,10645.5040,241,236
120570118041,Hillsborough,11805.2271,10323.7682,10318.8930,269,263
120570118042,Hillsborough,12863.1209,10817.6268,10809.6706,214,228
120570118043,Hillsborough,13566.7117,11514.1807,11506.1627,180,169
120570118044,Hillsborough,10567.7849,9803.1140,9802.4943,402,332
120570118051,Hillsborough,10796.2755,9579.6144,9575.8570,365,370
120570118052,Hillsborough,10721.8407,10030.1470,10029.5844,374,297
120570118053,Hillsborough,11659.8475,10217.7397,10213.0580,281,273
120570118061,Hillsborough,12073.4618,10699.1596,10694.9594,244,233
120570118062,Hillsborough,11616.2245,10298.5403,10294.4098,285,264
120570118063,Hillsborough,12282.6318,10839.8076,10835.1450,233,224
120570119051,Hillsborough,14577.9280,12209.6043,12200.2267,145,106
120570119071,Hillsborough,11822.8248,10452.7875,10448.5603,268,254
120570119072,Hillsborough,11319.3644,10010.8692,10007.4915,310,301
120570119081,Hillsborough,11925.8141,10567.8931,10564.2781,256,246
120570119082,Hillsborough,12734.1610,11166.6133,11162.0548,218,200
120570119091,Hillsborough,11881.7133,10510.9035,10506.9716,261,251
120570119092,Hillsborough,12232.5822,10388.4687,10381.7761,234,255
120570119093,Hillsborough,13443.0155,11186.1613,11178.3381,185,197
120570119101,Hillsborough,14096.8191,11851.9860,11843.3110,158,139
120570119102,Hillsborough,11879.9757,10114.6920,10108.3040,262,284
120570119103,Hillsborough,12381.5056,10837.1078,10832.2691,231,225
120570119111,Hillsborough,14582.7534,11896.9835,11885.9486,144,134
120570119112,Hillsborough,13540.8536,11073.5725,11064.6399,181,210
120570119113,Hillsborough,15584.7208,12627.0983,12614.8646,116,50
120570120011,Hillsborough,11366.9215,10213.5067,10211.9516,304,274
120570120012,Hillsborough,12444.5702,10901.9763,10899.0487,229,217
120570120021,Hillsborough,11107.7052,10173.1801,10172.5882,327,282
120570120022,Hillsborough,10699.9782,9739.8772,9739.3272,377,343
120570120023,Hillsborough,11332.2398,10377.8742,10377.3155,308,257
120570121031,Hillsborough,10463.1738,9420.5920,9419.4526,420,388
120570121032,Hillsborough,11088.2711,10188.5809,10188.0225,329,280
120570121033,Hillsborough,12191.9344,9454.5601,9447.6599,235,384
120570121061,Hillsborough,7462.6698,6810.6696,6810.4487,1071,1013
120570121062,Hillsborough,7363.2855,6764.4917,6764.4190,1096,1028
120570121063,Hillsborough,6139.0500,5660.9728,5660.7517,1274,1256
120570121071,Hillsborough,9205.0097,8512.0409,8511.9211,682,575
120570121072,Hillsborough,8595.7314,7849.9953,7849.2753,845,708
120570121073,Hillsborough,9340.5466,8541.4784,8540.7706,638,568
120570121081,Hillsborough,7637.6156,7047.9532,7047.4590,1036,947
120570121082,Hillsborough,7942.4561,7346.3189,7346.3001,982,849
120570121091,Hillsborough,9882.2971,8790.1227,8789.0238,516,513
120570121092,Hillsborough,9841.8140,9095.2413,9094.8955,525,451
120570121101,Hillsborough,9145.4415,8452.3117,8452.0183,699,589
120570121102,Hillsborough,9662.9154,8953.1045,8952.9372,566,477
120570122061,Hillsborough,9063.9746,8421.1258,8421.1212,728,592
120570122062,Hillsborough,8309.8447,7515.9182,7514.8818,903,800
120570122063,Hillsborough,7836.1832,7015.8069,7014.5358,1001,956
120570122064,Hillsborough,7890.1744,7359.9881,7359.9800,993,844
120570122071,Hillsborough,7856.1375,7247.0307,7246.6833,999,881
120570122072,Hillsborough,7009.3492,6489.1964,6488.8246,1158,1090
120570122073,Hillsborough,7187.8243,6607.7668,6607.4966,1130,1059
120570122074,Hillsborough,7326.9232,6810.3458,6810.0917,1108,1014
120570122075,Hillsborough,7145.9720,6602.5791,6602.3329,1141,1061
120570122081,Hillsborough,5768.9630,5422.9595,5422.9459,1333,1295
120570122082,Hillsborough,6601.7116,6074.1139,6074.0504,1222,1165
120570122083,Hillsborough,6053.6180,5574.8081,5574.7890,1297,1272
120570122091,Hillsborough,5710.7588,5323.1657,5323.1220,1347,1314
120570122092,Hillsborough,4275.2957,4012.2644,4012.1299,1581,1552
120570122101,Hillsborough,6198.3981,5710.8202,5710.2619,1266,1244
120570122102,Hillsborough,6237.3465,5840.1256,5840.0864,1260,1221
120570122111,Hillsborough,9524.1955,8495.8536,8493.8228,598,580
120570122121,Hillsborough,10059.6733,8642.5665,8638.2724,491,545
120570122122,Hillsborough,9728.9263,8365.7523,8361.4031,552,606
120570122131,Hillsborough,9327.3806,8668.0875,8667.9893,643,540
120570122132,Hillsborough,8242.9580,7651.5190,7651.4278,918,767
120570123011,Hillsborough,8721.7974,7518.3645,7516.2256,816,799
120570123012,Hillsborough,7444.5721,6584.2557,6582.5153,1078,1066
120570123013,Hillsborough,8973.1955,7720.7265,7717.8938,753,748
120570123014,Hillsborough,9793.9641,8401.9314,8398.2513,540,599
120570123031,Hillsborough,7547.4724,6918.3890,6918.1887,1059,985
120570123032,Hillsborough,7803.8124,7195.6900,7195.6819,1006,900
120570123033,Hillsborough,8254.3496,7176.1529,7173.5877,914,905
120570123041,Hillsborough,6958.6614,6431.8531,6431.8496,1162,1095
120570123042,Hillsborough,7164.9381,6367.9233,6367.0541,1133,1105
120570123043,Hillsborough,6899.6685,6282.9783,6282.2386,1173,1124
120570124011,Hillsborough,5778.1677,5314.8150,5314.7648,1330,1315
120570124012,Hillsborough,5681.8381,5277.4772,5277.4577,1355,1322
120570124013,Hillsborough,4738.2738,4415.8899,4415.8366,1493,1473
120570124014,Hillsborough,5599.7949,5185.5886,5185.5262,1364,1342
120570124021,Hillsborough,5426.5306,5051.6294,5051.6029,1391,1367
120570124022,Hillsborough,4461.6039,4133.9740,4133.9393,1551,1532
120570124031,Hillsborough,4511.7407,4241.9512,4241.9430,1538,1510
120570124032,Hillsborough,3582.1124,3370.8929,3370.8596,1677,1658
120570124033,Hillsborough,3547.4249,3340.4038,3340.3820,1679,1662
120570125011,Hillsborough,5171.3146,4856.4778,4856.4176,1438,1403
120570125012,Hillsborough,3466.2876,3234.4231,3234.4176,1685,1675
120570125013,Hillsborough,4558.2380,4175.1255,4174.8463,1530,1523
120570125031,Hillsborough,3239.6583,2895.2632,2894.5445,1703,1706
120570125032,Hillsborough,4193.0437,3775.1275,3774.1584,1595,1594
120570125033,Hillsborough,3379.7303,3007.5109,3006.4543,1693,1694
120570125041,Hillsborough,3638.7745,3291.6401,3290.9892,1670,1669
120570126001,Hillsborough,4195.2136,3781.8319,3780.8745,1594,1593
120570126002,Hillsborough,4488.3226,4061.7354,4060.8417,1544,1549
120570126003,Hillsborough,4242.2762,3766.9056,3765.6863,1586,1600
120570126004,Hillsborough,3787.5659,3540.7762,3540.6492,1648,1636
120570127011,Hillsborough,5224.4099,4674.0034,4672.8934,1424,1436
120570127012,Hillsborough,4898.7721,4502.1091,4501.6722,1472,1459
120570127013,Hillsborough,4561.3051,4199.1013,4199.0512,1529,1518
120570127014,Hillsborough,4699.7174,4261.9541,4261.5423,1497,1504
120570127021,Hillsborough,4575.6237,4098.8785,4097.8309,1521,1540
120570127022,Hillsborough,4359.0800,3892.6501,3891.6360,1571,1570
120570127023,Hillsborough,4645.7149,4197.8015,4196.8386,1504,1519
120570128001,Hillsborough,4083.2979,3745.1940,3744.5848,1608,1604
120570128002,Hillsborough,4115.2352,3680.5053,3679.5273,1603,1613
120570129001,Hillsborough,4021.0514,3608.0933,3607.1822,1619,1626
120570129002,Hillsborough,2925.3255,2713.2107,2713.0038,1748,1733
120570130011,Hillsborough,1795.0824,1614.5798,1614.0576,1881,1879
120570130021,Hillsborough,2804.6231,2644.8716,2644.8200,1776,1745
120570130022,Hillsborough,2550.7937,2413.3432,2413.3121,1805,1777
120570130023,Hillsborough,3217.4951,2809.4383,2808.4652,1707,1720
120570130031,Hillsborough,3377.7366,2947.7199,2946.6280,1694,1700
120570130032,Hillsborough,3322.6705,3109.2257,3109.1971,1697,1691
120570130041,Hillsborough,2665.2853,2467.1444,2467.1308,1792,1771
120570130042,Hillsborough,2266.7647,2126.0731,2126.0683,1841,1819
120570130043,Hillsborough,2375.0211,2217.1454,2217.1211,1827,1804
120570131001,Hillsborough,1851.8490,1731.3413,1731.3284,1878,1868
120570131002,Hillsborough,1036.5479,962.1308,962.1051,2009,1991
120570132031,Hillsborough,6508.5135,6019.1138,6018.6282,1230,1177
120570132032,Hillsborough,5997.1673,5596.2737,5596.1276,1308,1267
120570132041,Hillsborough,5943.1942,5573.4606,5573.4056,1316,1273
120570132051,Hillsborough,6094.1093,5703.3647,5703.3510,1287,1247
120570132052,Hillsborough,5490.2466,5142.0326,5142.0217,1379,1351
120570132053,Hillsborough,5468.4373,5130.5572,5130.5523,1384,1353
120570132054,Hillsborough,4489.9401,4242.3663,4242.3498,1543,1509
120570132061,Hillsborough,15.3715,4.9576,4.9233,2165,2164
120570132062,Hillsborough,4620.7962,4360.1465,4360.1397,1511,1483
120570132063,Hillsborough,4672.9727,4405.3020,4405.2754,1499,1477
120570132064,Hillsborough,109.8382,35.4252,35.1796,2155,2159
120570132071,Hillsborough,3510.1639,3314.1522,3314.1272,1681,1666
120570132072,Hillsborough,3726.3181,3525.9371,3525.9190,1655,1640
120570132081,Hillsborough,4778.9633,4358.6709,4358.0063,1487,1484
120570132082,Hillsborough,3713.3368,3458.5627,3458.4239,1658,1648
120570133051,Hillsborough,6734.0345,6304.6405,6304.5947,1195,1117
120570133052,Hillsborough,6192.1360,5535.6771,5534.6462,1268,1276
120570133071,Hillsborough,9463.2542,8710.0717,8709.7291,613,529
120570133072,Hillsborough,8570.2670,6095.1299,6092.0917,852,1159
120570133073,Hillsborough,9326.4656,7848.3873,7843.9049,644,709
120570133101,Hillsborough,7286.2682,6906.2264,6906.2200,1115,988
120570133102,Hillsborough,7910.4118,7442.5685,7442.4666,987,825
120570133111,Hillsborough,8665.7148,7026.3479,7023.0412,830,953
120570133112,Hillsborough,7288.3697,6774.2769,6774.1595,1112,1023
120570133113,Hillsborough,7687.3931,6768.0760,6765.7128,1024,1027
120570133121,Hillsborough,7026.1230,6281.0943,6279.5467,1155,1126
120570133122,Hillsborough,6380.0649,5852.4263,5851.9102,1245,1220
120570133123,Hillsborough,6754.8306,6220.6857,6220.1869,1193,1137
120570133131,Hillsborough,7153.5878,6254.2208,6254.1987,1137,1130
120570133132,Hillsborough,7804.8585,4970.7339,4969.0613,1005,1381
120570133133,Hillsborough,6936.4797,6145.0629,6145.0419,1168,1151
120570133141,Hillsborough,6825.9354,5957.5312,5957.5051,1182,1189
120570133142,Hillsborough,6138.8240,5722.9085,5722.7511,1275,1240
120570133151,Hillsborough,11432.8500,10072.0465,10068.8725,298,291
120570133152,Hillsborough,11714.0791,10349.6450,10347.5680,276,259
120570133161,Hillsborough,10834.5140,9033.8823,9028.5691,355,462
120570133162,Hillsborough,11031.1616,9113.8474,9108.1725,337,447
120570133171,Hillsborough,10819.7092,9965.6799,9964.1286,360,312
120570133172,Hillsborough,11145.6015,10291.6814,10290.1554,323,266
120570133191,Hillsborough,8130.1496,7673.8282,7673.6192,944,761
120570133192,Hillsborough,171.3076,79.5549,79.2009,2147,2154
120570133193,Hillsborough,8515.2539,7971.9895,7971.4190,862,686
120570133201,Hillsborough,7869.6190,7277.7660,7277.1033,998,869
120570133221,Hillsborough,7689.3599,7225.8606,7225.5657,1022,889
120570133222,Hillsborough,7284.3614,4428.3926,4427.4879,1116,1471
120570133223,Hillsborough,7282.4314,6350.7204,6350.4703,1117,1108
120570133224,Hillsborough,6616.3624,3853.5123,3853.3862,1215,1579
120570133231,Hillsborough,9272.1124,8395.1555,8394.6925,660,601
120570133232,Hillsborough,8612.6953,7843.3561,7842.3961,842,712
120570133233,Hillsborough,7785.9363,5231.7006,5229.6631,1008,1332
120570133234,Hillsborough,10238.3447,8984.4163,8980.8176,455,470
120570133235,Hillsborough,7601.0840,7043.0734,7042.9769,1046,948
120570134061,Hillsborough,6543.6103,4515.8234,4515.6713,1226,1455
120570134071,Hillsborough,6245.7442,4314.2545,4314.0621,1259,1490
120570134072,Hillsborough,6351.8943,5134.5886,5133.8059,1248,1352
120570134073,Hillsborough,5605.0654,4727.2293,4727.2126,1363,1427
120570134074,Hillsborough,5038.9881,4270.0734,4270.0080,1457,1498
120570134091,Hillsborough,5510.1006,5104.0280,5103.8380,1378,1357
120570134092,Hillsborough,5318.8977,4945.9644,4945.6225,1411,1384
120570134093,Hillsborough,4384.7849,4112.0162,4111.9854,1563,1536
120570134101,Hillsborough,7822.8505,7221.3259,7220.5073,1003,893
120570134102,Hillsborough,8402.6873,7828.2875,7827.7690,885,716
120570134111,Hillsborough,7096.3889,6505.9257,6505.2449,1146,1085
120570134121,Hillsborough,4831.5996,4528.3542,4528.1516,1480,1453
120570134122,Hillsborough,6339.8217,5818.7678,5817.9910,1249,1224
120570134131,Hillsborough,5361.7771,5010.1564,5009.8601,1403,1376
120570134141,Hillsborough,5872.3019,5054.4039,5054.3478,1325,1363
120570134142,Hillsborough,5961.7926,4943.6330,4942.5731,1311,1385
120570134143,Hillsborough,4592.5201,4256.4542,4256.3089,1516,1506
120570134144,Hillsborough,5637.6091,4883.2678,4883.2640,1360,1398
120570134151,Hillsborough,3861.8469,3361.6557,3361.5765,1640,1660
120570134152,Hillsborough,4630.1341,4020.4608,4020.3925,1509,1551
120570135011,Hillsborough,11019.2561,10338.4430,10338.2886,340,261
120570135012,Hillsborough,10664.9826,9919.7062,9919.4085,387,316
120570135031,Hillsborough,10666.8195,9607.5664,9607.5328,386,361
120570135032,Hillsborough,10976.9217,10257.7369,10257.6196,348,271
120570135033,Hillsborough,10673.7335,9532.8481,9532.5432,383,377
120570135041,Hillsborough,10082.4516,9196.8295,9196.5273,486,435
120570135042,Hillsborough,10085.0079,9302.8940,9302.5964,485,416
120570135043,Hillsborough,10338.9042,9592.0885,9591.7993,436,364
120570135051,Hillsborough,11490.0257,10851.1030,10850.5341,294,223
120570135052,Hillsborough,10627.0587,9800.2982,9799.7715,393,335
120570135053,Hillsborough,10594.9086,9725.8902,9725.3312,397,347
120570136021,Hillsborough,9467.3195,8875.1095,8874.9183,611,495
120570136022,Hillsborough,8015.2864,7455.6140,7455.2733,966,821
120570136041,Hillsborough,9052.1911,8464.7245,8464.4458,731,585
120570137021,Hillsborough,7571.4082,7081.9774,7081.9573,1053,938
120570137022,Hillsborough,7829.9565,7350.5499,7350.5462,1002,847
120570137023,Hillsborough,6858.9743,6384.3206,6383.6843,1176,1103
120570137024,Hillsborough,5998.1540,5519.0408,5518.7773,1307,1282
120570137031,Hillsborough,9091.0218,8613.9240,8613.7208,722,550
120570137032,Hillsborough,9203.6715,8666.5688,8666.0204,684,541
120570137033,Hillsborough,7139.4485,6652.2932,6651.8166,1142,1051
120570137051,Hillsborough,7303.8128,6821.9421,6821.3663,1111,1011
120570137052,Hillsborough,6607.9663,6221.9408,6221.9129,1219,1136
120570137053,Hillsborough,7153.3155,6667.0698,6666.4899,1138,1049
120570137054,Hillsborough,8170.3352,7743.8047,7743.7334,935,737
120570137061,Hillsborough,7991.1328,7577.0081,7576.9375,973,788
120570137062,Hillsborough,9053.8327,8566.4854,8566.2652,730,562
120570138011,Hillsborough,4938.7371,4500.7810,4500.6166,1468,1460
120570138012,Hillsborough,6247.0814,5727.9697,5727.9147,1258,1238
120570138021,Hillsborough,6768.2357,6077.6217,6077.3271,1192,1164
120570138022,Hillsborough,7069.0515,6458.8306,6457.8543,1150,1093
120570138031,Hillsborough,6712.5761,5997.8909,5997.4350,1199,1184
120570138041,Hillsborough,4487.4513,4153.4877,4153.4005,1545,1526
120570138042,Hillsborough,5584.4881,5168.4899,5168.4778,1366,1344
120570138043,Hillsborough,5130.8661,4747.1694,4747.1646,1445,1421
120570138061,Hillsborough,6515.7356,5956.4080,5955.3054,1229,1191
120570138071,Hillsborough,5355.1610,4808.7679,4807.6356,1405,1410
120570138072,Hillsborough,5222.9683,4706.6828,4705.5784,1425,1430
120570139031,Hillsborough,1316.1577,1213.4043,1213.3631,1959,1920
120570139032,Hillsborough,76.5755,68.8902,68.8873,2157,2155
120570139071,Hillsborough,1165.6310,1033.5387,1033.4945,1989,1981
120570139072,Hillsborough,537.3888,471.0520,471.0365,2071,2057
120570139121,Hillsborough,3890.5917,3581.7590,3581.5317,1636,1632
120570139122,Hillsborough,3055.7029,2788.3398,2788.3040,1734,1723
120570139131,Hillsborough,2211.0021,1977.4672,1977.1134,1848,1840
120570139132,Hillsborough,2368.1196,2112.2019,2112.1869,1829,1821
120570139133,Hillsborough,2478.7479,2237.0722,2237.0542,1814,1800
120570139141,Hillsborough,1984.3903,1721.8181,1721.7771,1866,1870
120570139142,Hillsborough,2353.7545,2038.9330,2038.6539,1833,1832
120570139151,Hillsborough,4895.1774,4263.4186,4261.9949,1473,1503
120570139152,Hillsborough,4643.9838,4204.5157,4203.7693,1505,1517
120570139153,Hillsborough,3803.2247,3567.5221,3567.5183,1644,1633
120570139161,Hillsborough,3892.7123,3448.3825,3447.5032,1635,1652
120570139162,Hillsborough,4162.2989,3801.5020,3801.1395,1598,1587
120570139163,Hillsborough,3353.4938,3119.1257,3118.9890,1696,1689
120570139171,Hillsborough,3702.8549,3344.7215,3344.5971,1663,1661
120570139172,Hillsborough,3771.9725,3495.9780,3495.8408,1650,1645
120570139173,Hillsborough,4068.1320,3830.9556,3830.9348,1612,1581
120570139181,Hillsborough,9.2455,2.9950,2.9693,2166,2165
120570139182,Hillsborough,4533.2006,4215.9133,4215.8966,1536,1516
120570139191,Hillsborough,5734.6640,5245.7602,5245.4732,1340,1329
120570139192,Hillsborough,5186.5697,4802.3292,4802.2497,1434,1412
120570139193,Hillsborough,4097.6234,3700.6178,3700.6144,1606,1611
120570139194,Hillsborough,4297.6945,3861.9399,3861.8563,1577,1577
120570139221,Hillsborough,3176.7136,2838.5660,2838.2376,1713,1714
120570139222,Hillsborough,3654.1841,3267.1954,3266.5459,1668,1671
120570139223,Hillsborough,3161.8823,2825.2518,2824.9246,1716,1717
120570139231,Hillsborough,2707.7255,2475.8603,2475.4978,1786,1769
120570139232,Hillsborough,3438.0931,3082.4674,3082.2581,1688,1692
120570139241,Hillsborough,5198.6120,4669.6819,4668.5457,1428,1438
120570139251,Hillsborough,6406.2890,5809.5296,5808.3657,1238,1226
120570139252,Hillsborough,6075.4605,5525.5738,5524.4830,1290,1281
120570139253,Hillsborough,5439.0309,5058.4085,5058.3780,1386,1362
120570139261,Hillsborough,848.5896,763.0919,762.9746,2023,2022
120570139262,Hillsborough,3031.0774,2845.2225,2845.2152,1737,1712
120570139263,Hillsborough,3750.4620,3515.8507,3515.7742,1651,1642
120570140021,Hillsborough,949.8552,865.7407,865.7255,2016,2010
120570140022,Hillsborough,1974.7540,1809.8755,1809.8509,1868,1859
120570140031,Hillsborough,1303.8810,1124.1314,1124.1282,1961,1952
120570140071,Hillsborough,2383.8165,2026.0358,2025.1674,1826,1834
120570140081,Hillsborough,2544.4240,2217.5284,2217.0946,1807,1803
120570140082,Hillsborough,2730.8860,2414.2648,2413.6749,1783,1776
120570140091,Hillsborough,3300.5902,2894.2244,2893.3842,1698,1707
120570140101,Hillsborough,3140.8408,2767.8795,2767.0139,1720,1725
120570140102,Hillsborough,2834.1851,2514.0383,2513.4233,1771,1766
120570140111,Hillsborough,2681.8501,2374.5186,2373.8016,1789,1785
120570140112,Hillsborough,2515.7544,2207.9700,2207.2600,1809,1806
120570140113,Hillsborough,2452.2664,2162.3444,2161.7276,1818,1812
120570140121,Hillsborough,2432.0490,2155.6696,2155.0661,1821,1814
120570140122,Hillsborough,1940.9187,1707.3048,1706.8836,1871,1873
120570140131,Hillsborough,2388.5228,2156.0844,2156.0707,1825,1813
120570140141,Hillsborough,2898.3965,2542.2237,2541.4194,1754,1760
120570140142,Hillsborough,2607.5761,2419.2683,2419.2679,1797,1775
120570140171,Hillsborough,2596.8882,2191.3527,2190.7319,1798,1809
120570141041,Hillsborough,1751.5711,1582.8701,1582.8414,1886,1884
120570141061,Hillsborough,3615.5133,3125.6536,3124.7110,1673,1687
120570141062,Hillsborough,3866.9524,3606.8194,3606.7491,1639,1627
120570141081,Hillsborough,2859.4612,2221.7500,2221.2345,1766,1802
120570141082,Hillsborough,2887.5607,2284.7896,2284.3366,1760,1795
120570141083,Hillsborough,2977.1353,2666.9219,2666.5084,1744,1743
120570141091,Hillsborough,3062.6458,2845.2574,2845.0176,1730,1711
120570141092,Hillsborough,2678.7178,2408.8186,2408.5157,1790,1780
120570141093,Hillsborough,2490.4126,2245.5742,2245.3389,1812,1799
120570141171,Hillsborough,3235.2138,2948.4941,2948.3894,1704,1699
120570141172,Hillsborough,3218.5367,2933.6850,2933.5845,1706,1702
120570141181,Hillsborough,3454.9397,3226.5583,3226.4891,1687,1677
120570141182,Hillsborough,2698.3406,2515.8342,2515.7663,1788,1765
120570141191,Hillsborough,4962.6551,4610.4860,4610.4519,1467,1444
120570141192,Hillsborough,3410.9926,3127.7207,3127.6735,1691,1686
120570141211,Hillsborough,2924.1345,2549.1660,2548.5502,1749,1758
120570141212,Hillsborough,2895.2189,2581.8857,2581.3121,1757,1753
120570141221,Hillsborough,2948.1512,2540.6898,2540.2030,1747,1762
120570141222,Hillsborough,2896.7454,2234.6697,2234.3639,1755,1801
120570142001,Hillsborough,19596.0695,13137.8885,13106.5234,11,13
120570142002,Hillsborough,19471.9791,12943.1297,12911.0580,14,20
120570142003,Hillsborough,18853.5601,12715.7177,12686.4092,22,43
120570142004,Hillsborough,18569.5542,12704.0048,12675.5490,27,44
120570143001,Hillsborough,1996.6894,1777.9992,1777.9803,1865,1863
120570143002,Hillsborough,3057.9628,2886.6823,2886.6703,1732,1709
120570143003,Hillsborough,3493.5776,3260.7286,3260.7006,1682,1672
120570144001,Hillsborough,7419.8657,6963.9692,6963.1329,1088,971
120570144002,Hillsborough,8582.3645,8001.2657,8000.4734,849,679
120579801001,Hillsborough,9001.0277,8553.3282,8552.6169,746,564
120579802001,Hillsborough,1568.3432,1512.6082,1512.6082,1910,1891
120579803001,Hillsborough,95.4062,0.7881,0.2621,2156,2168
120579804001,Hillsborough,2862.5982,2565.3320,2565.3294,1764,1756
120579805001,Hillsborough,8268.5643,7823.6455,7823.1481,910,719
120579806001,Hillsborough,206.5915,88.8603,88.3848,2141,2153
120579807001,Hillsborough,7115.7090,6735.4381,6734.9351,1144,1035
120579900000,Hillsborough,3404.4092,3295.3870,3295.3870,1692,1668
120579901000,Hillsborough,1226.1017,1175.1674,1175.1674,1975,1932
121030201051,Pinellas,6130.5920,5356.5152,5353.4875,1279,1309
121030201052,Pinellas,6366.9853,5478.5073,5475.2919,1247,1284
121030201053,Pinellas,6104.7921,5162.7647,5159.3566,1283,1345
121030201061,Pinellas,3721.6169,3372.1606,3371.1712,1656,1656
121030201062,Pinellas,847.9021,764.7793,764.5900,2025,2021
121030201063,Pinellas,3129.2496,3005.5165,3005.5006,1722,1695
121030201071,Pinellas,5313.3774,4714.0450,4711.9050,1412,1428
121030201072,Pinellas,6020.0538,5267.5594,5264.8142,1301,1324
121030201081,Pinellas,4483.6859,3964.7379,3962.9613,1546,1558
121030201082,Pinellas,5015.7693,4410.0592,4408.0589,1461,1474
121030201083,Pinellas,4773.4398,4225.3958,4223.5280,1488,1513
121030201091,Pinellas,7633.7205,6479.4953,6475.1912,1038,1091
121030201092,Pinellas,7187.5322,5893.3259,5888.1912,1131,1211
121030201093,Pinellas,7706.0599,6282.9108,6277.1604,1018,1125
121030201101,Pinellas,6747.8832,6309.1942,6309.1479,1194,1115
121030202011,Pinellas,5903.1385,4897.9778,4894.3540,1324,1395
121030202012,Pinellas,6082.9289,5371.4277,5369.3469,1289,1304
121030202013,Pinellas,6562.4035,5935.8045,5934.1512,1225,1200
121030202021,Pinellas,4436.5093,3795.9396,3794.5519,1554,1589
121030202022,Pinellas,5201.5681,4377.6887,4375.8105,1427,1480
121030202023,Pinellas,4659.9686,3916.0968,3914.6165,1501,1564
121030202061,Pinellas,6296.4025,5527.3845,5524.6709,1255,1279
121030202062,Pinellas,5942.2020,5285.4671,5283.2943,1318,1321
121030202071,Pinellas,5434.3288,5242.4048,5242.3913,1387,1330
121030202072,Pinellas,5955.6486,5346.2457,5344.1366,1312,1310
121030202081,Pinellas,5722.7583,4967.5736,4965.3188,1345,1383
121030202082,Pinellas,5194.3004,4329.0242,4327.1469,1430,1487
121030202091,Pinellas,4846.1074,4268.8775,4267.1489,1478,1500
121030202092,Pinellas,5478.7940,4770.1859,4768.0681,1380,1418
121030202093,Pinellas,5135.9890,4405.9684,4404.0102,1444,1476
121030202094,Pinellas,4574.7110,3980.6688,3979.1928,1522,1555
121030202095,Pinellas,4467.0393,3874.6283,3873.1560,1548,1574
121030203011,Pinellas,6152.8649,5362.2388,5360.5635,1271,1306
121030203012,Pinellas,5472.1406,4706.1792,4704.2680,1383,1431
121030203013,Pinellas,5764.5497,4868.3234,4866.3422,1334,1402
121030203014,Pinellas,6060.4746,5533.8265,5533.8112,1295,1277
121030203015,Pinellas,6156.8256,5305.9019,5304.1599,1270,1317
121030203021,Pinellas,4580.9027,3960.6238,3959.4081,1519,1559
121030203022,Pinellas,4801.8120,4184.9023,4183.7673,1482,1520
121030203023,Pinellas,5464.3757,4729.8477,4728.2516,1385,1425
121030204001,Pinellas,6661.7855,5391.3375,5386.5835,1208,1300
121030204002,Pinellas,7352.4569,5957.0706,5951.6910,1099,1190
121030204003,Pinellas,7434.4816,6006.7027,6001.2710,1080,1182
121030205001,Pinellas,8122.5791,6213.4144,6205.4665,948,1139
121030205002,Pinellas,7448.6309,5947.8204,5942.1512,1075,1196
121030205003,Pinellas,7423.0265,5960.0410,5954.6405,1085,1188
121030205004,Pinellas,7149.3693,5739.6014,5734.4044,1139,1236
121030206001,Pinellas,7518.6617,5774.8860,5769.0122,1064,1233
121030206002,Pinellas,7287.1379,5867.2853,5861.9590,1114,1217
121030206003,Pinellas,6303.8050,5795.3690,5795.3344,1254,1227
121030206004,Pinellas,7606.4173,5928.4872,5922.1938,1044,1203
121030207001,Pinellas,8122.2212,6644.6522,6638.4624,949,1052
121030207002,Pinellas,8088.6956,6407.3250,6400.2950,956,1098
121030207003,Pinellas,7341.2260,6085.5636,6080.7420,1104,1160
121030207004,Pinellas,7565.3487,6296.1540,6291.4172,1057,1121
121030208001,Pinellas,8030.0179,6050.7417,6043.0566,962,1170
121030208002,Pinellas,8245.0935,6298.3875,6290.1295,915,1120
121030208003,Pinellas,7894.1148,6173.6669,6167.0409,991,1146
121030208004,Pinellas,7892.1193,6109.4832,6102.4996,992,1157
121030208005,Pinellas,7937.4748,6175.6340,6168.9273,984,1145
121030208006,Pinellas,8147.9720,6384.1069,6376.9358,940,1104
121030212001,Pinellas,8226.8911,6308.2601,6300.9577,922,1116
121030212002,Pinellas,8557.7740,6240.8252,6233.1335,856,1133
121030212003,Pinellas,7732.6153,5881.3642,5874.8157,1015,1212
121030212004,Pinellas,7674.9656,5876.2585,5869.3278,1025,1213
121030215011,Pinellas,6836.7918,5904.7534,5903.3393,1180,1209
121030215012,Pinellas,9747.2827,6909.6392,6899.0015,548,987
121030215021,Pinellas,9690.4388,6883.8435,6873.3530,560,993
121030215022,Pinellas,8284.9129,7165.8566,7164.7890,908,908
121030216001,Pinellas,10273.4909,7207.9472,7196.6604,448,897
121030216002,Pinellas,9042.1514,7256.3919,7252.6553,736,874
121030218001,Pinellas,9217.8419,6977.7323,6969.1865,679,966
121030218002,Pinellas,9583.4787,7196.0368,7186.1914,589,899
121030218003,Pinellas,10366.6083,7593.2621,7582.3084,432,785
121030219001,Pinellas,9599.9749,7188.0202,7178.4652,581,901
121030219002,Pinellas,8707.6954,6724.0802,6715.6461,820,1038
121030219003,Pinellas,9652.7294,7247.0685,7237.0763,569,880
121030220001,Pinellas,8484.0339,6538.5105,6530.9910,871,1077
121030220002,Pinellas,9119.2489,6840.0217,6831.4098,711,1003
121030220003,Pinellas,9026.6099,6778.3707,6769.4751,740,1021
121030220004,Pinellas,8730.2748,6600.6833,6592.3892,813,1062
121030221011,Pinellas,9179.3060,7109.5289,7100.8428,690,928
121030221012,Pinellas,9337.9763,7137.5589,7128.2340,639,921
121030221021,Pinellas,9307.4095,7012.1500,7002.6271,649,958
121030221022,Pinellas,9128.6854,6882.4793,6873.0937,704,994
121030221023,Pinellas,9054.5700,6853.5675,6844.5618,729,997
121030222001,Pinellas,9071.3528,7151.9847,7144.1153,727,915
121030222002,Pinellas,9116.8873,7138.2555,7130.0183,712,919
121030222003,Pinellas,8868.2268,6776.6382,6768.6943,777,1022
121030222004,Pinellas,8411.8351,6415.3385,6407.8901,883,1096
121030223011,Pinellas,6710.0202,6080.8076,6080.7763,1201,1161
121030223012,Pinellas,7705.8670,5754.6689,5746.8799,1019,1235
121030223013,Pinellas,8306.5034,6233.0776,6225.1195,904,1134
121030223021,Pinellas,8421.2543,6563.9307,6555.7975,881,1071
121030223022,Pinellas,8746.9817,6757.6860,6749.3962,806,1030
121030223023,Pinellas,8795.8723,6836.8584,6828.6691,792,1004
121030224011,Pinellas,6037.1282,4787.5122,4782.4952,1299,1415
121030224012,Pinellas,7657.3097,5992.9221,5985.7531,1031,1186
121030224013,Pinellas,7529.0792,5677.8209,5670.2878,1063,1251
121030224021,Pinellas,7580.7620,5927.2318,5920.1644,1052,1204
121030224022,Pinellas,7610.2159,6060.3622,6053.9665,1041,1168
121030224023,Pinellas,7331.8470,5993.0251,5987.5742,1106,1185
121030224024,Pinellas,7226.7683,5618.7397,5611.7240,1125,1265
121030224025,Pinellas,7954.5151,6179.9081,6173.1883,981,1143
121030225011,Pinellas,9049.5049,6974.2210,6965.7424,733,968
121030225012,Pinellas,8992.4482,6830.8978,6822.1539,749,1005
121030225013,Pinellas,8497.3328,6552.5825,6544.5843,868,1074
121030225021,Pinellas,8548.3766,6796.4234,6789.6181,858,1017
121030225022,Pinellas,8837.5026,6940.5690,6933.0809,782,978
121030225023,Pinellas,9281.8286,7086.4539,7077.7422,656,936
121030225031,Pinellas,8552.2694,6738.3805,6731.3264,857,1034
121030225032,Pinellas,8735.9503,6705.3833,6696.8836,811,1041
121030225033,Pinellas,8879.2791,6933.0614,6924.8323,775,981
121030226011,Pinellas,9128.1792,6993.5045,6984.6247,706,961
121030226012,Pinellas,9170.8433,7062.1416,7053.2457,692,941
121030226013,Pinellas,8956.9728,6875.0579,6866.4250,759,995
121030226021,Pinellas,9302.0830,7354.6939,7347.3411,650,845
121030226022,Pinellas,9391.4639,7229.2353,7220.4147,627,887
121030226023,Pinellas,9028.5538,7040.2452,7032.2600,739,950
121030227001,Pinellas,9468.2394,7136.8929,7127.2471,610,923
121030227002,Pinellas,9224.8465,7035.2796,7025.9605,677,951
121030227003,Pinellas,9221.6674,7087.6357,7078.7334,678,934
121030228011,Pinellas,10342.8101,8255.8770,8247.6636,435,634
121030228012,Pinellas,9796.5184,7726.2133,7718.3967,536,745
121030228013,Pinellas,9770.4065,7555.9034,7546.6486,545,792
121030228021,Pinellas,9844.8826,7611.1394,7601.8178,522,781
121030228022,Pinellas,9226.8079,7122.2462,7113.3363,674,925
121030228023,Pinellas,9418.1241,7311.0527,7302.4636,621,857
121030229011,Pinellas,9983.4685,7664.5204,7654.6373,499,764
121030229012,Pinellas,9555.9816,7232.4734,7222.8286,595,885
121030229021,Pinellas,10271.5537,8069.8720,8060.7375,450,669
121030229022,Pinellas,10063.2105,7785.4546,7775.9038,489,727
121030229023,Pinellas,10274.7284,7865.2189,7855.2532,447,706
121030230001,Pinellas,10757.8792,8753.8244,8745.5525,370,520
121030230002,Pinellas,10153.2488,7940.7653,7931.3354,468,695
121030231001,Pinellas,10060.6679,7834.7873,7825.2136,490,714
121030231002,Pinellas,10513.8580,8417.0574,8408.0435,410,593
121030231003,Pinellas,10200.9779,8026.5413,8017.3493,460,677
121030232001,Pinellas,10028.5662,7826.1898,7816.9688,494,718
121030232002,Pinellas,9854.6133,7433.3878,7423.4443,520,831
121030232003,Pinellas,9888.0191,7638.5057,7628.9094,515,770
121030233001,Pinellas,10175.4396,7632.7707,7621.9404,463,773
121030233002,Pinellas,8183.0886,7544.7219,7544.6318,932,793
121030233003,Pinellas,9731.2202,7210.6132,7200.0715,551,895
121030234001,Pinellas,9715.8470,7114.7961,7104.2100,556,927
121030234002,Pinellas,8459.2683,7438.5255,7437.7126,877,828
121030235011,Pinellas,9635.9423,7309.9832,7299.6223,571,858
121030235012,Pinellas,7546.9430,7086.9724,7086.8943,1060,935
121030235021,Pinellas,9444.7175,6982.4202,6972.1947,617,964
121030236011,Pinellas,7655.7602,5873.2314,5865.2901,1032,1215
121030236012,Pinellas,9370.0095,6696.1947,6685.3831,630,1042
121030236013,Pinellas,9598.3715,6847.2427,6836.6423,582,999
121030236021,Pinellas,9122.3753,6634.8801,6624.5336,709,1055
121030236022,Pinellas,8485.0587,6191.1676,6181.4023,870,1142
121030237001,Pinellas,9205.0171,6740.5864,6730.3233,681,1033
121030237002,Pinellas,7148.0005,5787.1941,5781.2633,1140,1230
121030237003,Pinellas,9159.4979,6895.2076,6885.1827,695,991
121030238001,Pinellas,9196.4299,6953.3807,6943.6984,686,973
121030238002,Pinellas,9731.8199,7381.9786,7372.0755,550,839
121030238003,Pinellas,9492.8237,7349.4073,7340.3008,606,848
121030239001,Pinellas,10004.9377,7912.3948,7904.0234,495,703
121030239002,Pinellas,9779.6656,7626.8614,7618.0880,543,774
121030240011,Pinellas,6841.8555,5667.8043,5662.7387,1179,1254
121030240012,Pinellas,7415.6209,5940.6976,5934.1185,1090,1199
121030240021,Pinellas,8176.0873,6713.2016,6706.9595,934,1039
121030240022,Pinellas,8946.8860,7180.0225,7172.5808,760,903
121030240023,Pinellas,9232.8454,7463.3488,7456.0104,672,816
121030240024,Pinellas,7373.5526,6062.1387,6056.8285,1095,1166
121030240041,Pinellas,6019.5476,5154.5190,5151.3489,1302,1349
121030240042,Pinellas,6010.5044,5162.4004,5159.3666,1304,1347
121030240043,Pinellas,5561.1668,4804.7041,4801.9564,1369,1411
121030240051,Pinellas,6104.8446,5216.0421,5212.7176,1282,1336
121030240052,Pinellas,6621.8411,5623.3314,5619.2390,1214,1262
121030241001,Pinellas,9585.8679,7564.1138,7555.8874,588,789
121030241002,Pinellas,10138.4256,8130.8427,8122.9825,472,657
121030241003,Pinellas,10096.7195,8182.4745,8174.7319,479,647
121030242011,Pinellas,10484.9230,8592.0418,8584.4426,416,554
121030242012,Pinellas,10122.9635,8291.5035,8284.0964,474,620
121030242013,Pinellas,10261.0148,8260.4494,8252.1896,452,631
121030242021,Pinellas,10046.2463,7982.0056,7974.0239,492,683
121030242022,Pinellas,9956.1244,7962.7607,7954.3452,506,689
121030243011,Pinellas,10200.2479,8573.1165,8567.5100,461,558
121030243012,Pinellas,10108.6153,8308.6416,8302.3350,477,616
121030243013,Pinellas,9951.0746,8096.2283,8089.3349,507,665
121030243021,Pinellas,9559.4563,7857.3767,7851.3986,594,707
121030243022,Pinellas,9468.8535,7894.0923,7888.1032,609,704
121030243023,Pinellas,10775.4948,9218.8881,9213.0802,368,432
121030243024,Pinellas,9571.5910,8086.4446,8081.0871,593,667
121030244031,Pinellas,10334.4009,8681.0336,8675.3002,437,538
121030244032,Pinellas,10557.8626,8906.6060,8900.8480,403,484
121030244033,Pinellas,10393.3814,8699.2263,8693.0410,430,534
121030244061,Pinellas,10488.6576,9491.0022,9488.0075,415,380
121030244062,Pinellas,11063.0323,9864.5603,9860.8931,332,325
121030244063,Pinellas,9936.4840,9549.4890,9549.4791,509,374
121030244081,Pinellas,9247.7812,7672.3904,7666.2277,669,762
121030244082,Pinellas,10594.2031,9112.4497,9107.1436,398,448
121030244083,Pinellas,10531.8803,8882.8711,8876.6882,406,494
121030244091,Pinellas,9333.8225,8016.2665,8011.3361,641,678
121030244092,Pinellas,6601.9115,5677.8102,5674.7465,1221,1252
121030244101,Pinellas,10687.5837,9148.5783,9143.3011,380,438
121030244102,Pinellas,11115.8945,9866.2227,9862.0112,326,323
121030244111,Pinellas,9795.6027,8666.0079,8661.8902,538,542
121030244112,Pinellas,10704.1189,9321.2031,9316.5221,375,408
121030244113,Pinellas,10598.5127,9362.7090,9358.3551,395,400
121030244114,Pinellas,6814.5251,6332.6647,6331.7018,1185,1111
121030244121,Pinellas,10326.6809,9823.1245,9822.4165,440,331
121030244122,Pinellas,10219.0115,9363.4636,9361.4776,458,399
121030244123,Pinellas,11218.1104,9739.6383,9735.7027,317,344
121030244131,Pinellas,10154.4226,8826.1564,8821.8238,467,504
121030244132,Pinellas,9350.7932,7981.1195,7976.8812,635,684
121030244133,Pinellas,10462.8451,9398.2448,9394.7586,421,393
121030244134,Pinellas,10297.3199,8840.6513,8835.8260,443,501
121030245051,Pinellas,9586.5849,8689.5412,8687.8013,587,536
121030245052,Pinellas,9129.5441,8699.8070,8699.7032,703,532
121030245053,Pinellas,8649.9279,8232.3488,8232.3131,832,641
121030245054,Pinellas,9363.9583,8813.8799,8813.4011,632,509
121030245071,Pinellas,8438.8894,7828.6489,7827.7177,879,715
121030245072,Pinellas,8298.8733,7796.9259,7796.7160,907,724
121030245073,Pinellas,8750.6916,8256.0516,8255.8206,804,633
121030245081,Pinellas,9447.3452,8689.4471,8688.1150,615,537
121030245082,Pinellas,8747.6717,8280.4263,8280.4165,805,625
121030245083,Pinellas,9969.1657,9095.7142,9093.8883,501,450
121030245091,Pinellas,11076.3504,9843.5057,9839.8306,330,327
121030245092,Pinellas,9048.2552,8520.7548,8520.1913,734,573
121030245101,Pinellas,9259.8553,8632.9463,8632.0110,667,548
121030245102,Pinellas,9892.6531,9138.2367,9136.9492,513,440
121030245103,Pinellas,9113.7480,8573.0630,8572.4301,715,559
121030245104,Pinellas,9794.5450,9304.6439,9304.5275,539,413
121030245121,Pinellas,8318.6277,7937.4251,7937.4250,902,696
121030245122,Pinellas,10589.8107,9498.1094,9495.4553,399,379
121030245141,Pinellas,9992.4693,9078.9844,9077.7732,497,454
121030245142,Pinellas,10134.5553,9356.8676,9356.1070,473,401
121030245143,Pinellas,9766.0177,9134.1751,9133.7863,546,441
121030245151,Pinellas,10831.9048,9568.2243,9564.3464,356,372
121030245152,Pinellas,10698.0275,9838.4486,9836.4039,378,329
121030245161,Pinellas,8684.3165,8263.4156,8263.3495,826,630
121030245162,Pinellas,8400.6475,7950.1311,7949.8878,886,693
121030245171,Pinellas,9589.7314,8863.1507,8861.2460,585,500
121030245172,Pinellas,9618.8682,9273.8252,9273.7598,577,421
121030245181,Pinellas,10113.8361,9321.2731,9319.1600,476,407
121030245182,Pinellas,9940.9663,9554.1661,9554.1563,508,373
121030245191,Pinellas,10696.8409,9707.1740,9704.2159,379,349
121030245192,Pinellas,9598.0138,8865.0565,8862.9854,583,499
121030246011,Pinellas,9091.6026,7962.4438,7958.9114,721,690
121030246012,Pinellas,8989.4595,8452.9942,8452.9295,751,588
121030246013,Pinellas,11190.3327,9878.8821,9874.7919,320,322
121030246014,Pinellas,10148.8536,9659.5227,9659.3356,470,356
121030246031,Pinellas,10667.4693,8762.9416,8755.5174,385,519
121030246032,Pinellas,10362.0239,8332.1678,8323.8797,433,612
121030246041,Pinellas,10399.7865,8897.1619,8891.6845,429,488
121030246042,Pinellas,9269.3220,8708.9157,8708.7944,661,530
121030246043,Pinellas,10443.4870,8552.8017,8545.5472,425,565
121030247011,Pinellas,9015.5333,8479.8902,8479.8434,744,583
121030247012,Pinellas,8801.5379,8198.6770,8198.6104,790,645
121030247013,Pinellas,10162.9060,8627.7147,8622.1617,466,549
121030247021,Pinellas,9589.7701,7735.9070,7729.2947,584,742
121030247022,Pinellas,8356.5607,7737.5410,7737.4265,899,740
121030247031,Pinellas,9160.4067,8575.6460,8575.5246,694,557
121030247032,Pinellas,9625.3516,7755.1460,7747.9798,574,734
121030247033,Pinellas,9850.2063,8059.6616,8052.8817,521,671
121030248011,Pinellas,9280.9900,7951.3800,7947.5118,657,692
121030248012,Pinellas,9086.4125,7326.3468,7320.1018,725,853
121030248031,Pinellas,8564.3013,7520.4263,7517.2431,853,798
121030248032,Pinellas,8581.5964,7505.8589,7502.9529,850,804
121030248041,Pinellas,8506.1209,7081.0451,7076.0225,863,939
121030248051,Pinellas,8501.3375,7301.8111,7298.2003,866,862
121030248052,Pinellas,7447.9390,6912.4576,6912.4520,1077,986
121030249011,Pinellas,9146.9764,8501.4002,8501.0639,697,578
121030249012,Pinellas,8273.2179,7676.7570,7676.4321,909,759
121030249013,Pinellas,8736.3432,7845.9167,7843.5003,810,711
121030249041,Pinellas,8159.2196,7700.9888,7700.7970,938,752
121030249042,Pinellas,8857.9999,8171.8503,8170.3972,778,650
121030249043,Pinellas,7529.7181,7149.8477,7149.8061,1062,916
121030249051,Pinellas,8855.6998,8408.0683,8408.0329,780,597
121030249052,Pinellas,8710.9692,8280.9703,8280.9241,819,624
121030249053,Pinellas,8699.9548,8285.8664,8285.8133,823,622
121030249054,Pinellas,8796.8132,8352.3651,8352.3093,791,609
121030249055,Pinellas,8918.0343,8467.5139,8467.4760,767,584
121030249061,Pinellas,8785.6876,8343.1204,8343.1102,798,611
121030249062,Pinellas,8768.1762,8304.4361,8304.3636,802,619
121030249063,Pinellas,9967.6082,8722.4635,8718.2966,502,524
121030249071,Pinellas,9800.0700,8703.5901,8700.1410,535,531
121030249072,Pinellas,10858.6783,9415.5101,9410.8796,352,389
121030249081,Pinellas,10939.1710,9327.8612,9322.7342,349,405
121030249082,Pinellas,10358.6700,8699.4082,8694.1689,434,533
121030250041,Pinellas,8715.1769,8034.2194,8032.7643,818,674
121030250042,Pinellas,8378.1405,7245.5372,7241.9081,891,883
121030250043,Pinellas,9322.5924,7980.4083,7976.1104,645,685
121030250071,Pinellas,8404.1791,7500.0916,7497.5543,884,805
121030250072,Pinellas,7516.0415,7058.2008,7058.1815,1065,943
121030250073,Pinellas,8128.3678,7145.9408,7142.7416,945,917
121030250091,Pinellas,9430.9648,8413.4431,8410.4525,619,595
121030250092,Pinellas,9314.9555,8749.5214,8749.0137,647,521
121030250111,Pinellas,8735.8393,7558.9313,7555.0261,812,791
121030250112,Pinellas,8815.9188,7698.1061,7694.6515,786,754
121030250113,Pinellas,7849.9027,7015.0003,7013.1384,1000,957
121030250121,Pinellas,8134.2326,7252.4457,7249.9421,943,878
121030250122,Pinellas,3219.5123,2793.5376,2792.5255,1705,1722
121030250123,Pinellas,8100.6576,7307.6892,7305.6857,955,859
121030250124,Pinellas,8265.3227,7417.8446,7415.7198,911,833
121030250131,Pinellas,8105.7984,7163.1454,7160.1464,953,910
121030250132,Pinellas,8501.1212,7469.9279,7466.6554,867,813
121030250133,Pinellas,7637.6154,6676.6865,6673.6354,1037,1047
121030250141,Pinellas,8940.4752,7598.5581,7593.5779,761,783
121030250142,Pinellas,6947.5188,6104.6643,6102.3279,1167,1158
121030250151,Pinellas,7433.1992,6821.5685,6820.4565,1081,1012
121030250152,Pinellas,6996.9294,6277.2443,6275.5404,1159,1127
121030250161,Pinellas,7549.4489,6583.2064,6580.0848,1058,1067
121030250171,Pinellas,8302.4348,6863.0892,6857.6253,906,996
121030250172,Pinellas,7605.7819,6304.5680,6299.6690,1045,1118
121030250173,Pinellas,7567.7504,6285.9469,6281.1528,1054,1122
121030250181,Pinellas,9002.7322,7533.8752,7528.5138,745,796
121030250182,Pinellas,9033.7536,7403.3548,7397.0521,738,837
121030250191,Pinellas,7895.3019,6301.7281,6295.4224,990,1119
121030250192,Pinellas,8217.2958,6540.0521,6533.2793,925,1076
121030250201,Pinellas,9619.9789,8571.0829,8568.0348,575,560
121030250202,Pinellas,9869.0550,8933.6833,8931.3721,517,478
121030250211,Pinellas,8992.5900,7602.5347,7597.0951,748,782
121030250212,Pinellas,9300.4099,8000.7772,7996.4195,651,680
121030251061,Pinellas,6410.9054,5301.2534,5297.5241,1237,1319
121030251062,Pinellas,6860.3340,5617.8022,5613.1830,1175,1266
121030251071,Pinellas,7198.5126,6048.1727,6043.7675,1127,1171
121030251072,Pinellas,7073.0193,5950.5790,5946.1227,1149,1193
121030251073,Pinellas,6024.0597,5106.2943,5102.9078,1300,1356
121030251081,Pinellas,5642.8680,4941.5179,4939.4085,1358,1386
121030251082,Pinellas,5949.5839,5192.7181,5190.2695,1314,1341
121030251091,Pinellas,7287.1831,6170.4309,6166.4154,1113,1147
121030251092,Pinellas,7423.6987,6342.4087,6338.3290,1084,1109
121030251093,Pinellas,6061.9716,5383.5194,5381.6208,1294,1301
121030251101,Pinellas,4795.9121,4550.0509,4549.9906,1483,1450
121030251102,Pinellas,6308.3344,5533.2389,5530.5272,1253,1278
121030251103,Pinellas,5520.7468,4891.1554,4889.4494,1377,1396
121030251104,Pinellas,5626.6661,5006.2251,5004.5956,1361,1377
121030251111,Pinellas,7632.8126,6505.1774,6501.4156,1039,1086
121030251112,Pinellas,7582.0115,6658.4642,6655.6565,1051,1050
121030251113,Pinellas,7242.7751,6795.4472,6795.3385,1123,1018
121030251114,Pinellas,7430.0101,6333.0385,6329.5935,1082,1110
121030251121,Pinellas,8029.1885,7082.5936,7079.7450,963,937
121030251122,Pinellas,8139.3480,7179.4224,7176.6332,942,904
121030251131,Pinellas,6671.0794,5859.0890,5857.0558,1205,1219
121030251132,Pinellas,7245.3691,6220.0698,6217.1545,1121,1138
121030251133,Pinellas,6378.4446,5976.6877,5976.6776,1246,1187
121030251141,Pinellas,7424.3080,6639.2404,6637.6232,1083,1054
121030251142,Pinellas,7902.6669,6884.9759,6881.9542,989,992
121030251151,Pinellas,7420.7262,6509.8798,6507.1002,1087,1082
121030251152,Pinellas,7937.7284,6964.4156,6961.4528,983,970
121030251161,Pinellas,6965.5683,6506.7304,6506.7259,1161,1083
121030251162,Pinellas,7967.7672,6985.1479,6982.1689,978,963
121030251191,Pinellas,6214.8725,5380.1813,5377.5310,1262,1303
121030251192,Pinellas,5738.8488,5427.9315,5427.8611,1338,1293
121030251193,Pinellas,5772.0883,5469.8973,5469.8374,1331,1286
121030251201,Pinellas,5953.1862,5581.1390,5581.1236,1313,1270
121030251202,Pinellas,5567.1508,5160.1999,5159.4607,1368,1348
121030251203,Pinellas,6199.4631,5325.9754,5322.9959,1265,1313
121030251211,Pinellas,5398.5353,5030.0553,5029.4147,1397,1372
121030251212,Pinellas,5821.3656,5397.0889,5396.5158,1327,1299
121030251221,Pinellas,4391.9465,4155.4969,4155.3454,1561,1525
121030251222,Pinellas,4464.9142,4219.9381,4219.7995,1550,1514
121030251223,Pinellas,4876.8772,4587.8441,4587.7279,1474,1446
121030251231,Pinellas,5189.8471,4853.5528,4853.1574,1433,1404
121030251232,Pinellas,5352.1052,5047.1461,5047.0322,1406,1368
121030252041,Pinellas,6462.7643,6057.8501,6057.6275,1233,1169
121030252042,Pinellas,6643.6222,5620.6245,5616.6246,1212,1263
121030252051,Pinellas,5012.3071,4733.6172,4733.5684,1462,1424
121030252052,Pinellas,5185.3471,4918.1877,4918.1351,1437,1390
121030252053,Pinellas,5335.0396,4829.7042,4828.5761,1409,1405
121030252054,Pinellas,5941.4516,5410.5461,5409.3872,1320,1297
121030252071,Pinellas,7304.7805,6142.9352,6138.2555,1110,1152
121030252072,Pinellas,6538.7765,6163.4935,6163.3642,1227,1148
121030252073,Pinellas,7647.4428,6516.0749,6511.6367,1033,1080
121030252074,Pinellas,7470.7078,6317.8045,6313.0873,1069,1114
121030252081,Pinellas,5730.7172,5250.3114,5249.1521,1342,1327
121030252082,Pinellas,5973.0250,5439.7794,5438.5463,1309,1290
121030252091,Pinellas,6017.5618,5427.8488,5425.8214,1303,1294
121030252092,Pinellas,6228.2876,5758.8848,5758.0486,1261,1234
121030252093,Pinellas,6255.9367,5949.6096,5949.6066,1257,1195
121030252094,Pinellas,6131.3184,5813.7017,5813.6697,1278,1225
121030252101,Pinellas,6392.9152,5526.3256,5522.9577,1242,1280
121030252102,Pinellas,5256.8253,5035.7200,5035.7123,1423,1371
121030252111,Pinellas,6202.2952,5862.7438,5862.6651,1264,1218
121030252112,Pinellas,6990.1800,6499.8812,6499.3866,1160,1087
121030253031,Pinellas,7927.9361,7436.4035,7436.1452,985,829
121030253032,Pinellas,9225.6285,7748.6662,7743.3643,675,736
121030253033,Pinellas,8971.7037,7137.4748,7129.5475,754,922
121030253051,Pinellas,8997.2222,7647.1343,7641.9875,747,769
121030253052,Pinellas,9261.0460,7296.5031,7288.1325,665,863
121030253071,Pinellas,7344.8340,6928.1091,6927.9989,1103,982
121030253072,Pinellas,8544.2431,7288.9169,7284.3794,859,865
121030253091,Pinellas,8588.8633,6629.8481,6621.0456,847,1056
121030253092,Pinellas,9017.0374,7230.1426,7222.5871,742,886
121030253101,Pinellas,7381.9451,6902.2099,6902.0365,1094,990
121030253111,Pinellas,8022.4980,7368.9439,7368.1463,965,843
121030253112,Pinellas,8757.5035,7481.7690,7477.3184,803,811
121030253113,Pinellas,8117.7407,7127.3886,7124.5475,950,924
121030254011,Pinellas,9471.2034,7964.8354,7959.3113,608,688
121030254012,Pinellas,9204.3166,8156.5395,8153.5474,683,651
121030254013,Pinellas,8696.7222,8172.7840,8172.7401,824,649
121030254071,Pinellas,8821.0524,7659.0481,7655.6885,785,765
121030254072,Pinellas,9287.4326,8118.8457,8115.4139,654,661
121030254073,Pinellas,8563.4318,7412.8529,7409.2913,854,834
121030254111,Pinellas,9706.2426,8493.8522,8489.9581,558,581
121030254121,Pinellas,9349.8333,8246.4341,8242.8891,636,637
121030254122,Pinellas,8381.7676,7735.9158,7735.1090,890,741
121030254123,Pinellas,9633.7965,8320.9580,8316.4222,572,614
121030254131,Pinellas,9844.3923,8253.6797,8247.6097,523,635
121030254132,Pinellas,10462.7757,8547.4492,8539.9281,422,567
121030254133,Pinellas,9714.8190,8066.8491,8060.2652,557,670
121030254141,Pinellas,9447.1245,8503.9939,8501.8095,616,577
121030254142,Pinellas,8357.6459,7511.1407,7509.4342,897,801
121030254151,Pinellas,9865.3350,8896.8885,8894.6726,518,489
121030254152,Pinellas,9025.8160,8497.5277,8497.5182,741,579
121030254153,Pinellas,9038.6771,8123.6605,8121.2909,737,659
121030254161,Pinellas,9391.8532,8179.2734,8175.5699,626,648
121030254162,Pinellas,9328.5278,7804.5621,7799.1502,642,723
121030254171,Pinellas,8899.5960,8130.2195,8128.7312,771,658
121030254172,Pinellas,8901.2697,7647.4716,7643.2365,769,768
121030254181,Pinellas,9272.3097,8770.7907,8770.6637,659,517
121030254182,Pinellas,9518.0454,8691.0822,8689.2309,600,535
121030254191,Pinellas,9087.7599,8586.9254,8586.8706,724,555
121030254192,Pinellas,9579.4950,8722.4302,8720.4106,591,525
121030254193,Pinellas,9838.8729,8933.4986,8931.0963,526,479
121030254201,Pinellas,10210.9374,8745.8375,8740.2447,459,523
121030254202,Pinellas,8938.6706,8279.2923,8278.1720,762,626
121030254211,Pinellas,8222.8933,7795.8417,7795.7051,923,725
121030254212,Pinellas,6713.8343,6401.7659,6401.7312,1198,1099
121030255011,Pinellas,8991.4802,7225.5928,7218.2763,750,890
121030255012,Pinellas,9213.7333,7538.9835,7532.3704,680,794
121030255013,Pinellas,8167.1037,7635.3204,7635.1632,936,772
121030255051,Pinellas,7534.8074,7058.1799,7058.0637,1061,944
121030255052,Pinellas,7347.8632,6705.9473,6705.5892,1101,1040
121030255071,Pinellas,7599.2169,7158.7535,7158.7094,1048,913
121030255072,Pinellas,8723.2803,7210.0448,7204.2974,815,896
121030255081,Pinellas,9260.8980,7782.6441,7777.5301,666,728
121030255082,Pinellas,9344.4256,7734.3412,7728.2376,637,743
121030255091,Pinellas,8255.7799,7272.7918,7270.0937,913,871
121030255092,Pinellas,9263.9931,7017.4572,7007.9391,662,955
121030255101,Pinellas,8837.4417,7055.8582,7048.6584,783,945
121030255102,Pinellas,8808.5073,7024.3864,7017.1784,787,954
121030255103,Pinellas,8706.8717,6953.3550,6946.4984,821,974
121030256021,Pinellas,6799.1555,6325.0852,6324.9290,1189,1112
121030256022,Pinellas,9094.5399,6725.0764,6714.3107,720,1037
121030256023,Pinellas,9638.7655,6829.3040,6818.0091,570,1006
121030256031,Pinellas,10629.1039,7614.1965,7603.8759,391,779
121030256032,Pinellas,9812.8068,7160.6107,7150.4068,532,912
121030256041,Pinellas,9514.2003,7376.9429,7367.8778,602,841
121030257001,Pinellas,6.7249,2.1689,2.1539,2167,2166
121030257002,Pinellas,7189.1875,5595.9561,5589.2086,1129,1268
121030257003,Pinellas,8357.4530,6355.3788,6347.1211,898,1107
121030258001,Pinellas,9193.3676,7246.3795,7238.1496,687,882
121030258002,Pinellas,9171.7612,7184.8729,7176.3851,691,902
121030258003,Pinellas,8215.8233,6742.1377,6736.2681,927,1032
121030259011,Pinellas,9419.6040,7226.2970,7217.2089,620,888
121030259012,Pinellas,9411.1268,7106.0835,7095.8057,623,930
121030259013,Pinellas,9128.1170,7163.5101,7155.1180,707,909
121030259021,Pinellas,8625.3450,6798.0761,6790.3549,838,1016
121030259022,Pinellas,9497.8866,7225.3805,7215.9723,604,891
121030260011,Pinellas,4642.8438,4394.3306,4394.3142,1506,1478
121030260012,Pinellas,6632.1752,5301.3465,5296.0010,1213,1318
121030260013,Pinellas,8044.1980,6128.1092,6120.5551,961,1154
121030260031,Pinellas,6581.9766,4930.5613,4924.3437,1224,1388
121030260032,Pinellas,5555.3969,4229.0967,4224.1666,1370,1512
121030260041,Pinellas,4383.7044,3742.8582,3740.6474,1565,1606
121030261011,Pinellas,8412.0017,6785.4614,6778.5245,882,1020
121030261012,Pinellas,8587.9822,6940.9329,6934.0021,848,977
121030261021,Pinellas,7733.5837,6568.1216,6563.8122,1014,1070
121030262001,Pinellas,8623.6224,7156.1974,7150.4841,839,914
121030262002,Pinellas,8964.3416,7109.3177,7101.6570,758,929
121030263001,Pinellas,8504.5893,7091.9949,7086.8542,865,933
121030263002,Pinellas,8088.0132,6955.5489,6951.9552,957,972
121030263003,Pinellas,7253.9069,6851.1490,6851.1170,1120,998
121030263004,Pinellas,8231.1329,7278.7418,7275.9532,920,868
121030263005,Pinellas,8980.8930,7287.1557,7280.1488,752,866
121030263006,Pinellas,9133.6368,7253.3183,7245.3036,700,877
121030264011,Pinellas,9616.4467,7563.5122,7554.9620,578,790
121030264012,Pinellas,9087.7973,7238.5532,7230.7580,723,884
121030264013,Pinellas,9106.7495,7223.2854,7215.3086,717,892
121030264021,Pinellas,9795.6091,7741.9617,7733.4276,537,738
121030264022,Pinellas,9966.4752,8047.1745,8039.0185,503,672
121030264023,Pinellas,9716.9456,7594.9767,7586.4619,555,784
121030265011,Pinellas,9619.1111,7732.5866,7724.6767,576,744
121030265012,Pinellas,9965.8401,8030.1444,8022.2452,504,675
121030265021,Pinellas,8125.1170,7683.9134,7683.9120,947,758
121030265022,Pinellas,9045.1253,7484.1410,7477.8275,735,810
121030265023,Pinellas,9244.6251,7762.0515,7755.9726,670,730
121030266011,Pinellas,9719.9948,7968.0343,7961.1924,554,687
121030266012,Pinellas,10072.3110,8278.9049,8271.8996,487,627
121030266013,Pinellas,9989.3726,8102.3712,8095.0570,498,664
121030266021,Pinellas,8788.1771,7293.8747,7288.1905,796,864
121030266022,Pinellas,9911.9585,8135.4706,8128.6012,511,656
121030267011,Pinellas,7997.1267,6949.0965,6945.6176,971,975
121030267012,Pinellas,8125.3108,7095.0149,7091.6520,946,932
121030267013,Pinellas,8629.0648,7303.5279,7298.7624,837,861
121030267014,Pinellas,8676.7702,7353.3835,7348.4270,827,846
121030267031,Pinellas,9298.6687,7754.4369,7748.5685,652,735
121030267032,Pinellas,10236.1613,8416.1762,8409.3993,456,594
121030267033,Pinellas,10866.0220,8872.9921,8865.4602,351,497
121030267034,Pinellas,10527.8634,8526.1574,8518.1905,408,571
121030267035,Pinellas,9793.2373,8239.4884,8233.5934,541,638
121030267041,Pinellas,9674.9349,7914.4135,7907.1128,563,702
121030267042,Pinellas,9225.1842,7674.0940,7667.9240,676,760
121030267043,Pinellas,9386.1531,8248.0333,8243.5517,629,636
121030267051,Pinellas,8232.9871,7259.0195,7256.1017,919,873
121030267052,Pinellas,8744.3680,7506.5806,7502.2971,807,803
121030267053,Pinellas,9116.7469,7508.2409,7502.1099,713,802
121030268041,Pinellas,8645.2435,7828.0272,7825.3037,834,717
121030268042,Pinellas,9701.8481,8393.1075,8387.7331,559,602
121030268043,Pinellas,8724.9275,7715.7265,7711.7988,814,749
121030268091,Pinellas,9489.5789,9115.6248,9115.6066,607,445
121030268092,Pinellas,9778.5224,8569.9203,8565.4460,544,561
121030268111,Pinellas,8581.2355,7582.9612,7579.5677,851,787
121030268112,Pinellas,8228.8723,7707.4435,7706.9068,921,751
121030268113,Pinellas,7719.7665,7325.6148,7325.4471,1017,854
121030268114,Pinellas,9085.8801,7794.4906,7789.9790,726,726
121030268121,Pinellas,8875.1682,7611.8602,7607.3711,776,780
121030268122,Pinellas,9103.6494,7996.2880,7992.3474,719,681
121030268123,Pinellas,8604.4479,8154.6398,8154.3112,844,652
121030268124,Pinellas,10278.8208,8231.5824,8224.5689,444,642
121030268131,Pinellas,7110.8357,6575.9264,6575.2104,1145,1068
121030268132,Pinellas,8808.3322,7837.6308,7834.2196,788,713
121030268141,Pinellas,8635.0416,8236.8496,8236.7640,836,640
121030268142,Pinellas,8189.0051,7699.6371,7699.2448,931,753
121030268151,Pinellas,8328.8823,7919.3208,7919.1582,901,701
121030268152,Pinellas,7988.8879,7537.1723,7537.0014,974,795
121030268153,Pinellas,7978.0807,7620.6742,7620.5798,976,778
121030268161,Pinellas,7970.2389,7322.4122,7320.5163,977,855
121030268162,Pinellas,8362.0054,7526.7917,7523.9844,895,797
121030268163,Pinellas,8804.1891,8028.5943,8026.0939,789,676
121030268164,Pinellas,8483.1556,7637.4556,7634.7159,872,771
121030268171,Pinellas,7448.4377,6998.2035,6997.8778,1076,959
121030268172,Pinellas,7775.7724,7426.9890,7426.9840,1009,832
121030268173,Pinellas,7660.4374,7342.7843,7342.7614,1030,850
121030268181,Pinellas,8647.0758,7712.3560,7708.8204,833,750
121030268182,Pinellas,9923.2637,8663.2685,8658.5413,510,544
121030268183,Pinellas,10174.7029,8988.2304,8983.7134,464,469
121030268191,Pinellas,10091.1097,9000.2272,8996.9421,481,466
121030268192,Pinellas,10624.9144,9060.8198,9055.0197,394,456
121030268201,Pinellas,8640.7385,7950.0472,7949.1420,835,694
121030268202,Pinellas,7883.6295,7448.1044,7447.9707,995,822
121030268203,Pinellas,7768.6057,7330.3588,7330.3030,1010,852
121030268204,Pinellas,7495.0174,7032.5908,7032.4635,1068,952
121030268211,Pinellas,8457.2093,7441.7093,7438.1783,878,826
121030268212,Pinellas,8054.9919,7468.1166,7467.4010,960,815
121030269041,Pinellas,7810.5427,7254.4461,7253.5125,1004,876
121030269042,Pinellas,9285.2363,7760.4830,7754.7808,655,732
121030269043,Pinellas,8004.4955,7312.8794,7311.5334,969,856
121030269081,Pinellas,7607.4196,7058.7840,7057.8087,1043,942
121030269082,Pinellas,6830.1476,6323.2060,6322.1667,1181,1113
121030269083,Pinellas,6473.6959,5915.9779,5914.5121,1232,1206
121030269084,Pinellas,7461.2395,6977.7904,6977.0698,1073,965
121030269091,Pinellas,7156.5612,6643.0465,6642.0287,1135,1053
121030269092,Pinellas,8204.8130,7251.0524,7247.8730,928,879
121030269093,Pinellas,7957.5561,7444.5523,7443.8424,980,824
121030269111,Pinellas,7133.0628,6730.1635,6730.1307,1143,1036
121030269112,Pinellas,8689.0909,7439.8800,7435.1070,825,827
121030269113,Pinellas,7469.8725,7051.7365,7051.7053,1070,946
121030269121,Pinellas,9263.8251,7932.4741,7927.2903,663,697
121030269122,Pinellas,8783.0919,7435.1237,7429.8096,799,830
121030269123,Pinellas,9163.1011,7688.4897,7682.6929,693,757
121030269131,Pinellas,8831.9195,7282.0709,7275.6500,784,867
121030269132,Pinellas,10032.7811,7961.7206,7955.2233,493,691
121030269133,Pinellas,8719.0301,7405.7999,7400.7197,817,835
121030269141,Pinellas,6818.7733,6435.1496,6435.1113,1184,1094
121030269142,Pinellas,7639.0765,7119.0110,7118.5388,1035,926
121030269151,Pinellas,7509.4672,7095.4559,7095.4524,1066,931
121030269152,Pinellas,7155.8691,6685.7824,6685.6465,1136,1045
121030269161,Pinellas,8013.6907,7076.1860,7073.0470,968,940
121030269162,Pinellas,8496.4008,7481.3490,7477.8985,869,812
121030269163,Pinellas,7626.1572,7170.2153,7170.0521,1040,907
121030269164,Pinellas,7641.4056,7213.3662,7213.3332,1034,894
121030269171,Pinellas,9196.9466,7336.4051,7329.8171,685,851
121030270001,Pinellas,7689.1450,6494.9427,6490.7183,1023,1088
121030270002,Pinellas,8086.8518,6589.3289,6583.9708,958,1063
121030270003,Pinellas,7566.9323,6179.7014,6174.5162,1055,1144
121030271051,Pinellas,6951.7092,6014.7059,6011.5911,1165,1179
121030271052,Pinellas,6850.5605,6004.3702,6001.3800,1178,1183
121030271061,Pinellas,3.9760,1.2915,1.2826,2168,2167
121030271062,Pinellas,6398.8531,5715.5860,5713.7770,1239,1241
121030271063,Pinellas,37.3089,12.0298,11.9259,2162,2161
121030271071,Pinellas,6721.6420,6388.7452,6388.6512,1196,1102
121030271081,Pinellas,6955.8530,6585.9622,6585.8731,1163,1065
121030271082,Pinellas,7731.4946,6467.9523,6463.4319,1016,1092
121030272021,Pinellas,4446.2607,4167.8503,4167.7647,1553,1524
121030272022,Pinellas,5189.8746,4810.5019,4810.3339,1432,1409
121030272023,Pinellas,4701.7159,4316.3618,4315.6957,1495,1489
121030272024,Pinellas,6039.4168,5699.2679,5699.2081,1298,1249
121030272025,Pinellas,5149.0239,4703.8024,4702.7697,1443,1432
121030272041,Pinellas,5474.8791,4983.3744,4982.8340,1382,1380
121030272042,Pinellas,6138.7828,5649.9302,5649.6137,1276,1257
121030272043,Pinellas,5743.9817,5246.4047,5245.8836,1337,1328
121030272061,Pinellas,5788.7122,5359.0865,5358.4732,1329,1307
121030272062,Pinellas,6665.7032,6109.5637,6108.9950,1207,1156
121030272063,Pinellas,6057.7852,5705.8281,5705.7860,1296,1245
121030272071,Pinellas,6610.5861,6202.2219,6202.2047,1218,1140
121030272072,Pinellas,6657.5065,6009.8807,6008.5383,1210,1181
121030272073,Pinellas,6669.9863,6045.3726,6044.2863,1206,1172
121030272074,Pinellas,6915.3085,6266.3485,6265.0701,1170,1128
121030272075,Pinellas,7403.5363,6746.2855,6745.2865,1092,1031
121030272081,Pinellas,6715.8968,6155.5765,6154.5049,1197,1149
121030272082,Pinellas,7088.2143,6557.0862,6556.3593,1147,1072
121030272083,Pinellas,6678.8675,6126.0088,6124.8014,1203,1155
121030272084,Pinellas,7585.2760,6944.6531,6943.6734,1050,976
121030272091,Pinellas,6337.1189,5711.9353,5710.1647,1250,1243
121030272101,Pinellas,6316.7975,5910.5434,5910.4937,1252,1207
121030272102,Pinellas,6675.3737,6139.0176,6137.8699,1204,1153
121030272103,Pinellas,6710.6567,6079.7359,6078.0702,1200,1162
121030272104,Pinellas,7160.3784,6586.2602,6585.0099,1134,1064
121030272111,Pinellas,6410.9280,5935.4930,5935.2749,1236,1201
121030272112,Pinellas,5730.2924,5220.4318,5219.5101,1343,1334
121030272113,Pinellas,5115.4650,4766.3407,4766.2175,1448,1419
121030272121,Pinellas,6534.1872,6020.8737,6020.6053,1228,1175
121030272122,Pinellas,6171.7140,5726.7181,5726.6378,1269,1239
121030273081,Pinellas,5392.8961,4882.0075,4881.5192,1401,1399
121030273082,Pinellas,4565.1776,3890.8038,3889.6050,1526,1571
121030273091,Pinellas,4573.6727,4254.2572,4253.9274,1523,1507
121030273092,Pinellas,4632.9164,4430.8582,4430.8158,1508,1469
121030273141,Pinellas,7231.0492,6824.0093,6823.9894,1124,1008
121030273142,Pinellas,6390.6049,6062.1077,6062.0958,1244,1167
121030273161,Pinellas,6823.7603,6390.9128,6390.8028,1183,1101
121030273162,Pinellas,5735.3762,5428.3518,5428.3423,1339,1292
121030273163,Pinellas,6396.3341,5940.9095,5940.5226,1240,1198
121030273171,Pinellas,7875.6896,7040.9907,7038.8959,996,949
121030273172,Pinellas,7352.4353,6933.9696,6933.9250,1100,980
121030273173,Pinellas,7667.2238,6827.3008,6825.2571,1028,1007
121030273181,Pinellas,7450.8846,6611.5381,6609.2772,1074,1058
121030273182,Pinellas,7673.9876,7255.9152,7255.6141,1026,875
121030273191,Pinellas,7958.0248,7457.6278,7456.8343,979,819
121030273192,Pinellas,7757.2904,7276.8264,7276.1147,1011,870
121030273193,Pinellas,8851.3686,8267.5078,8266.4015,781,629
121030273194,Pinellas,8359.6006,7848.3751,7847.5691,896,710
121030273201,Pinellas,8932.7600,8305.4007,8304.1847,764,618
121030273202,Pinellas,6068.0517,5790.9321,5790.8082,1291,1228
121030273203,Pinellas,8786.3112,8397.6631,8397.6263,797,600
121030273211,Pinellas,5185.7861,4909.0279,4908.7619,1436,1392
121030273231,Pinellas,7243.5919,6602.7042,6601.0454,1122,1060
121030273232,Pinellas,7422.5297,6759.4932,6757.8711,1086,1029
121030273241,Pinellas,4934.9225,4662.9245,4662.6621,1469,1440
121030273242,Pinellas,5264.9963,4998.4893,4998.4255,1420,1378
121030273251,Pinellas,5677.9789,5412.7997,5412.7827,1356,1296
121030273252,Pinellas,7017.5431,6365.9190,6364.3374,1156,1106
121030273261,Pinellas,8024.4020,7496.2356,7495.6018,964,806
121030273262,Pinellas,7869.9951,7203.6429,7202.1780,997,898
121030273271,Pinellas,7355.0143,6846.1411,6845.3862,1098,1001
121030273272,Pinellas,8478.8720,7873.3689,7872.2336,873,705
121030273281,Pinellas,5434.0042,5142.6556,5142.6216,1388,1350
121030273282,Pinellas,4767.2364,4524.4722,4524.3462,1489,1454
121030273291,Pinellas,5749.5053,5310.8823,5309.9908,1336,1316
121030273292,Pinellas,4831.8828,4597.6019,4597.5725,1479,1445
121030273301,Pinellas,7335.1159,6846.4096,6846.2129,1105,1000
121030273302,Pinellas,7565.9071,6972.4500,6971.9142,1056,969
121030273311,Pinellas,7406.8690,6842.6002,6842.0644,1091,1002
121030273312,Pinellas,6902.4434,6528.4167,6528.3582,1172,1078
121030273321,Pinellas,1872.6418,1776.1152,1776.0366,1874,1864
121030273331,Pinellas,5698.7743,5356.6571,5356.3362,1350,1308
121030273332,Pinellas,5274.7544,5038.8387,5038.8348,1418,1370
121030274011,Pinellas,5425.7639,4801.8815,4800.7480,1392,1413
121030274012,Pinellas,5308.2095,4777.0840,4776.0707,1413,1417
121030274041,Pinellas,5155.3744,4670.5068,4669.7493,1441,1437
121030274042,Pinellas,5731.0465,5329.4173,5329.3604,1341,1312
121030274043,Pinellas,5769.4163,5223.5671,5222.6435,1332,1333
121030274044,Pinellas,5750.3366,5255.3164,5254.8867,1335,1326
121030274045,Pinellas,5410.8687,4868.6128,4867.5206,1394,1401
121030274046,Pinellas,5263.2810,4870.0579,4869.8448,1421,1400
121030275011,Pinellas,1772.5320,1655.5331,1655.5088,1885,1876
121030275012,Pinellas,3203.3969,3010.1852,3010.1692,1710,1693
121030275013,Pinellas,4916.6765,4444.8661,4444.3274,1470,1468
121030275031,Pinellas,4676.3319,4346.1156,4345.9231,1498,1486
121030275032,Pinellas,4372.1231,4106.4593,4106.4532,1567,1537
121030275033,Pinellas,3467.2054,3255.0709,3255.0565,1684,1673
121030275041,Pinellas,4819.2441,4408.3592,4407.7307,1481,1475
121030275042,Pinellas,4599.1583,4308.1968,4308.1727,1513,1493
121030276031,Pinellas,5052.4292,4450.9235,4448.8885,1456,1465
121030276032,Pinellas,4429.2662,3870.0448,3868.0542,1555,1576
121030276041,Pinellas,4287.0032,3937.0435,3936.6090,1579,1562
121030276042,Pinellas,3872.4210,3665.4328,3665.4288,1637,1616
121030276043,Pinellas,4160.6881,3812.1474,3811.6506,1599,1584
121030276051,Pinellas,5217.4066,4428.4482,4425.2590,1426,1470
121030276052,Pinellas,4342.2275,3873.6300,3872.0859,1573,1575
121030276061,Pinellas,5550.1369,4934.7920,4933.3705,1371,1387
121030276062,Pinellas,4528.3089,4081.6585,4080.5475,1537,1544
121030277011,Pinellas,4317.5483,4133.7965,4133.7816,1576,1533
121030277012,Pinellas,3849.5877,3526.5746,3525.7301,1641,1639
121030277013,Pinellas,4261.2422,3902.5596,3901.5403,1584,1568
121030277031,Pinellas,4321.0852,3957.2711,3956.3572,1575,1560
121030277032,Pinellas,4428.5888,3990.8796,3989.6700,1556,1553
121030277041,Pinellas,4046.4837,3748.7429,3748.0302,1614,1603
121030277042,Pinellas,4273.4112,3949.7545,3948.9924,1582,1561
121030277043,Pinellas,4387.2491,4049.2366,4048.4422,1562,1550
121030278011,Pinellas,5360.3388,4825.0291,4823.5222,1404,1406
121030278012,Pinellas,5351.7847,4820.6408,4819.1811,1407,1407
121030278021,Pinellas,5111.7280,4529.7074,4528.3447,1449,1452
121030278022,Pinellas,3920.6505,3549.7379,3548.8273,1634,1635
121030279011,Pinellas,5535.7998,4419.8906,4415.7928,1372,1472
121030279012,Pinellas,5695.2471,4512.4602,4508.1169,1353,1456
121030279013,Pinellas,4096.4132,3412.5071,3410.0721,1607,1654
121030279051,Pinellas,4218.7980,3881.1718,3880.7049,1590,1572
121030279052,Pinellas,4401.6666,3678.6520,3676.0131,1559,1614
121030279053,Pinellas,3788.7175,3495.1241,3494.7697,1647,1646
121030279054,Pinellas,5697.1399,4573.6035,4569.3907,1351,1448
121030280021,Pinellas,4045.0639,3449.2022,3446.9757,1615,1651
121030280022,Pinellas,4207.2121,3910.3013,3909.9798,1593,1566
121030280023,Pinellas,3422.4403,2986.0019,2984.5126,1689,1697
121030280024,Pinellas,2895.9552,2619.9688,2619.2077,1756,1747
121030280041,Pinellas,5398.1171,4282.8179,4278.7637,1398,1496
121030280042,Pinellas,5166.4253,4151.0777,4147.2154,1439,1529
121030280051,Pinellas,4590.0257,3662.0778,3658.7273,1517,1618
121030280052,Pinellas,4543.6441,3619.4353,3615.9843,1532,1623
121030280061,Pinellas,5021.6310,3979.0875,3975.2114,1460,1556
121030280062,Pinellas,5293.1355,4125.8554,4121.7368,1416,1535
121030281021,Pinellas,6692.4537,5040.8078,5034.3500,1202,1369
121030281022,Pinellas,5696.6741,4675.0386,4671.7338,1352,1435
121030281023,Pinellas,5531.7707,4376.6979,4372.2651,1374,1481
121030281031,Pinellas,5408.2273,4455.0732,4451.6262,1395,1464
121030281032,Pinellas,6392.6603,4908.5021,4902.5700,1243,1393
121030281041,Pinellas,6395.0615,5015.8725,5010.5466,1241,1375
121030281042,Pinellas,5412.1069,4328.4376,4324.1572,1393,1488
121030281043,Pinellas,7074.7660,5503.6887,5497.5055,1148,1283
121030282001,Pinellas,7462.6140,5777.8403,5771.5143,1072,1232
121030282002,Pinellas,7331.2215,5591.1772,5584.3336,1107,1269
121030282003,Pinellas,7200.1374,5665.7971,5660.0307,1126,1255
121030283001,Pinellas,7661.1194,5943.9638,5937.4896,1029,1197
121030283002,Pinellas,7599.5050,5950.0442,5943.8559,1047,1194
121030283003,Pinellas,7443.5124,5875.6844,5869.7285,1079,1214
121030283004,Pinellas,7608.2862,5953.1846,5947.0123,1042,1192
121030284031,Pinellas,5622.8775,4612.0724,4608.8015,1362,1443
121030284032,Pinellas,6613.4760,5443.1548,5439.4702,1217,1289
121030284033,Pinellas,6904.9123,5630.8255,5626.5412,1171,1260
121030285001,Pinellas,7057.6016,5702.0879,5697.2858,1153,1248
121030285002,Pinellas,5963.5208,5579.3803,5579.3748,1310,1271
121030286011,Pinellas,9816.2523,6939.1035,6928.6505,531,979
121030286012,Pinellas,8611.2614,6506.5006,6497.8859,843,1084
121030286021,Pinellas,8560.6521,6146.0397,6136.7632,855,1150
121030286022,Pinellas,7748.8259,5929.5862,5921.8378,1012,1202
121030287001,Pinellas,8536.3452,6256.0803,6248.7981,861,1129
121030287002,Pinellas,8339.3152,6628.9314,6621.7910,900,1057
121030287003,Pinellas,8504.9915,6795.2183,6787.9979,864,1019
121039900000,Pinellas,4701.1380,4482.5552,4482.5552,1496,1461
121039901000,Pinellas,4586.7853,4176.9086,4176.9086,1518,1522
121010301011,Pasco,1460.7940,1238.5081,1238.3604,1931,1913
121010301012,Pasco,1382.7004,1185.4258,1185.3663,1945,1930
121010301021,Pasco,1370.2969,1203.4077,1203.3904,1946,1925
121010301022,Pasco,1808.5951,1566.0122,1565.9094,1880,1886
121010301023,Pasco,1851.8650,1604.2334,1604.1580,1877,1881
121010302021,Pasco,2089.6409,1784.9073,1784.7495,1858,1861
121010302022,Pasco,1728.4168,1499.0260,1499.0028,1892,1892
121010302023,Pasco,1749.0198,1521.6430,1521.6022,1887,1890
121010302031,Pasco,2512.8475,2073.3211,2072.4775,1810,1825
121010302032,Pasco,2472.7543,2065.5390,2064.7973,1816,1827
121010302033,Pasco,2218.3485,1916.9573,1916.8513,1847,1848
121010302041,Pasco,2535.0308,2029.2095,2028.1400,1808,1833
121010302051,Pasco,3162.8389,2799.5230,2799.3062,1715,1721
121010302052,Pasco,2583.9106,2263.8814,2263.6758,1800,1797
121010303031,Pasco,2981.5961,2704.7096,2704.6728,1743,1739
121010303032,Pasco,3023.7882,2739.2127,2739.1229,1739,1728
121010303041,Pasco,3261.6886,2851.9238,2851.4455,1702,1710
121010303042,Pasco,2783.1531,2530.4396,2530.3895,1778,1763
121010303043,Pasco,2920.5849,2667.6293,2667.5721,1750,1742
121010304041,Pasco,2409.4766,2258.5280,2258.4779,1824,1798
121010304042,Pasco,1996.7338,1824.7974,1824.7792,1864,1858
121010304051,Pasco,3847.2574,3371.3394,3370.5410,1642,1657
121010304052,Pasco,3653.4488,3222.7665,3222.0974,1669,1678
121010304061,Pasco,4208.4188,3622.5908,3621.3555,1592,1622
121010304062,Pasco,3691.9098,3220.4042,3219.5944,1665,1679
121010304063,Pasco,4366.9526,3788.8553,3787.8616,1570,1591
121010304071,Pasco,3676.6614,3218.0679,3217.3376,1667,1680
121010304072,Pasco,4355.7384,3806.0717,3805.2545,1572,1586
121010304081,Pasco,3736.4870,3312.0510,3311.8032,1653,1667
121010304082,Pasco,4538.6893,4072.6651,4072.2979,1535,1548
121010304091,Pasco,3609.2097,3179.7238,3179.5066,1676,1681
121010304092,Pasco,4334.5027,3896.5070,3896.1513,1574,1569
121010304101,Pasco,4594.9747,4130.4151,4130.0584,1515,1534
121010304102,Pasco,4789.4371,4312.7116,4312.2752,1486,1491
121010304111,Pasco,4221.4999,3755.6319,3755.1253,1589,1601
121010304112,Pasco,4564.2854,4078.4958,4078.0121,1527,1545
121010304113,Pasco,3969.0260,3601.8460,3601.4615,1627,1628
121010304121,Pasco,4475.7145,4077.8206,4077.4642,1547,1546
121010304122,Pasco,5001.3557,4539.6419,4539.3399,1463,1451
121010305011,Pasco,4613.2560,4217.2130,4217.1435,1512,1515
121010305012,Pasco,4864.8740,4372.4122,4371.9524,1476,1482
121010305021,Pasco,5078.7850,4576.2972,4575.8529,1451,1447
121010305022,Pasco,4792.7270,4357.3697,4356.9789,1484,1485
121010305023,Pasco,4104.3473,3743.2690,3743.2372,1604,1605
121010306011,Pasco,3981.3310,3549.8609,3549.6004,1623,1634
121010306012,Pasco,4151.3851,3633.7575,3632.9160,1600,1620
121010306021,Pasco,4577.5165,4152.6440,4152.5362,1520,1528
121010306022,Pasco,4466.6174,4081.7207,4081.7053,1549,1543
121010307001,Pasco,4371.9775,3770.8763,3769.8832,1568,1597
121010307002,Pasco,4382.9833,3791.8769,3790.8254,1566,1590
121010308001,Pasco,3614.7057,3116.6126,3115.6478,1674,1690
121010308002,Pasco,4172.2420,3612.9267,3611.9682,1596,1625
121010309011,Pasco,3296.9307,2831.8343,2830.8729,1699,1716
121010309012,Pasco,3021.6720,2602.4613,2602.0269,1740,1750
121010309051,Pasco,3060.8483,2690.3506,2689.8077,1731,1740
121010309052,Pasco,3284.6565,2891.0315,2890.4610,1700,1708
121010309061,Pasco,3374.0260,2820.0881,2818.9669,1695,1719
121010309062,Pasco,3533.5570,3147.7583,3147.1579,1680,1684
121010310031,Pasco,2364.0849,1984.2794,1983.5374,1830,1839
121010310032,Pasco,2630.2942,2191.8409,2190.8955,1796,1808
121010310033,Pasco,2663.4010,2194.6354,2193.6496,1793,1807
121010310051,Pasco,3020.4575,2679.1991,2679.0318,1742,1741
121010310052,Pasco,3021.1965,2585.6013,2584.7636,1741,1752
121010310061,Pasco,3270.9156,2738.5706,2737.4669,1701,1729
121010310071,Pasco,3125.2900,2609.9977,2608.7371,1723,1748
121010310072,Pasco,3102.6557,2705.7697,2705.4002,1726,1738
121010310073,Pasco,3034.5412,2560.2000,2559.1170,1736,1757
121010310081,Pasco,2430.4128,2140.6374,2140.5856,1822,1816
121010310082,Pasco,2732.0536,2361.0290,2360.6290,1782,1787
121010310091,Pasco,2583.0851,2098.0454,2097.0014,1801,1822
121010310092,Pasco,2635.6183,2189.1142,2188.1909,1795,1810
121010310101,Pasco,2576.4628,2074.6036,2073.4700,1802,1824
121010310102,Pasco,2317.3401,2043.5597,2043.5483,1835,1831
121010310111,Pasco,2359.7252,2061.9481,2061.8582,1831,1828
121010310112,Pasco,2267.0996,2002.4379,2002.3509,1840,1837
121010310121,Pasco,2324.2742,2069.1931,2069.1807,1834,1826
121010310122,Pasco,2588.6923,2079.2674,2078.3606,1799,1823
121010310123,Pasco,2890.7845,2409.9785,2409.0404,1759,1778
121010310131,Pasco,2756.4006,2399.3734,2398.9100,1780,1781
121010310132,Pasco,2846.5905,2381.2241,2380.6390,1767,1783
121010310141,Pasco,2828.6143,2409.2873,2408.4891,1772,1779
121010310142,Pasco,2828.0240,2338.4879,2337.3982,1774,1790
121010311011,Pasco,2186.7742,1742.3332,1741.2178,1849,1867
121010311012,Pasco,2434.2990,1904.0553,1902.7919,1820,1849
121010311031,Pasco,2478.2707,1989.6269,1988.7249,1815,1838
121010311041,Pasco,2357.0551,1929.8002,1928.8199,1832,1846
121010311042,Pasco,2221.8053,1783.6966,1782.6917,1846,1862
121010311043,Pasco,2297.9548,1850.3550,1849.1678,1836,1855
121010312031,Pasco,1627.5210,1421.8000,1421.7509,1901,1899
121010312032,Pasco,1746.2612,1530.6914,1530.6613,1888,1889
121010312041,Pasco,1911.2798,1717.0814,1717.0632,1873,1871
121010312042,Pasco,2166.1240,1716.5594,1715.4492,1851,1872
121010312051,Pasco,1741.2676,1540.1374,1540.1367,1890,1888
121010312052,Pasco,1979.4245,1705.5508,1705.3461,1867,1874
121010312053,Pasco,2453.0838,2143.8520,2143.7436,1817,1815
121010312061,Pasco,1793.4048,1585.7865,1585.7330,1882,1882
121010312062,Pasco,2255.8317,2009.6410,2009.6119,1842,1836
121010312071,Pasco,1328.4915,1191.5048,1191.4912,1956,1928
121010312072,Pasco,2170.0276,1955.1464,1955.1337,1850,1843
121010312081,Pasco,1784.0777,1606.5516,1606.4592,1884,1880
121010312082,Pasco,2767.9397,2494.0615,2493.9173,1779,1767
121010313011,Pasco,2412.5091,2123.5177,2123.4193,1823,1820
121010313012,Pasco,2272.7482,2025.9632,2025.9444,1839,1835
121010313013,Pasco,2095.6245,1869.6486,1869.6288,1857,1851
121010313021,Pasco,1928.1675,1727.5484,1727.5249,1872,1869
121010313022,Pasco,2014.5828,1832.1376,1832.1211,1862,1856
121010313023,Pasco,2288.6290,2131.2376,2131.1938,1837,1818
121010313024,Pasco,2020.2780,1883.7309,1883.7214,1861,1850
121010314011,Pasco,3800.8230,3271.0993,3270.0914,1646,1670
121010314012,Pasco,3706.2259,3172.1919,3171.3065,1662,1682
121010314013,Pasco,3560.1771,3140.6137,3140.3238,1678,1685
121010314014,Pasco,3681.2871,3165.1893,3164.3058,1666,1683
121010314041,Pasco,3977.1244,3585.2879,3585.2038,1624,1631
121010314042,Pasco,3943.3542,3437.1470,3436.3884,1631,1653
121010314061,Pasco,3477.7768,3124.3539,3124.3509,1683,1688
121010314062,Pasco,3729.8434,3248.4690,3247.5375,1654,1674
121010314071,Pasco,3414.4923,2992.8193,2992.2017,1690,1696
121010314072,Pasco,3211.4959,2926.0494,2925.9629,1709,1703
121010314101,Pasco,4004.4124,3675.2438,3675.2149,1620,1615
121010314102,Pasco,4238.0785,3774.4892,3773.8886,1588,1595
121010314111,Pasco,4252.6966,3750.8983,3750.2024,1585,1602
121010314121,Pasco,3774.4979,3338.4238,3338.2013,1649,1663
121010314122,Pasco,3622.4277,3319.3848,3319.3574,1672,1665
121010315031,Pasco,4265.5156,3715.1192,3714.2229,1583,1610
121010315032,Pasco,4037.1492,3491.1764,3490.2526,1618,1647
121010315041,Pasco,3831.5639,3509.2101,3509.1030,1643,1644
121010315051,Pasco,4098.2236,3640.2019,3639.6054,1605,1619
121010315052,Pasco,4558.1338,4269.6508,4269.5953,1531,1499
121010315061,Pasco,4294.4374,3926.9290,3926.5025,1578,1563
121010315062,Pasco,4398.5671,3855.0734,3854.2672,1560,1578
121010315063,Pasco,4668.2530,4268.6255,4268.1309,1500,1501
121010315071,Pasco,4747.0937,4293.4388,4292.7570,1492,1494
121010315072,Pasco,4213.3958,3985.4797,3985.3850,1591,1554
121010315073,Pasco,4057.8366,3809.8031,3809.7041,1613,1585
121010315081,Pasco,4597.2708,4089.8492,4088.7816,1514,1541
121010315082,Pasco,4539.3373,4267.6977,4267.6153,1534,1502
121010316011,Pasco,4566.9746,4136.3975,4135.3644,1525,1531
121010316012,Pasco,4984.0470,4511.6948,4510.8267,1465,1457
121010316021,Pasco,4423.8862,4142.8772,4142.7819,1557,1530
121010316022,Pasco,5640.6218,5296.6154,5296.4553,1359,1320
121010316023,Pasco,5076.1306,4743.3385,4743.0431,1452,1422
121010316031,Pasco,5395.7437,5068.6962,5068.3622,1399,1360
121010316032,Pasco,4716.1941,4502.7164,4502.7028,1494,1458
121010316033,Pasco,5911.8740,5619.8551,5619.7737,1322,1264
121010316041,Pasco,4901.8347,4620.0687,4620.0473,1471,1442
121010316042,Pasco,5800.2716,5472.4271,5472.3307,1328,1285
121010316043,Pasco,6008.9520,5544.1209,5543.6434,1306,1275
121010316044,Pasco,5903.8337,5467.3209,5466.8083,1323,1287
121010316051,Pasco,5534.1454,5212.4406,5212.1990,1373,1337
121010316052,Pasco,5702.0086,5272.6160,5272.0649,1349,1323
121010317011,Pasco,4500.0545,4233.1233,4232.7586,1539,1511
121010317031,Pasco,2157.5322,1945.9678,1945.8765,1852,1844
121010317032,Pasco,2031.8786,1852.6339,1852.6318,1860,1854
121010317033,Pasco,2000.1279,1858.8574,1858.8247,1863,1853
121010317041,Pasco,2701.4702,2526.0866,2525.9867,1787,1764
121010317042,Pasco,2783.7488,2390.3824,2389.5013,1777,1782
121010317051,Pasco,4139.2722,3742.6201,3742.3635,1601,1607
121010317052,Pasco,4171.7740,3767.4684,3767.0874,1597,1599
121010317061,Pasco,4541.0167,4077.3679,4076.7753,1533,1547
121010317062,Pasco,3952.8990,3619.3059,3619.0291,1630,1624
121010317071,Pasco,2233.2693,2044.7544,2044.6480,1845,1830
121010317072,Pasco,2828.1707,2646.8665,2646.8459,1773,1744
121010317081,Pasco,3934.5791,3527.5805,3527.0577,1633,1638
121010317082,Pasco,4077.0502,3630.7374,3629.9326,1610,1621
121010317083,Pasco,4037.4345,3733.2808,3733.2708,1617,1608
121010318041,Pasco,1082.3515,952.8312,952.8035,2000,1995
121010318042,Pasco,1258.9308,1099.2280,1098.9938,1968,1958
121010318043,Pasco,1214.6364,1059.3962,1059.1661,1982,1975
121010318044,Pasco,1184.7496,1067.2842,1067.2527,1986,1973
121010318051,Pasco,1032.3792,931.4301,931.3879,2010,1997
121010318052,Pasco,1341.4488,1205.5663,1205.5081,1951,1923
121010318061,Pasco,1391.4147,1261.8412,1261.8145,1942,1912
121010318062,Pasco,1224.6442,1094.6967,1094.6564,1978,1959
121010318071,Pasco,886.9882,692.4252,692.2556,2021,2028
121010318072,Pasco,1654.0254,1451.3719,1451.3251,1897,1896
121010318073,Pasco,1325.1430,1162.7232,1162.6625,1957,1935
121010318081,Pasco,1814.0626,1660.3429,1660.3216,1879,1875
121010318082,Pasco,2076.3560,1918.6901,1918.6637,1859,1847
121010318091,Pasco,838.9126,739.4252,739.3506,2026,2026
121010318092,Pasco,1553.2771,1389.6286,1389.5202,1913,1902
121010319011,Pasco,15.5537,7.7230,7.6880,2164,2163
121010319021,Pasco,2370.8003,2179.3140,2179.1735,1828,1811
121010319022,Pasco,2868.8511,2636.7823,2636.6462,1763,1746
121010319023,Pasco,4490.9693,4085.4702,4085.0479,1542,1542
121010319031,Pasco,3170.5543,2939.7432,2939.7113,1714,1701
121010319032,Pasco,4751.1894,3730.7758,3727.5581,1491,1609
121010319033,Pasco,3463.8481,3229.3729,3229.3349,1686,1676
121010320011,Pasco,5161.4891,4778.8677,4778.6044,1440,1416
121010320012,Pasco,3056.0128,2844.6502,2844.6457,1733,1713
121010320013,Pasco,5083.9771,4749.5149,4749.4541,1450,1420
121010320014,Pasco,4383.7471,4101.4703,4101.4455,1564,1538
121010320051,Pasco,2440.3140,2331.0406,2331.0303,1819,1791
121010320052,Pasco,2914.5214,2720.7118,2720.6910,1751,1730
121010320053,Pasco,3159.3928,2952.7154,2952.6916,1717,1698
121010320061,Pasco,3628.6227,3332.5247,3331.9627,1671,1664
121010320062,Pasco,3935.3914,3693.6321,3693.4775,1632,1612
121010320063,Pasco,4633.3151,4273.2177,4272.9290,1507,1497
121010320071,Pasco,5259.9767,4916.5557,4916.4553,1422,1391
121010320072,Pasco,4753.6971,4446.0052,4445.9052,1490,1467
121010320081,Pasco,5713.6881,5371.3041,5371.2174,1346,1305
121010320082,Pasco,5591.4450,5258.1136,5258.0486,1365,1325
121010320091,Pasco,4571.2170,4287.5396,4287.5263,1524,1495
121010320092,Pasco,4460.2507,4178.6393,4178.6130,1552,1521
121010320093,Pasco,4964.1096,4667.0355,4666.9732,1466,1439
121010320094,Pasco,6009.8657,5640.7982,5640.5803,1305,1259
121010320101,Pasco,5688.9394,5336.1300,5336.0884,1354,1311
121010320111,Pasco,5037.8066,4709.1640,4709.1528,1458,1429
121010320112,Pasco,4866.7798,4571.5863,4571.5247,1475,1449
121010320121,Pasco,5525.0847,5026.2534,5025.7365,1376,1373
121010320122,Pasco,6089.4742,5235.1522,5232.9078,1288,1331
121010320131,Pasco,6600.7215,6020.1998,6019.2670,1223,1176
121010320132,Pasco,6660.8788,6017.5814,6016.7248,1209,1178
121010320133,Pasco,5941.6088,5566.4783,5566.4468,1319,1274
121010320141,Pasco,6063.2128,5705.2119,5704.9915,1293,1246
121010320142,Pasco,6196.7925,5833.0565,5832.7746,1267,1223
121010320143,Pasco,6144.9437,5869.3118,5869.3043,1273,1216
121010321031,Pasco,2891.9325,2714.4364,2714.3259,1758,1732
121010321032,Pasco,4072.2028,3841.9673,3841.8954,1611,1580
121010321033,Pasco,3974.2603,3589.0203,3588.0859,1625,1630
121010321041,Pasco,4282.6190,3913.1312,3912.6710,1580,1565
121010321051,Pasco,2860.1260,2712.9072,2712.7736,1765,1735
121010321052,Pasco,3133.9710,2762.1316,2761.7637,1721,1726
121010321053,Pasco,3802.7018,3509.3218,3509.3155,1645,1643
121010321061,Pasco,6066.4738,5438.2686,5437.0581,1292,1291
121010321062,Pasco,5070.2467,4727.4803,4727.0288,1454,1426
121010321071,Pasco,3719.7888,3536.0155,3535.9617,1657,1637
121010321072,Pasco,5724.7423,5088.2041,5086.4364,1344,1359
121010321073,Pasco,4241.1825,3975.2708,3975.2348,1587,1557
121010321074,Pasco,5127.9920,4695.0739,4694.1622,1446,1434
121010321081,Pasco,3108.0612,2820.9218,2820.8916,1724,1718
121010321082,Pasco,3093.9437,2924.2215,2924.2134,1727,1704
121010321083,Pasco,3698.2462,3451.0163,3450.7144,1664,1650
121010321091,Pasco,6111.2890,5668.9019,5668.1481,1281,1253
121010321101,Pasco,5320.6292,4986.1210,4985.6652,1410,1379
121010321111,Pasco,4403.5708,4100.6229,4099.8424,1558,1539
121010321112,Pasco,3969.5753,3799.3078,3799.3019,1626,1588
121010321121,Pasco,4986.6225,4698.8532,4698.4274,1464,1433
121010321131,Pasco,4492.7218,4308.8859,4308.8774,1541,1492
121010321132,Pasco,4040.6570,3874.7298,3874.7221,1616,1573
121010322001,Pasco,1853.1806,1653.7539,1653.4942,1876,1877
121010322002,Pasco,1583.8913,1423.0326,1422.8165,1909,1898
121010322003,Pasco,2879.4365,2604.4271,2604.0593,1761,1749
121010323001,Pasco,1676.0721,1548.7008,1548.6772,1894,1887
121010324011,Pasco,548.1996,482.0200,481.9643,2065,2050
121010324012,Pasco,826.9456,742.2649,742.2489,2028,2024
121010324021,Pasco,543.2499,455.8189,455.7911,2066,2066
121010324022,Pasco,451.9063,384.9849,384.9838,2092,2099
121010324023,Pasco,73.4763,61.7969,61.7742,2158,2156
121010325001,Pasco,1078.0970,953.0652,953.0196,2002,1994
121010325002,Pasco,1344.4913,1127.1422,1126.6655,1950,1948
121010325003,Pasco,1188.9080,1069.4551,1069.4338,1985,1971
121010325004,Pasco,2125.9532,1935.8230,1935.7686,1855,1845
121010326011,Pasco,1554.8668,1305.9388,1305.3963,1912,1906
121010326012,Pasco,1588.5871,1291.0928,1290.5056,1908,1910
121010326021,Pasco,1530.9710,1290.0003,1289.4995,1918,1911
121010326022,Pasco,1625.3322,1297.4336,1296.8203,1902,1908
121010327001,Pasco,1060.3864,925.8764,925.8312,2004,1999
121010327002,Pasco,570.4589,473.5474,473.3917,2058,2056
121010327003,Pasco,1226.0655,1092.2583,1092.2401,1976,1962
121010328021,Pasco,982.4614,848.8385,848.7657,2014,2013
121010328022,Pasco,1280.4098,1138.9244,1138.9227,1965,1945
121010328041,Pasco,2103.0361,1866.9040,1866.8731,1856,1852
121010328042,Pasco,2483.3280,1971.4448,1970.4161,1813,1841
121010328051,Pasco,1255.9393,1121.8233,1121.7528,1969,1953
121010328052,Pasco,2138.7129,1643.9913,1642.8239,1853,1878
121010329011,Pasco,2567.7877,2347.6299,2347.5810,1804,1788
121010329012,Pasco,2568.8967,2315.1369,2315.1265,1803,1792
121010329013,Pasco,1948.7146,1754.6227,1754.5347,1870,1865
121010329021,Pasco,2674.5617,2471.3999,2471.3591,1791,1770
121010329022,Pasco,2958.8681,2712.3446,2712.3094,1746,1736
121010329051,Pasco,2720.6510,2435.3360,2435.1693,1784,1774
121010329052,Pasco,3181.2205,2923.4690,2923.4295,1711,1705
121010329053,Pasco,2963.9885,2717.5422,2717.5293,1745,1731
121010329054,Pasco,3712.4099,3362.2227,3362.0739,1660,1659
121010330051,Pasco,1867.4023,1575.5582,1575.0703,1875,1885
121010330052,Pasco,2134.2194,1788.8858,1788.2575,1854,1860
121010330053,Pasco,1665.8853,1475.5325,1475.5316,1895,1893
121010330061,Pasco,2240.7349,1969.6643,1969.5142,1844,1842
121010330062,Pasco,2744.0717,2213.6824,2212.4021,1781,1805
121010330071,Pasco,2640.1425,2282.5171,2281.9050,1794,1796
121010330072,Pasco,2877.3542,2493.9837,2493.4757,1762,1768
121010330081,Pasco,3157.0907,2542.4238,2541.1669,1718,1759
121010330082,Pasco,2837.3194,2361.3919,2360.3886,1770,1786
121010330091,Pasco,2547.9978,2048.0072,2046.9036,1806,1829
121010330092,Pasco,3045.9146,2445.2153,2443.9971,1735,1772
121010330093,Pasco,2842.2522,2302.4094,2301.2326,1769,1794
121010330101,Pasco,2252.4306,1830.7792,1829.7725,1843,1857
121010330102,Pasco,2814.4006,2311.8738,2310.8513,1775,1793
121010330111,Pasco,2715.2137,2347.5303,2347.0051,1785,1789
121010330112,Pasco,2844.4449,2443.9752,2443.3109,1768,1773
121010330121,Pasco,3027.9987,2580.3679,2579.6386,1738,1754
121010330122,Pasco,3212.0680,2712.9675,2712.1948,1708,1734
121010330131,Pasco,2899.5432,2542.2121,2542.1727,1753,1761
121010330132,Pasco,3154.8013,2586.7297,2585.6021,1719,1751
121010330133,Pasco,3080.1424,2711.4645,2711.4353,1729,1737
121010330141,Pasco,2900.1682,2574.9827,2574.9524,1752,1755
121010330142,Pasco,3179.1495,2835.7842,2835.7664,1712,1715
121010330143,Pasco,3093.5386,2773.2723,2773.2646,1728,1724
121010330144,Pasco,3106.8836,2761.2306,2761.2237,1725,1727
121010331011,Pasco,471.3816,399.1065,399.0732,2086,2090
121010331012,Pasco,1081.7894,956.6192,956.5621,2001,1993
121010331021,Pasco,1956.7478,1748.5341,1748.4822,1869,1866
121019900000,Pasco,0.0000,0.0000,0.0000,2169,2169
120530401011,Hernando,229.9053,186.0554,185.9361,2137,2137
120530401012,Hernando,693.2074,628.4324,628.4293,2041,2035
120530401013,Hernando,512.4564,441.5138,441.5086,2075,2070
120530401021,Hernando,940.1390,803.7378,803.3122,2017,2019
120530401022,Hernando,583.4827,507.1926,507.1652,2055,2044
120530402011,Hernando,216.0801,185.6290,185.6101,2139,2138
120530402012,Hernando,371.3506,321.9009,321.8970,2109,2110
120530402021,Hernando,553.1847,484.5993,484.5361,2064,2048
120530402022,Hernando,1006.2850,915.7795,915.7425,2013,2005
120530402023,Hernando,365.3483,314.6778,314.6320,2111,2113
120530403011,Hernando,1229.1153,1141.6737,1141.6213,1974,1942
120530403021,Hernando,806.8964,686.7263,686.6278,2030,2029
120530403022,Hernando,1121.6838,1036.5786,1036.5679,1994,1980
120530403023,Hernando,1038.6949,922.4745,922.4439,2008,2003
120530403031,Hernando,847.9284,760.6662,760.5785,2024,2023
120530403032,Hernando,800.9715,630.5041,629.9888,2031,2034
120530404001,Hernando,1164.7354,850.3848,849.3152,1990,2011
120530404002,Hernando,1615.3416,1082.7041,1081.3717,1905,1966
120530404003,Hernando,1053.6668,915.8013,915.7826,2006,2004
120530405011,Hernando,1308.5154,1092.9382,1092.6706,1960,1960
120530405012,Hernando,1519.2429,1126.5526,1125.4489,1921,1949
120530405021,Hernando,1008.2387,884.7819,884.7010,2012,2009
120530405022,Hernando,1252.4793,924.6165,923.4774,1971,2000
120530406011,Hernando,382.7628,346.3543,346.3355,2107,2106
120530406012,Hernando,760.0859,673.1196,673.1041,2036,2030
120530406021,Hernando,932.1679,828.4437,828.2691,2018,2015
120530406022,Hernando,722.2563,634.4653,634.3413,2038,2033
120530407011,Hernando,469.9149,416.2455,416.2296,2088,2079
120530407012,Hernando,799.0614,724.6226,724.5958,2032,2027
120530407013,Hernando,708.5007,643.1353,643.1270,2039,2031
120530407021,Hernando,877.2800,795.3279,795.3104,2022,2020
120530407022,Hernando,1246.7024,1078.3556,1078.0673,1972,1968
120530408011,Hernando,1358.9706,1060.1770,1059.4409,1949,1974
120530408012,Hernando,1300.4716,1044.0405,1043.3561,1963,1979
120530408013,Hernando,1175.6782,970.5583,970.2229,1987,1989
120530408021,Hernando,1517.4687,1229.4330,1228.6926,1922,1914
120530408022,Hernando,1046.8713,842.9332,842.3302,2007,2014
120530408023,Hernando,1054.5318,849.3749,848.7510,2005,2012
120530409011,Hernando,1642.9366,1394.9812,1394.6109,1898,1901
120530409012,Hernando,1436.4313,1209.5062,1209.0639,1935,1922
120530409013,Hernando,1487.3415,1190.9622,1190.1709,1926,1929
120530409014,Hernando,1713.1884,1337.0401,1336.0393,1893,1903
120530409061,Hernando,1615.3504,1306.6159,1305.6770,1904,1905
120530409062,Hernando,1792.0757,1449.3694,1448.4929,1883,1897
120530409063,Hernando,1523.5742,1302.1213,1301.5729,1920,1907
120530409064,Hernando,1617.5530,1456.4738,1456.3050,1903,1894
120530409071,Hernando,1359.3662,1092.4734,1091.7743,1948,1961
120530409072,Hernando,1533.9899,1215.7680,1214.8371,1917,1919
120530409081,Hernando,1744.1544,1402.1365,1401.2432,1889,1900
120530409082,Hernando,1428.0773,1216.3412,1215.8331,1937,1918
120530409083,Hernando,1090.3171,982.9074,982.8948,1999,1986
120530409091,Hernando,1408.0083,1149.3744,1148.6126,1940,1940
120530409092,Hernando,1334.6323,1084.8284,1084.0970,1953,1964
120530409101,Hernando,1153.5203,1023.0455,1022.9327,1991,1983
120530409102,Hernando,963.1498,819.0086,818.7211,2015,2016
120530409111,Hernando,1637.4880,1455.2853,1455.0854,1899,1895
120530409112,Hernando,1512.4733,1295.8457,1295.4668,1923,1909
120530409113,Hernando,1273.3964,1160.5855,1160.5737,1967,1936
120530409121,Hernando,1480.5428,1209.9163,1209.2008,1927,1921
120530409122,Hernando,1433.0199,1133.1020,1132.2352,1936,1946
120530409131,Hernando,1530.0000,1333.2281,1333.0510,1919,1904
120530409132,Hernando,1384.7343,1156.9171,1156.3862,1943,1938
120530410031,Hernando,1538.3326,1155.7344,1154.3673,1914,1939
120530410032,Hernando,1136.2499,930.6267,930.1890,1993,1998
120530410041,Hernando,1534.0943,1158.8257,1157.5231,1916,1937
120530410042,Hernando,1462.0404,1072.3641,1070.9879,1930,1970
120530410043,Hernando,1507.2474,1107.0441,1105.6799,1924,1956
120530410051,Hernando,1492.6321,1141.4127,1140.1662,1925,1944
120530410052,Hernando,1663.1663,1191.5188,1190.1056,1896,1927
120530410061,Hernando,1534.7425,1131.2506,1129.8888,1915,1947
120530410062,Hernando,1630.2822,1141.4595,1139.8266,1900,1943
120530410063,Hernando,1562.7231,1204.4011,1203.2018,1911,1924
120530411031,Hernando,1194.5856,962.7549,962.1068,1984,1990
120530411032,Hernando,1399.1900,1083.6042,1082.5579,1941,1965
120530411041,Hernando,1301.1468,1080.9388,1080.5421,1962,1967
120530411042,Hernando,1171.8326,961.3061,960.8680,1988,1992
120530411051,Hernando,1413.7920,1216.7167,1216.5370,1938,1917
120530411052,Hernando,1474.0876,1124.9513,1123.7689,1929,1951
120530411053,Hernando,1460.7852,1145.6807,1144.7913,1932,1941
120530411061,Hernando,1592.5398,1227.2242,1226.1522,1907,1915
120530411062,Hernando,1597.0619,1182.6542,1181.2606,1906,1931
120530412011,Hernando,1280.2040,1120.4816,1120.3819,1966,1954
120530412012,Hernando,1337.2087,1059.3201,1058.4560,1952,1976
120530412013,Hernando,1332.1333,1109.0544,1108.5103,1954,1955
120530412031,Hernando,1443.6936,1102.3507,1101.4247,1934,1957
120530412032,Hernando,1321.8791,1088.3340,1087.7916,1958,1963
120530412041,Hernando,1366.9497,1058.7683,1057.8439,1947,1977
120530412042,Hernando,1213.9189,985.9863,985.4183,1983,1985
120530412043,Hernando,1216.0917,974.6214,973.9827,1981,1988
120530413021,Hernando,1475.8415,1163.7095,1163.0576,1928,1934
120530413022,Hernando,1329.6530,1076.2917,1075.7493,1955,1969
120530413031,Hernando,1221.3832,977.9351,977.3094,1979,1987
120530413032,Hernando,1113.0270,894.4797,893.8722,1995,2006
120530413033,Hernando,1107.9977,893.2025,892.6013,1996,2007
120530413041,Hernando,1253.3455,998.1426,997.4884,1970,1984
120530413042,Hernando,1143.3897,923.7803,923.1723,1992,2002
120530413051,Hernando,1100.1383,888.1363,887.6040,1998,2008
120530414011,Hernando,1409.8480,1126.1927,1125.6067,1939,1950
120530414012,Hernando,1449.0062,1221.5499,1221.0609,1933,1916
120530414013,Hernando,1382.7240,1198.8953,1198.6447,1944,1926
120530414021,Hernando,1217.6255,1069.2895,1069.1194,1980,1972
120530414022,Hernando,1225.2727,1047.9843,1047.6848,1977,1978
120530414023,Hernando,1288.7781,1166.9892,1166.9806,1964,1933
120530415011,Hernando,1101.8709,804.9050,804.2564,1997,2018
120530415012,Hernando,508.3137,422.5210,422.4620,2076,2076
120530415021,Hernando,746.7668,529.0327,528.2066,2037,2041
120530415022,Hernando,1243.9296,1028.8611,1028.4348,1973,1982
120530416011,Hernando,887.8675,741.3021,741.1555,2020,2025
120530416012,Hernando,61.7731,47.0147,46.9640,2159,2157
120530416013,Hernando,1062.4117,932.3187,932.2599,2003,1996
120530416021,Hernando,1027.3088,924.1436,924.1357,2011,2001
120530416022,Hernando,541.5928,486.1502,486.1170,2069,2047
120530416023,Hernando,907.2193,818.0463,818.0373,2019,2017
120539900000,Hernando,411.0790,372.0385,372.0385,2104,2102
120174501031,Citrus,309.7034,270.3200,270.2270,2120,2122
120174501032,Citrus,577.9731,426.3932,425.9181,2057,2075
120174501041,Citrus,332.6823,298.7764,298.7083,2117,2115
120174501042,Citrus,343.0354,316.4834,316.4611,2114,2112
120174501051,Citrus,319.3426,290.4107,290.3906,2119,2119
120174501052,Citrus,275.0633,250.6908,250.6871,2126,2125
120174501061,Citrus,224.7902,204.3986,204.3565,2138,2135
120174501062,Citrus,190.1690,168.7019,168.6702,2144,2143
120174502011,Citrus,468.0609,395.2867,395.0411,2089,2093
120174502012,Citrus,568.4328,436.2761,435.9749,2060,2072
120174502013,Citrus,507.5058,414.8700,414.6049,2078,2081
120174502021,Citrus,444.2763,396.6400,396.5281,2098,2092
120174502022,Citrus,478.8271,393.9884,393.7307,2082,2094
120174502023,Citrus,414.5287,357.4573,357.2931,2102,2104
120174502024,Citrus,512.7003,415.7814,415.5114,2074,2080
120174503051,Citrus,478.6322,420.9490,420.8415,2083,2078
120174503052,Citrus,307.6834,253.8248,253.6802,2121,2123
120174503061,Citrus,660.7608,533.4801,533.1201,2042,2040
120174503062,Citrus,452.0045,402.0470,401.9570,2091,2087
120174503071,Citrus,272.6814,252.9083,252.8928,2127,2124
120174503072,Citrus,345.7133,318.0729,318.0496,2113,2111
120174503073,Citrus,369.8157,346.0780,346.0716,2110,2107
120174503074,Citrus,458.2896,335.7658,335.3862,2090,2108
120174503081,Citrus,198.0193,180.5050,180.5041,2142,2140
120174503082,Citrus,335.4574,312.5733,312.5564,2116,2114
120174503083,Citrus,288.7443,271.7215,271.7133,2123,2121
120174503091,Citrus,241.7851,222.1587,222.1393,2136,2134
120174503092,Citrus,263.9883,230.8418,230.7747,2130,2132
120174503093,Citrus,265.1317,244.3897,244.3830,2129,2128
120174503101,Citrus,212.4507,198.2947,198.2881,2140,2136
120174503102,Citrus,252.2922,232.7110,232.6939,2134,2131
120174504011,Citrus,164.7855,142.5955,142.5597,2150,2149
120174504012,Citrus,159.8057,138.6710,138.6440,2152,2151
120174504021,Citrus,169.5963,155.9297,155.9213,2148,2146
120174504022,Citrus,169.1042,149.2196,149.1976,2149,2147
120174504023,Citrus,58.7489,35.7295,35.6209,2160,2158
120174505011,Citrus,49.9265,17.0296,16.8513,2161,2160
120174505012,Citrus,602.9440,476.4710,476.1736,2053,2055
120174505021,Citrus,255.6216,162.2796,161.8408,2133,2144
120174505022,Citrus,250.7838,184.0545,183.8658,2135,2139
120174506011,Citrus,407.2396,367.7511,367.7129,2106,2103
120174506012,Citrus,427.8168,380.2254,380.1583,2100,2100
120174506013,Citrus,657.4841,498.2045,497.7061,2043,2045
120174506021,Citrus,541.7293,468.4274,468.2961,2068,2058
120174506022,Citrus,449.7206,390.7982,390.6891,2094,2097
120174506023,Citrus,604.2037,552.4005,552.3665,2050,2038
120174506024,Citrus,631.8564,522.4709,522.2448,2046,2043
120174507031,Citrus,604.6855,432.3844,431.7861,2049,2073
120174507032,Citrus,603.3419,459.6100,459.0587,2051,2064
120174507033,Citrus,542.0911,462.9995,462.7773,2067,2060
120174507041,Citrus,580.2706,477.5433,477.1808,2056,2053
120174507042,Citrus,518.0422,481.0258,481.0037,2073,2051
120174507051,Citrus,430.3570,397.3920,397.3754,2099,2091
120174507052,Citrus,451.0254,399.6391,399.5354,2093,2089
120174507053,Citrus,602.0541,421.3449,420.6973,2054,2077
120174507061,Citrus,603.1613,537.0774,536.9979,2052,2039
120174507062,Citrus,521.3770,452.9956,452.8429,2072,2068
120174508001,Citrus,196.0425,177.6048,177.5956,2143,2141
120174508002,Citrus,185.0452,171.4637,171.4555,2145,2142
120174508003,Citrus,380.1927,349.0012,348.9892,2108,2105
120174508004,Citrus,470.8801,411.6576,411.5231,2087,2083
120174509011,Citrus,304.8789,272.5699,272.5093,2122,2120
120174509021,Citrus,826.0486,495.9060,494.6927,2029,2046
120174509022,Citrus,410.1700,377.1459,377.1406,2105,2101
120174510011,Citrus,766.7682,480.1002,479.0023,2035,2052
120174510012,Citrus,796.2834,462.8220,461.3041,2033,2061
120174510021,Citrus,155.9059,142.1428,142.1193,2153,2150
120174510022,Citrus,261.0625,241.3166,241.3115,2131,2129
120174510023,Citrus,446.4318,399.7584,399.6813,2095,2088
120174511011,Citrus,283.8800,244.6075,244.5939,2124,2127
120174511031,Citrus,829.0977,458.6937,457.1361,2027,2065
120174511032,Citrus,656.7686,427.6613,426.5246,2044,2074
120174511041,Citrus,471.6469,391.8083,391.7054,2085,2096
120174511042,Citrus,555.1921,407.4733,406.7907,2063,2085
120174512001,Citrus,163.4815,143.6593,143.6470,2151,2148
120174512002,Citrus,330.2766,290.7060,290.6793,2118,2118
120174512003,Citrus,338.6205,292.3161,292.3060,2115,2117
120174513001,Citrus,475.6287,412.9856,412.9728,2084,2082
120174513002,Citrus,269.2559,235.1949,235.1929,2128,2130
120174514001,Citrus,788.2518,462.3492,460.9983,2034,2062
120174514002,Citrus,112.3979,102.1590,102.1534,2154,2152
120174514003,Citrus,569.6693,460.0379,459.7081,2059,2063
120174514004,Citrus,177.1384,160.8011,160.7657,2146,2145
120174515011,Citrus,445.0555,404.4397,404.4079,2097,2086
120174515012,Citrus,446.2004,410.9640,410.9562,2096,2084
120174515021,Citrus,539.7407,477.1924,477.1081,2070,2054
120174515022,Citrus,484.4764,436.6549,436.6114,2081,2071
120174515023,Citrus,508.0985,465.5884,465.5678,2077,2059
120174516031,Citrus,420.3577,385.0909,385.0870,2101,2098
120174516032,Citrus,351.2360,323.9802,323.9782,2112,2109
120174516041,Citrus,703.5909,638.4511,638.4476,2040,2032
120174516042,Citrus,643.6151,583.8134,583.8132,2045,2036
120174516043,Citrus,618.5343,568.2933,568.2918,2047,2037
120174516051,Citrus,606.4732,523.2650,523.0792,2048,2042
120174516061,Citrus,568.0657,453.7559,453.4271,2061,2067
120174516062,Citrus,490.1889,450.0911,450.0845,2079,2069
120174516063,Citrus,563.4086,484.0902,483.9637,2062,2049
120174517011,Citrus,275.4245,247.3904,247.3721,2125,2126
120174517012,Citrus,489.7976,392.6172,392.3721,2080,2095
120174517021,Citrus,414.3941,298.5328,298.0552,2103,2116
120174517022,Citrus,257.1326,228.4588,228.4210,2132,2133
120179900000,Citrus,0.0000,0.0000,0.0000,2170,2170
