GEOID20,county,pop,walk_commute_share,walk_pmt,walk_ksi_obs,walk_ksi_eb,r_walk,bike_commute_share,bike_pmt,bike_ksi_obs,bike_ksi_eb,r_bike
120570001011,Hillsborough,1047,0.138743,546227,0,0.4881,0.7494,0.000000,0,1,0.8637,0.0000
120570001012,Hillsborough,908,0.000000,0,0,0.4666,0.0000,0.000000,0,0,0.4508,0.0000
120570001013,Hillsborough,1478,0.000000,0,0,0.4659,0.0000,0.000000,0,1,0.8855,0.0000
120570001014,Hillsborough,659,0.000000,0,2,1.7191,0.0000,0.032020,90585,3,1.7770,8.5857
120570001021,Hillsborough,574,0.000000,0,3,2.2486,0.0000,0.000000,0,1,0.8395,0.0000
120570001022,Hillsborough,1247,0.000000,0,0,0.4439,0.0000,0.000000,0,0,0.4336,0.0000
120570001023,Hillsborough,911,0.134783,461706,0,0.4742,0.8614,0.000000,0,0,0.4286,0.0000
120570001024,Hillsborough,3469,0.000000,0,4,2.9553,0.0000,0.016548,246443,0,0.4537,0.9432
120570002011,Hillsborough,1656,0.060890,379157,5,4.1294,9.3836,0.011710,83245,1,0.9452,5.4833
120570002012,Hillsborough,1608,0.007353,44459,3,2.6704,57.9691,0.000000,0,2,1.3749,0.0000
120570002021,Hillsborough,1706,0.024457,156887,1,1.1528,5.7284,0.000000,0,0,0.4373,0.0000
120570002022,Hillsborough,2766,0.021450,223102,7,5.1243,20.3993,0.000000,0,2,1.2693,0.0000
120570002023,Hillsborough,1071,0.000000,0,1,1.0010,0.0000,0.000000,0,1,0.8166,0.0000
120570003011,Hillsborough,1136,0.000000,0,1,1.1566,0.0000,0.000000,0,0,0.4647,0.0000
120570003012,Hillsborough,597,0.000000,0,0,0.4517,0.0000,0.000000,0,0,0.4394,0.0000
120570003013,Hillsborough,2229,0.000000,0,7,5.3008,0.0000,0.000000,0,2,1.3872,0.0000
120570003014,Hillsborough,565,0.000000,0,7,4.9420,0.0000,0.000000,0,3,1.7399,0.0000
120570003021,Hillsborough,1590,0.000000,0,0,0.4384,0.0000,0.000000,0,0,0.4294,0.0000
120570003022,Hillsborough,1419,0.000000,0,3,2.3795,0.0000,0.000000,0,4,2.1699,0.0000
120570004011,Hillsborough,904,0.000000,0,2,1.8266,0.0000,0.000000,0,2,1.3611,0.0000
120570004012,Hillsborough,663,0.000000,0,5,3.8752,0.0000,0.000000,0,1,0.9194,0.0000
120570004013,Hillsborough,788,0.000000,0,2,1.8300,0.0000,0.000000,0,1,0.9140,0.0000
120570004021,Hillsborough,1152,0.000000,0,0,0.4949,0.0000,0.000000,0,0,0.4737,0.0000
120570004022,Hillsborough,997,0.000000,0,4,3.2322,0.0000,0.000000,0,0,0.4719,0.0000
120570004023,Hillsborough,987,0.000000,0,4,3.2378,0.0000,0.000000,0,2,1.3861,0.0000
120570005001,Hillsborough,740,0.028571,79502,0,0.4709,4.9678,0.000000,0,0,0.4298,0.0000
120570005002,Hillsborough,1135,0.000000,0,0,0.4486,0.0000,0.045929,223789,1,0.8891,1.9186
120570005003,Hillsborough,750,0.000000,0,2,1.7247,0.0000,0.000000,0,0,0.4429,0.0000
120570005004,Hillsborough,1552,0.000000,0,0,0.4608,0.0000,0.000000,0,0,0.4464,0.0000
120570006011,Hillsborough,1363,0.000000,0,4,3.1292,0.0000,0.000000,0,0,0.4591,0.0000
120570006012,Hillsborough,1347,0.014184,71844,3,2.5157,33.7945,0.000000,0,0,0.4424,0.0000
120570006013,Hillsborough,2277,0.009623,82393,3,2.6027,30.4870,0.000000,0,2,1.3376,0.0000
120570006021,Hillsborough,1396,0.000000,0,0,0.4789,0.0000,0.000000,0,0,0.4605,0.0000
120570006022,Hillsborough,1282,0.032136,154916,9,7.0063,45.3918,0.000000,0,3,1.8245,0.0000
120570007011,Hillsborough,1844,0.000000,0,2,1.8154,0.0000,0.000000,0,1,0.9079,0.0000
120570007012,Hillsborough,1739,0.000000,0,6,4.5984,0.0000,0.000000,0,1,0.9273,0.0000
120570007021,Hillsborough,971,0.000000,0,1,1.1688,0.0000,0.000000,0,0,0.4688,0.0000
120570007022,Hillsborough,1655,0.000000,0,0,0.4800,0.0000,0.027200,193251,0,0.4765,1.2632
120570008001,Hillsborough,2112,0.036458,289537,1,1.1788,3.1739,0.000000,0,1,0.8747,0.0000
120570008002,Hillsborough,1725,0.000000,0,0,0.4680,0.0000,0.000000,0,0,0.4519,0.0000
120570009011,Hillsborough,1035,0.120983,470845,5,3.9854,6.2790,0.018904,83992,3,1.8109,12.4162
120570009012,Hillsborough,1030,0.000000,0,1,1.1093,0.0000,0.000000,0,0,0.4490,0.0000
120570009013,Hillsborough,412,0.000000,0,0,0.4624,0.0000,0.000000,0,0,0.4475,0.0000
120570009021,Hillsborough,661,0.000000,0,3,2.3011,0.0000,0.000000,0,0,0.4345,0.0000
120570009022,Hillsborough,1039,0.000000,0,0,0.4615,0.0000,0.000000,0,0,0.4469,0.0000
120570009023,Hillsborough,960,0.000000,0,0,0.4495,0.0000,0.000000,0,0,0.4377,0.0000
120570009024,Hillsborough,1228,0.000000,0,0,0.4481,0.0000,0.000000,0,0,0.4366,0.0000
120570010011,Hillsborough,1432,0.000000,0,1,1.0986,0.0000,0.000000,0,0,0.4455,0.0000
120570010012,Hillsborough,1925,0.015009,108644,3,2.5203,22.3889,0.000000,0,0,0.4423,0.0000
120570010021,Hillsborough,2382,0.000000,0,0,0.4634,0.0000,0.000000,0,1,0.8816,0.0000
120570010022,Hillsborough,503,0.000000,0,3,2.2801,0.0000,0.000000,0,1,0.8484,0.0000
120570010023,Hillsborough,1177,0.000000,0,0,0.4335,0.0000,0.000000,0,1,0.8375,0.0000
120570010024,Hillsborough,1751,0.000000,0,2,1.7215,0.0000,0.000000,0,3,1.7245,0.0000
120570011001,Hillsborough,767,0.000000,0,5,3.9054,0.0000,0.000000,0,1,0.9255,0.0000
120570011002,Hillsborough,709,0.000000,0,0,0.4910,0.0000,0.000000,0,0,0.4705,0.0000
120570011003,Hillsborough,1038,0.000000,0,0,0.4307,0.0000,0.000000,0,0,0.4238,0.0000
120570012001,Hillsborough,1138,0.000000,0,3,2.5206,0.0000,0.000000,0,4,2.2753,0.0000
120570012002,Hillsborough,1939,0.000000,0,1,1.1890,0.0000,0.000000,0,0,0.4759,0.0000
120570013001,Hillsborough,2066,0.000000,0,1,1.1630,0.0000,0.000000,0,0,0.4669,0.0000
120570013002,Hillsborough,1401,0.000000,0,0,0.4463,0.0000,0.000000,0,0,0.4353,0.0000
120570013003,Hillsborough,490,0.000000,0,1,1.1191,0.0000,0.000000,0,0,0.4521,0.0000
120570013004,Hillsborough,779,0.000000,0,0,0.4134,0.0000,0.000000,0,0,0.4114,0.0000
120570013005,Hillsborough,662,0.000000,0,0,0.4231,0.0000,0.000000,0,0,0.4183,0.0000
120570014001,Hillsborough,1515,0.000000,0,0,0.4614,0.0000,0.000000,0,0,0.4468,0.0000
120570014002,Hillsborough,1436,0.025850,139584,0,0.4912,2.9515,0.000000,0,0,0.4447,0.0000
120570014003,Hillsborough,1383,0.000000,0,1,1.1147,0.0000,0.032258,191521,2,1.3657,3.2688
120570014004,Hillsborough,462,0.000000,0,2,1.7562,0.0000,0.000000,0,1,0.8835,0.0000
120570015001,Hillsborough,857,0.000000,0,0,0.4879,0.0000,0.000000,0,0,0.4679,0.0000
120570015002,Hillsborough,1103,0.062249,258179,3,2.6866,7.1665,0.000000,0,0,0.4677,0.0000
120570015003,Hillsborough,898,0.000000,0,4,3.1475,0.0000,0.000000,0,2,1.3530,0.0000
120570016001,Hillsborough,407,0.000000,0,4,3.2349,0.0000,0.000000,0,2,1.3850,0.0000
120570016002,Hillsborough,1804,0.048387,328231,2,1.9985,5.3585,0.000000,0,1,0.9348,0.0000
120570017001,Hillsborough,1607,0.000000,0,3,2.5664,0.0000,0.032771,226076,1,0.9640,2.7558
120570017002,Hillsborough,921,0.000000,0,0,0.4811,0.0000,0.000000,0,2,1.3561,0.0000
120570017003,Hillsborough,460,0.000000,0,1,1.0860,0.0000,0.000000,0,0,0.4415,0.0000
120570017004,Hillsborough,764,0.000000,0,4,3.2720,0.0000,0.000000,0,0,0.4770,0.0000
120570017005,Hillsborough,1290,0.000000,0,0,0.4753,0.0000,0.000000,0,0,0.4577,0.0000
120570018001,Hillsborough,610,0.000000,0,0,0.4407,0.0000,0.000000,0,1,0.8478,0.0000
120570018002,Hillsborough,2187,0.090180,741608,1,1.1610,1.4762,0.000000,0,0,0.4367,0.0000
120570018003,Hillsborough,540,0.000000,0,1,1.0600,0.0000,0.000000,0,0,0.4333,0.0000
120570018004,Hillsborough,1803,0.000000,0,2,1.7052,0.0000,0.000000,0,3,1.7117,0.0000
120570019001,Hillsborough,354,0.000000,0,4,3.0591,0.0000,0.000000,0,1,0.8862,0.0000
120570019002,Hillsborough,1223,0.000000,0,1,1.0901,0.0000,0.021798,114447,1,0.8987,3.7921
120570019003,Hillsborough,1767,0.000000,0,0,0.4570,0.0000,0.022631,171669,0,0.4582,1.3675
120570020001,Hillsborough,1253,0.000000,0,5,3.6950,0.0000,0.000000,0,1,0.8838,0.0000
120570020002,Hillsborough,730,0.000000,0,3,2.4871,0.0000,0.000000,0,0,0.4623,0.0000
120570020003,Hillsborough,1015,0.000000,0,0,0.4568,0.0000,0.044601,194341,1,0.9010,2.2388
120570021001,Hillsborough,992,0.000000,0,3,2.5711,0.0000,0.000000,0,2,1.3953,0.0000
120570021002,Hillsborough,706,0.041215,109414,1,1.2265,10.5701,0.015184,46021,0,0.4771,5.3116
120570021003,Hillsborough,946,0.005217,18559,1,1.2339,62.6915,0.000000,0,2,1.3799,0.0000
120570022001,Hillsborough,1655,0.002844,17696,0,0.5149,24.4008,0.000000,0,0,0.4693,0.0000
120570023001,Hillsborough,1136,0.000000,0,0,0.4873,0.0000,0.039012,190252,0,0.4824,1.2992
120570023002,Hillsborough,1145,0.000000,0,0,0.4880,0.0000,0.000000,0,0,0.4680,0.0000
120570023003,Hillsborough,867,0.000000,0,2,1.8464,0.0000,0.000000,0,0,0.4684,0.0000
120570024001,Hillsborough,693,0.194175,505987,0,0.5074,0.8411,0.000000,0,0,0.4555,0.0000
120570024002,Hillsborough,1575,0.000000,0,0,0.4564,0.0000,0.000000,0,1,0.8710,0.0000
120570024003,Hillsborough,1296,0.000000,0,0,0.4525,0.0000,0.000000,0,0,0.4400,0.0000
120570024004,Hillsborough,690,0.000000,0,2,1.6656,0.0000,0.000000,0,0,0.4311,0.0000
120570025001,Hillsborough,1775,0.000000,0,0,0.4750,0.0000,0.000000,0,1,0.8996,0.0000
120570025002,Hillsborough,1240,0.000000,0,10,6.9376,0.0000,0.000000,0,2,1.3201,0.0000
120570025003,Hillsborough,1160,0.067395,293969,3,2.5910,7.2881,0.000000,0,0,0.4514,0.0000
120570025004,Hillsborough,2244,0.000000,0,1,1.1110,0.0000,0.000000,0,0,0.4495,0.0000
120570026001,Hillsborough,549,0.189024,390215,0,0.4880,1.0489,0.039634,93411,0,0.4539,2.4896
120570026002,Hillsborough,596,0.000000,0,0,0.4585,0.0000,0.000000,0,2,1.3039,0.0000
120570027011,Hillsborough,1559,0.014903,87365,5,3.8196,32.4321,0.000000,0,2,1.2819,0.0000
120570027012,Hillsborough,1096,0.000000,0,1,1.0704,0.0000,0.000000,0,0,0.4365,0.0000
120570027013,Hillsborough,1435,0.027219,146871,1,1.1500,6.1041,0.000000,0,1,0.8584,0.0000
120570027021,Hillsborough,1569,0.000000,0,3,2.3766,0.0000,0.000000,0,0,0.4455,0.0000
120570027022,Hillsborough,1237,0.000000,0,5,3.7974,0.0000,0.000000,0,2,1.3480,0.0000
120570028001,Hillsborough,991,0.000000,0,1,1.1007,0.0000,0.000000,0,0,0.4462,0.0000
120570028002,Hillsborough,620,0.000000,0,0,0.4604,0.0000,0.000000,0,0,0.4460,0.0000
120570028003,Hillsborough,463,0.000000,0,0,0.4581,0.0000,0.000000,0,0,0.4442,0.0000
120570028004,Hillsborough,975,0.000000,0,0,0.4608,0.0000,0.000000,0,0,0.4464,0.0000
120570029001,Hillsborough,972,0.000000,0,0,0.4715,0.0000,0.016949,70724,0,0.4684,3.3933
120570029002,Hillsborough,532,0.039683,79383,1,1.2230,14.5272,0.000000,0,0,0.4633,0.0000
120570029003,Hillsborough,518,0.080000,155824,1,1.2686,6.3468,0.022222,49417,0,0.4924,5.1048
120570030001,Hillsborough,794,0.071429,213258,0,0.5291,2.0808,0.000000,0,0,0.4767,0.0000
120570030002,Hillsborough,1044,0.000000,0,1,1.1805,0.0000,0.000000,0,2,1.3870,0.0000
120570030003,Hillsborough,1115,0.000000,0,4,3.2528,0.0000,0.037906,181443,0,0.4895,1.3822
120570031001,Hillsborough,473,0.000000,0,4,3.2404,0.0000,0.000000,0,1,0.9300,0.0000
120570031002,Hillsborough,492,0.010753,19893,1,1.2512,49.0347,0.000000,0,2,1.3984,0.0000
120570031003,Hillsborough,702,0.000000,0,1,1.1227,0.0000,0.000000,0,0,0.4533,0.0000
120570031004,Hillsborough,989,0.000000,0,0,0.4868,0.0000,0.000000,0,0,0.4670,0.0000
120570032001,Hillsborough,1187,0.000000,0,1,1.1842,0.0000,0.014768,75253,1,0.9598,6.1593
120570032002,Hillsborough,682,0.000000,0,9,6.7754,0.0000,0.043367,126970,0,0.4939,1.9928
120570032003,Hillsborough,337,0.000000,0,1,1.2002,0.0000,0.000000,0,0,0.4798,0.0000
120570033001,Hillsborough,664,0.000000,0,0,0.4956,0.0000,0.000000,0,2,1.3911,0.0000
120570033002,Hillsborough,1372,0.000000,0,1,1.1382,0.0000,0.031390,184885,2,1.3884,4.5668
120570033003,Hillsborough,224,0.000000,0,1,1.1737,0.0000,0.045455,43710,1,0.9512,10.5096
120570034001,Hillsborough,750,0.000000,0,1,1.0792,0.0000,0.163743,527203,1,0.8955,1.0977
120570034002,Hillsborough,1829,0.053933,370919,0,0.4906,1.1092,0.000000,0,0,0.4421,0.0000
120570034003,Hillsborough,896,0.000000,0,0,0.4488,0.0000,0.018462,71012,2,1.3221,8.5349
120570035001,Hillsborough,480,0.000000,0,1,1.1307,0.0000,0.142857,294373,0,0.4715,0.8206
120570035002,Hillsborough,555,0.000000,0,0,0.4735,0.0000,0.000000,0,2,1.3381,0.0000
120570035003,Hillsborough,643,0.000000,0,0,0.4940,0.0000,0.000000,0,0,0.4729,0.0000
120570035004,Hillsborough,886,0.000000,0,0,0.4936,0.0000,0.000000,0,1,0.9294,0.0000
120570036001,Hillsborough,834,0.000000,0,0,0.5064,0.0000,0.000000,0,1,0.9508,0.0000
120570036002,Hillsborough,1333,0.000000,0,1,1.1563,0.0000,0.000000,0,2,1.3625,0.0000
120570036003,Hillsborough,1656,0.067010,417269,8,6.3078,12.8385,0.020619,146580,3,1.8798,9.1576
120570036004,Hillsborough,727,0.000000,0,6,4.6227,0.0000,0.000000,0,2,1.3894,0.0000
120570037001,Hillsborough,1205,0.008130,36838,8,6.2140,143.2613,0.000000,0,3,1.8165,0.0000
120570038001,Hillsborough,992,0.056530,210866,5,4.2268,19.6719,0.000000,0,2,1.4052,0.0000
120570041001,Hillsborough,647,0.000000,0,0,0.5012,0.0000,0.064000,177762,1,0.9714,2.6391
120570041002,Hillsborough,1163,0.000000,0,0,0.5150,0.0000,0.043750,218430,2,1.4848,3.1160
120570042001,Hillsborough,1629,0.030735,188267,0,0.5413,2.4115,0.035126,245645,1,0.9910,1.9482
120570043001,Hillsborough,598,0.000000,0,0,0.5026,0.0000,0.000000,0,1,0.9444,0.0000
120570043002,Hillsborough,584,0.000000,0,0,0.4972,0.0000,0.049020,122896,0,0.4901,2.0433
120570043003,Hillsborough,130,0.000000,0,0,0.5027,0.0000,0.000000,0,0,0.4803,0.0000
120570044001,Hillsborough,583,0.000000,0,1,1.1539,0.0000,0.000000,0,0,0.4638,0.0000
120570044002,Hillsborough,1043,0.034137,133881,0,0.5265,3.2983,0.030120,134866,0,0.4900,1.8613
120570044003,Hillsborough,432,0.000000,0,2,1.9134,0.0000,0.030769,57063,1,0.9771,8.2695
120570045001,Hillsborough,666,0.000000,0,1,1.1872,0.0000,0.022727,64980,2,1.4341,10.1168
120570045002,Hillsborough,888,0.000000,0,0,0.4838,0.0000,0.000000,0,0,0.4645,0.0000
120570045003,Hillsborough,1217,0.000000,0,2,1.8917,0.0000,0.000000,0,0,0.4784,0.0000
120570045004,Hillsborough,772,0.000000,0,0,0.4928,0.0000,0.000000,0,0,0.4719,0.0000
120570045005,Hillsborough,499,0.000000,0,1,1.1722,0.0000,0.000000,0,1,0.9243,0.0000
120570046011,Hillsborough,2475,0.000000,0,4,3.2767,0.0000,0.000000,0,2,1.4007,0.0000
120570046012,Hillsborough,1468,0.000000,0,1,1.2000,0.0000,0.076535,482326,0,0.4960,0.5269
120570046021,Hillsborough,1880,0.000000,0,6,4.8392,0.0000,0.005636,45487,0,0.5071,5.7120
120570047001,Hillsborough,570,0.275956,591465,3,2.7048,3.1494,0.000000,0,1,0.9224,0.0000
120570047002,Hillsborough,757,0.034836,99160,0,0.5326,4.5045,0.000000,0,0,0.4816,0.0000
120570047003,Hillsborough,1346,0.165000,835108,1,1.2921,1.2062,0.000000,0,1,0.9529,0.0000
120570048001,Hillsborough,725,0.042636,116232,4,3.4982,27.3781,0.000000,0,1,0.9477,0.0000
120570048002,Hillsborough,692,0.000000,0,0,0.4924,0.0000,0.000000,0,0,0.4716,0.0000
120570048003,Hillsborough,716,0.000000,0,1,1.2056,0.0000,0.000000,0,0,0.4818,0.0000
120570048004,Hillsborough,638,0.059524,142799,0,0.5237,3.0759,0.000000,0,1,0.9294,0.0000
120570048005,Hillsborough,524,0.000000,0,0,0.5059,0.0000,0.062500,140594,0,0.4977,1.8138
120570048006,Hillsborough,574,0.000000,0,2,1.8252,0.0000,0.000000,0,3,1.8085,0.0000
120570049011,Hillsborough,825,0.168675,523260,0,0.5410,0.8671,0.000000,0,2,1.4253,0.0000
120570049012,Hillsborough,1470,0.000000,0,0,0.5050,0.0000,0.000000,0,1,0.9484,0.0000
120570049021,Hillsborough,859,0.012539,40502,2,1.9717,42.8446,0.000000,0,2,1.3888,0.0000
120570049022,Hillsborough,1303,0.051818,253887,0,0.5226,1.7265,0.000000,0,0,0.4704,0.0000
120570049023,Hillsborough,945,0.049051,174297,2,1.9429,9.8106,0.000000,0,0,0.4636,0.0000
120570050001,Hillsborough,1652,0.005249,32608,0,0.5298,13.6274,0.007874,55842,0,0.4951,4.5422
120570050002,Hillsborough,481,0.000000,0,2,1.9174,0.0000,0.000000,0,0,0.4842,0.0000
120570050003,Hillsborough,6163,0.345700,8011338,2,2.0792,0.1895,0.032603,862580,0,0.5058,0.3004
120570051011,Hillsborough,2457,0.103026,951843,7,5.8707,3.5221,0.007925,83592,3,1.9681,10.3047
120570051012,Hillsborough,1519,0.153846,878735,7,5.7634,5.1319,0.010638,69372,1,0.9733,6.7755
120570051021,Hillsborough,2062,0.012422,96318,0,0.4794,4.1740,0.000000,0,0,0.4360,0.0000
120570051022,Hillsborough,1681,0.032509,205486,0,0.5095,2.0797,0.000000,0,0,0.4593,0.0000
120570051023,Hillsborough,680,0.140652,359640,0,0.4909,1.1447,0.000000,0,0,0.4424,0.0000
120570053011,Hillsborough,980,0.029126,107331,1,1.2355,10.8540,0.018031,75856,0,0.4811,3.2494
120570053012,Hillsborough,1853,0.202308,1409618,5,4.3381,3.0202,0.010769,85667,0,0.5025,3.0050
120570053013,Hillsborough,1755,0.062151,410149,0,0.5329,1.0896,0.000000,0,0,0.4787,0.0000
120570053021,Hillsborough,1120,0.000000,0,1,0.8247,0.0000,0.028832,138625,2,1.1097,4.8684
120570053022,Hillsborough,743,0.000000,0,1,1.1196,0.0000,0.000000,0,1,0.8894,0.0000
120570054011,Hillsborough,1409,0.016794,88977,0,0.4088,3.8531,0.000000,0,0,0.3843,0.0000
120570054012,Hillsborough,1356,0.048387,246719,0,0.4118,1.4000,0.000000,0,0,0.3843,0.0000
120570054013,Hillsborough,511,0.000000,0,0,0.3742,0.0000,0.000000,0,0,0.3843,0.0000
120570054014,Hillsborough,852,0.031111,99671,1,1.2016,9.3985,0.000000,0,0,0.4551,0.0000
120570054015,Hillsborough,638,0.000000,0,0,0.3788,0.0000,0.063415,173686,0,0.4016,1.1847
120570054016,Hillsborough,539,0.075515,153051,1,0.9823,5.0033,0.000000,0,0,0.3847,0.0000
120570055001,Hillsborough,329,0.245763,304036,1,1.2423,3.1855,0.000000,0,0,0.4675,0.0000
120570055002,Hillsborough,1210,0.137470,625469,2,1.9773,2.3088,0.000000,0,0,0.4688,0.0000
120570055003,Hillsborough,1312,0.000000,0,1,1.1753,0.0000,0.017884,100727,1,0.9544,4.5757
120570057001,Hillsborough,1032,0.000000,0,0,0.4650,0.0000,0.000000,0,1,0.8842,0.0000
120570057002,Hillsborough,1106,0.000000,0,0,0.4769,0.0000,0.000000,0,1,0.9026,0.0000
120570057003,Hillsborough,1074,0.000000,0,1,1.1466,0.0000,0.000000,0,0,0.4613,0.0000
120570057004,Hillsborough,1196,0.000000,0,0,0.4725,0.0000,0.000000,0,0,0.4554,0.0000
120570058001,Hillsborough,738,0.000000,0,2,1.8825,0.0000,0.000000,0,0,0.4763,0.0000
120570058002,Hillsborough,895,0.000000,0,1,1.1826,0.0000,0.000000,0,0,0.4736,0.0000
120570058003,Hillsborough,1136,0.000000,0,0,0.4526,0.0000,0.000000,0,0,0.4401,0.0000
120570058004,Hillsborough,1096,0.000000,0,0,0.4386,0.0000,0.000000,0,0,0.4296,0.0000
120570058005,Hillsborough,1301,0.000000,0,0,0.4524,0.0000,0.000000,0,0,0.4399,0.0000
120570059001,Hillsborough,978,0.000000,0,1,1.1863,0.0000,0.000000,0,0,0.4749,0.0000
120570059002,Hillsborough,2013,0.000000,0,2,1.8248,0.0000,0.000000,0,0,0.4637,0.0000
120570059003,Hillsborough,1500,0.000000,0,0,0.4423,0.0000,0.000000,0,1,0.8502,0.0000
120570059004,Hillsborough,809,0.000000,0,0,0.4301,0.0000,0.000000,0,0,0.4234,0.0000
120570059005,Hillsborough,638,0.000000,0,0,0.4166,0.0000,0.000000,0,0,0.4137,0.0000
120570059006,Hillsborough,604,0.047619,108151,0,0.4857,3.7663,0.000000,0,0,0.4408,0.0000
120570060001,Hillsborough,684,0.047478,122112,1,1.1728,7.4873,0.000000,0,0,0.4446,0.0000
120570060002,Hillsborough,1265,0.000000,0,0,0.4688,0.0000,0.000000,0,0,0.4526,0.0000
120570060003,Hillsborough,1336,0.000000,0,0,0.4641,0.0000,0.000000,0,0,0.4489,0.0000
120570060004,Hillsborough,478,0.000000,0,0,0.4454,0.0000,0.000000,0,0,0.4347,0.0000
120570060005,Hillsborough,651,0.000000,0,0,0.4668,0.0000,0.000000,0,0,0.4510,0.0000
120570060006,Hillsborough,523,0.000000,0,0,0.4582,0.0000,0.000000,0,0,0.4443,0.0000
120570060007,Hillsborough,638,0.000000,0,0,0.4404,0.0000,0.072340,198133,0,0.4458,1.1527
120570061011,Hillsborough,644,0.012821,31046,2,1.9180,45.1216,0.000000,0,0,0.4616,0.0000
120570061012,Hillsborough,903,0.114894,390119,0,0.5209,1.1198,0.000000,0,1,0.9200,0.0000
120570061013,Hillsborough,481,0.057823,104583,0,0.5168,4.1443,0.000000,0,0,0.4671,0.0000
120570061014,Hillsborough,1316,0.000000,0,1,1.1178,0.0000,0.000000,0,1,0.8883,0.0000
120570061031,Hillsborough,1032,0.000000,0,1,1.0871,0.0000,0.000000,0,0,0.4418,0.0000
120570061032,Hillsborough,618,0.000000,0,1,1.0886,0.0000,0.000000,0,1,0.8697,0.0000
120570061033,Hillsborough,993,0.000000,0,1,1.1354,0.0000,0.000000,0,0,0.4575,0.0000
120570061034,Hillsborough,1252,0.000000,0,0,0.4620,0.0000,0.000000,0,0,0.4473,0.0000
120570062001,Hillsborough,978,0.000000,0,1,1.1019,0.0000,0.000000,0,0,0.4465,0.0000
120570062002,Hillsborough,1225,0.000000,0,0,0.4684,0.0000,0.000000,0,0,0.4522,0.0000
120570062003,Hillsborough,904,0.000000,0,0,0.4867,0.0000,0.000000,0,0,0.4669,0.0000
120570062004,Hillsborough,1295,0.013986,68105,0,0.5131,6.3185,0.015734,87472,0,0.4789,2.8048
120570063001,Hillsborough,1036,0.000000,0,0,0.4607,0.0000,0.000000,0,0,0.4462,0.0000
120570063002,Hillsborough,1351,0.000000,0,0,0.4605,0.0000,0.000000,0,1,0.8773,0.0000
120570063003,Hillsborough,1218,0.000000,0,0,0.4666,0.0000,0.000000,0,0,0.4509,0.0000
120570063004,Hillsborough,1205,0.000000,0,4,3.0895,0.0000,0.000000,0,3,1.7714,0.0000
120570064001,Hillsborough,1015,0.000000,0,1,1.0642,0.0000,0.000000,0,0,0.4346,0.0000
120570064002,Hillsborough,899,0.000000,0,0,0.4451,0.0000,0.095238,367558,0,0.4501,0.6274
120570064003,Hillsborough,988,0.000000,0,0,0.4451,0.0000,0.000000,0,0,0.4345,0.0000
120570064004,Hillsborough,1488,0.000000,0,0,0.4455,0.0000,0.000000,0,0,0.4348,0.0000
120570065011,Hillsborough,1178,0.000000,0,1,1.0809,0.0000,0.066901,338326,0,0.4554,0.6896
120570065012,Hillsborough,571,0.000000,0,4,2.9849,0.0000,0.000000,0,1,0.8690,0.0000
120570065013,Hillsborough,1704,0.048628,311583,0,0.4871,1.3110,0.000000,0,0,0.4396,0.0000
120570065031,Hillsborough,0,0.000000,0,0,0.4139,0.0000,0.000000,0,0,0.4118,0.0000
120570065032,Hillsborough,581,0.000000,0,0,0.2936,0.0000,0.000000,0,0,0.3311,0.0000
120570065033,Hillsborough,670,0.006160,15520,0,0.4524,24.4472,0.000000,0,0,0.4192,0.0000
120570065041,Hillsborough,364,0.065934,90245,0,0.4754,4.4182,0.000000,0,0,0.4330,0.0000
120570065042,Hillsborough,306,0.000000,0,3,2.1372,0.0000,0.000000,0,2,1.2066,0.0000
120570066001,Hillsborough,903,0.000000,0,0,0.4718,0.0000,0.000000,0,0,0.4549,0.0000
120570066002,Hillsborough,990,0.000000,0,1,1.0995,0.0000,0.000000,0,0,0.4458,0.0000
120570066003,Hillsborough,2579,0.000000,0,0,0.4747,0.0000,0.000000,0,1,0.8992,0.0000
120570067001,Hillsborough,1185,0.014726,65615,3,2.5831,37.9945,0.024096,122582,1,0.9199,3.6240
120570067002,Hillsborough,1165,0.000000,0,0,0.4664,0.0000,0.000000,0,0,0.4507,0.0000
120570067003,Hillsborough,1386,0.042975,223973,0,0.5094,1.9075,0.000000,0,0,0.4590,0.0000
120570067004,Hillsborough,715,0.037471,100742,0,0.4661,3.8807,0.000000,0,0,0.4256,0.0000
120570067005,Hillsborough,407,0.000000,0,0,0.4583,0.0000,0.000000,0,0,0.4444,0.0000
120570067006,Hillsborough,1180,0.000000,0,0,0.4602,0.0000,0.000000,0,1,0.8768,0.0000
120570068011,Hillsborough,558,0.000000,0,1,1.1201,0.0000,0.000000,0,3,1.7643,0.0000
120570068012,Hillsborough,758,0.000000,0,0,0.4334,0.0000,0.000000,0,1,0.8373,0.0000
120570068013,Hillsborough,948,0.000000,0,0,0.4461,0.0000,0.000000,0,1,0.8557,0.0000
120570068014,Hillsborough,2094,0.000000,0,0,0.4418,0.0000,0.018762,168657,0,0.4466,1.3567
120570068015,Hillsborough,458,0.000000,0,1,1.0712,0.0000,0.000000,0,3,1.7031,0.0000
120570068021,Hillsborough,1122,0.000000,0,0,0.3681,0.0000,0.000000,0,0,0.3802,0.0000
120570068022,Hillsborough,1233,0.000000,0,0,0.4007,0.0000,0.000000,0,0,0.4025,0.0000
120570068023,Hillsborough,953,0.048964,175463,0,0.4469,2.1359,0.000000,0,0,0.4099,0.0000
120570069001,Hillsborough,1623,0.067568,412354,0,0.3986,0.8107,0.101966,710440,0,0.3898,0.2811
120570069002,Hillsborough,1313,0.000000,0,0,0.4084,0.0000,0.000000,0,0,0.4078,0.0000
120570069003,Hillsborough,494,0.000000,0,1,0.9908,0.0000,0.000000,0,0,0.4122,0.0000
120570069004,Hillsborough,1021,0.000000,0,0,0.4267,0.0000,0.000000,0,2,1.2346,0.0000
120570069005,Hillsborough,875,0.000000,0,0,0.4310,0.0000,0.000000,0,0,0.4241,0.0000
120570069006,Hillsborough,316,0.000000,0,0,0.3592,0.0000,0.000000,0,0,0.3742,0.0000
120570070011,Hillsborough,1493,0.000000,0,1,1.1094,0.0000,0.035748,229121,0,0.4641,1.0379
120570070012,Hillsborough,642,0.000000,0,0,0.4705,0.0000,0.102757,283205,1,0.9229,1.5738
120570070013,Hillsborough,1331,0.000000,0,0,0.4492,0.0000,0.000000,0,1,0.8604,0.0000
120570070014,Hillsborough,828,0.000000,0,0,0.4405,0.0000,0.000000,0,0,0.4310,0.0000
120570070021,Hillsborough,553,0.000000,0,0,0.4315,0.0000,0.000000,0,0,0.4244,0.0000
120570070022,Hillsborough,1694,0.021372,136138,2,1.7541,9.4103,0.014623,106343,0,0.4373,2.1070
120570070023,Hillsborough,687,0.000000,0,0,0.4250,0.0000,0.012474,36789,1,0.8502,11.1611
120570071021,Hillsborough,2172,0.031250,255225,0,0.4315,1.4180,0.000000,0,0,0.3980,0.0000
120570071022,Hillsborough,2493,0.000000,0,0,0.4249,0.0000,0.000000,0,0,0.4196,0.0000
120570071031,Hillsborough,1113,0.000000,0,1,1.0976,0.0000,0.000000,0,0,0.4452,0.0000
120570071032,Hillsborough,1791,0.000000,0,2,1.7337,0.0000,0.000000,0,2,1.3043,0.0000
120570071033,Hillsborough,1135,0.000000,0,0,0.4199,0.0000,0.101231,493248,0,0.4318,0.4485
120570072001,Hillsborough,1448,0.059126,321929,0,0.4322,1.1259,0.000000,0,0,0.3980,0.0000
120570072002,Hillsborough,2304,0.093750,812208,0,0.3748,0.3871,0.051562,510001,0,0.3719,0.3736
120570072003,Hillsborough,1159,0.000000,0,0,0.2928,0.0000,0.000000,0,0,0.3306,0.0000
120570073001,Hillsborough,561,0.021127,44567,0,0.3249,6.1137,0.077465,186562,0,0.3438,0.9443
120570073002,Hillsborough,386,0.258333,374957,0,0.3313,0.7411,0.000000,0,0,0.3306,0.0000
120570073003,Hillsborough,1361,0.000000,0,0,0.2928,0.0000,0.232301,1357263,0,0.3460,0.1306
120570101051,Hillsborough,1253,0.000000,0,0,0.2928,0.0000,0.000000,0,0,0.3306,0.0000
120570101052,Hillsborough,1506,0.077280,437627,1,0.7930,1.7087,0.000000,0,0,0.3306,0.0000
120570101053,Hillsborough,2538,0.036520,348526,0,0.5245,1.2622,0.000000,0,0,0.4714,0.0000
120570101061,Hillsborough,390,0.000000,0,0,0.2928,0.0000,0.000000,0,0,0.3306,0.0000
120570101062,Hillsborough,2297,0.000000,0,0,0.2928,0.0000,0.000000,0,0,0.3306,0.0000
120570101063,Hillsborough,384,0.000000,0,0,0.4812,0.0000,0.000000,0,0,0.4625,0.0000
120570101064,Hillsborough,975,0.021978,80576,0,0.4937,5.1382,0.000000,0,1,0.8808,0.0000
120570101071,Hillsborough,1806,0.000000,0,1,0.6997,0.0000,0.000000,0,1,0.6501,0.0000
120570101072,Hillsborough,1434,0.000000,0,3,2.0432,0.0000,0.000000,0,0,0.3987,0.0000
120570101073,Hillsborough,872,0.000000,0,0,0.4664,0.0000,0.000000,0,2,1.3219,0.0000
120570101081,Hillsborough,896,0.000000,0,0,0.2928,0.0000,0.000000,0,0,0.3306,0.0000
120570101082,Hillsborough,1205,0.000000,0,1,0.8013,0.0000,0.000000,0,0,0.3584,0.0000
120570102031,Hillsborough,1063,0.000000,0,0,0.4453,0.0000,0.000000,0,0,0.4346,0.0000
120570102032,Hillsborough,1241,0.000000,0,4,2.8053,0.0000,0.000000,0,0,0.4216,0.0000
120570102041,Hillsborough,1324,0.000000,0,5,3.5340,0.0000,0.000000,0,1,0.8535,0.0000
120570102042,Hillsborough,2116,0.000000,0,0,0.4593,0.0000,0.000000,0,0,0.4452,0.0000
120570102043,Hillsborough,1596,0.017915,107515,0,0.4646,3.6245,0.000000,0,2,1.2444,0.0000
120570102101,Hillsborough,3730,0.000000,0,1,0.6997,0.0000,0.000000,0,1,0.6501,0.0000
120570102102,Hillsborough,1383,0.018122,94241,0,0.3271,2.9114,0.000000,0,1,0.6501,0.0000
120570102111,Hillsborough,1137,0.000000,0,0,0.2928,0.0000,0.000000,0,0,0.3306,0.0000
120570102112,Hillsborough,806,0.000000,0,0,0.2928,0.0000,0.000000,0,0,0.3306,0.0000
120570102113,Hillsborough,3336,0.019694,247039,0,0.5029,1.7074,0.000000,0,0,0.4532,0.0000
120570102121,Hillsborough,2601,0.000000,0,1,1.0855,0.0000,0.000000,0,0,0.4413,0.0000
120570102122,Hillsborough,2320,0.000000,0,0,0.4542,0.0000,0.000000,0,0,0.4413,0.0000
120570102131,Hillsborough,2099,0.000000,0,1,0.9979,0.0000,0.000000,0,0,0.4143,0.0000
120570102151,Hillsborough,4982,0.000000,0,0,0.4098,0.0000,0.000000,0,0,0.4088,0.0000
120570102152,Hillsborough,3612,0.000000,0,1,1.0227,0.0000,0.000000,0,0,0.4218,0.0000
120570102161,Hillsborough,1722,0.115234,746155,2,1.7871,2.1079,0.000000,0,0,0.4264,0.0000
120570102162,Hillsborough,5414,0.000000,0,0,0.4181,0.0000,0.000000,0,0,0.4148,0.0000
120570102171,Hillsborough,2344,0.058422,514928,0,0.5006,0.8153,0.000000,0,1,0.8843,0.0000
120570102172,Hillsborough,2021,0.000000,0,0,0.4651,0.0000,0.000000,0,0,0.4497,0.0000
120570102181,Hillsborough,2010,0.000000,0,0,0.4651,0.0000,0.000000,0,0,0.4497,0.0000
120570102182,Hillsborough,1111,0.000000,0,0,0.4181,0.0000,0.000000,0,0,0.4148,0.0000
120570102183,Hillsborough,935,0.000000,0,0,0.2928,0.0000,0.000000,0,0,0.3306,0.0000
120570102184,Hillsborough,1537,0.074693,431688,0,0.3318,0.6446,0.000000,0,0,0.3306,0.0000
120570103031,Hillsborough,1314,0.021073,104119,0,0.4209,3.3901,0.000000,0,0,0.3924,0.0000
120570103032,Hillsborough,932,0.000000,0,1,0.8938,0.0000,0.000000,0,0,0.3841,0.0000
120570103033,Hillsborough,1173,0.000000,0,1,0.9715,0.0000,0.000000,0,1,0.7994,0.0000
120570103041,Hillsborough,1765,0.029376,194961,0,0.4230,1.8198,0.000000,0,1,0.7720,0.0000
120570103042,Hillsborough,585,0.000000,0,1,0.8522,0.0000,0.000000,0,0,0.3725,0.0000
120570103043,Hillsborough,1399,0.000000,0,1,0.8404,0.0000,0.000000,0,0,0.3692,0.0000
120570103051,Hillsborough,1518,0.000000,0,0,0.2928,0.0000,0.000000,0,0,0.3306,0.0000
120570103052,Hillsborough,2290,0.000000,0,1,0.9583,0.0000,0.000000,0,0,0.4027,0.0000
120570103053,Hillsborough,713,0.023404,62748,1,1.1261,13.9905,0.000000,0,1,0.8465,0.0000
120570104011,Hillsborough,1889,0.000000,0,0,0.3708,0.0000,0.080488,652705,0,0.3976,0.3121
120570104012,Hillsborough,2646,0.000000,0,1,1.0192,0.0000,0.000000,0,1,0.8274,0.0000
120570104013,Hillsborough,1122,0.000000,0,1,1.0716,0.0000,0.000000,0,0,0.4369,0.0000
120570104021,Hillsborough,1572,0.000000,0,0,0.4276,0.0000,0.000000,0,1,0.8291,0.0000
120570104022,Hillsborough,718,0.000000,0,4,2.8932,0.0000,0.000000,0,0,0.4314,0.0000
120570104023,Hillsborough,2748,0.000000,0,10,6.9601,0.0000,0.000000,0,1,0.8874,0.0000
120570104024,Hillsborough,1507,0.000000,0,1,1.0796,0.0000,0.000000,0,1,0.8641,0.0000
120570105011,Hillsborough,1637,0.000000,0,1,1.1194,0.0000,0.000000,0,0,0.4523,0.0000
120570105012,Hillsborough,3560,0.000000,0,0,0.4509,0.0000,0.086697,1324972,0,0.4560,0.1763
120570105013,Hillsborough,1284,0.000000,0,0,0.4623,0.0000,0.000000,0,0,0.4475,0.0000
120570105021,Hillsborough,734,0.000000,0,1,1.0635,0.0000,0.000000,0,0,0.4344,0.0000
120570105022,Hillsborough,2039,0.000000,0,1,1.0561,0.0000,0.000000,0,0,0.4321,0.0000
120570106001,Hillsborough,1738,0.062405,407833,6,4.4846,9.0119,0.000000,0,0,0.4335,0.0000
120570106002,Hillsborough,877,0.048096,158608,0,0.4624,2.4452,0.012024,45269,0,0.4347,4.9199
120570106003,Hillsborough,1010,0.000000,0,0,0.4190,0.0000,0.000000,0,0,0.4154,0.0000
120570107011,Hillsborough,1022,0.000000,0,0,0.4503,0.0000,0.000000,0,0,0.4384,0.0000
120570107012,Hillsborough,2079,0.000000,0,0,0.4638,0.0000,0.000000,0,2,1.3159,0.0000
120570107013,Hillsborough,1475,0.000000,0,0,0.4245,0.0000,0.000000,0,0,0.4193,0.0000
120570107014,Hillsborough,968,0.000000,0,1,1.0300,0.0000,0.000000,0,0,0.4240,0.0000
120570107021,Hillsborough,1495,0.000000,0,2,1.6600,0.0000,0.000000,0,0,0.4300,0.0000
120570107022,Hillsborough,2203,0.052342,433586,0,0.4620,0.8937,0.036731,347377,0,0.4347,0.6412
120570108051,Hillsborough,1006,0.053360,201848,4,3.3484,15.0903,0.000000,0,3,1.7942,0.0000
120570108052,Hillsborough,2600,0.004930,48200,0,0.5074,8.8282,0.000000,0,0,0.4606,0.0000
120570108053,Hillsborough,2619,0.065770,647703,8,6.2350,8.1755,0.000000,0,3,1.7979,0.0000
120570108081,Hillsborough,2407,0.000000,0,1,1.1253,0.0000,0.000000,0,0,0.4542,0.0000
120570108082,Hillsborough,1021,0.000000,0,1,1.1472,0.0000,0.000000,0,0,0.4615,0.0000
120570108091,Hillsborough,1346,0.076164,385484,1,1.0322,2.0875,0.011283,65199,0,0.4106,3.2263
120570108092,Hillsborough,1071,0.005076,20443,0,0.4232,17.3639,0.000000,0,0,0.3974,0.0000
120570108101,Hillsborough,1479,0.011547,64219,3,2.6348,33.9270,0.000000,0,2,1.3549,0.0000
120570108102,Hillsborough,2483,0.013951,130251,0,0.4993,3.2147,0.024096,256852,0,0.4669,0.9312
120570108111,Hillsborough,894,0.000000,0,3,2.0339,0.0000,0.000000,0,2,1.1656,0.0000
120570108112,Hillsborough,1111,0.000000,0,0,0.4482,0.0000,0.031088,148273,1,0.8874,3.8680
120570108113,Hillsborough,845,0.000000,0,0,0.3934,0.0000,0.110124,399480,0,0.4127,0.5293
120570108114,Hillsborough,1446,0.000000,0,0,0.4408,0.0000,0.000000,0,1,0.8481,0.0000
120570108115,Hillsborough,2139,0.000000,0,0,0.3821,0.0000,0.000000,0,0,0.3897,0.0000
120570108141,Hillsborough,1633,0.066986,411322,0,0.5071,1.0340,0.017943,125784,0,0.4702,1.9150
120570108142,Hillsborough,1565,0.049217,289630,2,1.9134,5.8143,0.044743,300602,2,1.3821,2.7960
120570108151,Hillsborough,1467,0.013514,74544,1,1.2123,12.6786,0.000000,0,1,0.9037,0.0000
120570108152,Hillsborough,482,0.000000,0,5,3.8159,0.0000,0.000000,0,1,0.9075,0.0000
120570108161,Hillsborough,2225,0.180147,1507200,9,6.9319,3.3112,0.000000,0,4,2.2288,0.0000
120570108162,Hillsborough,561,0.022222,46877,0,0.5043,9.0218,0.000000,0,0,0.4580,0.0000
120570108163,Hillsborough,866,0.000000,0,0,0.4710,0.0000,0.000000,0,0,0.4543,0.0000
120570108171,Hillsborough,986,0.000000,0,0,0.4403,0.0000,0.095808,405542,1,0.8782,1.0457
120570108172,Hillsborough,2471,0.022936,213108,1,1.2093,4.4239,0.000000,0,0,0.4562,0.0000
120570108173,Hillsborough,1338,0.000000,0,1,1.1457,0.0000,0.000000,0,0,0.4610,0.0000
120570108191,Hillsborough,894,0.038560,129626,0,0.4878,3.1563,0.000000,0,0,0.4421,0.0000
120570108192,Hillsborough,898,0.021176,71506,0,0.4862,5.7031,0.000000,0,0,0.4421,0.0000
120570108201,Hillsborough,1667,0.000000,0,1,1.0921,0.0000,0.000000,0,3,1.7290,0.0000
120570108202,Hillsborough,1190,0.024359,108998,0,0.5110,3.9320,0.000000,0,0,0.4620,0.0000
120570108211,Hillsborough,1384,0.022989,119636,6,4.4637,30.5779,0.032184,191218,1,0.8833,2.2309
120570108212,Hillsborough,1565,0.000000,0,1,1.0523,0.0000,0.000000,0,2,1.2637,0.0000
120570108221,Hillsborough,1147,0.000000,0,5,3.8992,0.0000,0.000000,0,5,2.7413,0.0000
120570108222,Hillsborough,1197,0.080882,364051,3,2.6894,6.1088,0.000000,0,0,0.4674,0.0000
120570108231,Hillsborough,2126,0.051510,411781,3,2.5379,5.0964,0.000000,0,0,0.4421,0.0000
120570108241,Hillsborough,534,1.000000,2007960,0,0.5183,0.2165,0.000000,0,1,0.9084,0.0000
120570108242,Hillsborough,1504,0.019659,111180,0,0.5103,3.8497,0.047182,304636,0,0.4769,0.8021
120570108243,Hillsborough,2357,0.159693,1415336,3,2.6712,1.5607,0.004184,42337,1,0.9330,10.6428
120570109001,Hillsborough,7218,0.202713,5501907,1,1.2359,0.1751,0.025938,803719,0,0.4755,0.3031
120570110031,Hillsborough,2425,0.000000,0,0,0.4172,0.0000,0.000000,0,0,0.4141,0.0000
120570110032,Hillsborough,1481,0.000000,0,0,0.4342,0.0000,0.000000,0,0,0.4264,0.0000
120570110033,Hillsborough,315,0.000000,0,0,0.4767,0.0000,0.000000,0,3,1.7892,0.0000
120570110034,Hillsborough,1659,0.000000,0,6,4.0045,0.0000,0.000000,0,1,0.8307,0.0000
120570110051,Hillsborough,3213,0.023672,286001,0,0.4652,1.3641,0.000000,0,0,0.4226,0.0000
120570110061,Hillsborough,3344,0.000000,0,0,0.2928,0.0000,0.000000,0,1,0.6501,0.0000
120570110062,Hillsborough,1656,0.011364,70761,1,1.1188,14.9093,0.000000,0,1,0.8414,0.0000
120570110063,Hillsborough,1988,0.040816,305115,1,1.1293,2.8855,0.000000,0,0,0.4281,0.0000
120570110071,Hillsborough,1714,0.000000,0,0,0.4346,0.0000,0.000000,0,0,0.4267,0.0000
120570110072,Hillsborough,1572,0.000000,0,2,1.6867,0.0000,0.000000,0,0,0.4353,0.0000
120570110073,Hillsborough,395,0.000000,0,0,0.3395,0.0000,0.000000,0,0,0.3612,0.0000
120570110081,Hillsborough,1554,0.000000,0,0,0.2928,0.0000,0.000000,0,0,0.3306,0.0000
120570110082,Hillsborough,1550,0.000000,0,5,3.2852,0.0000,0.000000,0,1,0.8088,0.0000
120570110083,Hillsborough,2446,0.000000,0,0,0.4391,0.0000,0.000000,0,0,0.4300,0.0000
120570110084,Hillsborough,1103,0.000000,0,0,0.4602,0.0000,0.000000,0,0,0.4459,0.0000
120570110085,Hillsborough,271,0.000000,0,0,0.4694,0.0000,0.000000,0,0,0.4530,0.0000
120570110086,Hillsborough,737,0.000000,0,2,1.7600,0.0000,0.000000,0,0,0.4501,0.0000
120570110101,Hillsborough,4229,0.023635,375842,0,0.3314,0.7394,0.003260,59185,0,0.3426,2.9656
120570110102,Hillsborough,1029,0.045378,175580,0,0.4110,1.9634,0.000000,0,1,0.7560,0.0000
120570110131,Hillsborough,2570,0.000000,0,1,1.1430,0.0000,0.000000,0,0,0.4601,0.0000
120570110132,Hillsborough,1793,0.014286,96315,0,0.5093,4.4347,0.000000,0,0,0.4607,0.0000
120570110161,Hillsborough,1488,0.113376,634362,2,1.7355,2.4077,0.000000,0,0,0.4163,0.0000
120570110162,Hillsborough,1121,0.000000,0,0,0.4741,0.0000,0.000000,0,0,0.4568,0.0000
120570110163,Hillsborough,1872,0.000000,0,0,0.4248,0.0000,0.000000,0,0,0.4196,0.0000
120570110171,Hillsborough,1135,0.000000,0,0,0.4381,0.0000,0.000000,0,0,0.4292,0.0000
120570110172,Hillsborough,558,0.000000,0,2,1.8733,0.0000,0.000000,0,0,0.4743,0.0000
120570110173,Hillsborough,310,0.000000,0,0,0.2928,0.0000,0.000000,0,0,0.3306,0.0000
120570110181,Hillsborough,3980,0.009178,137357,1,1.1893,6.7503,0.000000,0,0,0.4501,0.0000
120570110182,Hillsborough,1519,0.035054,200218,2,1.6950,6.1830,0.091529,596857,0,0.4267,0.3663
120570110191,Hillsborough,1881,0.016593,117361,1,0.7834,5.2042,0.000000,0,0,0.3306,0.0000
120570110192,Hillsborough,2798,0.073982,778370,1,0.7972,0.9657,0.000000,0,0,0.3306,0.0000
120570110193,Hillsborough,7035,0.006242,165126,1,1.2313,7.0311,0.000000,0,0,0.4647,0.0000
120570111031,Hillsborough,2599,0.000000,0,0,0.4457,0.0000,0.000000,0,1,0.8552,0.0000
120570111032,Hillsborough,1414,0.016611,88322,2,1.8289,18.2238,0.000000,0,0,0.4398,0.0000
120570111061,Hillsborough,2494,0.000000,0,0,0.4372,0.0000,0.000000,0,0,0.4286,0.0000
120570111071,Hillsborough,4054,0.000000,0,0,0.3923,0.0000,0.000000,0,0,0.3966,0.0000
120570111072,Hillsborough,895,0.035623,119887,0,0.4810,3.3648,0.000000,0,1,0.8590,0.0000
120570111073,Hillsborough,1806,0.000000,0,0,0.4208,0.0000,0.000000,0,0,0.4167,0.0000
120570111081,Hillsborough,1735,0.000000,0,0,0.4600,0.0000,0.000000,0,0,0.4458,0.0000
120570111091,Hillsborough,3925,0.000000,0,0,0.4019,0.0000,0.000000,0,0,0.4033,0.0000
120570111092,Hillsborough,1398,0.000000,0,0,0.4019,0.0000,0.000000,0,0,0.4033,0.0000
120570112031,Hillsborough,1372,0.000000,0,0,0.4143,0.0000,0.000000,0,0,0.4120,0.0000
120570112032,Hillsborough,882,0.000000,0,1,1.0149,0.0000,0.000000,0,0,0.4194,0.0000
120570112033,Hillsborough,1037,0.032653,127326,0,0.4350,2.8651,0.000000,0,0,0.4019,0.0000
120570112041,Hillsborough,924,0.000000,0,0,0.4343,0.0000,0.000000,0,0,0.4265,0.0000
120570112042,Hillsborough,1140,0.019908,85339,3,2.6022,25.2147,0.000000,0,2,1.3372,0.0000
120570112043,Hillsborough,1338,0.000000,0,0,0.4719,0.0000,0.000000,0,0,0.4550,0.0000
120570112044,Hillsborough,1014,0.000000,0,1,1.0757,0.0000,0.000000,0,0,0.4382,0.0000
120570112045,Hillsborough,1340,0.000000,0,0,0.4853,0.0000,0.000000,0,0,0.4657,0.0000
120570112051,Hillsborough,1106,0.000000,0,1,1.0706,0.0000,0.000000,0,1,0.8585,0.0000
120570112052,Hillsborough,696,0.000000,0,0,0.4457,0.0000,0.000000,0,0,0.4349,0.0000
120570112053,Hillsborough,1506,0.000000,0,0,0.4377,0.0000,0.000000,0,0,0.4290,0.0000
120570112061,Hillsborough,826,0.000000,0,5,3.7500,0.0000,0.061425,217811,0,0.4700,1.1055
120570112062,Hillsborough,1760,0.000000,0,5,3.7862,0.0000,0.000000,0,1,0.9016,0.0000
120570112063,Hillsborough,1198,0.000000,0,1,1.1377,0.0000,0.000000,0,0,0.4583,0.0000
120570113011,Hillsborough,1280,0.050761,244319,2,1.8286,5.4663,0.000000,0,0,0.4375,0.0000
120570113012,Hillsborough,2225,0.000000,0,1,1.0936,0.0000,0.000000,0,0,0.4439,0.0000
120570113031,Hillsborough,1080,0.000000,0,1,0.9558,0.0000,0.000000,0,1,0.7904,0.0000
120570113032,Hillsborough,2346,0.050818,448293,1,1.1744,2.0424,0.000000,0,1,0.8699,0.0000
120570113041,Hillsborough,2501,0.016538,155529,0,0.4824,2.6014,0.000000,0,0,0.4374,0.0000
120570113042,Hillsborough,1292,0.000000,0,0,0.4300,0.0000,0.000000,0,0,0.4233,0.0000
120570113043,Hillsborough,1993,0.037844,283608,1,1.1518,3.1661,0.000000,0,0,0.4357,0.0000
120570114071,Hillsborough,1067,0.063866,256239,0,0.4935,1.6153,0.000000,0,2,1.3061,0.0000
120570114072,Hillsborough,1026,0.019967,77031,0,0.4863,5.2948,0.000000,0,0,0.4420,0.0000
120570114081,Hillsborough,451,0.000000,0,0,0.2928,0.0000,0.000000,0,0,0.3306,0.0000
120570114082,Hillsborough,916,0.021236,73143,0,0.3264,3.7424,0.000000,0,0,0.3306,0.0000
120570114083,Hillsborough,1408,0.000000,0,1,1.0337,0.0000,0.000000,0,0,0.4252,0.0000
120570114091,Hillsborough,494,0.000000,0,1,1.0838,0.0000,0.000000,0,0,0.4407,0.0000
120570114092,Hillsborough,2389,0.000000,0,3,2.3982,0.0000,0.000000,0,1,0.8824,0.0000
120570114101,Hillsborough,1425,0.000000,0,1,1.0110,0.0000,0.000000,0,0,0.4183,0.0000
120570114102,Hillsborough,1694,0.000000,0,0,0.4648,0.0000,0.000000,0,0,0.4495,0.0000
120570114103,Hillsborough,3636,0.000000,0,2,1.7040,0.0000,0.000000,0,0,0.4387,0.0000
120570114111,Hillsborough,2224,0.000000,0,1,1.1292,0.0000,0.000000,0,0,0.4555,0.0000
120570114121,Hillsborough,1400,0.008547,44994,0,0.4968,9.2607,0.000000,0,1,0.8885,0.0000
120570114122,Hillsborough,1701,0.010135,64826,2,1.8414,20.7460,0.000000,0,0,0.4431,0.0000
120570114131,Hillsborough,2917,0.000000,0,1,1.1085,0.0000,0.000000,0,2,1.3159,0.0000
120570114132,Hillsborough,1183,0.000000,0,0,0.4914,0.0000,0.000000,0,0,0.4708,0.0000
120570114133,Hillsborough,1561,0.000000,0,0,0.4740,0.0000,0.075092,503210,1,0.9299,0.8924
120570114134,Hillsborough,612,0.000000,0,3,1.5136,0.0000,0.037383,98216,0,0.3431,1.7900
120570114141,Hillsborough,4494,0.000000,0,1,1.1404,0.0000,0.000000,0,0,0.4592,0.0000
120570114142,Hillsborough,1952,0.000000,0,0,0.4770,0.0000,0.000000,0,1,0.9027,0.0000
120570114143,Hillsborough,1905,0.000000,0,0,0.4885,0.0000,0.012287,100486,0,0.4826,2.4606
120570114151,Hillsborough,2993,0.000000,0,0,0.3799,0.0000,0.000000,0,0,0.3882,0.0000
120570114152,Hillsborough,1973,0.000000,0,0,0.4389,0.0000,0.000000,0,0,0.4298,0.0000
120570114153,Hillsborough,1062,0.000000,0,0,0.4794,0.0000,0.000000,0,1,0.9065,0.0000
120570114161,Hillsborough,2859,0.000000,0,0,0.4564,0.0000,0.000000,0,0,0.4429,0.0000
120570114162,Hillsborough,1584,0.000000,0,0,0.4325,0.0000,0.000000,0,0,0.4252,0.0000
120570114163,Hillsborough,1546,0.020290,117951,0,0.4660,3.3137,0.000000,0,0,0.4252,0.0000
120570114164,Hillsborough,874,0.000000,0,2,1.6349,0.0000,0.000000,0,0,0.4252,0.0000
120570114171,Hillsborough,1554,0.043165,252233,0,0.4797,1.5949,0.000000,0,0,0.4341,0.0000
120570114172,Hillsborough,3524,0.000000,0,0,0.2928,0.0000,0.000000,0,0,0.3306,0.0000
120570114173,Hillsborough,883,0.000000,0,0,0.2928,0.0000,0.000000,0,1,0.6501,0.0000
120570114181,Hillsborough,603,0.028986,65722,0,0.4428,5.6501,0.000000,0,0,0.4090,0.0000
120570114182,Hillsborough,1559,0.000000,0,1,1.0903,0.0000,0.000000,0,0,0.4428,0.0000
120570114183,Hillsborough,1414,0.016529,87884,1,1.0602,9.4046,0.000000,0,0,0.4090,0.0000
120570115041,Hillsborough,1525,0.007762,44510,0,0.3249,6.1215,0.000000,0,0,0.3306,0.0000
120570115042,Hillsborough,1638,0.000000,0,0,0.2928,0.0000,0.000000,0,1,0.6501,0.0000
120570115061,Hillsborough,2291,0.033203,286034,0,0.4260,1.2490,0.000000,0,0,0.3938,0.0000
120570115062,Hillsborough,602,0.000000,0,0,0.3464,0.0000,0.000000,0,0,0.3657,0.0000
120570115063,Hillsborough,3105,0.011561,134977,2,1.2407,6.7133,0.000000,0,0,0.3306,0.0000
120570115064,Hillsborough,2868,0.003896,42017,0,0.3790,7.5644,0.000000,0,0,0.3657,0.0000
120570115091,Hillsborough,1243,0.000000,0,1,1.1053,0.0000,0.000000,0,0,0.4476,0.0000
120570115092,Hillsborough,2940,0.000000,0,1,1.0227,0.0000,0.000000,0,0,0.4218,0.0000
120570115093,Hillsborough,1895,0.018904,134700,0,0.3826,2.3819,0.000000,0,0,0.3657,0.0000
120570115094,Hillsborough,936,0.000000,0,0,0.3923,0.0000,0.000000,0,0,0.3966,0.0000
120570115101,Hillsborough,3511,0.000000,0,0,0.4364,0.0000,0.000000,0,0,0.4280,0.0000
120570115102,Hillsborough,2309,0.005013,43521,0,0.4521,8.7130,0.000000,0,0,0.4168,0.0000
120570115121,Hillsborough,1398,0.000000,0,1,0.9505,0.0000,0.000000,0,1,0.7874,0.0000
120570115122,Hillsborough,1306,0.000000,0,0,0.4676,0.0000,0.000000,0,0,0.4516,0.0000
120570115123,Hillsborough,1672,0.000000,0,0,0.4696,0.0000,0.000000,0,0,0.4532,0.0000
120570115141,Hillsborough,2082,0.000000,0,0,0.4455,0.0000,0.000000,0,0,0.4347,0.0000
120570115142,Hillsborough,2647,0.000000,0,0,0.4335,0.0000,0.000000,0,0,0.4259,0.0000
120570115143,Hillsborough,1150,0.000000,0,0,0.4335,0.0000,0.000000,0,0,0.4259,0.0000
120570115144,Hillsborough,787,0.000000,0,0,0.2928,0.0000,0.000000,0,0,0.3306,0.0000
120570115151,Hillsborough,2520,0.008802,83402,0,0.4770,4.7969,0.000000,0,0,0.4345,0.0000
120570115152,Hillsborough,1744,0.000000,0,0,0.4335,0.0000,0.016580,124135,0,0.4401,1.8164
120570115161,Hillsborough,1760,0.000000,0,2,1.7055,0.0000,0.000000,0,0,0.4390,0.0000
120570115162,Hillsborough,1532,0.008715,50202,0,0.4699,7.8497,0.000000,0,2,1.2610,0.0000
120570115181,Hillsborough,705,0.000000,0,0,0.2928,0.0000,0.000000,0,0,0.3306,0.0000
120570115182,Hillsborough,1225,0.000000,0,0,0.2928,0.0000,0.000000,0,0,0.3306,0.0000
120570115183,Hillsborough,2407,0.000000,0,0,0.4157,0.0000,0.000000,0,0,0.4130,0.0000
120570115191,Hillsborough,739,0.000000,0,0,0.3913,0.0000,0.000000,0,1,0.7787,0.0000
120570115192,Hillsborough,1307,0.016796,82545,0,0.4692,4.7672,0.000000,0,0,0.4284,0.0000
120570115201,Hillsborough,3053,0.041472,476092,0,0.4740,0.8351,0.000000,0,0,0.4284,0.0000
120570115202,Hillsborough,2636,0.000000,0,0,0.4577,0.0000,0.000000,0,0,0.4439,0.0000
120570115211,Hillsborough,756,0.000000,0,0,0.4627,0.0000,0.000000,0,0,0.4478,0.0000
120570115212,Hillsborough,2533,0.000000,0,0,0.4418,0.0000,0.000000,0,0,0.4320,0.0000
120570115213,Hillsborough,1589,0.000000,0,0,0.4446,0.0000,0.000000,0,0,0.4340,0.0000
120570115221,Hillsborough,2807,0.000000,0,0,0.4266,0.0000,0.000000,0,0,0.4208,0.0000
120570115222,Hillsborough,1715,0.000000,0,0,0.3806,0.0000,0.000000,0,0,0.3886,0.0000
120570115223,Hillsborough,783,0.038012,111916,0,0.4157,3.1154,0.000000,0,0,0.3886,0.0000
120570115231,Hillsborough,2072,0.000000,0,0,0.4050,0.0000,0.000000,0,0,0.4055,0.0000
120570115241,Hillsborough,900,0.000000,0,1,1.0449,0.0000,0.000000,0,0,0.4286,0.0000
120570115242,Hillsborough,2395,0.008493,76482,0,0.4965,5.4447,0.000000,0,0,0.4504,0.0000
120570115243,Hillsborough,652,0.000000,0,1,1.0449,0.0000,0.000000,0,0,0.4286,0.0000
120570115244,Hillsborough,718,0.000000,0,2,1.7616,0.0000,0.000000,0,1,0.8857,0.0000
120570115251,Hillsborough,808,0.000000,0,0,0.3877,0.0000,0.000000,0,0,0.3935,0.0000
120570115252,Hillsborough,1035,0.000000,0,0,0.2928,0.0000,0.000000,0,0,0.3306,0.0000
120570115253,Hillsborough,2076,0.000000,0,0,0.4299,0.0000,0.020696,184447,0,0.4379,1.2164
120570115261,Hillsborough,1450,0.000000,0,0,0.3464,0.0000,0.000000,0,0,0.3657,0.0000
120570115262,Hillsborough,2848,0.000000,0,1,0.6997,0.0000,0.000000,0,0,0.3306,0.0000
120570115271,Hillsborough,1820,0.010465,71619,0,0.3263,3.8213,0.000000,0,0,0.3306,0.0000
120570115272,Hillsborough,2227,0.000000,0,0,0.4676,0.0000,0.000000,0,0,0.4516,0.0000
120570115281,Hillsborough,3723,0.013333,186658,0,0.3292,1.4793,0.000000,0,0,0.3306,0.0000
120570115282,Hillsborough,105,0.000000,0,0,0.4676,0.0000,0.000000,0,0,0.4516,0.0000
120570115283,Hillsborough,2195,0.000000,0,0,0.2928,0.0000,0.000000,0,0,0.3306,0.0000
120570116031,Hillsborough,2758,0.000000,0,1,1.1324,0.0000,0.000000,0,1,0.8978,0.0000
120570116032,Hillsborough,787,0.000000,0,0,0.4768,0.0000,0.000000,0,0,0.4589,0.0000
120570116033,Hillsborough,651,0.000000,0,3,2.5564,0.0000,0.000000,0,1,0.9308,0.0000
120570116051,Hillsborough,1130,0.000000,0,0,0.4764,0.0000,0.000000,0,1,0.9018,0.0000
120570116052,Hillsborough,1645,0.000000,0,0,0.4794,0.0000,0.000000,0,0,0.4610,0.0000
120570116053,Hillsborough,1194,0.000000,0,1,1.1470,0.0000,0.000000,0,1,0.9073,0.0000
120570116054,Hillsborough,1401,0.000000,0,0,0.4341,0.0000,0.000000,0,0,0.4263,0.0000
120570116055,Hillsborough,1240,0.197749,922041,3,2.4425,2.1905,0.096463,513497,0,0.4417,0.4407
120570116101,Hillsborough,1003,0.000000,0,0,0.4564,0.0000,0.000000,0,1,0.8711,0.0000
120570116102,Hillsborough,1875,0.000000,0,2,1.7289,0.0000,0.000000,0,0,0.4437,0.0000
120570116103,Hillsborough,2013,0.083156,629433,0,0.4931,0.6570,0.007463,64490,1,0.8978,6.7228
120570116104,Hillsborough,1133,0.000000,0,2,1.7252,0.0000,0.000000,0,0,0.4430,0.0000
120570116111,Hillsborough,984,0.000000,0,2,1.8515,0.0000,0.000000,0,0,0.4695,0.0000
120570116112,Hillsborough,1937,0.000000,0,0,0.4952,0.0000,0.000000,0,0,0.4740,0.0000
120570116113,Hillsborough,1210,0.000000,0,4,3.1133,0.0000,0.000000,0,1,0.8990,0.0000
120570116121,Hillsborough,622,0.000000,0,0,0.2928,0.0000,0.000000,0,1,0.6501,0.0000
120570116122,Hillsborough,1710,0.000000,0,1,1.0795,0.0000,0.000000,0,0,0.4394,0.0000
120570116123,Hillsborough,1780,0.000000,0,0,0.4021,0.0000,0.000000,0,0,0.4035,0.0000
120570116124,Hillsborough,2469,0.000000,0,0,0.4332,0.0000,0.000000,0,0,0.4257,0.0000
120570116131,Hillsborough,1404,0.000000,0,0,0.4339,0.0000,0.027439,165383,0,0.4407,1.3653
120570116132,Hillsborough,2154,0.059385,480990,3,2.4979,3.5766,0.000000,0,0,0.4356,0.0000
120570116133,Hillsborough,662,0.000000,0,0,0.4139,0.0000,0.000000,0,0,0.4117,0.0000
120570116134,Hillsborough,1557,0.000000,0,7,4.8265,0.0000,0.000000,0,1,0.8613,0.0000
120570116141,Hillsborough,972,0.000000,0,1,0.9326,0.0000,0.053846,224686,0,0.4098,0.9345
120570116142,Hillsborough,2787,0.000000,0,2,1.7072,0.0000,0.000000,0,1,0.8640,0.0000
120570116143,Hillsborough,2205,0.000000,0,0,0.3902,0.0000,0.000000,0,0,0.3952,0.0000
120570116144,Hillsborough,1251,0.000000,0,0,0.2928,0.0000,0.000000,0,1,0.6501,0.0000
120570116151,Hillsborough,1119,0.000000,0,0,0.4279,0.0000,0.000000,0,0,0.4218,0.0000
120570116152,Hillsborough,968,0.000000,0,3,2.3088,0.0000,0.000000,0,0,0.4356,0.0000
120570116153,Hillsborough,767,0.000000,0,0,0.4279,0.0000,0.000000,0,0,0.4218,0.0000
120570116154,Hillsborough,1935,0.000000,0,1,1.0226,0.0000,0.000000,0,0,0.4218,0.0000
120570116161,Hillsborough,975,0.000000,0,0,0.3658,0.0000,0.000000,0,0,0.3786,0.0000
120570116162,Hillsborough,1004,0.000000,0,0,0.3902,0.0000,0.000000,0,1,0.7772,0.0000
120570116163,Hillsborough,1627,0.000000,0,0,0.4577,0.0000,0.000000,0,0,0.4439,0.0000
120570116164,Hillsborough,1296,0.057325,279358,0,0.4398,1.3205,0.000000,0,0,0.4038,0.0000
120570116165,Hillsborough,5665,0.000000,0,0,0.4577,0.0000,0.000000,0,1,0.8730,0.0000
120570116171,Hillsborough,842,0.000000,0,0,0.4356,0.0000,0.000000,0,0,0.4274,0.0000
120570116172,Hillsborough,995,0.000000,0,2,1.6299,0.0000,0.000000,0,0,0.4242,0.0000
120570116173,Hillsborough,1888,0.000000,0,1,1.0226,0.0000,0.000000,0,2,1.2370,0.0000
120570117081,Hillsborough,1456,0.000000,0,1,1.1224,0.0000,0.000000,0,1,0.8913,0.0000
120570117082,Hillsborough,1154,0.000000,0,0,0.4358,0.0000,0.000000,0,3,1.6672,0.0000
120570117083,Hillsborough,2228,0.000000,0,1,1.0756,0.0000,0.000000,0,0,0.4382,0.0000
120570117121,Hillsborough,1145,0.082011,353093,4,3.2149,5.9454,0.000000,0,2,1.2958,0.0000
120570117122,Hillsborough,1732,0.000000,0,0,0.4392,0.0000,0.000000,0,0,0.4300,0.0000
120570117123,Hillsborough,706,0.000000,0,1,1.0673,0.0000,0.000000,0,0,0.4356,0.0000
120570117124,Hillsborough,1745,0.000000,0,0,0.4549,0.0000,0.000000,0,0,0.4418,0.0000
120570117131,Hillsborough,1480,0.000000,0,0,0.4312,0.0000,0.000000,0,0,0.4242,0.0000
120570117132,Hillsborough,1258,0.026804,126793,0,0.4650,3.0756,0.000000,0,1,0.8342,0.0000
120570117133,Hillsborough,1873,0.025455,179274,0,0.4659,2.1798,0.000000,0,0,0.4242,0.0000
120570117134,Hillsborough,1060,0.000000,0,0,0.4279,0.0000,0.000000,0,0,0.4218,0.0000
120570117141,Hillsborough,2463,0.020355,188512,0,0.4629,2.0595,0.000000,0,0,0.4218,0.0000
120570117151,Hillsborough,1621,0.000000,0,1,1.1098,0.0000,0.000000,0,0,0.4491,0.0000
120570117152,Hillsborough,776,0.000000,0,0,0.4659,0.0000,0.000000,0,0,0.4503,0.0000
120570117161,Hillsborough,1194,0.000000,0,9,6.4557,0.0000,0.000000,0,2,1.3484,0.0000
120570117162,Hillsborough,3185,0.007787,93265,6,4.6020,51.5217,0.000000,0,1,0.8788,0.0000
120570117163,Hillsborough,1661,0.000000,0,2,1.8136,0.0000,0.000000,0,0,0.4613,0.0000
120570118021,Hillsborough,1167,0.000000,0,12,8.4717,0.0000,0.000000,0,1,0.9062,0.0000
120570118022,Hillsborough,2778,0.035073,366373,1,1.1767,2.5039,0.000000,0,1,0.8723,0.0000
120570118023,Hillsborough,797,0.000000,0,1,1.1064,0.0000,0.000000,0,2,1.3140,0.0000
120570118024,Hillsborough,1827,0.000000,0,0,0.4166,0.0000,0.000000,0,0,0.4137,0.0000
120570118041,Hillsborough,1952,0.025122,184391,1,1.1523,5.8927,0.000000,0,0,0.4368,0.0000
120570118042,Hillsborough,1461,0.000000,0,2,1.7245,0.0000,0.000000,0,1,0.8708,0.0000
120570118043,Hillsborough,849,0.000000,0,2,1.7245,0.0000,0.000000,0,1,0.8708,0.0000
120570118044,Hillsborough,1483,0.000000,0,0,0.3688,0.0000,0.035937,228794,0,0.3950,0.8846
120570118051,Hillsborough,2447,0.000000,0,0,0.4503,0.0000,0.150271,1578572,0,0.4557,0.1479
120570118052,Hillsborough,775,0.000000,0,0,0.2928,0.0000,0.000000,0,1,0.6501,0.0000
120570118053,Hillsborough,672,0.000000,0,0,0.4447,0.0000,0.000000,0,0,0.4341,0.0000
120570118061,Hillsborough,541,0.046610,94818,3,2.4657,25.0975,0.000000,0,0,0.4341,0.0000
120570118062,Hillsborough,1473,0.000000,0,1,0.6997,0.0000,0.000000,0,0,0.3306,0.0000
120570118063,Hillsborough,600,0.000000,0,5,3.5349,0.0000,0.000000,0,0,0.4341,0.0000
120570119051,Hillsborough,1896,0.030052,214251,0,0.5034,1.9707,0.000000,0,1,0.8927,0.0000
120570119071,Hillsborough,1324,0.000000,0,0,0.4675,0.0000,0.079596,452414,3,1.8231,1.7637
120570119072,Hillsborough,1956,0.000000,0,0,0.4759,0.0000,0.000000,0,0,0.4582,0.0000
120570119081,Hillsborough,1542,0.046776,271221,0,0.4998,1.5456,0.000000,0,0,0.4504,0.0000
120570119082,Hillsborough,1034,0.059829,232620,2,1.9188,7.2594,0.000000,0,3,1.7835,0.0000
120570119091,Hillsborough,1051,0.000000,0,0,0.4756,0.0000,0.000000,0,1,0.9006,0.0000
120570119092,Hillsborough,1468,0.000000,0,1,1.1016,0.0000,0.000000,0,0,0.4464,0.0000
120570119093,Hillsborough,782,0.000000,0,0,0.4552,0.0000,0.000000,0,0,0.4421,0.0000
120570119101,Hillsborough,811,0.000000,0,0,0.4682,0.0000,0.000000,0,0,0.4521,0.0000
120570119102,Hillsborough,1681,0.000000,0,1,1.1293,0.0000,0.000000,0,0,0.4555,0.0000
120570119103,Hillsborough,1034,0.000000,0,0,0.4552,0.0000,0.000000,0,0,0.4421,0.0000
120570119111,Hillsborough,1206,0.000000,0,0,0.4763,0.0000,0.000000,0,0,0.4585,0.0000
120570119112,Hillsborough,2246,0.010638,89845,3,2.5971,27.8985,0.000000,0,0,0.4550,0.0000
120570119113,Hillsborough,2687,0.012712,128437,4,3.4011,24.0888,0.005650,65170,2,1.4133,9.9414
120570120011,Hillsborough,933,0.000000,0,8,5.9653,0.0000,0.000000,0,3,1.8383,0.0000
120570120012,Hillsborough,1522,0.003306,18919,2,1.9167,89.1629,0.000000,0,4,2.2500,0.0000
120570120021,Hillsborough,2292,0.000000,0,2,1.8520,0.0000,0.000000,0,0,0.4696,0.0000
120570120022,Hillsborough,879,0.000000,0,1,1.0458,0.0000,0.000000,0,0,0.4289,0.0000
120570120023,Hillsborough,1088,0.000000,0,5,3.3926,0.0000,0.039720,185519,0,0.4356,1.2030
120570121031,Hillsborough,4847,0.031113,567061,6,5.0336,8.2717,0.000000,0,0,0.4838,0.0000
120570121032,Hillsborough,1842,0.016094,111475,4,3.4721,28.3329,0.047210,373320,0,0.4942,0.6783
120570121033,Hillsborough,1084,0.000000,0,3,2.2603,0.0000,0.000000,0,0,0.4286,0.0000
120570121061,Hillsborough,1100,0.000000,0,2,1.2583,0.0000,0.000000,0,0,0.3568,0.0000
120570121062,Hillsborough,2582,0.000000,0,1,0.9714,0.0000,0.000000,0,0,0.4065,0.0000
120570121063,Hillsborough,1633,0.058548,359511,0,0.4431,1.0336,0.000000,0,0,0.4056,0.0000
120570121071,Hillsborough,850,0.026718,85394,3,2.1950,17.7025,0.000000,0,1,0.7775,0.0000
120570121072,Hillsborough,954,0.014837,53223,2,1.7406,28.7822,0.023739,97222,0,0.4365,2.3004
120570121073,Hillsborough,2967,0.012510,139574,3,2.4049,14.2477,0.066722,849852,2,1.2925,0.6972
120570121081,Hillsborough,1853,0.000000,0,2,1.6405,0.0000,0.006349,50507,0,0.4394,4.4570
120570121082,Hillsborough,2269,0.000000,0,2,1.6254,0.0000,0.000000,0,0,0.4233,0.0000
120570121091,Hillsborough,894,0.000000,0,6,4.6386,0.0000,0.000000,0,1,0.9344,0.0000
120570121092,Hillsborough,2267,0.000000,0,6,4.1489,0.0000,0.000000,0,1,0.8530,0.0000
120570121101,Hillsborough,2756,0.014575,151042,1,1.2109,6.2499,0.000000,0,0,0.4575,0.0000
120570121102,Hillsborough,2510,0.000000,0,1,1.0249,0.0000,0.000000,0,2,1.2391,0.0000
120570122061,Hillsborough,1757,0.000000,0,0,0.4203,0.0000,0.000000,0,1,0.8187,0.0000
120570122062,Hillsborough,1663,0.023810,148887,2,1.6966,11.7352,0.000000,0,0,0.4117,0.0000
120570122063,Hillsborough,1335,0.000000,0,0,0.4290,0.0000,0.000000,0,1,0.8310,0.0000
120570122064,Hillsborough,1176,0.000000,0,0,0.4227,0.0000,0.000000,0,1,0.8221,0.0000
120570122071,Hillsborough,609,0.000000,0,3,2.1986,0.0000,0.000000,0,1,0.8257,0.0000
120570122072,Hillsborough,2503,0.000000,0,0,0.4192,0.0000,0.000000,0,0,0.4155,0.0000
120570122073,Hillsborough,3059,0.000000,0,0,0.4200,0.0000,0.000000,0,0,0.4161,0.0000
120570122074,Hillsborough,629,0.000000,0,0,0.3957,0.0000,0.000000,0,1,0.7846,0.0000
120570122075,Hillsborough,893,0.000000,0,0,0.4298,0.0000,0.000000,0,0,0.4232,0.0000
120570122081,Hillsborough,2686,0.000000,0,1,1.0127,0.0000,0.000000,0,0,0.4188,0.0000
120570122082,Hillsborough,1588,0.000000,0,0,0.4200,0.0000,0.000000,0,0,0.4161,0.0000
120570122083,Hillsborough,1747,0.000000,0,0,0.4117,0.0000,0.000000,0,0,0.4102,0.0000
120570122091,Hillsborough,1337,0.000000,0,2,1.1067,0.0000,0.000000,0,0,0.3306,0.0000
120570122092,Hillsborough,3929,0.000000,0,1,0.9257,0.0000,0.000000,0,1,0.7733,0.0000
120570122101,Hillsborough,3799,0.000000,0,4,2.7965,0.0000,0.000000,0,1,0.8272,0.0000
120570122102,Hillsborough,2620,0.000000,0,1,1.0189,0.0000,0.000000,0,0,0.4206,0.0000
120570122111,Hillsborough,1932,0.000000,0,1,1.1004,0.0000,0.000000,0,1,0.8772,0.0000
120570122121,Hillsborough,2503,0.000000,0,1,1.1021,0.0000,0.000000,0,0,0.4466,0.0000
120570122122,Hillsborough,2126,0.000000,0,2,1.7142,0.0000,0.041335,377260,1,0.8976,1.1490
120570122131,Hillsborough,1725,0.042373,274847,0,0.5264,1.6063,0.000000,0,0,0.4737,0.0000
120570122132,Hillsborough,3289,0.000000,0,2,1.8540,0.0000,0.000000,0,0,0.4700,0.0000
120570123011,Hillsborough,2126,0.000000,0,1,1.0103,0.0000,0.000000,0,1,0.8221,0.0000
120570123012,Hillsborough,1412,0.000000,0,0,0.4411,0.0000,0.000000,0,0,0.4315,0.0000
120570123013,Hillsborough,1075,0.069124,279418,5,3.8407,10.1965,0.000000,0,3,1.7028,0.0000
120570123014,Hillsborough,2044,0.042893,329673,0,0.4822,1.2268,0.000000,0,0,0.4356,0.0000
120570123031,Hillsborough,1516,0.000000,0,0,0.4200,0.0000,0.000000,0,1,0.8182,0.0000
120570123032,Hillsborough,1045,0.000000,0,1,1.0256,0.0000,0.000000,0,0,0.4227,0.0000
120570123033,Hillsborough,1480,0.000000,0,1,1.1052,0.0000,0.000000,0,3,1.7454,0.0000
120570123041,Hillsborough,985,0.000000,0,0,0.4555,0.0000,0.000000,0,0,0.4423,0.0000
120570123042,Hillsborough,2153,0.000000,0,1,1.0819,0.0000,0.000000,0,0,0.4401,0.0000
120570123043,Hillsborough,1753,0.000000,0,1,1.0490,0.0000,0.000000,0,0,0.4299,0.0000
120570124011,Hillsborough,552,0.045267,93959,3,2.7080,27.8153,0.057613,136526,0,0.4883,1.8324
120570124012,Hillsborough,1309,0.000000,0,1,0.9382,0.0000,0.000000,0,0,0.3968,0.0000
120570124013,Hillsborough,1226,0.000000,0,5,2.3275,0.0000,0.210738,1109146,1,0.6800,0.2961
120570124014,Hillsborough,1902,0.000000,0,6,3.8847,0.0000,0.200000,1633035,4,2.0942,0.8676
120570124021,Hillsborough,1255,0.022876,107953,1,1.0649,9.3017,0.062092,334527,0,0.4253,0.6513
120570124022,Hillsborough,1915,0.000000,0,1,0.6997,0.0000,0.000000,0,0,0.3306,0.0000
120570124031,Hillsborough,1278,0.000000,0,0,0.2928,0.0000,0.000000,0,1,0.6501,0.0000
120570124032,Hillsborough,1274,0.017699,84788,3,2.3550,22.9678,0.000000,0,0,0.4179,0.0000
120570124033,Hillsborough,3472,0.005099,66572,0,0.4549,5.7304,0.000000,0,0,0.4179,0.0000
120570125011,Hillsborough,801,0.000000,0,4,3.1578,0.0000,0.000000,0,0,0.4626,0.0000
120570125012,Hillsborough,1378,0.000000,0,2,1.5531,0.0000,0.000000,0,0,0.4096,0.0000
120570125013,Hillsborough,2349,0.000000,0,1,0.8884,0.0000,0.000000,0,2,1.1222,0.0000
120570125031,Hillsborough,1731,0.000000,0,1,0.6997,0.0000,0.000000,0,0,0.3306,0.0000
120570125032,Hillsborough,2013,0.013889,105130,1,0.8148,6.0420,0.019231,166186,0,0.3524,1.0866
120570125033,Hillsborough,1174,0.000000,0,0,0.2928,0.0000,0.000000,0,0,0.3306,0.0000
120570125041,Hillsborough,3777,0.000980,13917,3,1.6613,131.7051,0.000000,0,0,0.3306,0.0000
120570126001,Hillsborough,920,0.000000,0,1,0.9900,0.0000,0.000000,0,0,0.4120,0.0000
120570126002,Hillsborough,1339,0.000000,0,2,1.5235,0.0000,0.000000,0,1,0.7947,0.0000
120570126003,Hillsborough,1995,0.000000,0,0,0.3860,0.0000,0.000000,0,1,0.7715,0.0000
120570126004,Hillsborough,1395,0.000000,0,2,1.5973,0.0000,0.000000,0,2,1.2258,0.0000
120570127011,Hillsborough,1950,0.000000,0,3,2.4660,0.0000,0.000000,0,0,0.4591,0.0000
120570127012,Hillsborough,390,0.000000,0,1,1.0832,0.0000,0.000000,0,1,0.8663,0.0000
120570127013,Hillsborough,2123,0.000000,0,0,0.4198,0.0000,0.000000,0,1,0.8180,0.0000
120570127014,Hillsborough,1629,0.000000,0,5,3.8457,0.0000,0.000000,0,1,0.9134,0.0000
120570127021,Hillsborough,1422,0.026365,140977,2,1.9455,12.1453,0.000000,0,2,1.3627,0.0000
120570127022,Hillsborough,558,0.000000,0,0,0.4447,0.0000,0.000000,0,0,0.4342,0.0000
120570127023,Hillsborough,1952,0.033771,247878,1,1.1649,4.4314,0.000000,0,1,0.8661,0.0000
120570128001,Hillsborough,2418,0.000000,0,1,1.1487,0.0000,0.000000,0,0,0.4620,0.0000
120570128002,Hillsborough,1275,0.000000,0,1,1.0340,0.0000,0.000000,0,0,0.4252,0.0000
120570129001,Hillsborough,1119,0.000000,0,4,2.7940,0.0000,0.000000,0,0,0.4204,0.0000
120570129002,Hillsborough,1844,0.028741,199288,1,1.1002,5.2055,0.000000,0,0,0.4197,0.0000
120570130011,Hillsborough,3956,0.000000,0,8,4.8752,0.0000,0.000000,0,3,1.5737,0.0000
120570130021,Hillsborough,846,0.000000,0,0,0.4051,0.0000,0.000000,0,2,1.1895,0.0000
120570130022,Hillsborough,2025,0.000000,0,1,0.8047,0.0000,0.000000,0,2,1.0537,0.0000
120570130023,Hillsborough,2598,0.097039,947985,1,0.9356,0.9306,0.000000,0,1,0.7231,0.0000
120570130031,Hillsborough,3062,0.004831,55622,2,1.6639,30.8064,0.000000,0,0,0.4075,0.0000
120570130032,Hillsborough,1336,0.000000,0,2,1.5314,0.0000,0.000000,0,0,0.4056,0.0000
120570130041,Hillsborough,677,0.019169,48799,2,1.7788,32.0811,0.000000,0,0,0.4306,0.0000
120570130042,Hillsborough,1927,0.000000,0,1,0.7657,0.0000,0.000000,0,0,0.3486,0.0000
120570130043,Hillsborough,1171,0.017131,75430,0,0.3265,3.6299,0.000000,0,0,0.3306,0.0000
120570131001,Hillsborough,1785,0.050469,338751,1,0.7911,2.2022,0.000000,0,0,0.3306,0.0000
120570131002,Hillsborough,1221,0.000000,0,0,0.2928,0.0000,0.000000,0,0,0.3306,0.0000
120570132031,Hillsborough,2188,0.012658,104144,1,0.9354,8.4690,0.000000,0,0,0.3721,0.0000
120570132032,Hillsborough,1254,0.000000,0,1,1.0189,0.0000,0.000000,0,0,0.4206,0.0000
120570132041,Hillsborough,3806,0.000000,0,1,1.1099,0.0000,0.000000,0,1,0.8832,0.0000
120570132051,Hillsborough,1728,0.000000,0,0,0.3880,0.0000,0.000000,0,0,0.3937,0.0000
120570132052,Hillsborough,2251,0.000000,0,0,0.3669,0.0000,0.000000,0,0,0.3794,0.0000
120570132053,Hillsborough,2254,0.000000,0,0,0.4497,0.0000,0.000000,0,0,0.4379,0.0000
120570132054,Hillsborough,2725,0.000000,0,0,0.2928,0.0000,0.000000,0,0,0.3306,0.0000
120570132061,Hillsborough,852,0.000000,0,0,0.3669,0.0000,0.000000,0,1,0.7460,0.0000
120570132062,Hillsborough,1762,0.000000,0,0,0.2928,0.0000,0.000000,0,0,0.3306,0.0000
120570132063,Hillsborough,1105,0.000000,0,1,0.6997,0.0000,0.000000,0,0,0.3306,0.0000
120570132064,Hillsborough,1210,0.000000,0,2,1.1067,0.0000,0.000000,0,0,0.3306,0.0000
120570132071,Hillsborough,1834,0.000000,0,1,0.6997,0.0000,0.000000,0,0,0.3306,0.0000
120570132072,Hillsborough,2363,0.000000,0,1,0.6997,0.0000,0.000000,0,0,0.3306,0.0000
120570132081,Hillsborough,2444,0.000000,0,1,1.0836,0.0000,0.000000,0,0,0.4407,0.0000
120570132082,Hillsborough,2659,0.000000,0,0,0.2928,0.0000,0.000000,0,0,0.3306,0.0000
120570133051,Hillsborough,2944,0.000000,0,0,0.3880,0.0000,0.000000,0,1,0.7741,0.0000
120570133052,Hillsborough,2365,0.000000,0,0,0.4643,0.0000,0.000000,0,0,0.4490,0.0000
120570133071,Hillsborough,810,0.000000,0,3,2.5010,0.0000,0.040146,139599,1,0.9422,4.3619
120570133072,Hillsborough,1040,0.000000,0,0,0.4799,0.0000,0.000000,0,0,0.4614,0.0000
120570133073,Hillsborough,2153,0.000000,0,2,1.7667,0.0000,0.000000,0,0,0.4515,0.0000
120570133101,Hillsborough,975,0.000000,0,0,0.4124,0.0000,0.000000,0,0,0.4107,0.0000
120570133102,Hillsborough,1548,0.000000,0,0,0.4120,0.0000,0.000000,0,0,0.4104,0.0000
120570133111,Hillsborough,1192,0.120853,541686,1,1.1833,1.7030,0.000000,0,1,0.8751,0.0000
120570133112,Hillsborough,1125,0.023295,98542,0,0.4938,4.2027,0.000000,0,1,0.8802,0.0000
120570133113,Hillsborough,950,0.113680,406090,0,0.4920,1.0161,0.000000,0,2,1.2994,0.0000
120570133121,Hillsborough,660,0.000000,0,3,2.3402,0.0000,0.047753,135300,1,0.8939,3.1906
120570133122,Hillsborough,1634,0.030968,190272,3,2.4654,10.7145,0.136774,959425,1,0.8836,0.4448
120570133123,Hillsborough,2984,0.025886,290449,1,1.1425,3.0666,0.000000,0,0,0.4326,0.0000
120570133131,Hillsborough,1698,0.000000,0,0,0.2928,0.0000,0.020024,145960,0,0.3436,1.2060
120570133132,Hillsborough,1731,0.015912,103570,1,0.7825,7.1245,0.000000,0,1,0.6501,0.0000
120570133133,Hillsborough,1434,0.000000,0,0,0.2928,0.0000,0.000000,0,0,0.3306,0.0000
120570133141,Hillsborough,1918,0.000000,0,0,0.3441,0.0000,0.000000,0,1,0.7161,0.0000
120570133142,Hillsborough,1543,0.000000,0,0,0.4534,0.0000,0.000000,0,1,0.8666,0.0000
120570133151,Hillsborough,4122,0.000000,0,2,1.8959,0.0000,0.000000,0,1,0.9426,0.0000
120570133152,Hillsborough,1052,0.000000,0,4,3.1255,0.0000,0.000000,0,1,0.9019,0.0000
120570133161,Hillsborough,659,0.000000,0,3,2.6176,0.0000,0.000000,0,1,0.9506,0.0000
120570133162,Hillsborough,2450,0.015050,138650,4,3.3734,19.0096,0.036789,386939,2,1.4083,1.6684
120570133171,Hillsborough,1058,0.000000,0,1,1.2159,0.0000,0.000000,0,0,0.4855,0.0000
120570133172,Hillsborough,1851,0.048940,340628,2,1.9756,4.2360,0.000000,0,2,1.3778,0.0000
120570133191,Hillsborough,1488,0.000000,0,0,0.4502,0.0000,0.000000,0,0,0.4383,0.0000
120570133192,Hillsborough,776,0.000000,0,1,1.0733,0.0000,0.000000,0,1,0.8602,0.0000
120570133193,Hillsborough,3831,0.000000,0,1,1.1948,0.0000,0.000000,0,0,0.4779,0.0000
120570133201,Hillsborough,4900,0.017813,328206,1,1.0767,2.5576,0.000000,0,1,0.8088,0.0000
120570133221,Hillsborough,1359,0.025126,128396,1,1.1643,7.0693,0.086683,505720,0,0.4577,0.4637
120570133222,Hillsborough,1949,0.000000,0,0,0.2928,0.0000,0.000000,0,0,0.3306,0.0000
120570133223,Hillsborough,1152,0.000000,0,0,0.4548,0.0000,0.000000,0,0,0.4417,0.0000
120570133224,Hillsborough,2154,0.000000,0,1,1.0913,0.0000,0.000000,0,1,0.8714,0.0000
120570133231,Hillsborough,1504,0.000000,0,2,1.8641,0.0000,0.000000,0,2,1.3850,0.0000
120570133232,Hillsborough,1136,0.000000,0,0,0.4907,0.0000,0.000000,0,0,0.4702,0.0000
120570133233,Hillsborough,3609,0.023538,319431,1,1.1907,2.9060,0.000000,0,0,0.4487,0.0000
120570133234,Hillsborough,4188,0.000000,0,1,1.1957,0.0000,0.000000,0,2,1.4026,0.0000
120570133235,Hillsborough,1614,0.000000,0,0,0.4711,0.0000,0.000000,0,0,0.4544,0.0000
120570134061,Hillsborough,1311,0.000000,0,4,2.9822,0.0000,0.018750,105526,0,0.4558,2.2128
120570134071,Hillsborough,1429,0.000000,0,0,0.3413,0.0000,0.005597,34336,0,0.3742,5.5839
120570134072,Hillsborough,1786,0.076672,514911,0,0.4910,0.7997,0.000000,0,1,0.8686,0.0000
120570134073,Hillsborough,1653,0.000000,0,0,0.4535,0.0000,0.000000,0,0,0.4408,0.0000
120570134074,Hillsborough,2727,0.000000,0,0,0.2928,0.0000,0.000000,0,1,0.6501,0.0000
120570134091,Hillsborough,1056,0.000000,0,2,1.2204,0.0000,0.000000,0,0,0.3502,0.0000
120570134092,Hillsborough,955,0.000000,0,0,0.4544,0.0000,0.000000,0,0,0.4415,0.0000
120570134093,Hillsborough,3278,0.000000,0,0,0.3229,0.0000,0.000000,0,1,0.6887,0.0000
120570134101,Hillsborough,1738,0.025022,163528,0,0.4844,2.4844,0.000000,0,2,1.2872,0.0000
120570134102,Hillsborough,2426,0.000000,0,1,1.0717,0.0000,0.000000,0,2,1.2815,0.0000
120570134111,Hillsborough,3435,0.007958,102783,0,0.4898,3.9965,0.000000,0,1,0.8736,0.0000
120570134121,Hillsborough,1618,0.000000,0,0,0.3262,0.0000,0.000000,0,0,0.3524,0.0000
120570134122,Hillsborough,2856,0.000000,0,0,0.3871,0.0000,0.000000,0,5,2.2927,0.0000
120570134131,Hillsborough,3730,0.000000,0,1,0.6997,0.0000,0.000000,0,0,0.3306,0.0000
120570134141,Hillsborough,567,0.000000,0,2,1.7569,0.0000,0.000000,0,0,0.4495,0.0000
120570134142,Hillsborough,781,0.051111,150100,0,0.4969,2.7762,0.000000,0,0,0.4492,0.0000
120570134143,Hillsborough,2200,0.037852,313131,0,0.3929,1.0523,0.000000,0,0,0.3709,0.0000
120570134144,Hillsborough,2275,0.000000,0,0,0.4648,0.0000,0.000000,0,0,0.4495,0.0000
120570134151,Hillsborough,3062,0.000000,0,0,0.2928,0.0000,0.005538,72803,0,0.3428,2.4125
120570134152,Hillsborough,899,0.000000,0,0,0.2928,0.0000,0.024570,94824,1,0.6747,3.4361
120570135011,Hillsborough,1593,0.000000,0,4,2.8664,0.0000,0.000000,0,3,1.6706,0.0000
120570135012,Hillsborough,2797,0.000964,10142,4,2.9613,228.1336,0.000000,0,2,1.2300,0.0000
120570135031,Hillsborough,1547,0.015666,91129,2,1.9238,18.5797,0.000000,0,1,0.9057,0.0000
120570135032,Hillsborough,1380,0.000000,0,3,2.5426,0.0000,0.000000,0,2,1.3818,0.0000
120570135033,Hillsborough,976,0.000000,0,2,1.7765,0.0000,0.000000,0,1,0.8918,0.0000
120570135041,Hillsborough,592,0.000000,0,0,0.4085,0.0000,0.000000,0,0,0.4079,0.0000
120570135042,Hillsborough,1816,0.000000,0,1,0.9436,0.0000,0.000000,0,0,0.3984,0.0000
120570135043,Hillsborough,714,0.000000,0,1,1.0068,0.0000,0.000000,0,0,0.4170,0.0000
120570135051,Hillsborough,979,0.000000,0,1,1.1690,0.0000,0.000000,0,0,0.4689,0.0000
120570135052,Hillsborough,874,0.041262,135605,1,1.2119,6.9673,0.000000,0,0,0.4581,0.0000
120570135053,Hillsborough,1361,0.006897,35294,0,0.5046,11.9915,0.000000,0,0,0.4589,0.0000
120570136021,Hillsborough,1084,0.069971,285207,2,1.6731,5.1627,0.000000,0,4,1.9745,0.0000
120570136022,Hillsborough,2395,0.000000,0,2,1.4006,0.0000,0.000000,0,2,1.1198,0.0000
120570136041,Hillsborough,1246,0.012844,60177,2,1.7598,25.7366,0.000000,0,2,1.2501,0.0000
120570137021,Hillsborough,1542,0.000000,0,0,0.4577,0.0000,0.000000,0,0,0.4440,0.0000
120570137022,Hillsborough,670,0.000000,0,1,1.1049,0.0000,0.000000,0,0,0.4475,0.0000
120570137023,Hillsborough,8166,0.000000,0,3,2.5884,0.0000,0.006052,212171,0,0.4938,1.1923
120570137024,Hillsborough,1154,0.000000,0,2,1.5523,0.0000,0.000000,0,0,0.4095,0.0000
120570137031,Hillsborough,815,0.000000,0,1,0.9887,0.0000,0.000000,0,0,0.4116,0.0000
120570137032,Hillsborough,4406,0.007073,117189,1,1.1251,9.0527,0.006189,117067,1,0.8711,3.5935
120570137033,Hillsborough,3274,0.000000,0,1,1.1318,0.0000,0.000000,0,1,0.8973,0.0000
120570137051,Hillsborough,2175,0.012393,101360,0,0.5313,4.3960,0.000000,0,0,0.4803,0.0000
120570137052,Hillsborough,762,0.000000,0,1,1.0344,0.0000,0.000000,0,0,0.4254,0.0000
120570137053,Hillsborough,1518,0.000000,0,0,0.4548,0.0000,0.000000,0,0,0.4418,0.0000
120570137054,Hillsborough,3019,0.009009,102271,0,0.5361,4.3960,0.000000,0,0,0.4848,0.0000
120570137061,Hillsborough,1045,0.000000,0,1,1.2143,0.0000,0.000000,0,2,1.4223,0.0000
120570137062,Hillsborough,1931,0.000000,0,4,3.3330,0.0000,0.000000,0,1,0.9536,0.0000
120570138011,Hillsborough,991,0.000000,0,0,0.4306,0.0000,0.000000,0,0,0.4238,0.0000
120570138012,Hillsborough,1340,0.000000,0,5,2.3275,0.0000,0.000000,0,7,2.5669,0.0000
120570138021,Hillsborough,1982,0.023677,176458,5,2.6158,12.7724,0.000000,0,6,2.2475,0.0000
120570138022,Hillsborough,1633,0.000000,0,3,2.3709,0.0000,0.000000,0,2,1.3042,0.0000
120570138031,Hillsborough,1855,0.105398,735177,7,4.3149,4.5923,0.000000,0,2,1.1010,0.0000
120570138041,Hillsborough,2560,0.049322,474780,5,3.8666,7.0168,0.000000,0,1,0.8616,0.0000
120570138042,Hillsborough,6029,0.003971,90017,2,1.2360,10.0286,0.003971,102770,2,1.0065,5.9562
120570138043,Hillsborough,2454,0.000000,0,0,0.2928,0.0000,0.000000,0,1,0.6501,0.0000
120570138061,Hillsborough,4578,0.002468,42487,1,1.1931,21.8919,0.000000,0,0,0.4540,0.0000
120570138071,Hillsborough,4655,0.000000,0,1,1.0820,0.0000,0.000000,0,1,0.8656,0.0000
120570138072,Hillsborough,6210,0.005749,134242,2,1.8351,14.0778,0.006354,169393,0,0.4549,1.3759
120570139031,Hillsborough,1910,0.000000,0,2,1.2036,0.0000,0.000000,0,1,0.6830,0.0000
120570139032,Hillsborough,1733,0.120708,786587,0,0.3336,0.3557,0.000000,0,0,0.3306,0.0000
120570139071,Hillsborough,2726,0.000000,0,1,0.6997,0.0000,0.008147,95337,0,0.3431,1.8439
120570139072,Hillsborough,723,0.132353,359820,1,0.7916,2.0744,0.000000,0,0,0.3306,0.0000
120570139121,Hillsborough,2107,0.000000,0,3,1.5136,0.0000,0.000000,0,0,0.3306,0.0000
120570139122,Hillsborough,6469,0.000000,0,0,0.2928,0.0000,0.000000,0,1,0.6501,0.0000
120570139131,Hillsborough,10937,0.000000,0,2,1.1067,0.0000,0.000000,0,0,0.3306,0.0000
120570139132,Hillsborough,2228,0.000000,0,3,1.5136,0.0000,0.000000,0,2,0.9695,0.0000
120570139133,Hillsborough,796,0.000000,0,2,1.1067,0.0000,0.000000,0,2,0.9695,0.0000
120570139141,Hillsborough,2054,0.000000,0,2,1.1067,0.0000,0.000000,0,1,0.6501,0.0000
120570139142,Hillsborough,8232,0.000000,0,4,1.9206,0.0000,0.000000,0,0,0.3306,0.0000
120570139151,Hillsborough,823,0.000000,0,3,2.3553,0.0000,0.000000,0,2,1.2974,0.0000
120570139152,Hillsborough,7354,0.013629,376892,1,0.9972,2.0626,0.000000,0,1,0.7613,0.0000
120570139153,Hillsborough,1945,0.000000,0,1,1.0185,0.0000,0.000000,0,2,1.2334,0.0000
120570139161,Hillsborough,1956,0.000000,0,3,2.0470,0.0000,0.000000,0,2,1.1708,0.0000
120570139162,Hillsborough,3268,0.042017,516320,0,0.4409,0.7162,0.000000,0,1,0.7930,0.0000
120570139163,Hillsborough,13583,0.000000,0,2,1.3485,0.0000,0.000000,0,0,0.3726,0.0000
120570139171,Hillsborough,1187,0.000000,0,0,0.4381,0.0000,0.000000,0,0,0.4292,0.0000
120570139172,Hillsborough,3089,0.035003,406576,0,0.4562,0.9411,0.000000,0,1,0.8162,0.0000
120570139173,Hillsborough,3201,0.000000,0,0,0.4186,0.0000,0.000000,0,0,0.4151,0.0000
120570139181,Hillsborough,1180,0.000000,0,1,0.9497,0.0000,0.000000,0,1,0.7869,0.0000
120570139182,Hillsborough,517,0.000000,0,1,0.7172,0.0000,0.000000,0,3,1.3076,0.0000
120570139191,Hillsborough,1769,0.000000,0,0,0.4233,0.0000,0.000000,0,1,0.8228,0.0000
120570139192,Hillsborough,1718,0.000000,0,0,0.2928,0.0000,0.000000,0,0,0.3306,0.0000
120570139193,Hillsborough,2930,0.000000,0,2,1.7928,0.0000,0.000000,0,0,0.4569,0.0000
120570139194,Hillsborough,688,0.000000,0,1,1.1301,0.0000,0.000000,0,2,1.3367,0.0000
120570139221,Hillsborough,1756,0.000000,0,0,0.3090,0.0000,0.000000,0,0,0.3411,0.0000
120570139222,Hillsborough,4378,0.000000,0,1,0.7384,0.0000,0.000000,0,5,1.9895,0.0000
120570139223,Hillsborough,2697,0.000000,0,0,0.2928,0.0000,0.000000,0,1,0.6501,0.0000
120570139231,Hillsborough,3163,0.000000,0,0,0.3958,0.0000,0.000000,0,1,0.7848,0.0000
120570139232,Hillsborough,7199,0.000000,0,1,0.8569,0.0000,0.001902,58792,2,1.1335,8.8383
120570139241,Hillsborough,4819,0.000000,0,0,0.4287,0.0000,0.000000,0,2,1.2388,0.0000
120570139251,Hillsborough,1151,0.000000,0,3,2.3702,0.0000,0.000000,0,4,2.1631,0.0000
120570139252,Hillsborough,1406,0.000000,0,0,0.4661,0.0000,0.000000,0,1,0.8858,0.0000
120570139253,Hillsborough,1590,0.038882,232467,0,0.4887,1.7630,0.000000,0,0,0.4415,0.0000
120570139261,Hillsborough,1637,0.000000,0,0,0.2928,0.0000,0.000000,0,0,0.3306,0.0000
120570139262,Hillsborough,2500,0.012100,113749,0,0.3277,2.4163,0.000000,0,0,0.3306,0.0000
120570139263,Hillsborough,4654,0.000000,0,1,0.7384,0.0000,0.000000,0,1,0.6708,0.0000
120570140021,Hillsborough,1017,0.000000,0,0,0.2928,0.0000,0.000000,0,1,0.6501,0.0000
120570140022,Hillsborough,1350,0.055172,280072,0,0.3305,0.9896,0.000000,0,1,0.6501,0.0000
120570140031,Hillsborough,1908,0.010687,76674,0,0.3265,3.5716,0.000000,0,0,0.3306,0.0000
120570140071,Hillsborough,12016,0.008378,378547,0,0.4507,0.9985,0.000000,0,1,0.8084,0.0000
120570140081,Hillsborough,1454,0.000000,0,2,1.3591,0.0000,0.000000,0,1,0.7363,0.0000
120570140082,Hillsborough,1787,0.000000,0,0,0.3648,0.0000,0.000000,0,1,0.7432,0.0000
120570140091,Hillsborough,2410,0.000000,0,4,2.8807,0.0000,0.000000,0,0,0.4300,0.0000
120570140101,Hillsborough,957,0.000000,0,0,0.3596,0.0000,0.000000,0,0,0.3745,0.0000
120570140102,Hillsborough,1181,0.000000,0,4,2.7241,0.0000,0.000000,0,1,0.8116,0.0000
120570140111,Hillsborough,1422,0.000000,0,3,2.2478,0.0000,0.000000,0,1,0.8393,0.0000
120570140112,Hillsborough,1347,0.000000,0,1,1.0521,0.0000,0.000000,0,0,0.4308,0.0000
120570140113,Hillsborough,1578,0.000000,0,1,1.0561,0.0000,0.000000,0,0,0.4320,0.0000
120570140121,Hillsborough,1272,0.000000,0,0,0.2928,0.0000,0.000000,0,0,0.3306,0.0000
120570140122,Hillsborough,1686,0.000000,0,0,0.2928,0.0000,0.000000,0,1,0.6501,0.0000
120570140131,Hillsborough,1197,0.017717,79742,1,1.2577,14.8727,0.000000,0,0,0.4763,0.0000
120570140141,Hillsborough,1504,0.000000,0,3,1.5136,0.0000,0.000000,0,1,0.6501,0.0000
120570140142,Hillsborough,646,0.000000,0,1,0.6997,0.0000,0.000000,0,0,0.3306,0.0000
120570140171,Hillsborough,2953,0.032587,361839,0,0.4636,1.0746,0.000000,0,0,0.4209,0.0000
120570141041,Hillsborough,1597,0.056818,341198,1,0.7912,1.8078,0.000000,0,0,0.3306,0.0000
120570141061,Hillsborough,1835,0.000000,0,0,0.4487,0.0000,0.000000,0,3,1.7047,0.0000
120570141062,Hillsborough,1871,0.000000,0,0,0.3786,0.0000,0.000000,0,1,0.7615,0.0000
120570141081,Hillsborough,1310,0.046083,227000,0,0.4630,1.7107,0.000000,0,0,0.4215,0.0000
120570141082,Hillsborough,3149,0.000000,0,1,0.9568,0.0000,0.000000,0,5,2.3458,0.0000
120570141083,Hillsborough,1769,0.000000,0,1,1.0216,0.0000,0.000000,0,5,2.4581,0.0000
120570141091,Hillsborough,2240,0.000000,0,6,3.8302,0.0000,0.000000,0,4,1.9904,0.0000
120570141092,Hillsborough,1523,0.000000,0,0,0.4266,0.0000,0.000000,0,2,1.2343,0.0000
120570141093,Hillsborough,4787,0.000000,0,4,1.9206,0.0000,0.000000,0,0,0.3306,0.0000
120570141171,Hillsborough,1717,0.000000,0,0,0.3313,0.0000,0.007752,57139,0,0.3681,3.3007
120570141172,Hillsborough,1271,0.000000,0,0,0.3557,0.0000,0.000000,0,0,0.3718,0.0000
120570141181,Hillsborough,2323,0.000000,0,0,0.4532,0.0000,0.000000,0,0,0.4405,0.0000
120570141182,Hillsborough,2198,0.000000,0,0,0.3503,0.0000,0.007590,71620,0,0.3811,2.7265
120570141191,Hillsborough,3309,0.000000,0,1,0.9375,0.0000,0.000000,0,0,0.3966,0.0000
120570141192,Hillsborough,8904,0.008308,278148,0,0.3304,0.9963,0.000000,0,1,0.6501,0.0000
120570141211,Hillsborough,3651,0.000000,0,1,0.9617,0.0000,0.000000,0,0,0.4036,0.0000
120570141212,Hillsborough,2612,0.001006,9881,0,0.3203,27.1877,0.010060,112808,0,0.3433,1.5591
120570141221,Hillsborough,4319,0.004425,71860,2,1.7483,21.4118,0.000000,0,4,2.0609,0.0000
120570141222,Hillsborough,4772,0.000000,0,5,3.4332,0.0000,0.000000,0,2,1.2455,0.0000
120570142001,Hillsborough,424,0.000000,0,2,1.9252,0.0000,0.000000,0,1,0.9557,0.0000
120570142002,Hillsborough,1117,0.000000,0,1,1.2181,0.0000,0.000000,0,1,0.9563,0.0000
120570142003,Hillsborough,1135,0.018707,79841,2,2.0061,18.3514,0.000000,0,0,0.4804,0.0000
120570142004,Hillsborough,273,0.000000,0,8,6.1143,0.0000,0.000000,0,4,2.3445,0.0000
120570143001,Hillsborough,1480,0.000000,0,1,0.6997,0.0000,0.000000,0,0,0.3306,0.0000
120570143002,Hillsborough,1699,0.000000,0,0,0.2928,0.0000,0.000000,0,0,0.3306,0.0000
120570143003,Hillsborough,1824,0.047938,328787,0,0.3309,0.8442,0.000000,0,0,0.3306,0.0000
120570144001,Hillsborough,2483,0.000000,0,2,1.6586,0.0000,0.000000,0,2,1.2604,0.0000
120570144002,Hillsborough,2905,0.056977,622383,0,0.4799,0.6467,0.000000,0,0,0.4324,0.0000
120579801001,Hillsborough,0,0.000000,0,1,0.6997,0.0000,0.000000,0,0,0.3306,0.0000
120579802001,Hillsborough,0,0.000000,0,0,0.2928,0.0000,0.000000,0,0,0.3306,0.0000
120579803001,Hillsborough,0,0.000000,0,0,0.2928,0.0000,0.000000,0,0,0.3306,0.0000
120579804001,Hillsborough,77,0.000000,0,1,0.6997,0.0000,0.000000,0,0,0.3306,0.0000
120579805001,Hillsborough,0,0.000000,0,0,0.4312,0.0000,0.000000,0,0,0.4242,0.0000
120579806001,Hillsborough,0,0.000000,0,3,2.1167,0.0000,0.000000,0,0,0.4086,0.0000
120579807001,Hillsborough,0,0.000000,0,0,0.4419,0.0000,0.000000,0,1,0.8496,0.0000
120579900000,Hillsborough,0,0.000000,0,0,0.2928,0.0000,0.000000,0,0,0.3306,0.0000
120579901000,Hillsborough,0,0.000000,0,0,0.2928,0.0000,0.000000,0,0,0.3306,0.0000
121030201051,Pinellas,1139,0.026087,111728,0,0.4758,3.5718,0.000000,0,0,0.4329,0.0000
121030201052,Pinellas,3015,0.379004,4296792,0,0.4980,0.0972,0.004448,57577,1,0.8973,7.5262
121030201053,Pinellas,1613,0.000000,0,1,1.1308,0.0000,0.000000,0,1,0.8967,0.0000
121030201061,Pinellas,1857,0.022251,155375,0,0.3951,2.1325,0.000000,0,0,0.3738,0.0000
121030201062,Pinellas,657,0.000000,0,0,0.3534,0.0000,0.000000,0,1,0.7282,0.0000
121030201063,Pinellas,1602,0.000000,0,0,0.2928,0.0000,0.000000,0,0,0.3306,0.0000
121030201071,Pinellas,780,0.000000,0,0,0.4023,0.0000,0.000000,0,0,0.4036,0.0000
121030201072,Pinellas,954,0.020979,75257,0,0.4357,4.8554,0.000000,0,0,0.4036,0.0000
121030201081,Pinellas,1015,0.000000,0,0,0.4237,0.0000,0.000000,0,0,0.4187,0.0000
121030201082,Pinellas,560,0.000000,0,0,0.4289,0.0000,0.000000,0,0,0.4225,0.0000
121030201083,Pinellas,507,0.000000,0,1,0.9614,0.0000,0.000000,0,0,0.4036,0.0000
121030201091,Pinellas,1842,0.000000,0,2,1.7808,0.0000,0.021277,168247,3,1.8296,4.7593
121030201092,Pinellas,1404,0.000000,0,1,1.1345,0.0000,0.179700,1083107,0,0.4743,0.2244
121030201093,Pinellas,816,0.000000,0,1,1.0155,0.0000,0.000000,0,2,1.2307,0.0000
121030201101,Pinellas,1175,0.000000,0,3,2.2087,0.0000,0.000000,0,0,0.4213,0.0000
121030202011,Pinellas,1600,0.000000,0,0,0.3879,0.0000,0.000000,0,0,0.3936,0.0000
121030202012,Pinellas,2032,0.000000,0,1,1.1412,0.0000,0.000000,0,0,0.4595,0.0000
121030202013,Pinellas,1135,0.000000,0,0,0.4707,0.0000,0.000000,0,0,0.4540,0.0000
121030202021,Pinellas,1111,0.000000,0,0,0.3129,0.0000,0.000000,0,1,0.6759,0.0000
121030202022,Pinellas,1548,0.000000,0,0,0.4243,0.0000,0.026163,173864,1,0.8529,2.3691
121030202023,Pinellas,1211,0.000000,0,0,0.4149,0.0000,0.000000,0,0,0.4125,0.0000
121030202061,Pinellas,1555,0.045390,265402,4,3.2734,11.2194,0.000000,0,2,1.3192,0.0000
121030202062,Pinellas,3047,0.020917,239656,0,0.4990,1.7464,0.012872,168374,2,1.3632,3.7115
121030202071,Pinellas,1829,0.000000,0,1,0.6997,0.0000,0.000000,0,0,0.3306,0.0000
121030202072,Pinellas,958,0.000000,0,1,1.1037,0.0000,0.000000,0,0,0.4471,0.0000
121030202081,Pinellas,1729,0.000000,0,0,0.4426,0.0000,0.000000,0,0,0.4326,0.0000
121030202082,Pinellas,929,0.000000,0,0,0.4246,0.0000,0.000000,0,0,0.4194,0.0000
121030202091,Pinellas,1248,0.000000,0,0,0.4227,0.0000,0.000000,0,0,0.4181,0.0000
121030202092,Pinellas,1272,0.000000,0,0,0.4426,0.0000,0.000000,0,0,0.4326,0.0000
121030202093,Pinellas,357,0.000000,0,0,0.4246,0.0000,0.000000,0,0,0.4194,0.0000
121030202094,Pinellas,500,0.000000,0,0,0.4149,0.0000,0.000000,0,0,0.4125,0.0000
121030202095,Pinellas,1057,0.000000,0,0,0.4230,0.0000,0.000000,0,0,0.4183,0.0000
121030203011,Pinellas,480,0.000000,0,0,0.4077,0.0000,0.000000,0,0,0.4074,0.0000
121030203012,Pinellas,1775,0.000000,0,0,0.3687,0.0000,0.000000,0,0,0.3806,0.0000
121030203013,Pinellas,1207,0.000000,0,0,0.3687,0.0000,0.000000,0,0,0.3806,0.0000
121030203014,Pinellas,544,0.000000,0,2,1.5412,0.0000,0.000000,0,3,1.5886,0.0000
121030203015,Pinellas,367,0.000000,0,0,0.4077,0.0000,0.000000,0,0,0.4074,0.0000
121030203021,Pinellas,1279,0.011136,53556,0,0.3254,5.0963,0.229399,1259553,0,0.3460,0.1407
121030203022,Pinellas,1310,0.000000,0,0,0.3915,0.0000,0.000000,0,0,0.3961,0.0000
121030203023,Pinellas,936,0.000000,0,0,0.4077,0.0000,0.000000,0,0,0.4074,0.0000
121030204001,Pinellas,812,0.000000,0,0,0.3915,0.0000,0.000000,0,0,0.3961,0.0000
121030204002,Pinellas,638,0.000000,0,0,0.4060,0.0000,0.000000,0,0,0.4062,0.0000
121030204003,Pinellas,903,0.000000,0,0,0.4060,0.0000,0.000000,0,0,0.4062,0.0000
121030205001,Pinellas,1063,0.000000,0,6,3.9799,0.0000,0.050445,230201,2,1.2770,2.5430
121030205002,Pinellas,876,0.018557,61125,7,4.8724,53.9449,0.088660,333415,1,0.8512,1.2329
121030205003,Pinellas,928,0.000000,0,1,0.9702,0.0000,0.061594,245382,0,0.4210,0.8790
121030205004,Pinellas,653,0.000000,0,2,1.5345,0.0000,0.000000,0,1,0.7987,0.0000
121030206001,Pinellas,757,0.000000,0,6,3.9568,0.0000,0.000000,0,1,0.8234,0.0000
121030206002,Pinellas,1287,0.000000,0,0,0.4216,0.0000,0.083885,463467,0,0.4330,0.4786
121030206003,Pinellas,1211,0.000000,0,0,0.4206,0.0000,0.000000,0,0,0.4165,0.0000
121030206004,Pinellas,1045,0.284644,1118491,3,2.5792,1.9068,0.000000,0,1,0.8782,0.0000
121030207001,Pinellas,608,0.000000,0,0,0.4749,0.0000,0.000000,0,2,1.3415,0.0000
121030207002,Pinellas,899,0.000000,0,2,1.8410,0.0000,0.000000,0,2,1.3702,0.0000
121030207003,Pinellas,535,0.000000,0,0,0.4703,0.0000,0.000000,0,0,0.4538,0.0000
121030207004,Pinellas,1377,0.000000,0,1,1.1264,0.0000,0.000000,0,0,0.4545,0.0000
121030208001,Pinellas,1220,0.000000,0,1,1.0684,0.0000,0.000000,0,4,2.1210,0.0000
121030208002,Pinellas,496,0.000000,0,0,0.4879,0.0000,0.000000,0,2,1.3722,0.0000
121030208003,Pinellas,795,0.000000,0,1,1.1566,0.0000,0.000000,0,1,0.9137,0.0000
121030208004,Pinellas,260,0.000000,0,1,1.0684,0.0000,0.000000,0,0,0.4359,0.0000
121030208005,Pinellas,902,0.000000,0,1,1.0211,0.0000,0.000000,0,1,0.8285,0.0000
121030208006,Pinellas,628,0.000000,0,5,3.8354,0.0000,0.000000,0,2,1.3593,0.0000
121030212001,Pinellas,303,0.000000,0,2,1.7678,0.0000,0.000000,0,0,0.4517,0.0000
121030212002,Pinellas,944,0.000000,0,2,1.8204,0.0000,0.000000,0,0,0.4628,0.0000
121030212003,Pinellas,1974,0.231778,1720418,0,0.4771,0.2326,0.000000,0,1,0.8416,0.0000
121030212004,Pinellas,315,0.000000,0,2,1.7510,0.0000,0.000000,0,1,0.8814,0.0000
121030215011,Pinellas,811,0.045000,137229,1,1.0387,5.9006,0.095000,330750,0,0.4166,0.6454
121030215012,Pinellas,1630,0.107602,659513,4,3.1865,3.1550,0.000000,0,1,0.8593,0.0000
121030215021,Pinellas,200,0.555556,417803,19,13.4994,19.3452,0.000000,0,0,0.4434,0.0000
121030215022,Pinellas,1234,0.125592,582763,4,3.3703,4.5187,0.018957,100426,0,0.4749,2.4229
121030216001,Pinellas,774,0.085487,248803,0,0.5283,1.7809,0.021869,72664,1,0.9625,6.3970
121030216002,Pinellas,1061,0.000000,0,4,3.2185,0.0000,0.000000,0,2,1.3789,0.0000
121030218001,Pinellas,390,0.069930,102552,0,0.5306,4.3393,0.097902,163912,2,1.4505,4.0566
121030218002,Pinellas,517,0.000000,0,5,4.0055,0.0000,0.000000,0,1,0.9464,0.0000
121030218003,Pinellas,1316,0.042118,208419,6,4.9929,25.0138,0.051745,292333,4,2.4207,3.4769
121030219001,Pinellas,1424,0.025078,134284,10,7.6571,29.2927,0.000000,0,2,1.3610,0.0000
121030219002,Pinellas,490,0.000000,0,2,1.8749,0.0000,0.000000,0,3,1.8507,0.0000
121030219003,Pinellas,1097,0.106036,437394,5,3.8743,6.5707,0.037520,176697,0,0.4539,1.3161
121030220001,Pinellas,618,0.000000,0,0,0.4522,0.0000,0.000000,0,0,0.4398,0.0000
121030220002,Pinellas,850,0.000000,0,0,0.4583,0.0000,0.000000,0,0,0.4445,0.0000
121030220003,Pinellas,723,0.000000,0,7,5.2319,0.0000,0.000000,0,3,1.8236,0.0000
121030220004,Pinellas,429,0.000000,0,1,1.1281,0.0000,0.000000,0,1,0.8949,0.0000
121030221011,Pinellas,1210,0.000000,0,0,0.4476,0.0000,0.000000,0,0,0.4363,0.0000
121030221012,Pinellas,694,0.000000,0,0,0.4579,0.0000,0.022026,65623,1,0.9000,6.6229
121030221021,Pinellas,912,0.000000,0,8,5.8216,0.0000,0.000000,0,1,0.9080,0.0000
121030221022,Pinellas,1264,0.048327,229695,0,0.4991,1.8224,0.000000,0,0,0.4502,0.0000
121030221023,Pinellas,835,0.000000,0,1,1.0697,0.0000,0.000000,0,0,0.4363,0.0000
121030222001,Pinellas,1461,0.000000,0,2,1.6687,0.0000,0.000000,0,2,1.2663,0.0000
121030222002,Pinellas,1155,0.005102,22158,0,0.4784,18.1060,0.000000,0,0,0.4384,0.0000
121030222003,Pinellas,1074,0.000000,0,2,1.7288,0.0000,0.000000,0,1,0.8725,0.0000
121030222004,Pinellas,443,0.000000,0,0,0.4356,0.0000,0.000000,0,0,0.4274,0.0000
121030223011,Pinellas,842,0.000000,0,3,2.2731,0.0000,0.000000,0,0,0.4304,0.0000
121030223012,Pinellas,1217,0.000000,0,1,1.0631,0.0000,0.000000,0,2,1.2735,0.0000
121030223013,Pinellas,613,0.022508,51881,2,1.7657,35.0485,0.051447,135386,3,1.7239,5.5729
121030223021,Pinellas,1098,0.000000,0,0,0.4732,0.0000,0.027888,131456,1,0.9253,3.3993
121030223022,Pinellas,834,0.000000,0,0,0.4627,0.0000,0.000000,0,1,0.8807,0.0000
121030223023,Pinellas,2067,0.017582,136657,1,1.1671,6.6583,0.048352,429049,0,0.4583,0.5473
121030224011,Pinellas,1522,0.011041,63188,0,0.4910,6.5169,0.000000,0,0,0.4463,0.0000
121030224012,Pinellas,843,0.058824,186463,0,0.4934,2.2193,0.000000,0,0,0.4459,0.0000
121030224013,Pinellas,1276,0.056543,271295,0,0.4992,1.5432,0.000000,0,1,0.8847,0.0000
121030224021,Pinellas,1665,0.000000,0,0,0.4689,0.0000,0.000000,0,0,0.4527,0.0000
121030224022,Pinellas,507,0.000000,0,0,0.4277,0.0000,0.000000,0,0,0.4216,0.0000
121030224023,Pinellas,1164,0.000000,0,0,0.2928,0.0000,0.000000,0,0,0.3306,0.0000
121030224024,Pinellas,808,0.000000,0,0,0.4518,0.0000,0.000000,0,0,0.4395,0.0000
121030224025,Pinellas,1317,0.000000,0,0,0.4311,0.0000,0.000000,0,0,0.4241,0.0000
121030225011,Pinellas,1505,0.000000,0,0,0.4544,0.0000,0.000000,0,0,0.4414,0.0000
121030225012,Pinellas,1693,0.000000,0,1,1.0966,0.0000,0.000000,0,3,1.7346,0.0000
121030225013,Pinellas,2082,0.038540,301718,3,2.5568,7.0074,0.000000,0,3,1.7384,0.0000
121030225021,Pinellas,824,0.036066,111746,0,0.4645,3.4865,0.000000,0,1,0.8340,0.0000
121030225022,Pinellas,710,0.108491,289644,1,1.1514,3.0992,0.000000,0,1,0.8565,0.0000
121030225023,Pinellas,1574,0.031891,188748,0,0.4970,2.2083,0.000000,0,1,0.8826,0.0000
121030225031,Pinellas,1833,0.000000,0,1,1.1110,0.0000,0.000000,0,0,0.4495,0.0000
121030225032,Pinellas,2787,0.000000,0,0,0.4661,0.0000,0.016518,197623,0,0.4655,1.2067
121030225033,Pinellas,1472,0.000000,0,3,2.3836,0.0000,0.000000,0,1,0.8781,0.0000
121030226011,Pinellas,1187,0.000000,0,0,0.4431,0.0000,0.025000,127393,1,0.8795,3.3340
121030226012,Pinellas,810,0.000000,0,0,0.4519,0.0000,0.008772,30502,0,0.4521,7.5945
121030226013,Pinellas,988,0.000000,0,0,0.4476,0.0000,0.023551,99889,0,0.4503,2.3097
121030226021,Pinellas,1440,0.015603,84485,0,0.4659,4.6252,0.000000,0,2,1.2488,0.0000
121030226022,Pinellas,1466,0.000000,0,1,0.9962,0.0000,0.022727,143033,1,0.8418,3.8036
121030226023,Pinellas,1961,0.069565,512960,0,0.4715,0.7708,0.000000,0,1,0.8381,0.0000
121030227001,Pinellas,1365,0.000000,0,2,1.7158,0.0000,0.000000,0,0,0.4411,0.0000
121030227002,Pinellas,2282,0.008333,71507,0,0.4761,5.5844,0.004167,40819,0,0.4470,5.6107
121030227003,Pinellas,578,0.029940,65072,0,0.4636,5.9755,0.059880,148582,1,0.8633,2.8059
121030228011,Pinellas,1847,0.000000,0,2,1.6868,0.0000,0.025615,203101,2,1.3204,2.9803
121030228012,Pinellas,783,0.000000,0,0,0.4136,0.0000,0.035800,120336,2,1.2482,4.7548
121030228013,Pinellas,2028,0.020087,153181,1,1.1595,5.9009,0.000000,0,0,0.4396,0.0000
121030228021,Pinellas,1029,0.000000,0,0,0.4458,0.0000,0.027027,119390,0,0.4492,1.9276
121030228022,Pinellas,1211,0.000000,0,1,0.9885,0.0000,0.000000,0,1,0.8093,0.0000
121030228023,Pinellas,1262,0.000000,0,0,0.4136,0.0000,0.000000,0,0,0.4115,0.0000
121030229011,Pinellas,1182,0.075617,336087,0,0.5269,1.3148,0.132716,673435,0,0.4903,0.3730
121030229012,Pinellas,1501,0.010045,56693,1,1.2537,17.2404,0.006696,43150,2,1.4333,15.2267
121030229021,Pinellas,954,0.000000,0,8,5.7722,0.0000,0.000000,0,4,2.2309,0.0000
121030229022,Pinellas,659,0.000000,0,0,0.4903,0.0000,0.000000,0,2,1.3781,0.0000
121030229023,Pinellas,1061,0.000000,0,1,1.1265,0.0000,0.000000,0,1,0.8939,0.0000
121030230001,Pinellas,1743,0.000000,0,0,0.4896,0.0000,0.000000,0,2,1.3764,0.0000
121030230002,Pinellas,1260,0.000000,0,3,2.4249,0.0000,0.047965,259448,1,0.9205,1.7134
121030231001,Pinellas,920,0.000000,0,0,0.4892,0.0000,0.000000,0,1,0.9222,0.0000
121030231002,Pinellas,677,0.000000,0,0,0.4845,0.0000,0.000000,0,2,1.3641,0.0000
121030231003,Pinellas,1074,0.000000,0,1,1.1278,0.0000,0.000000,0,0,0.4550,0.0000
121030232001,Pinellas,1486,0.019231,107456,1,1.1936,8.6599,0.009615,61340,1,0.9157,7.2094
121030232002,Pinellas,1061,0.000000,0,1,1.1204,0.0000,0.000000,0,1,0.8900,0.0000
121030232003,Pinellas,601,0.000000,0,0,0.4912,0.0000,0.000000,0,0,0.4706,0.0000
121030233001,Pinellas,842,0.027304,86447,1,1.2189,10.9926,0.000000,0,1,0.9078,0.0000
121030233002,Pinellas,332,0.000000,0,0,0.4970,0.0000,0.024896,35484,3,1.9044,23.4899
121030233003,Pinellas,828,0.000000,0,0,0.4814,0.0000,0.000000,0,1,0.9096,0.0000
121030234001,Pinellas,852,0.008048,25784,0,0.5165,16.8014,0.102616,375326,0,0.4859,0.6632
121030234002,Pinellas,994,0.000000,0,3,2.5354,0.0000,0.037634,160593,5,2.8274,9.2302
121030235011,Pinellas,728,0.042614,116652,0,0.4911,3.5305,0.000000,0,0,0.4450,0.0000
121030235012,Pinellas,1570,0.081006,478221,3,2.5549,3.6794,0.031657,213368,6,3.1243,5.7252
121030235021,Pinellas,1120,0.148666,626099,2,1.8714,3.0781,0.034307,164954,0,0.4594,1.4269
121030236011,Pinellas,653,0.000000,0,0,0.3673,0.0000,0.000000,0,0,0.3796,0.0000
121030236012,Pinellas,719,0.064024,173096,0,0.4846,2.3478,0.000000,0,0,0.4389,0.0000
121030236013,Pinellas,477,0.089918,161280,6,4.4503,22.6145,0.000000,0,2,1.2688,0.0000
121030236021,Pinellas,833,0.079096,247750,0,0.4796,1.6236,0.014124,50509,1,0.8797,8.4105
121030236022,Pinellas,706,0.017510,46483,0,0.4687,8.4567,0.000000,0,0,0.4292,0.0000
121030237001,Pinellas,1014,0.016949,64625,0,0.4769,6.1886,0.000000,0,0,0.4349,0.0000
121030237002,Pinellas,609,0.000000,0,0,0.4201,0.0000,0.000000,0,0,0.4162,0.0000
121030237003,Pinellas,834,0.000000,0,2,1.6681,0.0000,0.000000,0,0,0.4316,0.0000
121030238001,Pinellas,940,0.000000,0,0,0.4704,0.0000,0.000000,0,0,0.4538,0.0000
121030238002,Pinellas,697,0.000000,0,1,1.0455,0.0000,0.000000,0,0,0.4288,0.0000
121030238003,Pinellas,812,0.042683,130324,0,0.4705,3.0280,0.000000,0,1,0.8424,0.0000
121030239001,Pinellas,789,0.020295,60212,1,1.2062,18.8899,0.000000,0,2,1.3428,0.0000
121030239002,Pinellas,1236,0.000000,0,0,0.4693,0.0000,0.018109,96086,0,0.4671,2.4904
121030240011,Pinellas,1028,0.051471,198960,0,0.4125,1.7388,0.000000,0,0,0.3852,0.0000
121030240012,Pinellas,2163,0.000000,0,0,0.4623,0.0000,0.000000,0,0,0.4475,0.0000
121030240021,Pinellas,2058,0.000000,0,0,0.4558,0.0000,0.000000,0,0,0.4425,0.0000
121030240022,Pinellas,1478,0.000000,0,0,0.4637,0.0000,0.000000,0,0,0.4486,0.0000
121030240023,Pinellas,775,0.000000,0,0,0.4750,0.0000,0.000000,0,2,1.3416,0.0000
121030240024,Pinellas,1374,0.000000,0,0,0.4637,0.0000,0.000000,0,0,0.4486,0.0000
121030240041,Pinellas,1920,0.000000,0,0,0.3497,0.0000,0.000000,0,0,0.3679,0.0000
121030240042,Pinellas,1993,0.000000,0,0,0.3395,0.0000,0.000000,0,0,0.3612,0.0000
121030240043,Pinellas,877,0.000000,0,0,0.2961,0.0000,0.000000,0,0,0.3327,0.0000
121030240051,Pinellas,1668,0.015284,95861,0,0.3848,3.3665,0.041485,297057,0,0.3824,0.6595
121030240052,Pinellas,2075,0.000000,0,0,0.3798,0.0000,0.000000,0,0,0.3881,0.0000
121030241001,Pinellas,1852,0.013104,91255,0,0.5072,4.6612,0.015561,123718,0,0.4735,1.9608
121030241002,Pinellas,905,0.000000,0,1,1.1085,0.0000,0.000000,0,3,1.7495,0.0000
121030241003,Pinellas,2546,0.000000,0,0,0.4686,0.0000,0.000000,0,0,0.4524,0.0000
121030242011,Pinellas,736,0.028953,80129,0,0.5084,5.3209,0.000000,0,1,0.9052,0.0000
121030242012,Pinellas,1240,0.000000,0,1,1.1699,0.0000,0.000000,0,0,0.4692,0.0000
121030242013,Pinellas,992,0.000000,0,0,0.4870,0.0000,0.000000,0,0,0.4671,0.0000
121030242021,Pinellas,1821,0.000000,0,0,0.4794,0.0000,0.000000,0,0,0.4610,0.0000
121030242022,Pinellas,1179,0.000000,0,0,0.4783,0.0000,0.000000,0,0,0.4601,0.0000
121030243011,Pinellas,1862,0.000000,0,0,0.4360,0.0000,0.000000,0,0,0.4277,0.0000
121030243012,Pinellas,1370,0.050824,261821,0,0.5223,1.6732,0.000000,0,1,0.9244,0.0000
121030243013,Pinellas,1554,0.000000,0,2,1.6726,0.0000,0.009576,63883,1,0.8770,8.8718
121030243021,Pinellas,1103,0.000000,0,0,0.4825,0.0000,0.000000,0,0,0.4635,0.0000
121030243022,Pinellas,1790,0.010879,73227,0,0.5120,5.8645,0.000000,0,0,0.4637,0.0000
121030243023,Pinellas,725,0.000000,0,0,0.5003,0.0000,0.000000,0,1,0.9404,0.0000
121030243024,Pinellas,804,0.000000,0,5,3.9967,0.0000,0.000000,0,0,0.4803,0.0000
121030244031,Pinellas,1098,0.000000,0,1,1.0718,0.0000,0.165171,778556,1,0.8918,0.5532
121030244032,Pinellas,1748,0.000000,0,0,0.4579,0.0000,0.000000,0,0,0.4441,0.0000
121030244033,Pinellas,1685,0.016797,106427,0,0.4998,3.9386,0.000000,0,2,1.3270,0.0000
121030244061,Pinellas,1603,0.000000,0,0,0.5095,0.0000,0.005668,39005,0,0.4992,6.5576
121030244062,Pinellas,2732,0.008088,83086,1,1.2007,13.6269,0.008088,94856,0,0.4693,2.5347
121030244063,Pinellas,1559,0.000000,0,3,2.4958,0.0000,0.000000,0,0,0.4637,0.0000
121030244081,Pinellas,1258,0.000000,0,0,0.4503,0.0000,0.020725,111928,2,1.3273,5.4360
121030244082,Pinellas,1426,0.000000,0,8,5.5211,0.0000,0.048335,295895,1,0.9001,1.9660
121030244083,Pinellas,1398,0.000000,0,1,1.0976,0.0000,0.000000,0,4,2.1660,0.0000
121030244091,Pinellas,1537,0.000000,0,0,0.4552,0.0000,0.000000,0,0,0.4421,0.0000
121030244092,Pinellas,1385,0.000000,0,0,0.2928,0.0000,0.000000,0,0,0.3306,0.0000
121030244101,Pinellas,2095,0.013740,108243,1,1.1589,8.3470,0.000000,0,0,0.4402,0.0000
121030244102,Pinellas,1822,0.026445,181176,2,1.9317,7.7872,0.000000,0,0,0.4609,0.0000
121030244111,Pinellas,1075,0.000000,0,0,0.4344,0.0000,0.000000,0,0,0.4265,0.0000
121030244112,Pinellas,735,0.000000,0,0,0.4525,0.0000,0.000000,0,2,1.2904,0.0000
121030244113,Pinellas,1190,0.000000,0,1,1.1328,0.0000,0.000000,0,0,0.4567,0.0000
121030244114,Pinellas,1181,0.000000,0,0,0.2928,0.0000,0.000000,0,0,0.3306,0.0000
121030244121,Pinellas,625,0.063158,148430,4,3.6065,22.1025,0.000000,0,1,0.9781,0.0000
121030244122,Pinellas,3072,0.000000,0,0,0.5275,0.0000,0.000000,0,0,0.5023,0.0000
121030244123,Pinellas,1426,0.000000,0,1,1.2444,0.0000,0.000000,0,0,0.4961,0.0000
121030244131,Pinellas,1145,0.000000,0,0,0.4634,0.0000,0.000000,0,0,0.4484,0.0000
121030244132,Pinellas,1336,0.000000,0,0,0.4480,0.0000,0.000000,0,1,0.8585,0.0000
121030244133,Pinellas,1217,0.000000,0,0,0.4698,0.0000,0.000000,0,1,0.8915,0.0000
121030244134,Pinellas,1237,0.000000,0,1,1.1045,0.0000,0.073203,388733,1,0.9108,1.1315
121030245051,Pinellas,872,0.077491,254086,7,5.4482,19.0435,0.000000,0,6,3.1092,0.0000
121030245052,Pinellas,2576,0.029081,281691,2,1.9358,6.0479,0.000000,0,1,0.9063,0.0000
121030245053,Pinellas,1428,0.000000,0,1,1.1076,0.0000,0.000000,0,3,1.7485,0.0000
121030245054,Pinellas,2556,0.000000,0,0,0.4671,0.0000,0.000000,0,2,1.3233,0.0000
121030245071,Pinellas,2153,0.010007,81015,0,0.4136,4.2811,0.000000,0,0,0.3878,0.0000
121030245072,Pinellas,1035,0.000000,0,0,0.4527,0.0000,0.000000,0,0,0.4402,0.0000
121030245073,Pinellas,587,0.000000,0,0,0.4528,0.0000,0.000000,0,0,0.4402,0.0000
121030245081,Pinellas,2149,0.000000,0,0,0.4913,0.0000,0.000000,0,1,0.9255,0.0000
121030245082,Pinellas,406,0.000000,0,0,0.4678,0.0000,0.000000,0,1,0.8883,0.0000
121030245083,Pinellas,1962,0.000000,0,3,2.5008,0.0000,0.032508,273805,2,1.4077,2.3567
121030245091,Pinellas,1665,0.056144,351505,11,7.8661,28.3818,0.000000,0,0,0.4360,0.0000
121030245092,Pinellas,1644,0.000000,0,0,0.2928,0.0000,0.000000,0,0,0.3306,0.0000
121030245101,Pinellas,1026,0.000000,0,0,0.4978,0.0000,0.000000,0,0,0.4761,0.0000
121030245102,Pinellas,1039,0.021236,82964,1,1.2543,11.7860,0.000000,0,1,0.9337,0.0000
121030245103,Pinellas,2739,0.372727,3838813,0,0.5328,0.1164,0.000000,0,1,0.9317,0.0000
121030245104,Pinellas,109,0.000000,0,10,6.7803,0.0000,0.000000,0,5,2.5777,0.0000
121030245121,Pinellas,1094,0.000000,0,0,0.4503,0.0000,0.000000,0,1,0.8620,0.0000
121030245122,Pinellas,1850,0.000000,0,4,3.1218,0.0000,0.000000,0,4,2.2294,0.0000
121030245141,Pinellas,2086,0.005579,43759,4,3.2978,58.8822,0.000000,0,0,0.4569,0.0000
121030245142,Pinellas,2265,0.021802,185688,2,1.9374,9.1825,0.000000,0,3,1.8021,0.0000
121030245143,Pinellas,1256,0.012837,60627,7,5.6020,82.0639,0.014121,76138,3,1.8989,14.3629
121030245151,Pinellas,528,0.000000,0,6,4.4765,0.0000,0.000000,0,1,0.9064,0.0000
121030245152,Pinellas,1163,0.000000,0,0,0.4753,0.0000,0.000000,0,2,1.3424,0.0000
121030245161,Pinellas,918,0.000000,0,1,1.1123,0.0000,0.000000,0,2,1.3196,0.0000
121030245162,Pinellas,1257,0.000000,0,0,0.3308,0.0000,0.000000,0,0,0.3554,0.0000
121030245171,Pinellas,0,0.000000,0,0,0.4217,0.0000,0.000000,0,0,0.4173,0.0000
121030245172,Pinellas,3166,0.030398,361888,1,0.7916,1.7054,0.000000,0,0,0.3306,0.0000
121030245181,Pinellas,1598,0.025417,152727,0,0.4564,2.5062,0.000000,0,0,0.4173,0.0000
121030245182,Pinellas,0,0.000000,0,1,1.1016,0.0000,0.000000,0,0,0.4464,0.0000
121030245191,Pinellas,2608,0.000000,0,1,1.0956,0.0000,0.017960,201077,1,0.9035,2.9040
121030245192,Pinellas,1321,0.000000,0,7,5.0264,0.0000,0.000000,0,1,0.8894,0.0000
121030246011,Pinellas,1608,0.000000,0,2,1.8640,0.0000,0.000000,0,0,0.4722,0.0000
121030246012,Pinellas,878,0.000000,0,1,1.1942,0.0000,0.000000,0,0,0.4777,0.0000
121030246013,Pinellas,977,0.055762,204855,4,3.2850,12.5292,0.000000,0,6,3.0720,0.0000
121030246014,Pinellas,636,0.114035,272715,0,0.5285,1.6253,0.000000,0,1,0.9352,0.0000
121030246031,Pinellas,1006,0.055449,209753,7,5.3580,25.3865,0.000000,0,2,1.3216,0.0000
121030246032,Pinellas,2554,0.000000,0,0,0.4922,0.0000,0.005892,64604,2,1.4228,10.0959
121030246041,Pinellas,499,0.000000,0,6,4.6680,0.0000,0.048387,103654,2,1.4434,6.3834
121030246042,Pinellas,794,0.000000,0,14,10.0323,0.0000,0.000000,0,4,2.2865,0.0000
121030246043,Pinellas,1210,0.000000,0,3,2.4708,0.0000,0.000000,0,3,1.7929,0.0000
121030247011,Pinellas,842,0.000000,0,2,1.6977,0.0000,0.000000,0,2,1.2831,0.0000
121030247012,Pinellas,1023,0.026820,103168,6,4.3942,44.4724,0.000000,0,5,2.5014,0.0000
121030247013,Pinellas,1139,0.000000,0,0,0.4415,0.0000,0.000000,0,3,1.6835,0.0000
121030247021,Pinellas,934,0.000000,0,0,0.3774,0.0000,0.000000,0,1,0.7599,0.0000
121030247022,Pinellas,1433,0.000000,0,1,1.0327,0.0000,0.000000,0,1,0.8354,0.0000
121030247031,Pinellas,1584,0.000000,0,5,3.4727,0.0000,0.000000,0,0,0.4283,0.0000
121030247032,Pinellas,791,0.000000,0,0,0.4463,0.0000,0.000000,0,0,0.4353,0.0000
121030247033,Pinellas,966,0.000000,0,0,0.4463,0.0000,0.000000,0,0,0.4353,0.0000
121030248011,Pinellas,1823,0.000000,0,0,0.4669,0.0000,0.000000,0,0,0.4511,0.0000
121030248012,Pinellas,2254,0.000000,0,0,0.4601,0.0000,0.000000,0,0,0.4458,0.0000
121030248031,Pinellas,1156,0.000000,0,3,2.4020,0.0000,0.000000,0,3,1.7520,0.0000
121030248032,Pinellas,835,0.000000,0,2,1.7971,0.0000,0.000000,0,0,0.4578,0.0000
121030248041,Pinellas,2936,0.005047,55717,1,1.2181,17.0432,0.000000,0,1,0.9090,0.0000
121030248051,Pinellas,1626,0.000000,0,1,1.1232,0.0000,0.028916,201841,0,0.4685,1.1893
121030248052,Pinellas,1238,0.000000,0,0,0.4700,0.0000,0.033493,178003,0,0.4684,1.3481
121030249011,Pinellas,1684,0.000000,0,0,0.4533,0.0000,0.020115,145417,1,0.8951,2.9725
121030249012,Pinellas,2172,0.000000,0,3,2.3226,0.0000,0.040187,374714,2,1.3293,1.6262
121030249013,Pinellas,2159,0.000000,0,1,1.1096,0.0000,0.000000,0,1,0.8830,0.0000
121030249041,Pinellas,1770,0.011579,77065,5,3.5962,40.2062,0.043158,327936,0,0.4310,0.6734
121030249042,Pinellas,1191,0.000000,0,0,0.4392,0.0000,0.000000,0,1,0.8457,0.0000
121030249043,Pinellas,689,0.000000,0,0,0.4518,0.0000,0.019774,58488,0,0.4529,3.9671
121030249051,Pinellas,1846,0.000000,0,0,0.4741,0.0000,0.087112,690344,0,0.4733,0.3513
121030249052,Pinellas,1097,0.000000,0,0,0.4376,0.0000,0.000000,0,1,0.8433,0.0000
121030249053,Pinellas,729,0.000000,0,0,0.4617,0.0000,0.000000,0,0,0.4471,0.0000
121030249054,Pinellas,2133,0.000000,0,1,1.0471,0.0000,0.027586,252603,1,0.8739,2.2357
121030249055,Pinellas,970,0.000000,0,0,0.4427,0.0000,0.000000,0,0,0.4327,0.0000
121030249061,Pinellas,1982,0.000000,0,1,1.0846,0.0000,0.021978,187002,0,0.4559,1.2489
121030249062,Pinellas,1295,0.000000,0,0,0.4615,0.0000,0.000000,0,0,0.4469,0.0000
121030249063,Pinellas,442,0.000000,0,3,2.4028,0.0000,0.000000,0,4,2.1868,0.0000
121030249071,Pinellas,1967,0.000000,0,4,3.1041,0.0000,0.032877,277618,2,1.3828,2.2833
121030249072,Pinellas,1927,0.027225,197272,3,2.6752,13.0877,0.000000,0,1,0.9170,0.0000
121030249081,Pinellas,872,0.000000,0,6,4.5086,0.0000,0.112941,422789,3,1.8704,1.9362
121030249082,Pinellas,2559,0.011668,112272,1,1.2137,10.1937,0.000000,0,0,0.4592,0.0000
121030250041,Pinellas,1116,0.049587,208086,1,1.1747,4.4011,0.000000,0,3,1.7318,0.0000
121030250042,Pinellas,1427,0.000000,0,0,0.2955,0.0000,0.000000,0,0,0.3324,0.0000
121030250043,Pinellas,4145,0.000000,0,0,0.4475,0.0000,0.000000,0,2,1.2794,0.0000
121030250071,Pinellas,1090,0.000000,0,1,1.0609,0.0000,0.046809,219031,0,0.4485,1.0492
121030250072,Pinellas,2170,0.004871,39748,0,0.4723,9.9645,0.000000,0,1,0.8501,0.0000
121030250073,Pinellas,1429,0.000000,0,1,1.1415,0.0000,0.000000,0,1,0.9037,0.0000
121030250091,Pinellas,1587,0.000000,0,0,0.4476,0.0000,0.000000,0,3,1.7014,0.0000
121030250092,Pinellas,1828,0.012358,84948,3,2.5679,20.8183,0.006179,48491,3,1.8077,26.6209
121030250111,Pinellas,2432,0.010169,92999,3,2.5334,18.7610,0.000000,0,1,0.8744,0.0000
121030250112,Pinellas,1219,0.000000,0,1,1.0247,0.0000,0.000000,0,0,0.4224,0.0000
121030250113,Pinellas,1746,0.021583,141698,0,0.4770,2.8231,0.000000,0,1,0.8520,0.0000
121030250121,Pinellas,660,0.000000,0,0,0.4425,0.0000,0.000000,0,0,0.4325,0.0000
121030250122,Pinellas,1794,0.000000,0,0,0.4612,0.0000,0.011547,88932,0,0.4606,2.6538
121030250123,Pinellas,1272,0.000000,0,0,0.4609,0.0000,0.000000,0,0,0.4464,0.0000
121030250124,Pinellas,1378,0.018018,93362,0,0.4915,4.4153,0.000000,0,1,0.8767,0.0000
121030250131,Pinellas,2201,0.000000,0,0,0.3387,0.0000,0.000000,0,0,0.3606,0.0000
121030250132,Pinellas,1919,0.000000,0,0,0.3490,0.0000,0.000000,0,0,0.3674,0.0000
121030250133,Pinellas,871,0.032448,106273,5,3.6372,33.5875,0.000000,0,1,0.8238,0.0000
121030250141,Pinellas,2784,0.000000,0,4,2.9406,0.0000,0.000000,0,4,2.1255,0.0000
121030250142,Pinellas,2106,0.000000,0,2,1.5979,0.0000,0.000000,0,1,0.8221,0.0000
121030250151,Pinellas,1656,0.000000,0,1,1.0079,0.0000,0.000000,0,1,0.8207,0.0000
121030250152,Pinellas,1138,0.000000,0,0,0.4243,0.0000,0.000000,0,0,0.4192,0.0000
121030250161,Pinellas,2107,0.005280,41831,1,1.0821,24.3916,0.000000,0,0,0.4173,0.0000
121030250171,Pinellas,1551,0.000000,0,0,0.3761,0.0000,0.012640,84165,1,0.7844,6.0229
121030250172,Pinellas,631,0.000000,0,0,0.3761,0.0000,0.000000,0,0,0.3856,0.0000
121030250173,Pinellas,723,0.000000,0,2,1.7017,0.0000,0.000000,0,0,0.4383,0.0000
121030250181,Pinellas,1255,0.055238,260673,4,3.2693,9.7990,0.028571,153933,1,0.9124,2.8624
121030250182,Pinellas,1164,0.000000,0,2,1.7477,0.0000,0.036320,181489,4,2.2500,6.7968
121030250191,Pinellas,645,0.017986,43621,2,1.7282,40.7994,0.000000,0,1,0.8271,0.0000
121030250192,Pinellas,1682,0.000000,0,0,0.4299,0.0000,0.172205,1243448,2,1.2910,0.4760
121030250201,Pinellas,566,0.000000,0,0,0.4574,0.0000,0.000000,0,0,0.4437,0.0000
121030250202,Pinellas,2551,0.074148,711255,2,1.9111,2.3648,0.000000,0,2,1.3292,0.0000
121030250211,Pinellas,703,0.027027,71444,1,1.1543,12.5952,0.000000,0,2,1.2891,0.0000
121030250212,Pinellas,2131,0.000000,0,3,2.2080,0.0000,0.026954,246584,1,0.8578,1.6800
121030251061,Pinellas,1444,0.079324,430709,0,0.4651,0.9057,0.000000,0,0,0.4217,0.0000
121030251062,Pinellas,1172,0.000000,0,0,0.4360,0.0000,0.000000,0,2,1.2544,0.0000
121030251071,Pinellas,810,0.000000,0,1,1.1526,0.0000,0.056757,197359,0,0.4783,1.2418
121030251072,Pinellas,1620,0.000000,0,0,0.4278,0.0000,0.000000,0,0,0.4217,0.0000
121030251073,Pinellas,1760,0.000000,0,0,0.4772,0.0000,0.006570,49642,0,0.4726,4.8771
121030251081,Pinellas,1287,0.000000,0,2,1.6613,0.0000,0.000000,0,0,0.4303,0.0000
121030251082,Pinellas,1119,0.000000,0,1,1.0576,0.0000,0.014414,69244,1,0.8772,6.1178
121030251091,Pinellas,902,0.065891,223486,2,1.7901,5.8499,0.000000,0,2,1.2601,0.0000
121030251092,Pinellas,1515,0.000000,0,1,1.1608,0.0000,0.000000,0,1,0.9165,0.0000
121030251093,Pinellas,1426,0.000000,0,3,2.1871,0.0000,0.000000,0,1,0.8225,0.0000
121030251101,Pinellas,1468,0.046484,256592,1,1.0413,3.1637,0.000000,0,0,0.4010,0.0000
121030251102,Pinellas,991,0.160305,597359,1,1.0005,1.3057,0.000000,0,2,1.1355,0.0000
121030251103,Pinellas,1011,0.000000,0,0,0.3204,0.0000,0.000000,0,0,0.3486,0.0000
121030251104,Pinellas,1922,0.051724,373818,0,0.3643,0.8174,0.000000,0,0,0.3517,0.0000
121030251111,Pinellas,767,0.000000,0,3,2.5110,0.0000,0.000000,0,1,0.9165,0.0000
121030251112,Pinellas,810,0.070922,216013,2,1.9558,6.6126,0.000000,0,3,1.8174,0.0000
121030251113,Pinellas,401,0.000000,0,1,1.1620,0.0000,0.000000,0,0,0.4665,0.0000
121030251114,Pinellas,569,0.000000,0,1,1.0496,0.0000,0.000000,0,1,0.8457,0.0000
121030251121,Pinellas,1366,0.000000,0,4,3.0779,0.0000,0.000000,0,3,1.7660,0.0000
121030251122,Pinellas,2076,0.000000,0,0,0.4569,0.0000,0.000000,0,1,0.8718,0.0000
121030251131,Pinellas,1301,0.000000,0,0,0.4526,0.0000,0.000000,0,0,0.4401,0.0000
121030251132,Pinellas,730,0.000000,0,0,0.4428,0.0000,0.000000,0,0,0.4327,0.0000
121030251133,Pinellas,1221,0.000000,0,1,1.0767,0.0000,0.000000,0,2,1.2861,0.0000
121030251141,Pinellas,2560,0.000000,0,1,1.0866,0.0000,0.000000,0,0,0.4417,0.0000
121030251142,Pinellas,918,0.000000,0,1,1.0889,0.0000,0.000000,0,1,0.8699,0.0000
121030251151,Pinellas,1547,0.018036,104917,0,0.4545,3.6331,0.042084,279489,0,0.4318,0.7915
121030251152,Pinellas,1573,0.011851,70094,3,2.4019,33.0720,0.000000,0,4,2.0689,0.0000
121030251161,Pinellas,774,0.008048,23424,0,0.4263,15.2619,0.000000,0,0,0.3993,0.0000
121030251162,Pinellas,1153,0.000000,0,0,0.4326,0.0000,0.073741,365000,0,0.4407,0.6186
121030251191,Pinellas,2339,0.000000,0,0,0.4308,0.0000,0.010989,110343,0,0.4380,2.0335
121030251192,Pinellas,1211,0.032200,146629,1,1.1134,5.9198,0.000000,0,1,0.8349,0.0000
121030251193,Pinellas,2525,0.000000,0,0,0.4289,0.0000,0.000000,0,0,0.4225,0.0000
121030251201,Pinellas,985,0.000000,0,0,0.4584,0.0000,0.000000,0,0,0.4445,0.0000
121030251202,Pinellas,876,0.000000,0,0,0.4301,0.0000,0.000000,0,0,0.4234,0.0000
121030251203,Pinellas,1895,0.000000,0,0,0.4013,0.0000,0.000000,0,0,0.4029,0.0000
121030251211,Pinellas,2663,0.015398,154185,0,0.4454,2.4225,0.000000,0,0,0.4091,0.0000
121030251212,Pinellas,2425,0.008786,80115,0,0.4115,4.3080,0.000000,0,0,0.3864,0.0000
121030251221,Pinellas,1619,0.000000,0,0,0.3725,0.0000,0.000000,0,1,0.7534,0.0000
121030251222,Pinellas,1868,0.000000,0,0,0.4055,0.0000,0.000000,0,0,0.4058,0.0000
121030251223,Pinellas,1439,0.000000,0,0,0.4223,0.0000,0.000000,0,0,0.4178,0.0000
121030251231,Pinellas,995,0.006593,24669,0,0.4422,15.0349,0.000000,0,1,0.8076,0.0000
121030251232,Pinellas,627,0.000000,0,0,0.4124,0.0000,0.067797,182486,0,0.4252,1.1938
121030252041,Pinellas,1746,0.016069,105500,1,0.8979,8.0251,0.000000,0,0,0.3617,0.0000
121030252042,Pinellas,1264,0.000000,0,2,1.5724,0.0000,0.000000,0,1,0.8126,0.0000
121030252051,Pinellas,1060,0.000000,0,0,0.4197,0.0000,0.000000,0,0,0.4159,0.0000
121030252052,Pinellas,1461,0.000000,0,0,0.4238,0.0000,0.000000,0,0,0.4188,0.0000
121030252053,Pinellas,620,0.000000,0,0,0.4197,0.0000,0.000000,0,0,0.4159,0.0000
121030252054,Pinellas,945,0.000000,0,1,0.9319,0.0000,0.033195,134667,0,0.4090,1.5560
121030252071,Pinellas,1986,0.000000,0,0,0.4361,0.0000,0.000000,0,0,0.4278,0.0000
121030252072,Pinellas,1474,0.033835,187531,1,1.1454,4.7617,0.000000,0,2,1.2743,0.0000
121030252073,Pinellas,2735,0.006878,70730,0,0.4858,5.7602,0.000000,0,0,0.4418,0.0000
121030252074,Pinellas,971,0.000000,0,0,0.4256,0.0000,0.000000,0,0,0.4201,0.0000
121030252081,Pinellas,565,0.000000,0,0,0.4223,0.0000,0.000000,0,0,0.4177,0.0000
121030252082,Pinellas,868,0.092000,300276,0,0.4540,1.2681,0.000000,0,0,0.4141,0.0000
121030252091,Pinellas,2031,0.000000,0,0,0.4373,0.0000,0.018568,161891,0,0.4432,1.4026
121030252092,Pinellas,577,0.057851,125517,1,1.0860,6.7450,0.000000,0,0,0.4162,0.0000
121030252093,Pinellas,1805,0.000000,0,0,0.4400,0.0000,0.008945,69309,1,0.8735,6.0860
121030252094,Pinellas,457,0.000000,0,2,1.5167,0.0000,0.000000,0,1,0.7922,0.0000
121030252101,Pinellas,1449,0.000000,0,0,0.4493,0.0000,0.000000,0,0,0.4376,0.0000
121030252102,Pinellas,2072,0.000000,0,0,0.4341,0.0000,0.000000,0,0,0.4263,0.0000
121030252111,Pinellas,983,0.000000,0,0,0.4504,0.0000,0.016563,69896,1,0.8889,6.1415
121030252112,Pinellas,1053,0.000000,0,0,0.3833,0.0000,0.000000,0,0,0.3905,0.0000
121030253031,Pinellas,1857,0.000000,0,1,1.0760,0.0000,0.000000,0,0,0.4383,0.0000
121030253032,Pinellas,1571,0.034079,201314,1,1.1337,5.3102,0.000000,0,1,0.8465,0.0000
121030253033,Pinellas,1019,0.027174,104121,0,0.4891,3.9399,0.000000,0,1,0.8725,0.0000
121030253051,Pinellas,772,0.000000,0,0,0.4651,0.0000,0.000000,0,1,0.8842,0.0000
121030253052,Pinellas,2048,0.039593,304901,3,2.5656,8.1209,0.000000,0,0,0.4472,0.0000
121030253071,Pinellas,2015,0.000000,0,0,0.4323,0.0000,0.000000,0,1,0.8358,0.0000
121030253072,Pinellas,2687,0.000000,0,1,1.0816,0.0000,0.000000,0,0,0.4401,0.0000
121030253091,Pinellas,928,0.031963,111536,2,1.7328,13.6731,0.000000,0,2,1.2304,0.0000
121030253092,Pinellas,1257,0.023762,112315,1,1.1224,9.4233,0.000000,0,1,0.8417,0.0000
121030253101,Pinellas,1304,0.013487,66134,3,2.4651,35.9744,0.000000,0,0,0.4348,0.0000
121030253111,Pinellas,1121,0.000000,0,1,1.0916,0.0000,0.000000,0,1,0.8716,0.0000
121030253112,Pinellas,499,0.000000,0,1,1.0144,0.0000,0.000000,0,0,0.4193,0.0000
121030253113,Pinellas,2286,0.000000,0,3,2.1942,0.0000,0.000000,0,1,0.8245,0.0000
121030254011,Pinellas,1380,0.000000,0,0,0.4729,0.0000,0.000000,0,1,0.8962,0.0000
121030254012,Pinellas,1759,0.043590,288313,2,1.8754,4.7507,0.000000,0,1,0.8795,0.0000
121030254013,Pinellas,1773,0.049881,332552,0,0.4584,1.1561,0.011876,90396,0,0.4309,2.4422
121030254071,Pinellas,1522,0.000000,0,0,0.4494,0.0000,0.000000,0,0,0.4377,0.0000
121030254072,Pinellas,1199,0.000000,0,3,2.2020,0.0000,0.000000,0,4,2.0454,0.0000
121030254073,Pinellas,2223,0.000000,0,0,0.4269,0.0000,0.000000,0,0,0.4211,0.0000
121030254111,Pinellas,2036,0.000000,0,1,1.0179,0.0000,0.002874,25116,4,2.1047,45.9414
121030254121,Pinellas,1244,0.000000,0,2,1.7435,0.0000,0.000000,0,2,1.3101,0.0000
121030254122,Pinellas,1112,0.000000,0,0,0.4498,0.0000,0.000000,0,0,0.4379,0.0000
121030254123,Pinellas,2100,0.078555,620304,0,0.5026,0.6795,0.000000,0,0,0.4510,0.0000
121030254131,Pinellas,1360,0.000000,0,1,1.1345,0.0000,0.000000,0,1,0.8991,0.0000
121030254132,Pinellas,901,0.047170,159810,7,5.5617,30.9087,0.000000,0,1,0.9195,0.0000
121030254133,Pinellas,1595,0.026316,157830,0,0.5063,2.6906,0.000000,0,1,0.8989,0.0000
121030254141,Pinellas,787,0.000000,0,0,0.4669,0.0000,0.213389,720945,0,0.4676,0.3323
121030254142,Pinellas,1759,0.000000,0,0,0.4698,0.0000,0.000000,0,2,1.3296,0.0000
121030254151,Pinellas,887,0.000000,0,6,4.3726,0.0000,0.000000,0,6,3.0736,0.0000
121030254152,Pinellas,445,0.000000,0,0,0.4407,0.0000,0.000000,0,1,0.8479,0.0000
121030254153,Pinellas,1202,0.060383,272918,3,2.5606,6.4616,0.000000,0,0,0.4467,0.0000
121030254161,Pinellas,1567,0.010449,61570,1,1.0944,13.8567,0.000000,0,0,0.4204,0.0000
121030254162,Pinellas,2242,0.000000,0,2,1.6968,0.0000,0.008824,84924,0,0.4511,2.7217
121030254171,Pinellas,793,0.000000,0,0,0.4508,0.0000,0.000000,0,2,1.2868,0.0000
121030254172,Pinellas,1527,0.000000,0,3,2.3306,0.0000,0.000000,0,0,0.4387,0.0000
121030254181,Pinellas,919,0.000000,0,0,0.4784,0.0000,0.000000,0,1,0.9049,0.0000
121030254182,Pinellas,2032,0.000000,0,1,1.1643,0.0000,0.037500,327122,1,0.9498,1.4021
121030254191,Pinellas,2174,0.000000,0,0,0.4499,0.0000,0.009605,89643,1,0.8887,6.4070
121030254192,Pinellas,1744,0.000000,0,0,0.4692,0.0000,0.000000,0,1,0.8905,0.0000
121030254193,Pinellas,520,0.000000,0,5,3.6271,0.0000,0.000000,0,9,4.2950,0.0000
121030254201,Pinellas,1150,0.000000,0,0,0.4817,0.0000,0.000000,0,0,0.4629,0.0000
121030254202,Pinellas,887,0.000000,0,0,0.2928,0.0000,0.000000,0,0,0.3306,0.0000
121030254211,Pinellas,1973,0.026932,199807,0,0.4998,2.0978,0.000000,0,0,0.4511,0.0000
121030254212,Pinellas,1472,0.000000,0,0,0.4603,0.0000,0.000000,0,0,0.4460,0.0000
121030255011,Pinellas,1804,0.000000,0,0,0.4673,0.0000,0.000000,0,1,0.8876,0.0000
121030255012,Pinellas,1575,0.000000,0,1,1.1489,0.0000,0.000000,0,0,0.4620,0.0000
121030255013,Pinellas,839,0.000000,0,0,0.4803,0.0000,0.000000,0,2,1.3542,0.0000
121030255051,Pinellas,275,0.000000,0,3,2.3366,0.0000,0.000000,0,0,0.4396,0.0000
121030255052,Pinellas,1934,0.018158,132052,2,1.7520,11.6765,0.000000,0,1,0.8318,0.0000
121030255071,Pinellas,2199,0.000000,0,0,0.4563,0.0000,0.000000,0,0,0.4429,0.0000
121030255072,Pinellas,1190,0.119850,536290,0,0.4756,0.7437,0.000000,0,0,0.4293,0.0000
121030255081,Pinellas,629,0.000000,0,0,0.4494,0.0000,0.000000,0,0,0.4377,0.0000
121030255082,Pinellas,726,0.000000,0,6,4.0924,0.0000,0.074733,232919,2,1.3031,3.4024
121030255091,Pinellas,1962,0.000000,0,0,0.4531,0.0000,0.000000,0,0,0.4404,0.0000
121030255092,Pinellas,1715,0.000000,0,4,2.8886,0.0000,0.000000,0,2,1.2638,0.0000
121030255101,Pinellas,1163,0.000000,0,0,0.4633,0.0000,0.000000,0,1,0.8815,0.0000
121030255102,Pinellas,1291,0.018487,89746,0,0.4910,4.5880,0.000000,0,0,0.4455,0.0000
121030255103,Pinellas,649,0.000000,0,0,0.4580,0.0000,0.000000,0,0,0.4442,0.0000
121030256021,Pinellas,732,0.000000,0,1,1.0684,0.0000,0.053908,169403,0,0.4506,1.3628
121030256022,Pinellas,1560,0.000000,0,1,1.0697,0.0000,0.000000,0,3,1.7013,0.0000
121030256023,Pinellas,901,0.057432,194579,0,0.4942,2.1300,0.047297,182943,0,0.4613,1.2919
121030256031,Pinellas,1106,0.000000,0,7,4.8739,0.0000,0.013861,65814,0,0.4549,3.5413
121030256032,Pinellas,1113,0.053763,225007,2,1.8495,6.0033,0.041219,196944,1,0.8988,2.2039
121030256041,Pinellas,1552,0.000000,0,2,1.7210,0.0000,0.000000,0,2,1.2967,0.0000
121030257001,Pinellas,1578,0.000000,0,0,0.2928,0.0000,0.000000,0,0,0.3306,0.0000
121030257002,Pinellas,1007,0.000000,0,0,0.4160,0.0000,0.000000,0,0,0.4132,0.0000
121030257003,Pinellas,1613,0.042460,257529,0,0.4643,1.5121,0.000000,0,1,0.8301,0.0000
121030258001,Pinellas,1388,0.000000,0,0,0.4648,0.0000,0.014797,88167,0,0.4634,2.6930
121030258002,Pinellas,1224,0.000000,0,1,1.1045,0.0000,0.000000,0,2,1.3122,0.0000
121030258003,Pinellas,1394,0.000000,0,0,0.4533,0.0000,0.137324,821796,1,0.8993,0.5284
121030259011,Pinellas,687,0.000000,0,8,5.5739,0.0000,0.000000,0,6,3.0300,0.0000
121030259012,Pinellas,512,0.000000,0,1,1.0701,0.0000,0.000000,0,2,1.2800,0.0000
121030259013,Pinellas,2537,0.012203,116417,4,3.2280,25.2233,0.000000,0,0,0.4459,0.0000
121030259021,Pinellas,992,0.000000,0,1,1.0190,0.0000,0.049887,212447,0,0.4355,1.0502
121030259022,Pinellas,1342,0.028302,142818,5,3.8108,16.5976,0.000000,0,5,2.5379,0.0000
121030260011,Pinellas,1055,0.034056,135100,0,0.4173,2.5906,0.000000,0,0,0.3893,0.0000
121030260012,Pinellas,1084,0.118132,481515,0,0.4729,0.8237,0.000000,0,0,0.4275,0.0000
121030260013,Pinellas,644,0.044643,108106,0,0.4716,3.6585,0.000000,0,0,0.4296,0.0000
121030260031,Pinellas,606,0.068670,156477,3,2.4028,10.5752,0.008584,22331,1,0.8568,18.5287
121030260032,Pinellas,827,0.000000,0,1,0.9869,0.0000,0.045603,161901,0,0.4254,1.3464
121030260041,Pinellas,856,0.000000,0,0,0.2928,0.0000,0.000000,0,0,0.3306,0.0000
121030261011,Pinellas,1162,0.000000,0,0,0.4002,0.0000,0.000000,0,0,0.4021,0.0000
121030261012,Pinellas,1414,0.005502,29254,3,2.2737,53.5262,0.000000,0,3,1.5931,0.0000
121030261021,Pinellas,1258,0.024902,117794,2,1.6889,12.6186,0.013106,70780,1,0.8340,5.6903
121030262001,Pinellas,1361,0.083885,429296,2,1.7614,2.9967,0.000000,0,0,0.4224,0.0000
121030262002,Pinellas,1040,0.000000,0,0,0.4323,0.0000,0.000000,0,1,0.8357,0.0000
121030263001,Pinellas,1499,0.000000,0,1,1.0326,0.0000,0.000000,0,2,1.2460,0.0000
121030263002,Pinellas,517,0.000000,0,2,1.6325,0.0000,0.000000,0,1,0.8351,0.0000
121030263003,Pinellas,1869,0.000000,0,0,0.4123,0.0000,0.030086,241395,0,0.4255,0.9031
121030263004,Pinellas,2185,0.000000,0,0,0.4183,0.0000,0.000000,0,0,0.4149,0.0000
121030263005,Pinellas,798,0.000000,0,0,0.4512,0.0000,0.000000,0,0,0.4390,0.0000
121030263006,Pinellas,807,0.000000,0,4,2.9453,0.0000,0.000000,0,3,1.7055,0.0000
121030264011,Pinellas,837,0.120527,379336,3,2.5833,6.5725,0.000000,0,0,0.4496,0.0000
121030264012,Pinellas,891,0.000000,0,0,0.4544,0.0000,0.000000,0,0,0.4414,0.0000
121030264013,Pinellas,1347,0.000000,0,1,1.1041,0.0000,0.000000,0,0,0.4473,0.0000
121030264021,Pinellas,1294,0.040340,196282,1,1.1753,4.6682,0.352442,1957836,0,0.4622,0.1210
121030264022,Pinellas,586,0.000000,0,0,0.4575,0.0000,0.000000,0,1,0.8728,0.0000
121030264023,Pinellas,1600,0.169734,1021181,3,2.6014,1.7544,0.000000,0,3,1.7562,0.0000
121030265011,Pinellas,1718,0.000000,0,2,1.8176,0.0000,0.000000,0,0,0.4622,0.0000
121030265012,Pinellas,1546,0.000000,0,3,2.3825,0.0000,0.000000,0,1,0.8778,0.0000
121030265021,Pinellas,851,0.000000,0,0,0.4056,0.0000,0.000000,0,1,0.7982,0.0000
121030265022,Pinellas,1702,0.000000,0,0,0.4408,0.0000,0.044188,322865,0,0.4467,0.7088
121030265023,Pinellas,1444,0.000000,0,0,0.4584,0.0000,0.000000,0,1,0.8741,0.0000
121030266011,Pinellas,959,0.028504,102785,0,0.5062,4.1304,0.000000,0,0,0.4579,0.0000
121030266012,Pinellas,1148,0.000000,0,0,0.4620,0.0000,0.000000,0,0,0.4472,0.0000
121030266013,Pinellas,1033,0.000000,0,5,3.8404,0.0000,0.048649,215738,4,2.3314,4.5375
121030266021,Pinellas,2132,0.024390,195532,0,0.4059,1.7411,0.000000,0,1,0.7486,0.0000
121030266022,Pinellas,2171,0.041899,342044,3,2.6724,8.6205,0.000000,0,8,4.0571,0.0000
121030267011,Pinellas,1359,0.000000,0,0,0.4291,0.0000,0.000000,0,0,0.4227,0.0000
121030267012,Pinellas,811,0.000000,0,0,0.4345,0.0000,0.000000,0,2,1.2511,0.0000
121030267013,Pinellas,810,0.000000,0,0,0.4363,0.0000,0.000000,0,1,0.8414,0.0000
121030267014,Pinellas,1253,0.014002,65973,0,0.4521,5.7479,0.000000,0,0,0.4159,0.0000
121030267031,Pinellas,1215,0.000000,0,0,0.4577,0.0000,0.000000,0,0,0.4440,0.0000
121030267032,Pinellas,1273,0.000000,0,0,0.4875,0.0000,0.000000,0,0,0.4676,0.0000
121030267033,Pinellas,1114,0.131462,550681,2,2.0225,3.2323,0.029542,141280,7,3.8428,10.3112
121030267034,Pinellas,901,0.037951,128575,7,5.4054,37.3375,0.000000,0,5,2.6560,0.0000
121030267035,Pinellas,2032,0.000000,0,3,2.5118,0.0000,0.000000,0,0,0.4662,0.0000
121030267041,Pinellas,368,0.000000,0,0,0.4642,0.0000,0.000000,0,1,0.8829,0.0000
121030267042,Pinellas,2270,0.014682,125320,0,0.4894,3.2755,0.000000,0,0,0.4435,0.0000
121030267043,Pinellas,957,0.000000,0,0,0.4824,0.0000,0.000000,0,0,0.4634,0.0000
121030267051,Pinellas,1027,0.000000,0,0,0.4232,0.0000,0.000000,0,0,0.4184,0.0000
121030267052,Pinellas,1814,0.000000,0,0,0.4445,0.0000,0.033405,260139,1,0.8832,1.6396
121030267053,Pinellas,576,0.000000,0,0,0.4445,0.0000,0.054913,135786,0,0.4484,1.6917
121030268041,Pinellas,1900,0.000000,0,1,1.0665,0.0000,0.000000,0,0,0.4353,0.0000
121030268042,Pinellas,1399,0.000000,0,1,1.1587,0.0000,0.000000,0,0,0.4654,0.0000
121030268043,Pinellas,1591,0.000000,0,1,1.1133,0.0000,0.000000,0,3,1.7557,0.0000
121030268091,Pinellas,826,0.000000,0,0,0.2928,0.0000,0.028249,100169,0,0.3432,1.7552
121030268092,Pinellas,1795,0.000000,0,1,1.0826,0.0000,0.000000,0,0,0.4404,0.0000
121030268111,Pinellas,725,0.000000,0,0,0.4507,0.0000,0.000000,0,0,0.4387,0.0000
121030268112,Pinellas,2485,0.000000,0,0,0.4520,0.0000,0.000000,0,0,0.4397,0.0000
121030268113,Pinellas,1650,0.029412,182481,1,1.1577,4.9460,0.000000,0,0,0.4386,0.0000
121030268114,Pinellas,1160,0.000000,0,1,1.1091,0.0000,0.000000,0,0,0.4489,0.0000
121030268121,Pinellas,1481,0.000000,0,0,0.4878,0.0000,0.000000,0,0,0.4678,0.0000
121030268122,Pinellas,753,0.000000,0,0,0.4472,0.0000,0.000000,0,0,0.4360,0.0000
121030268123,Pinellas,999,0.019817,74442,1,1.1603,12.1512,0.000000,0,1,0.8681,0.0000
121030268124,Pinellas,1372,0.018895,97482,4,3.3616,22.5180,0.033430,196901,1,0.9410,2.3079
121030268131,Pinellas,2055,0.000000,0,0,0.4848,0.0000,0.000000,0,0,0.4654,0.0000
121030268132,Pinellas,1976,0.000000,0,0,0.4689,0.0000,0.000000,0,2,1.3276,0.0000
121030268141,Pinellas,898,0.000000,0,1,1.0339,0.0000,0.000000,0,0,0.4252,0.0000
121030268142,Pinellas,1055,0.000000,0,1,1.0251,0.0000,0.000000,0,0,0.4226,0.0000
121030268151,Pinellas,1851,0.031496,219218,1,1.1733,4.1727,0.000000,0,0,0.4435,0.0000
121030268152,Pinellas,1654,0.077597,482608,0,0.4842,0.8414,0.000000,0,1,0.8581,0.0000
121030268153,Pinellas,1156,0.000000,0,0,0.4150,0.0000,0.000000,0,0,0.4125,0.0000
121030268161,Pinellas,1241,0.000000,0,0,0.3739,0.0000,0.000000,0,0,0.3841,0.0000
121030268162,Pinellas,1699,0.039054,249504,1,0.9930,3.1027,0.029805,217387,0,0.4012,0.9456
121030268163,Pinellas,2166,0.000000,0,1,1.0453,0.0000,0.000000,0,0,0.4287,0.0000
121030268164,Pinellas,1008,0.026455,100273,1,1.0063,7.8239,0.000000,0,0,0.3926,0.0000
121030268171,Pinellas,1708,0.015819,101598,0,0.4682,3.8646,0.000000,0,0,0.4271,0.0000
121030268172,Pinellas,1838,0.000000,0,0,0.3739,0.0000,0.000000,0,0,0.3841,0.0000
121030268173,Pinellas,1546,0.000000,0,1,0.8936,0.0000,0.000000,0,0,0.3841,0.0000
121030268181,Pinellas,3146,0.000000,0,0,0.4894,0.0000,0.094752,1279684,0,0.4866,0.1948
121030268182,Pinellas,656,0.000000,0,0,0.4852,0.0000,0.000000,0,0,0.4657,0.0000
121030268183,Pinellas,483,0.000000,0,0,0.4618,0.0000,0.000000,0,1,0.8792,0.0000
121030268191,Pinellas,802,0.014337,43236,3,2.5717,49.1850,0.000000,0,0,0.4524,0.0000
121030268192,Pinellas,1773,0.019512,130085,8,6.4095,36.9270,0.000000,0,4,2.3237,0.0000
121030268201,Pinellas,1587,0.000000,0,1,1.1809,0.0000,0.000000,0,0,0.4730,0.0000
121030268202,Pinellas,1366,0.000000,0,1,1.1437,0.0000,0.000000,0,1,0.9052,0.0000
121030268203,Pinellas,398,0.000000,0,1,1.1483,0.0000,0.000000,0,0,0.4619,0.0000
121030268204,Pinellas,881,0.000000,0,0,0.4754,0.0000,0.000000,0,0,0.4578,0.0000
121030268211,Pinellas,783,0.025370,74696,0,0.4500,5.0522,0.000000,0,0,0.4140,0.0000
121030268212,Pinellas,2079,0.000000,0,1,1.1496,0.0000,0.014925,133209,0,0.4768,1.8340
121030269041,Pinellas,1570,0.000000,0,0,0.4828,0.0000,0.068681,462906,0,0.4798,0.5311
121030269042,Pinellas,1518,0.000000,0,0,0.4911,0.0000,0.000000,0,2,1.3801,0.0000
121030269043,Pinellas,1265,0.000000,0,1,1.1194,0.0000,0.000000,0,4,2.2005,0.0000
121030269081,Pinellas,805,0.000000,0,0,0.4483,0.0000,0.000000,0,0,0.4368,0.0000
121030269082,Pinellas,1375,0.000000,0,0,0.4461,0.0000,0.036641,216286,1,0.8853,1.9766
121030269083,Pinellas,1212,0.000000,0,0,0.4448,0.0000,0.000000,0,0,0.4342,0.0000
121030269084,Pinellas,757,0.000000,0,0,0.4382,0.0000,0.000000,0,0,0.4293,0.0000
121030269091,Pinellas,1141,0.016427,70479,0,0.4948,5.8878,0.000000,0,0,0.4492,0.0000
121030269092,Pinellas,1563,0.000000,0,0,0.4864,0.0000,0.028209,189277,0,0.4817,1.3039
121030269093,Pinellas,1910,0.000000,0,3,2.2424,0.0000,0.000000,0,2,1.2496,0.0000
121030269111,Pinellas,2209,0.000000,0,0,0.3674,0.0000,0.000000,0,0,0.3797,0.0000
121030269112,Pinellas,1019,0.000000,0,2,1.6874,0.0000,0.000000,0,0,0.4354,0.0000
121030269113,Pinellas,1017,0.000000,0,0,0.4386,0.0000,0.000000,0,0,0.4296,0.0000
121030269121,Pinellas,1931,0.000000,0,1,1.1685,0.0000,0.009321,77267,1,0.9491,5.9322
121030269122,Pinellas,1250,0.000000,0,0,0.4809,0.0000,0.000000,0,1,0.9089,0.0000
121030269123,Pinellas,1700,0.000000,0,3,2.3441,0.0000,0.000000,0,0,0.4407,0.0000
121030269131,Pinellas,1270,0.000000,0,2,1.8029,0.0000,0.000000,0,1,0.9027,0.0000
121030269132,Pinellas,1377,0.013382,69290,3,2.6505,26.3440,0.000000,0,1,0.9133,0.0000
121030269133,Pinellas,722,0.000000,0,0,0.4831,0.0000,0.000000,0,1,0.9124,0.0000
121030269141,Pinellas,1436,0.048309,260854,0,0.4720,1.5175,0.000000,0,1,0.8417,0.0000
121030269142,Pinellas,2636,0.000000,0,0,0.4455,0.0000,0.000000,0,1,0.8548,0.0000
121030269151,Pinellas,1529,0.000000,0,0,0.4400,0.0000,0.013038,85579,0,0.4444,2.6608
121030269152,Pinellas,793,0.000000,0,0,0.4267,0.0000,0.011765,40051,0,0.4337,5.5478
121030269161,Pinellas,557,0.000000,0,0,0.4681,0.0000,0.000000,0,0,0.4520,0.0000
121030269162,Pinellas,1388,0.000000,0,0,0.4191,0.0000,0.038244,227879,0,0.4303,0.9675
121030269163,Pinellas,1163,0.000000,0,0,0.4364,0.0000,0.000000,0,0,0.4280,0.0000
121030269164,Pinellas,1197,0.000000,0,1,1.0177,0.0000,0.000000,0,1,0.8265,0.0000
121030269171,Pinellas,1568,0.000000,0,2,1.8708,0.0000,0.000000,0,0,0.4737,0.0000
121030270001,Pinellas,1879,0.000000,0,0,0.4371,0.0000,0.000000,0,1,0.8427,0.0000
121030270002,Pinellas,2047,0.000000,0,0,0.4335,0.0000,0.088608,778653,0,0.4423,0.2911
121030270003,Pinellas,1076,0.031915,129128,1,1.0776,6.5061,0.000000,0,1,0.8132,0.0000
121030271051,Pinellas,1703,0.000000,0,0,0.4104,0.0000,0.000000,0,2,1.2003,0.0000
121030271052,Pinellas,2165,0.010082,82080,0,0.4532,4.6308,0.000000,0,1,0.8185,0.0000
121030271061,Pinellas,1723,0.000000,0,0,0.4524,0.0000,0.008574,63423,0,0.4534,3.6627
121030271062,Pinellas,1448,0.000000,0,0,0.4562,0.0000,0.000000,0,0,0.4428,0.0000
121030271063,Pinellas,1014,0.022371,85299,0,0.3268,3.2136,0.000000,0,0,0.3306,0.0000
121030271071,Pinellas,1777,0.000000,0,0,0.4380,0.0000,0.008403,64106,0,0.4426,3.5372
121030271081,Pinellas,953,0.043478,155804,0,0.4739,2.5510,0.000000,0,1,0.8469,0.0000
121030271082,Pinellas,1324,0.000000,0,4,2.8222,0.0000,0.000000,0,3,1.6513,0.0000
121030272021,Pinellas,1331,0.000000,0,0,0.2928,0.0000,0.000000,0,0,0.3306,0.0000
121030272022,Pinellas,1205,0.000000,0,0,0.2928,0.0000,0.000000,0,0,0.3306,0.0000
121030272023,Pinellas,2219,0.000000,0,1,0.9743,0.0000,0.000000,0,0,0.4074,0.0000
121030272024,Pinellas,1195,0.014184,63737,0,0.4509,5.9325,0.000000,0,0,0.4150,0.0000
121030272025,Pinellas,525,0.000000,0,1,0.9985,0.0000,0.000000,0,0,0.4145,0.0000
121030272041,Pinellas,2249,0.010127,85638,0,0.3627,3.5518,0.031224,301459,0,0.3678,0.6251
121030272042,Pinellas,930,0.000000,0,0,0.4581,0.0000,0.000000,0,1,0.8736,0.0000
121030272043,Pinellas,1152,0.000000,0,0,0.4581,0.0000,0.000000,0,0,0.4443,0.0000
121030272061,Pinellas,1746,0.000000,0,0,0.4286,0.0000,0.018836,141182,1,0.8586,3.9304
121030272062,Pinellas,2149,0.017717,143162,1,1.1988,6.5283,0.000000,0,0,0.4533,0.0000
121030272063,Pinellas,2655,0.000000,0,0,0.4494,0.0000,0.000000,0,0,0.4377,0.0000
121030272071,Pinellas,1031,0.000000,0,0,0.4641,0.0000,0.000000,0,2,1.3167,0.0000
121030272072,Pinellas,839,0.000000,0,0,0.4339,0.0000,0.000000,0,2,1.2500,0.0000
121030272073,Pinellas,568,0.000000,0,0,0.4088,0.0000,0.000000,0,1,0.8026,0.0000
121030272074,Pinellas,780,0.000000,0,0,0.3989,0.0000,0.000000,0,1,0.7890,0.0000
121030272075,Pinellas,1619,0.000000,0,1,1.1090,0.0000,0.009589,66646,0,0.4625,3.5554
121030272081,Pinellas,1003,0.000000,0,0,0.3074,0.0000,0.024348,104837,0,0.3529,1.7247
121030272082,Pinellas,2225,0.000000,0,0,0.4468,0.0000,0.000000,0,0,0.4357,0.0000
121030272083,Pinellas,2278,0.019391,166096,1,0.9203,5.2248,0.000000,0,1,0.7216,0.0000
121030272084,Pinellas,1447,0.000000,0,0,0.4407,0.0000,0.022930,142438,1,0.8762,2.9708
121030272091,Pinellas,1251,0.122010,573938,1,1.0592,1.4387,0.000000,0,0,0.4047,0.0000
121030272101,Pinellas,1397,0.000000,0,1,0.9488,0.0000,0.006024,36128,1,0.8109,10.8393
121030272102,Pinellas,681,0.000000,0,0,0.4131,0.0000,0.000000,0,0,0.4112,0.0000
121030272103,Pinellas,771,0.000000,0,0,0.4189,0.0000,0.000000,0,1,0.8167,0.0000
121030272104,Pinellas,1213,0.000000,0,0,0.4557,0.0000,0.000000,0,1,0.8700,0.0000
121030272111,Pinellas,1857,0.000000,0,4,3.1228,0.0000,0.000000,0,1,0.9012,0.0000
121030272112,Pinellas,1390,0.000000,0,1,1.0406,0.0000,0.000000,0,2,1.2531,0.0000
121030272113,Pinellas,1230,0.000000,0,0,0.4411,0.0000,0.029460,155558,0,0.4460,1.4689
121030272121,Pinellas,1701,0.000000,0,7,5.0378,0.0000,0.013958,101926,2,1.3706,8.1777
121030272122,Pinellas,1810,0.000000,0,3,2.3951,0.0000,0.000000,0,2,1.3147,0.0000
121030273081,Pinellas,2936,0.010535,116305,2,1.8326,13.8675,0.000000,0,0,0.4400,0.0000
121030273082,Pinellas,1327,0.000000,0,0,0.4037,0.0000,0.000000,0,1,0.7956,0.0000
121030273091,Pinellas,1326,0.000000,0,0,0.4539,0.0000,0.000000,0,3,1.7198,0.0000
121030273092,Pinellas,1040,0.000000,0,1,0.9532,0.0000,0.000000,0,0,0.4012,0.0000
121030273141,Pinellas,1415,0.000000,0,0,0.4422,0.0000,0.000000,0,1,0.8501,0.0000
121030273142,Pinellas,1608,0.013018,78711,0,0.5134,5.4706,0.000000,0,0,0.4648,0.0000
121030273161,Pinellas,1091,0.000000,0,0,0.4971,0.0000,0.000000,0,0,0.4755,0.0000
121030273162,Pinellas,863,0.000000,0,0,0.4845,0.0000,0.000000,0,0,0.4651,0.0000
121030273163,Pinellas,1764,0.012414,82341,0,0.5245,5.3422,0.000000,0,0,0.4746,0.0000
121030273171,Pinellas,1128,0.048048,203797,1,1.1862,5.4885,0.000000,0,0,0.4481,0.0000
121030273172,Pinellas,2166,0.000000,0,0,0.4453,0.0000,0.000000,0,0,0.4346,0.0000
121030273173,Pinellas,2099,0.000000,0,1,1.1217,0.0000,0.000000,0,1,0.8908,0.0000
121030273181,Pinellas,1682,0.016216,102563,1,1.1945,9.0794,0.000000,0,0,0.4525,0.0000
121030273182,Pinellas,2423,0.000000,0,0,0.4526,0.0000,0.000000,0,0,0.4401,0.0000
121030273191,Pinellas,2112,0.000000,0,0,0.4446,0.0000,0.000000,0,0,0.4341,0.0000
121030273192,Pinellas,1436,0.025597,138217,0,0.4704,2.8545,0.000000,0,0,0.4282,0.0000
121030273193,Pinellas,570,0.037464,80298,0,0.4786,4.9990,0.000000,0,2,1.2781,0.0000
121030273194,Pinellas,633,0.000000,0,1,1.0614,0.0000,0.000000,0,0,0.4337,0.0000
121030273201,Pinellas,770,0.021956,63571,4,3.1892,45.6362,0.000000,0,0,0.4424,0.0000
121030273202,Pinellas,3012,0.000000,0,0,0.2928,0.0000,0.000000,0,0,0.3306,0.0000
121030273203,Pinellas,1057,0.000000,0,0,0.4266,0.0000,0.000000,0,0,0.4208,0.0000
121030273211,Pinellas,1768,0.010549,70127,1,0.8621,11.5924,0.000000,0,3,1.3753,0.0000
121030273231,Pinellas,1168,0.000000,0,1,0.7478,0.0000,0.000000,0,1,0.6758,0.0000
121030273232,Pinellas,2119,0.000000,0,0,0.3788,0.0000,0.000000,0,1,0.7619,0.0000
121030273241,Pinellas,1962,0.000000,0,0,0.2928,0.0000,0.000000,0,0,0.3306,0.0000
121030273242,Pinellas,2506,0.000000,0,1,0.9091,0.0000,0.000000,0,1,0.7640,0.0000
121030273251,Pinellas,1743,0.000000,0,0,0.3892,0.0000,0.000000,0,0,0.3945,0.0000
121030273252,Pinellas,1743,0.023881,156515,0,0.4433,2.3756,0.000000,0,0,0.4076,0.0000
121030273261,Pinellas,2029,0.000000,0,0,0.4417,0.0000,0.008850,77083,0,0.4456,2.9616
121030273262,Pinellas,1847,0.022843,158645,0,0.4383,2.3169,0.000000,0,0,0.4039,0.0000
121030273271,Pinellas,2412,0.031734,287814,0,0.4576,1.3334,0.000000,0,0,0.4168,0.0000
121030273272,Pinellas,2577,0.011009,106680,1,1.1675,10.3198,0.000000,0,0,0.4431,0.0000
121030273281,Pinellas,2375,0.000000,0,0,0.5004,0.0000,0.000000,0,0,0.4783,0.0000
121030273282,Pinellas,1871,0.000000,0,0,0.3181,0.0000,0.000000,0,0,0.3471,0.0000
121030273291,Pinellas,2034,0.000000,0,0,0.5010,0.0000,0.000000,0,2,1.4042,0.0000
121030273292,Pinellas,1540,0.000000,0,0,0.3515,0.0000,0.000000,0,2,1.0824,0.0000
121030273301,Pinellas,1053,0.122137,483605,2,2.0024,4.2640,0.000000,0,2,1.3946,0.0000
121030273302,Pinellas,1372,0.000000,0,3,2.4406,0.0000,0.000000,0,1,0.8951,0.0000
121030273311,Pinellas,1959,0.000000,0,0,0.5016,0.0000,0.050616,425671,0,0.4955,0.5963
121030273312,Pinellas,1275,0.000000,0,0,0.4841,0.0000,0.000000,0,0,0.4648,0.0000
121030273321,Pinellas,2817,0.000000,0,0,0.2928,0.0000,0.000000,0,0,0.3306,0.0000
121030273331,Pinellas,1535,0.000000,0,0,0.3728,0.0000,0.000000,0,1,0.7539,0.0000
121030273332,Pinellas,2166,0.018462,150363,0,0.3884,2.1665,0.000000,0,2,1.0834,0.0000
121030274011,Pinellas,1022,0.064993,249763,0,0.4842,1.6257,0.000000,0,2,1.2839,0.0000
121030274012,Pinellas,1571,0.000000,0,1,1.0572,0.0000,0.000000,0,0,0.4324,0.0000
121030274041,Pinellas,2410,0.012667,114787,0,0.4777,3.4904,0.017333,179330,0,0.4490,1.2829
121030274042,Pinellas,1094,0.000000,0,4,2.9710,0.0000,0.000000,0,0,0.4403,0.0000
121030274043,Pinellas,747,0.000000,0,3,2.3498,0.0000,0.000000,0,0,0.4415,0.0000
121030274044,Pinellas,1350,0.000000,0,7,4.8753,0.0000,0.000000,0,4,2.1479,0.0000
121030274045,Pinellas,224,0.000000,0,5,3.6646,0.0000,0.000000,0,4,2.1725,0.0000
121030274046,Pinellas,1664,0.000000,0,1,1.0989,0.0000,0.000000,0,1,0.8762,0.0000
121030275011,Pinellas,2816,0.000000,0,0,0.2928,0.0000,0.024476,295883,0,0.3444,0.5963
121030275012,Pinellas,1941,0.000000,0,0,0.3749,0.0000,0.000000,0,1,0.7567,0.0000
121030275013,Pinellas,1762,0.000000,0,1,0.9713,0.0000,0.059361,449014,0,0.4220,0.4816
121030275031,Pinellas,1891,0.011702,83209,2,1.7200,15.0967,0.000000,0,0,0.4176,0.0000
121030275032,Pinellas,1085,0.000000,0,0,0.3890,0.0000,0.000000,0,0,0.3944,0.0000
121030275033,Pinellas,1404,0.000000,0,0,0.2928,0.0000,0.000000,0,0,0.3306,0.0000
121030275041,Pinellas,1579,0.000000,0,1,1.0015,0.0000,0.000000,0,1,0.8169,0.0000
121030275042,Pinellas,1015,0.000000,0,0,0.4283,0.0000,0.029915,130348,0,0.4363,1.7150
121030276031,Pinellas,591,0.000000,0,0,0.4023,0.0000,0.000000,0,1,0.7936,0.0000
121030276032,Pinellas,1416,0.113485,604246,0,0.4418,0.6131,0.000000,0,1,0.7936,0.0000
121030276041,Pinellas,1081,0.000000,0,3,2.1290,0.0000,0.144737,671676,1,0.8384,0.6028
121030276042,Pinellas,0,0.000000,0,0,0.3405,0.0000,0.000000,0,0,0.3618,0.0000
121030276043,Pinellas,1256,0.000000,0,1,0.9833,0.0000,0.000000,0,0,0.4100,0.0000
121030276051,Pinellas,721,0.000000,0,0,0.2928,0.0000,0.000000,0,0,0.3306,0.0000
121030276052,Pinellas,843,0.008130,25771,1,0.7725,23.3671,0.010840,39230,0,0.3421,4.4682
121030276061,Pinellas,655,0.000000,0,2,1.5904,0.0000,0.000000,0,1,0.8193,0.0000
121030276062,Pinellas,1005,0.000000,0,0,0.4168,0.0000,0.000000,0,0,0.4138,0.0000
121030277011,Pinellas,819,0.023256,71619,0,0.4317,5.0554,0.000000,0,0,0.4008,0.0000
121030277012,Pinellas,1160,0.000000,0,2,1.5056,0.0000,0.031746,158089,1,0.8162,2.4932
121030277013,Pinellas,648,0.007067,17220,0,0.4275,20.8215,0.000000,0,0,0.4008,0.0000
121030277031,Pinellas,592,0.000000,0,1,0.8678,0.0000,0.000000,0,2,1.1052,0.0000
121030277032,Pinellas,499,0.000000,0,1,0.9569,0.0000,0.000000,0,0,0.4023,0.0000
121030277041,Pinellas,1148,0.006224,26868,2,1.5686,42.6393,0.000000,0,0,0.3911,0.0000
121030277042,Pinellas,511,0.000000,0,0,0.3842,0.0000,0.000000,0,0,0.3911,0.0000
121030277043,Pinellas,574,0.072202,155839,0,0.4367,2.3500,0.000000,0,0,0.4027,0.0000
121030278011,Pinellas,413,0.072222,112159,0,0.4473,3.3447,0.000000,0,2,1.2060,0.0000
121030278012,Pinellas,571,0.041026,88086,1,1.0673,9.4463,0.000000,0,0,0.4112,0.0000
121030278021,Pinellas,539,0.082437,167081,2,1.7187,7.5128,0.075269,174164,2,1.2622,3.3221
121030278022,Pinellas,2414,0.103448,939019,0,0.4025,0.3595,0.000000,0,0,0.3751,0.0000
121030279011,Pinellas,532,0.000000,0,0,0.4206,0.0000,0.000000,0,0,0.4166,0.0000
121030279012,Pinellas,693,0.000000,0,5,3.2832,0.0000,0.000000,0,1,0.8084,0.0000
121030279013,Pinellas,888,0.000000,0,1,0.9513,0.0000,0.000000,0,0,0.4006,0.0000
121030279051,Pinellas,1243,0.000000,0,1,0.9825,0.0000,0.000000,0,0,0.4098,0.0000
121030279052,Pinellas,1143,0.007678,32998,0,0.4318,10.9757,0.000000,0,0,0.4025,0.0000
121030279053,Pinellas,735,0.000000,0,0,0.4111,0.0000,0.000000,0,0,0.4098,0.0000
121030279054,Pinellas,1334,0.000000,0,0,0.4130,0.0000,0.000000,0,1,0.8084,0.0000
121030280021,Pinellas,1478,0.047120,261877,0,0.4633,1.4838,0.024869,157794,0,0.4358,1.4151
121030280022,Pinellas,438,0.075581,124481,2,1.7179,14.2124,0.000000,0,3,1.6233,0.0000
121030280023,Pinellas,662,0.037736,93935,2,1.4875,13.9364,0.000000,0,0,0.3738,0.0000
121030280024,Pinellas,1229,0.108108,499602,0,0.4589,0.7703,0.000000,0,0,0.4166,0.0000
121030280041,Pinellas,815,0.000000,0,1,1.0129,0.0000,0.000000,0,0,0.4189,0.0000
121030280042,Pinellas,958,0.000000,0,2,1.5754,0.0000,0.000000,0,0,0.4138,0.0000
121030280051,Pinellas,778,0.000000,0,4,2.6672,0.0000,0.000000,0,2,1.1925,0.0000
121030280052,Pinellas,729,0.000000,0,0,0.4082,0.0000,0.040230,125902,0,0.4218,1.7163
121030280061,Pinellas,618,0.000000,0,0,0.3814,0.0000,0.000000,0,0,0.3892,0.0000
121030280062,Pinellas,1074,0.010267,41463,2,1.6911,29.7885,0.028747,132543,0,0.4275,1.6527
121030281021,Pinellas,761,0.000000,0,0,0.4269,0.0000,0.000000,0,0,0.4210,0.0000
121030281022,Pinellas,850,0.178363,570081,0,0.3326,0.4893,0.000000,0,0,0.3306,0.0000
121030281023,Pinellas,2134,0.000000,0,0,0.3885,0.0000,0.000000,0,0,0.3940,0.0000
121030281031,Pinellas,872,0.000000,0,0,0.3997,0.0000,0.000000,0,0,0.4018,0.0000
121030281032,Pinellas,1094,0.014837,61034,0,0.4491,6.1713,0.000000,0,3,1.6136,0.0000
121030281041,Pinellas,1186,0.053968,240678,0,0.4567,1.5915,0.000000,0,0,0.4166,0.0000
121030281042,Pinellas,709,0.000000,0,0,0.4171,0.0000,0.000000,0,0,0.4140,0.0000
121030281043,Pinellas,1426,0.000000,0,1,0.9761,0.0000,0.000000,0,1,0.8021,0.0000
121030282001,Pinellas,871,0.189711,621332,0,0.4530,0.6115,0.000000,0,1,0.8098,0.0000
121030282002,Pinellas,939,0.002114,7465,0,0.4443,49.9149,0.000000,0,1,0.8155,0.0000
121030282003,Pinellas,610,0.000000,0,1,0.9313,0.0000,0.000000,0,0,0.3949,0.0000
121030283001,Pinellas,813,0.000000,0,0,0.4076,0.0000,0.000000,0,1,0.8010,0.0000
121030283002,Pinellas,648,0.000000,0,0,0.4083,0.0000,0.049479,137642,0,0.4220,1.5707
121030283003,Pinellas,698,0.099010,259865,2,1.7509,4.9209,0.000000,0,0,0.4213,0.0000
121030283004,Pinellas,816,0.000000,0,0,0.4253,0.0000,0.000000,0,0,0.4199,0.0000
121030284031,Pinellas,894,0.000000,0,0,0.2928,0.0000,0.000000,0,0,0.3306,0.0000
121030284032,Pinellas,797,0.000000,0,0,0.2959,0.0000,0.000000,0,0,0.3326,0.0000
121030284033,Pinellas,1221,0.021008,96454,1,0.7896,7.7195,0.031513,165179,0,0.3458,1.0725
121030285001,Pinellas,1323,0.177748,884255,2,1.6478,1.3610,0.000000,0,0,0.3986,0.0000
121030285002,Pinellas,455,0.000000,0,0,0.3966,0.0000,0.000000,0,0,0.3996,0.0000
121030286011,Pinellas,2753,0.037102,384081,10,7.6103,10.1788,0.023557,278409,2,1.3916,2.2912
121030286012,Pinellas,673,0.094505,239159,1,1.1481,3.7424,0.000000,0,1,0.8551,0.0000
121030286021,Pinellas,1279,0.098305,472781,1,1.1127,1.8347,0.000000,0,0,0.4218,0.0000
121030286022,Pinellas,1542,0.179245,1039312,0,0.4310,0.3478,0.000000,0,0,0.3947,0.0000
121030287001,Pinellas,1292,0.024715,120070,1,1.2218,7.9326,0.000000,0,0,0.4619,0.0000
121030287002,Pinellas,179,0.000000,0,1,1.1816,0.0000,0.000000,0,0,0.4733,0.0000
121030287003,Pinellas,309,0.000000,0,0,0.4930,0.0000,0.000000,0,0,0.4721,0.0000
121039900000,Pinellas,0,0.000000,0,0,0.2928,0.0000,0.000000,0,0,0.3306,0.0000
121039901000,Pinellas,0,0.000000,0,0,0.2928,0.0000,0.000000,0,0,0.3306,0.0000
121010301011,Pasco,1899,0.000000,0,0,0.3490,0.0000,0.000000,0,0,0.3674,0.0000
121010301012,Pasco,1173,0.000000,0,0,0.3080,0.0000,0.000000,0,0,0.3405,0.0000
121010301021,Pasco,899,0.000000,0,0,0.4440,0.0000,0.000000,0,0,0.4336,0.0000
121010301022,Pasco,475,0.000000,0,1,0.8147,0.0000,0.000000,0,1,0.7119,0.0000
121010301023,Pasco,1024,0.000000,0,6,4.1623,0.0000,0.000000,0,6,2.9565,0.0000
121010302021,Pasco,714,0.000000,0,3,1.5136,0.0000,0.000000,0,1,0.6501,0.0000
121010302022,Pasco,862,0.000000,0,1,1.0624,0.0000,0.000000,0,1,0.8535,0.0000
121010302023,Pasco,995,0.000000,0,0,0.4436,0.0000,0.000000,0,0,0.4333,0.0000
121010302031,Pasco,1123,0.000000,0,0,0.2928,0.0000,0.000000,0,0,0.3306,0.0000
121010302032,Pasco,374,0.000000,0,5,2.3275,0.0000,0.000000,0,4,1.6085,0.0000
121010302033,Pasco,151,0.000000,0,0,0.2928,0.0000,0.000000,0,0,0.3306,0.0000
121010302041,Pasco,1464,0.000000,0,0,0.2928,0.0000,0.000000,0,0,0.3306,0.0000
121010302051,Pasco,660,0.000000,0,6,4.2709,0.0000,0.000000,0,5,2.5875,0.0000
121010302052,Pasco,1626,0.000000,0,0,0.4554,0.0000,0.000000,0,0,0.4422,0.0000
121010303031,Pasco,1684,0.000000,0,0,0.2928,0.0000,0.000000,0,0,0.3306,0.0000
121010303032,Pasco,1413,0.024000,127517,0,0.3281,2.1577,0.000000,0,0,0.3306,0.0000
121010303041,Pasco,2586,0.011166,108580,0,0.4415,3.4106,0.007444,82642,0,0.4206,2.6073
121010303042,Pasco,1160,0.000000,0,0,0.3500,0.0000,0.000000,0,0,0.3681,0.0000
121010303043,Pasco,1178,0.021053,93254,0,0.4095,3.6832,0.000000,0,1,0.7565,0.0000
121010304041,Pasco,863,0.017078,55419,0,0.3255,4.9265,0.000000,0,0,0.3306,0.0000
121010304042,Pasco,1813,0.000000,0,0,0.2928,0.0000,0.000000,0,0,0.3306,0.0000
121010304051,Pasco,862,0.000000,0,0,0.4366,0.0000,0.000000,0,0,0.4282,0.0000
121010304052,Pasco,1084,0.000000,0,0,0.3810,0.0000,0.000000,0,0,0.3889,0.0000
121010304061,Pasco,627,0.000000,0,1,1.0717,0.0000,0.000000,0,1,0.8592,0.0000
121010304062,Pasco,1692,0.000000,0,1,1.0695,0.0000,0.000000,0,3,1.7011,0.0000
121010304063,Pasco,678,0.000000,0,5,3.5594,0.0000,0.000000,0,3,1.7018,0.0000
121010304071,Pasco,1773,0.000000,0,0,0.3897,0.0000,0.017241,131231,0,0.4088,1.5959
121010304072,Pasco,927,0.000000,0,0,0.4618,0.0000,0.000000,0,1,0.8793,0.0000
121010304081,Pasco,1193,0.000000,0,0,0.3897,0.0000,0.000000,0,0,0.3948,0.0000
121010304082,Pasco,1695,0.103539,659912,2,1.8623,2.4837,0.000000,0,2,1.2981,0.0000
121010304091,Pasco,1687,0.012443,78935,0,0.3697,3.9275,0.000000,0,0,0.3583,0.0000
121010304092,Pasco,776,0.000000,0,1,1.0830,0.0000,0.000000,0,0,0.4405,0.0000
121010304101,Pasco,1077,0.000000,0,9,6.2801,0.0000,0.000000,0,3,1.7528,0.0000
121010304102,Pasco,651,0.000000,0,5,3.3092,0.0000,0.000000,0,1,0.8130,0.0000
121010304111,Pasco,680,0.000000,0,1,0.8843,0.0000,0.000000,0,1,0.7501,0.0000
121010304112,Pasco,1452,0.000000,0,1,0.9369,0.0000,0.000000,0,1,0.7796,0.0000
121010304113,Pasco,1288,0.000000,0,0,0.3278,0.0000,0.000000,0,0,0.3534,0.0000
121010304121,Pasco,1220,0.000000,0,0,0.4128,0.0000,0.000000,0,2,1.2054,0.0000
121010304122,Pasco,1278,0.000000,0,3,2.2120,0.0000,0.000000,0,1,0.8294,0.0000
121010305011,Pasco,1458,0.014754,80888,1,1.0829,10.4366,0.016393,102608,0,0.4301,2.1474
121010305012,Pasco,231,0.000000,0,7,4.5125,0.0000,0.000000,0,1,0.8191,0.0000
121010305021,Pasco,1254,0.000000,0,9,5.5799,0.0000,0.000000,0,2,1.2058,0.0000
121010305022,Pasco,1828,0.000000,0,0,0.4001,0.0000,0.000000,0,0,0.4020,0.0000
121010305023,Pasco,1577,0.000000,0,0,0.3660,0.0000,0.000000,0,0,0.3787,0.0000
121010306011,Pasco,835,0.000000,0,0,0.4704,0.0000,0.000000,0,1,0.8924,0.0000
121010306012,Pasco,1367,0.000000,0,0,0.4466,0.0000,0.000000,0,1,0.8565,0.0000
121010306021,Pasco,1253,0.000000,0,5,3.6754,0.0000,0.000000,0,2,1.3126,0.0000
121010306022,Pasco,1064,0.000000,0,1,1.1084,0.0000,0.000000,0,1,0.8822,0.0000
121010307001,Pasco,2264,0.000000,0,5,3.5629,0.0000,0.000000,0,1,0.8589,0.0000
121010307002,Pasco,1991,0.046644,349205,1,1.1547,2.5779,0.000000,0,1,0.8578,0.0000
121010308001,Pasco,1779,0.000000,0,8,5.2941,0.0000,0.000000,0,3,1.6701,0.0000
121010308002,Pasco,2087,0.011742,92144,5,3.8291,35.8044,0.000000,0,2,1.2844,0.0000
121010309011,Pasco,1538,0.000000,0,7,4.9652,0.0000,0.013004,85859,1,0.9081,5.1077
121010309012,Pasco,2579,0.010567,102472,2,1.8541,15.9241,0.013449,148896,0,0.4594,1.5809
121010309051,Pasco,2026,0.000000,0,2,1.4922,0.0000,0.000000,0,0,0.3984,0.0000
121010309052,Pasco,1513,0.000000,0,3,2.0408,0.0000,0.000000,0,1,0.7833,0.0000
121010309061,Pasco,2965,0.011806,131630,2,1.7523,9.7226,0.000000,0,0,0.4231,0.0000
121010309062,Pasco,2882,0.000000,0,2,1.2731,0.0000,0.000000,0,3,1.4013,0.0000
121010310031,Pasco,2104,0.000000,0,0,0.3659,0.0000,0.000000,0,1,0.7447,0.0000
121010310032,Pasco,1157,0.000000,0,0,0.4632,0.0000,0.000000,0,1,0.8813,0.0000
121010310033,Pasco,2925,0.000000,0,0,0.3517,0.0000,0.000000,0,0,0.3692,0.0000
121010310051,Pasco,2200,0.040000,330900,5,2.6310,8.7555,0.002500,23611,10,3.6426,81.7993
121010310052,Pasco,2429,0.000000,0,1,1.0457,0.0000,0.000000,0,0,0.4288,0.0000
121010310061,Pasco,1936,0.086354,628639,5,3.7672,5.1632,0.000000,0,0,0.4276,0.0000
121010310071,Pasco,1582,0.099138,589739,0,0.4775,0.6791,0.017241,117094,0,0.4448,1.9462
121010310072,Pasco,2965,0.000000,0,3,2.2668,0.0000,0.000000,0,5,2.5051,0.0000
121010310073,Pasco,1323,0.000000,0,3,2.2668,0.0000,0.000000,0,4,2.0900,0.0000
121010310081,Pasco,1380,0.070640,366560,0,0.4398,1.0062,0.079470,470802,5,2.4423,3.3410
121010310082,Pasco,1521,0.026596,152109,1,0.9545,4.8918,0.000000,0,1,0.7409,0.0000
121010310091,Pasco,1397,0.000000,0,0,0.2928,0.0000,0.000000,0,1,0.6501,0.0000
121010310092,Pasco,1101,0.000000,0,2,1.7448,0.0000,0.000000,0,4,2.1748,0.0000
121010310101,Pasco,2305,0.000000,0,0,0.4146,0.0000,0.000000,0,0,0.4123,0.0000
121010310102,Pasco,1478,0.018484,102728,1,1.0719,8.1348,0.000000,0,0,0.4123,0.0000
121010310111,Pasco,1293,0.000000,0,11,7.9483,0.0000,0.060694,336897,3,1.8860,2.4501
121010310112,Pasco,1340,0.000000,0,0,0.3543,0.0000,0.000000,0,1,0.7294,0.0000
121010310121,Pasco,1410,0.000000,0,0,0.3691,0.0000,0.000000,0,0,0.3809,0.0000
121010310122,Pasco,947,0.000000,0,1,0.8117,0.0000,0.000000,0,0,0.3612,0.0000
121010310123,Pasco,2770,0.000000,0,8,4.7798,0.0000,0.000000,0,1,0.7828,0.0000
121010310131,Pasco,1613,0.000000,0,6,4.3586,0.0000,0.000000,0,0,0.4509,0.0000
121010310132,Pasco,1574,0.000000,0,2,1.7611,0.0000,0.000000,0,0,0.4503,0.0000
121010310141,Pasco,2004,0.000000,0,1,1.1168,0.0000,0.000000,0,1,0.8876,0.0000
121010310142,Pasco,1601,0.000000,0,0,0.4001,0.0000,0.000000,0,0,0.4021,0.0000
121010311011,Pasco,1608,0.000000,0,8,5.4808,0.0000,0.000000,0,3,1.7150,0.0000
121010311012,Pasco,2487,0.000000,0,0,0.4296,0.0000,0.000000,0,1,0.8319,0.0000
121010311031,Pasco,1405,0.000000,0,7,4.4244,0.0000,0.000000,0,6,2.7919,0.0000
121010311041,Pasco,1281,0.000000,0,3,2.5222,0.0000,0.000000,0,1,0.9200,0.0000
121010311042,Pasco,1444,0.000000,0,0,0.4881,0.0000,0.000000,0,1,0.9203,0.0000
121010311043,Pasco,913,0.000000,0,0,0.4839,0.0000,0.000000,0,0,0.4646,0.0000
121010312031,Pasco,1044,0.000000,0,3,2.3025,0.0000,0.000000,0,0,0.4346,0.0000
121010312032,Pasco,1416,0.000000,0,0,0.4520,0.0000,0.000000,0,0,0.4397,0.0000
121010312041,Pasco,1951,0.000000,0,1,1.1625,0.0000,0.000000,0,0,0.4667,0.0000
121010312042,Pasco,864,0.000000,0,0,0.3970,0.0000,0.000000,0,1,0.7864,0.0000
121010312051,Pasco,897,0.060475,203978,0,0.4286,1.7622,0.000000,0,2,1.1626,0.0000
121010312052,Pasco,1753,0.000000,0,2,1.4494,0.0000,0.000000,0,0,0.3906,0.0000
121010312053,Pasco,948,0.000000,0,3,2.5169,0.0000,0.000000,0,3,1.8211,0.0000
121010312061,Pasco,1214,0.000000,0,0,0.4287,0.0000,0.012469,64983,0,0.4357,3.4355
121010312062,Pasco,1733,0.000000,0,2,1.1067,0.0000,0.000000,0,0,0.3306,0.0000
121010312071,Pasco,683,0.023166,59496,0,0.3258,4.5920,0.000000,0,0,0.3306,0.0000
121010312072,Pasco,2210,0.007290,60584,1,1.0155,13.0675,0.000000,0,0,0.3963,0.0000
121010312081,Pasco,3102,0.000000,0,1,0.6997,0.0000,0.000000,0,0,0.3306,0.0000
121010312082,Pasco,2026,0.000000,0,0,0.2928,0.0000,0.000000,0,0,0.3306,0.0000
121010313011,Pasco,1233,0.000000,0,1,0.9601,0.0000,0.000000,0,0,0.4032,0.0000
121010313012,Pasco,762,0.090909,260481,4,2.1662,6.4977,0.084416,276142,1,0.6770,1.1840
121010313013,Pasco,1557,0.000000,0,1,0.6997,0.0000,0.000000,0,2,0.9695,0.0000
121010313021,Pasco,1489,0.000000,0,1,0.6997,0.0000,0.000000,0,0,0.3306,0.0000
121010313022,Pasco,2139,0.000000,0,0,0.2928,0.0000,0.000000,0,0,0.3306,0.0000
121010313023,Pasco,718,0.000000,0,1,0.6997,0.0000,0.000000,0,1,0.6501,0.0000
121010313024,Pasco,1773,0.000000,0,1,1.0984,0.0000,0.000000,0,2,1.3064,0.0000
121010314011,Pasco,1811,0.040365,274873,1,1.0415,2.9538,0.000000,0,0,0.4009,0.0000
121010314012,Pasco,1253,0.017422,82083,0,0.4511,4.6092,0.102787,552899,0,0.4306,0.3990
121010314013,Pasco,1240,0.119734,558281,1,1.0533,1.7790,0.046563,247867,2,1.2253,2.2661
121010314014,Pasco,495,0.034783,64741,0,0.4933,6.3899,0.000000,0,0,0.4481,0.0000
121010314041,Pasco,1725,0.000000,0,2,1.7268,0.0000,0.014115,104527,2,1.3417,5.8840
121010314042,Pasco,1744,0.000000,0,7,4.6554,0.0000,0.019300,144500,1,0.8663,3.8746
121010314061,Pasco,1187,0.000000,0,0,0.4855,0.0000,0.000000,0,0,0.4660,0.0000
121010314062,Pasco,2136,0.000000,0,1,1.1555,0.0000,0.014085,129151,0,0.4788,1.8995
121010314071,Pasco,2048,0.000000,0,0,0.4845,0.0000,0.000000,0,0,0.4651,0.0000
121010314072,Pasco,1279,0.000000,0,1,1.1526,0.0000,0.000000,0,1,0.9110,0.0000
121010314101,Pasco,2492,0.000000,0,1,1.1598,0.0000,0.000000,0,0,0.4657,0.0000
121010314102,Pasco,2581,0.000000,0,3,2.3324,0.0000,0.000000,0,5,2.5603,0.0000
121010314111,Pasco,1395,0.000000,0,0,0.4221,0.0000,0.000000,0,1,0.8212,0.0000
121010314121,Pasco,2051,0.000000,0,1,1.0413,0.0000,0.000000,0,0,0.4275,0.0000
121010314122,Pasco,2360,0.000000,0,0,0.4164,0.0000,0.000000,0,0,0.4135,0.0000
121010315031,Pasco,1285,0.000000,0,5,3.4262,0.0000,0.000000,0,3,1.6535,0.0000
121010315032,Pasco,1391,0.004658,24366,1,1.1234,35.9432,0.006211,37090,0,0.4444,6.1392
121010315041,Pasco,2128,0.000000,0,0,0.2928,0.0000,0.000000,0,1,0.6501,0.0000
121010315051,Pasco,2515,0.000000,0,0,0.4284,0.0000,0.000000,0,0,0.4221,0.0000
121010315052,Pasco,2676,0.000000,0,5,2.3275,0.0000,0.008365,96097,0,0.3431,1.8293
121010315061,Pasco,2162,0.022288,181195,0,0.4729,2.1891,0.021545,199969,0,0.4444,1.1386
121010315062,Pasco,1638,0.000000,0,8,5.4159,0.0000,0.000000,0,1,0.8569,0.0000
121010315063,Pasco,667,0.000000,0,0,0.4367,0.0000,0.000000,0,2,1.2559,0.0000
121010315071,Pasco,2774,0.058065,605663,1,1.1818,1.5212,0.000000,0,1,0.8736,0.0000
121010315072,Pasco,2485,0.000000,0,0,0.4637,0.0000,0.000000,0,1,0.8821,0.0000
121010315073,Pasco,2460,0.000000,0,0,0.4667,0.0000,0.007598,80239,0,0.4648,2.9680
121010315081,Pasco,2917,0.000000,0,0,0.4600,0.0000,0.009517,119175,2,1.3492,5.1897
121010315082,Pasco,3056,0.000000,0,0,0.4242,0.0000,0.039865,522996,0,0.4350,0.4261
121010316011,Pasco,1882,0.000000,0,1,0.9962,0.0000,0.000000,0,1,0.8138,0.0000
121010316012,Pasco,7202,0.007299,197673,2,1.8707,8.3289,0.000000,0,3,1.7431,0.0000
121010316021,Pasco,2509,0.011094,104661,2,1.7369,12.1205,0.000000,0,0,0.4204,0.0000
121010316022,Pasco,5535,0.000000,0,0,0.4519,0.0000,0.000000,0,1,0.8644,0.0000
121010316023,Pasco,2784,0.000000,0,1,1.0599,0.0000,0.000000,0,1,0.8520,0.0000
121010316031,Pasco,7517,0.017157,484967,0,0.4544,0.7858,0.000000,0,1,0.8128,0.0000
121010316032,Pasco,2769,0.000000,0,0,0.3923,0.0000,0.000000,0,2,1.1634,0.0000
121010316033,Pasco,2345,0.000000,0,0,0.4384,0.0000,0.000000,0,1,0.8445,0.0000
121010316041,Pasco,3576,0.000000,0,0,0.3865,0.0000,0.016067,246651,0,0.4073,0.8461
121010316042,Pasco,888,0.000000,0,0,0.4582,0.0000,0.000000,0,2,1.3032,0.0000
121010316043,Pasco,1570,0.000000,0,0,0.4645,0.0000,0.039290,264813,2,1.3625,2.3586
121010316044,Pasco,2241,0.000000,0,0,0.4483,0.0000,0.000000,0,1,0.8590,0.0000
121010316051,Pasco,1158,0.000000,0,0,0.4513,0.0000,0.000000,0,1,0.8635,0.0000
121010316052,Pasco,6306,0.016035,380210,0,0.3314,0.7310,0.000000,0,1,0.6501,0.0000
121010317011,Pasco,10857,0.002392,97667,0,0.5230,4.4911,0.000000,0,0,0.4728,0.0000
121010317031,Pasco,1609,0.000000,0,4,2.9999,0.0000,0.000000,0,2,1.3013,0.0000
121010317032,Pasco,1551,0.019802,115487,0,0.3278,2.3803,0.014851,98886,0,0.3431,1.7779
121010317033,Pasco,2001,0.023256,174982,0,0.3290,1.5770,0.000000,0,1,0.6501,0.0000
121010317041,Pasco,2603,0.010586,103617,2,1.3188,9.2954,0.018730,209295,1,0.7039,1.6241
121010317042,Pasco,3886,0.000000,0,3,2.1192,0.0000,0.000000,0,1,0.8042,0.0000
121010317051,Pasco,2870,0.016406,177047,1,1.1755,6.2607,0.008949,110253,3,1.7897,7.1045
121010317052,Pasco,1888,0.000000,0,0,0.4221,0.0000,0.000000,0,0,0.4176,0.0000
121010317061,Pasco,1490,0.014787,82850,2,1.6648,14.6760,0.000000,0,0,0.4068,0.0000
121010317062,Pasco,3052,0.016403,188249,1,0.7869,3.2587,0.000000,0,0,0.3306,0.0000
121010317071,Pasco,1697,0.000000,0,0,0.2928,0.0000,0.000000,0,0,0.3306,0.0000
121010317072,Pasco,1811,0.000000,0,0,0.4251,0.0000,0.000000,0,1,0.8254,0.0000
121010317081,Pasco,1851,0.000000,0,3,2.3348,0.0000,0.000000,0,1,0.8640,0.0000
121010317082,Pasco,1708,0.000000,0,0,0.3846,0.0000,0.000000,0,2,1.1477,0.0000
121010317083,Pasco,1953,0.000000,0,0,0.4290,0.0000,0.000000,0,0,0.4226,0.0000
121010318041,Pasco,1041,0.000000,0,0,0.2928,0.0000,0.000000,0,0,0.3306,0.0000
121010318042,Pasco,685,0.000000,0,0,0.3493,0.0000,0.000000,0,1,0.7229,0.0000
121010318043,Pasco,816,0.000000,0,0,0.4390,0.0000,0.000000,0,0,0.4299,0.0000
121010318044,Pasco,792,0.000000,0,2,1.2408,0.0000,0.000000,0,0,0.3537,0.0000
121010318051,Pasco,1565,0.014228,83726,0,0.3268,3.2734,0.000000,0,0,0.3306,0.0000
121010318052,Pasco,2460,0.000000,0,1,0.6997,0.0000,0.029146,307797,2,1.0101,1.9957
121010318061,Pasco,2713,0.017517,178701,1,0.7865,3.4312,0.000000,0,0,0.3306,0.0000
121010318062,Pasco,2012,0.000000,0,0,0.2928,0.0000,0.000000,0,1,0.6501,0.0000
121010318071,Pasco,955,0.000000,0,0,0.2928,0.0000,0.070681,289774,1,0.6771,1.1284
121010318072,Pasco,658,0.154696,382753,5,3.2349,9.3068,0.000000,0,9,3.6853,0.0000
121010318073,Pasco,1284,0.000000,0,1,0.9202,0.0000,0.000000,0,0,0.3917,0.0000
121010318081,Pasco,2226,0.000000,0,1,0.9015,0.0000,0.000000,0,1,0.7597,0.0000
121010318082,Pasco,2502,0.000000,0,0,0.4028,0.0000,0.000000,0,0,0.4039,0.0000
121010318091,Pasco,1540,0.000000,0,1,0.6997,0.0000,0.000000,0,0,0.3306,0.0000
121010318092,Pasco,1521,0.000000,0,0,0.2928,0.0000,0.000000,0,0,0.3306,0.0000
121010319011,Pasco,3914,0.000000,0,0,0.2928,0.0000,0.000000,0,0,0.3306,0.0000
121010319021,Pasco,3659,0.015326,210861,0,0.3296,1.3109,0.000000,0,0,0.3306,0.0000
121010319022,Pasco,5731,0.000000,0,0,0.3234,0.0000,0.000000,0,2,1.0281,0.0000
121010319023,Pasco,1320,0.000000,0,0,0.4274,0.0000,0.000000,0,0,0.4214,0.0000
121010319031,Pasco,2430,0.000000,0,3,2.1551,0.0000,0.000000,0,1,0.8138,0.0000
121010319032,Pasco,955,0.000000,0,1,0.6997,0.0000,0.032454,133055,1,0.6754,2.4514
121010319033,Pasco,3803,0.000000,0,0,0.4378,0.0000,0.000000,0,0,0.4291,0.0000
121010320011,Pasco,2689,0.000000,0,0,0.4205,0.0000,0.000000,0,3,1.6239,0.0000
121010320012,Pasco,1583,0.000000,0,0,0.2928,0.0000,0.000000,0,0,0.3306,0.0000
121010320013,Pasco,2408,0.000000,0,0,0.4242,0.0000,0.000000,0,0,0.4191,0.0000
121010320014,Pasco,1703,0.000000,0,0,0.3603,0.0000,0.000000,0,0,0.3750,0.0000
121010320051,Pasco,1417,0.000000,0,0,0.2928,0.0000,0.000000,0,0,0.3306,0.0000
121010320052,Pasco,1859,0.000000,0,1,0.6997,0.0000,0.000000,0,0,0.3306,0.0000
121010320053,Pasco,1039,0.000000,0,1,1.0122,0.0000,0.000000,0,0,0.4186,0.0000
121010320061,Pasco,3326,0.020323,254174,1,0.7891,2.9273,0.000000,0,0,0.3306,0.0000
121010320062,Pasco,2402,0.081697,737890,0,0.3334,0.3789,0.000000,0,0,0.3306,0.0000
121010320063,Pasco,2924,0.000000,0,1,0.7332,0.0000,0.000000,0,1,0.6680,0.0000
121010320071,Pasco,1200,0.000000,0,5,3.6468,0.0000,0.000000,0,2,1.3044,0.0000
121010320072,Pasco,1664,0.013382,83731,1,1.1417,10.6299,0.000000,0,0,0.4350,0.0000
121010320081,Pasco,3147,0.012253,144998,0,0.4778,2.7635,0.000000,0,0,0.4338,0.0000
121010320082,Pasco,2646,0.009891,98413,2,1.7743,13.1677,0.000000,0,0,0.4282,0.0000
121010320091,Pasco,1419,0.000000,0,0,0.3444,0.0000,0.000000,0,0,0.3643,0.0000
121010320092,Pasco,1884,0.000000,0,0,0.3365,0.0000,0.000000,0,0,0.3592,0.0000
121010320093,Pasco,3358,0.000000,0,0,0.4368,0.0000,0.000000,0,0,0.4283,0.0000
121010320094,Pasco,2801,0.000000,0,1,1.0746,0.0000,0.000000,0,0,0.4378,0.0000
121010320101,Pasco,3647,0.000000,0,2,1.1067,0.0000,0.000000,0,1,0.6501,0.0000
121010320111,Pasco,3634,0.005258,71850,0,0.3370,3.9341,0.000000,0,0,0.3374,0.0000
121010320112,Pasco,1644,0.006702,41433,1,1.1391,25.9232,0.000000,0,0,0.4356,0.0000
121010320121,Pasco,2408,0.000000,0,1,1.0937,0.0000,0.000000,0,7,3.4470,0.0000
121010320122,Pasco,1674,0.000000,0,0,0.4965,0.0000,0.000000,0,0,0.4751,0.0000
121010320131,Pasco,3622,0.012245,166770,3,2.5106,16.6097,0.000000,0,5,2.5651,0.0000
121010320132,Pasco,1409,0.000000,0,5,3.7243,0.0000,0.021651,130961,4,2.2714,11.7344
121010320133,Pasco,1044,0.000000,0,0,0.4618,0.0000,0.000000,0,0,0.4471,0.0000
121010320141,Pasco,3282,0.043536,537275,1,1.1708,1.6989,0.000000,0,0,0.4407,0.0000
121010320142,Pasco,1187,0.000000,0,4,3.1578,0.0000,0.000000,0,0,0.4626,0.0000
121010320143,Pasco,2910,0.000000,0,0,0.4447,0.0000,0.000000,0,0,0.4341,0.0000
121010321031,Pasco,1898,0.000000,0,2,1.7440,0.0000,0.000000,0,0,0.4468,0.0000
121010321032,Pasco,2894,0.000000,0,4,2.6169,0.0000,0.000000,0,0,0.4013,0.0000
121010321033,Pasco,6337,0.012641,301213,2,1.7688,4.2889,0.029129,792433,1,0.8674,0.5286
121010321041,Pasco,6698,0.008509,214298,1,1.1673,5.1362,0.006145,176698,1,0.8973,2.4524
121010321051,Pasco,5103,0.008624,165485,0,0.3289,1.6667,0.000000,0,0,0.3306,0.0000
121010321052,Pasco,1436,0.018543,100127,0,0.3273,2.7418,0.000000,0,0,0.3306,0.0000
121010321053,Pasco,3963,0.000000,0,0,0.4412,0.0000,0.000000,0,0,0.4316,0.0000
121010321061,Pasco,4993,0.000000,0,6,4.3712,0.0000,0.008834,189352,4,2.2718,5.0377
121010321062,Pasco,4079,0.000000,0,1,1.1746,0.0000,0.000000,0,1,0.9259,0.0000
121010321071,Pasco,5222,0.000000,0,0,0.3703,0.0000,0.000000,0,0,0.3817,0.0000
121010321072,Pasco,3729,0.000000,0,0,0.4282,0.0000,0.000000,0,0,0.4220,0.0000
121010321073,Pasco,802,0.000000,0,0,0.4503,0.0000,0.000000,0,1,0.8619,0.0000
121010321074,Pasco,2397,0.000000,0,2,1.5610,0.0000,0.000000,0,2,1.2057,0.0000
121010321081,Pasco,1210,0.000000,0,0,0.3989,0.0000,0.000000,0,0,0.4012,0.0000
121010321082,Pasco,1273,0.025118,120233,1,1.0268,8.0526,0.000000,0,0,0.3983,0.0000
121010321083,Pasco,5109,0.007042,135289,0,0.4579,2.8388,0.000000,0,2,1.2280,0.0000
121010321091,Pasco,4946,0.000000,0,0,0.4708,0.0000,0.000000,0,1,0.8930,0.0000
121010321101,Pasco,3193,0.009901,118875,4,3.2987,21.6808,0.017162,235242,1,0.9242,2.5391
121010321111,Pasco,4247,0.000000,0,1,1.1135,0.0000,0.000000,0,0,0.4503,0.0000
121010321112,Pasco,1879,0.016194,114420,0,0.4423,3.2416,0.000000,0,1,0.8012,0.0000
121010321121,Pasco,4400,0.005666,93739,1,1.1264,9.3682,0.002833,53510,0,0.4430,4.2413
121010321131,Pasco,2681,0.000000,0,0,0.4485,0.0000,0.000000,0,1,0.8592,0.0000
121010321132,Pasco,1331,0.000000,0,0,0.4021,0.0000,0.000000,0,0,0.4035,0.0000
121010322001,Pasco,2488,0.000000,0,0,0.3948,0.0000,0.000000,0,0,0.3984,0.0000
121010322002,Pasco,1769,0.000000,0,0,0.4395,0.0000,0.016575,125871,1,0.8741,3.3536
121010322003,Pasco,3260,0.097643,1196941,1,1.2111,0.9541,0.000000,0,0,0.4531,0.0000
121010323001,Pasco,2736,0.000000,0,4,2.0087,0.0000,0.000000,0,0,0.3393,0.0000
121010324011,Pasco,942,0.000000,0,0,0.2928,0.0000,0.000000,0,3,1.2890,0.0000
121010324012,Pasco,1208,0.000000,0,6,2.7344,0.0000,0.000000,0,0,0.3306,0.0000
121010324021,Pasco,1013,0.000000,0,1,0.8343,0.0000,0.000000,0,3,1.4329,0.0000
121010324022,Pasco,427,0.000000,0,0,0.2928,0.0000,0.000000,0,1,0.6501,0.0000
121010324023,Pasco,1897,0.000000,0,0,0.2928,0.0000,0.000000,0,0,0.3306,0.0000
121010325001,Pasco,884,0.000000,0,1,1.0177,0.0000,0.000000,0,2,1.2326,0.0000
121010325002,Pasco,1520,0.000000,0,4,2.7555,0.0000,0.000000,0,3,1.6227,0.0000
121010325003,Pasco,1904,0.000000,0,0,0.3929,0.0000,0.000000,0,0,0.3971,0.0000
121010325004,Pasco,3535,0.000000,0,1,0.9261,0.0000,0.000000,0,0,0.3934,0.0000
121010326011,Pasco,2047,0.000000,0,2,1.5451,0.0000,0.000000,0,1,0.8026,0.0000
121010326012,Pasco,1018,0.000000,0,3,2.1947,0.0000,0.000000,0,1,0.8246,0.0000
121010326021,Pasco,1738,0.000000,0,1,1.0522,0.0000,0.000000,0,2,1.2636,0.0000
121010326022,Pasco,1717,0.024272,156706,6,4.3385,28.9079,0.000000,0,0,0.4234,0.0000
121010327001,Pasco,659,0.000000,0,2,1.3745,0.0000,0.000000,0,1,0.7417,0.0000
121010327002,Pasco,1128,0.042071,178446,0,0.3291,1.5467,0.000000,0,0,0.3306,0.0000
121010327003,Pasco,1451,0.078689,429331,1,1.0259,2.2531,0.000000,0,0,0.3953,0.0000
121010328021,Pasco,2228,0.000000,0,0,0.2928,0.0000,0.000000,0,2,0.9695,0.0000
121010328022,Pasco,1111,0.000000,0,1,0.8454,0.0000,0.000000,0,0,0.3706,0.0000
121010328041,Pasco,1652,0.000000,0,5,3.5615,0.0000,0.000000,0,3,1.7025,0.0000
121010328042,Pasco,1160,0.567901,2477106,3,2.4562,0.6829,0.000000,0,2,1.2484,0.0000
121010328051,Pasco,2538,0.008511,81221,1,0.7808,9.0644,0.000000,0,0,0.3306,0.0000
121010328052,Pasco,1683,0.000000,0,6,4.0713,0.0000,0.000000,0,0,0.4276,0.0000
121010329011,Pasco,4357,0.013497,221124,0,0.4472,1.6962,0.000000,0,2,1.2016,0.0000
121010329012,Pasco,921,0.000000,0,0,0.4337,0.0000,0.000000,0,2,1.2495,0.0000
121010329013,Pasco,3507,0.000000,0,0,0.4266,0.0000,0.000000,0,0,0.4209,0.0000
121010329021,Pasco,934,0.000000,0,0,0.4110,0.0000,0.000000,0,1,0.8056,0.0000
121010329022,Pasco,1056,0.000000,0,2,1.5534,0.0000,0.000000,0,1,0.8056,0.0000
121010329051,Pasco,967,0.000000,0,2,1.5861,0.0000,0.000000,0,1,0.8177,0.0000
121010329052,Pasco,1289,0.000000,0,2,1.4479,0.0000,0.000000,0,1,0.7675,0.0000
121010329053,Pasco,1324,0.000000,0,0,0.4235,0.0000,0.095694,543909,1,0.8545,0.7587
121010329054,Pasco,2042,0.069333,532368,0,0.4413,0.6953,0.000000,0,0,0.4035,0.0000
121010330051,Pasco,2294,0.000000,0,2,1.4072,0.0000,0.025137,247546,0,0.3975,0.8228
121010330052,Pasco,2172,0.024331,198715,1,1.0775,4.2272,0.000000,0,3,1.6088,0.0000
121010330053,Pasco,1253,0.003861,18191,2,1.6541,80.0256,0.000000,0,0,0.4080,0.0000
121010330061,Pasco,2294,0.000000,0,1,0.9849,0.0000,0.000000,0,0,0.4105,0.0000
121010330062,Pasco,1095,0.000000,0,2,1.6659,0.0000,0.000000,0,2,1.2647,0.0000
121010330071,Pasco,705,0.000000,0,1,1.0500,0.0000,0.000000,0,0,0.4302,0.0000
121010330072,Pasco,1419,0.000000,0,3,2.0582,0.0000,0.000000,0,5,2.3369,0.0000
121010330081,Pasco,879,0.000000,0,1,1.0402,0.0000,0.000000,0,1,0.8399,0.0000
121010330082,Pasco,2014,0.013255,100380,0,0.4637,3.8744,0.000000,0,0,0.4237,0.0000
121010330091,Pasco,658,0.000000,0,2,1.6687,0.0000,0.000000,0,2,1.2662,0.0000
121010330092,Pasco,1050,0.002833,11185,2,1.7584,138.3603,0.000000,0,4,2.0902,0.0000
121010330093,Pasco,1366,0.000000,0,1,1.0207,0.0000,0.000000,0,1,0.8283,0.0000
121010330101,Pasco,1435,0.000000,0,1,0.9904,0.0000,0.000000,0,0,0.4121,0.0000
121010330102,Pasco,2966,0.000000,0,3,2.1261,0.0000,0.005531,70425,0,0.4232,3.0791
121010330111,Pasco,1009,0.000000,0,0,0.3726,0.0000,0.000000,0,1,0.7536,0.0000
121010330112,Pasco,766,0.000000,0,2,1.4964,0.0000,0.000000,0,2,1.1706,0.0000
121010330121,Pasco,983,0.000000,0,0,0.4281,0.0000,0.000000,0,0,0.4219,0.0000
121010330122,Pasco,1539,0.000000,0,5,3.4066,0.0000,0.000000,0,3,1.6465,0.0000
121010330131,Pasco,868,0.000000,0,3,2.2298,0.0000,0.000000,0,3,1.6544,0.0000
121010330132,Pasco,1558,0.000000,0,2,1.6149,0.0000,0.000000,0,1,0.8285,0.0000
121010330133,Pasco,787,0.037288,110347,2,1.7549,11.6154,0.000000,0,1,0.8337,0.0000
121010330141,Pasco,1335,0.000000,0,2,1.2259,0.0000,0.000000,0,0,0.3512,0.0000
121010330142,Pasco,1079,0.000000,0,1,0.9882,0.0000,0.000000,0,1,0.8091,0.0000
121010330143,Pasco,684,0.326241,839090,1,1.0242,1.1510,0.000000,0,0,0.3934,0.0000
121010330144,Pasco,337,0.666667,844797,1,1.0904,1.2171,0.000000,0,2,1.2129,0.0000
121010331011,Pasco,661,0.000000,0,0,0.4027,0.0000,0.000000,0,1,0.7942,0.0000
121010331012,Pasco,1819,0.000000,0,0,0.2928,0.0000,0.000000,0,1,0.6501,0.0000
121010331021,Pasco,1959,0.000000,0,0,0.2928,0.0000,0.000000,0,2,0.9695,0.0000
121019900000,Pasco,0,0.000000,0,0,0.2928,0.0000,0.000000,0,0,0.3306,0.0000
120530401011,Hernando,3024,0.007855,89318,0,0.3270,3.0703,0.000000,0,0,0.3306,0.0000
120530401012,Hernando,1572,0.000000,0,3,1.9178,0.0000,0.000000,0,3,1.4899,0.0000
120530401013,Hernando,1152,0.000000,0,0,0.3946,0.0000,0.000000,0,0,0.3982,0.0000
120530401021,Hernando,1022,0.000000,0,1,0.6997,0.0000,0.000000,0,0,0.3306,0.0000
120530401022,Hernando,884,0.029777,98979,1,1.0239,8.0644,0.000000,0,0,0.3978,0.0000
120530402011,Hernando,1944,0.032641,238601,0,0.4221,1.4836,0.040059,334314,0,0.4065,0.6229
120530402012,Hernando,900,0.023873,80790,0,0.4208,4.3681,0.000000,0,1,0.7725,0.0000
120530402021,Hernando,2163,0.000000,0,0,0.2928,0.0000,0.000000,0,1,0.6501,0.0000
120530402022,Hernando,838,0.109890,346271,2,1.8321,5.4486,0.000000,0,2,1.2831,0.0000
120530402023,Hernando,3875,0.002308,33632,1,0.7744,17.9505,0.000000,0,0,0.3306,0.0000
120530403011,Hernando,1822,0.022976,157411,1,0.7856,3.8907,0.000000,0,0,0.3306,0.0000
120530403021,Hernando,1599,0.000000,0,0,0.2928,0.0000,0.000000,0,0,0.3306,0.0000
120530403022,Hernando,2540,0.000000,0,0,0.2928,0.0000,0.000000,0,1,0.6501,0.0000
120530403023,Hernando,1013,0.010309,39269,0,0.3245,6.9303,0.000000,0,0,0.3306,0.0000
120530403031,Hernando,1493,0.016032,90004,4,2.1450,18.6211,0.000000,0,2,0.9695,0.0000
120530403032,Hernando,1289,0.000000,0,1,1.0321,0.0000,0.000000,0,0,0.4247,0.0000
120530404001,Hernando,916,0.000000,0,0,0.3993,0.0000,0.000000,0,1,0.7895,0.0000
120530404002,Hernando,1891,0.036574,260060,6,4.2835,11.6494,0.000000,0,1,0.8217,0.0000
120530404003,Hernando,1112,0.000000,0,0,0.4152,0.0000,0.000000,0,0,0.4127,0.0000
120530405011,Hernando,1505,0.026726,151246,1,1.1387,5.8693,0.000000,0,2,1.2691,0.0000
120530405012,Hernando,2981,0.028374,318053,7,4.9867,8.9535,0.000000,0,3,1.6458,0.0000
120530405021,Hernando,853,0.000000,0,2,1.5058,0.0000,0.000000,0,1,0.7883,0.0000
120530405022,Hernando,2143,0.022472,181082,2,1.6839,8.1841,0.000000,0,1,0.8040,0.0000
120530406011,Hernando,485,0.000000,0,0,0.2928,0.0000,0.000000,0,0,0.3306,0.0000
120530406012,Hernando,2600,0.000000,0,0,0.3086,0.0000,0.000000,0,0,0.3409,0.0000
120530406021,Hernando,601,0.000000,0,0,0.2928,0.0000,0.055556,143337,0,0.3436,1.2280
120530406022,Hernando,2289,0.041096,353719,1,0.7915,2.1099,0.000000,0,1,0.6501,0.0000
120530407011,Hernando,3948,0.000000,0,1,0.6997,0.0000,0.000000,0,0,0.3306,0.0000
120530407012,Hernando,2078,0.000000,0,2,1.1067,0.0000,0.000000,0,0,0.3306,0.0000
120530407013,Hernando,2283,0.000000,0,1,0.6997,0.0000,0.000000,0,1,0.6501,0.0000
120530407021,Hernando,2694,0.000000,0,1,0.6997,0.0000,0.000000,0,0,0.3306,0.0000
120530407022,Hernando,2413,0.000000,0,1,0.8851,0.0000,0.043096,446424,0,0.3969,0.4555
120530408011,Hernando,1593,0.000000,0,0,0.4434,0.0000,0.000000,0,0,0.4332,0.0000
120530408012,Hernando,978,0.000000,0,3,1.5136,0.0000,0.000000,0,1,0.6501,0.0000
120530408013,Hernando,1047,0.000000,0,1,1.0434,0.0000,0.000000,0,0,0.4281,0.0000
120530408021,Hernando,1690,0.000000,0,0,0.4284,0.0000,0.000000,0,4,2.0541,0.0000
120530408022,Hernando,2010,0.000000,0,0,0.2928,0.0000,0.000000,0,2,0.9695,0.0000
120530408023,Hernando,1088,0.000000,0,0,0.2928,0.0000,0.000000,0,2,0.9695,0.0000
120530409011,Hernando,1105,0.000000,0,4,2.7829,0.0000,0.000000,0,0,0.4192,0.0000
120530409012,Hernando,1405,0.000000,0,0,0.4151,0.0000,0.000000,0,0,0.4126,0.0000
120530409013,Hernando,2093,0.000000,0,1,1.1026,0.0000,0.000000,0,1,0.8786,0.0000
120530409014,Hernando,1831,0.000000,0,8,5.5913,0.0000,0.000000,0,2,1.3103,0.0000
120530409061,Hernando,1846,0.000000,0,1,1.0802,0.0000,0.010879,86217,0,0.4535,2.6949
120530409062,Hernando,1871,0.023288,163838,0,0.4938,2.5277,0.000000,0,0,0.4465,0.0000
120530409063,Hernando,2160,0.000000,0,0,0.4393,0.0000,0.000000,0,0,0.4301,0.0000
120530409064,Hernando,3685,0.023311,323013,1,0.8885,2.1443,0.000000,0,1,0.7017,0.0000
120530409071,Hernando,1656,0.000000,0,0,0.2928,0.0000,0.000000,0,2,0.9695,0.0000
120530409072,Hernando,1316,0.000000,0,3,1.5136,0.0000,0.000000,0,0,0.3306,0.0000
120530409081,Hernando,2008,0.000000,0,1,0.6997,0.0000,0.000000,0,1,0.6501,0.0000
120530409082,Hernando,1916,0.000000,0,2,1.5245,0.0000,0.000000,0,1,0.7950,0.0000
120530409083,Hernando,4906,0.095890,1768954,0,0.4453,0.2111,0.000000,0,0,0.4039,0.0000
120530409091,Hernando,2940,0.000000,0,1,0.9681,0.0000,0.000000,0,0,0.4055,0.0000
120530409092,Hernando,1807,0.000000,0,1,1.0622,0.0000,0.000000,0,0,0.4339,0.0000
120530409101,Hernando,3066,0.006677,76973,3,2.2321,31.9945,0.000000,0,3,1.5625,0.0000
120530409102,Hernando,1838,0.000000,0,0,0.2928,0.0000,0.000000,0,1,0.6501,0.0000
120530409111,Hernando,3770,0.015007,212737,2,1.6018,6.6267,0.000000,0,2,1.1524,0.0000
120530409112,Hernando,1697,0.000000,0,2,1.5055,0.0000,0.000000,0,0,0.4008,0.0000
120530409113,Hernando,1024,0.000000,0,4,2.5784,0.0000,0.000000,0,1,0.7810,0.0000
120530409121,Hernando,1695,0.000000,0,0,0.4101,0.0000,0.000000,0,0,0.4090,0.0000
120530409122,Hernando,1229,0.000000,0,0,0.4101,0.0000,0.000000,0,0,0.4090,0.0000
120530409131,Hernando,1467,0.061224,337730,1,1.0810,2.4954,0.000000,0,0,0.4126,0.0000
120530409132,Hernando,1926,0.008219,59525,1,1.0576,13.8516,0.000000,0,0,0.4090,0.0000
120530410031,Hernando,1628,0.000000,0,0,0.4355,0.0000,0.000000,0,0,0.4273,0.0000
120530410032,Hernando,1754,0.036975,243865,0,0.4719,1.6230,0.000000,0,0,0.4281,0.0000
120530410041,Hernando,2656,0.000000,0,1,1.0408,0.0000,0.000000,0,0,0.4273,0.0000
120530410042,Hernando,2355,0.000000,0,0,0.4072,0.0000,0.000000,0,1,0.8003,0.0000
120530410043,Hernando,1781,0.000000,0,1,1.0906,0.0000,0.000000,0,1,0.8710,0.0000
120530410051,Hernando,1687,0.030945,196297,1,1.1239,4.4637,0.019544,141541,1,0.8686,2.9637
120530410052,Hernando,1046,0.000000,0,4,2.7019,0.0000,0.000000,0,4,1.9966,0.0000
120530410061,Hernando,2925,0.000000,0,0,0.2928,0.0000,0.000000,0,1,0.6501,0.0000
120530410062,Hernando,1996,0.013699,102814,3,1.6926,13.6134,0.000000,0,1,0.6501,0.0000
120530410063,Hernando,2654,0.000000,0,0,0.4355,0.0000,0.000000,0,1,0.8403,0.0000
120530411031,Hernando,2191,0.000000,0,0,0.2928,0.0000,0.000000,0,1,0.6501,0.0000
120530411032,Hernando,2106,0.000000,0,3,2.4028,0.0000,0.000000,0,1,0.8838,0.0000
120530411041,Hernando,1207,0.000000,0,0,0.2928,0.0000,0.000000,0,0,0.3306,0.0000
120530411042,Hernando,2229,0.016410,137543,0,0.4937,3.0101,0.000000,0,0,0.4468,0.0000
120530411051,Hernando,1924,0.000000,0,1,0.6997,0.0000,0.032105,265172,1,0.6769,1.2328
120530411052,Hernando,1416,0.083333,443706,0,0.3319,0.6273,0.000000,0,0,0.3306,0.0000
120530411053,Hernando,1893,0.000000,0,3,2.3851,0.0000,0.000000,0,0,0.4468,0.0000
120530411061,Hernando,1617,0.000000,0,1,1.1026,0.0000,0.000000,0,1,0.8786,0.0000
120530411062,Hernando,2620,0.000000,0,0,0.2928,0.0000,0.000000,0,2,0.9695,0.0000
120530412011,Hernando,1640,0.011551,71233,3,2.3807,23.0168,0.000000,0,1,0.8299,0.0000
120530412012,Hernando,1269,0.000000,0,2,1.7248,0.0000,0.000000,0,1,0.8710,0.0000
120530412013,Hernando,2064,0.040161,311691,1,1.1236,3.3992,0.000000,0,0,0.4262,0.0000
120530412031,Hernando,1949,0.000000,0,5,3.6288,0.0000,0.000000,0,3,1.7275,0.0000
120530412032,Hernando,2212,0.000000,0,0,0.4290,0.0000,0.000000,0,0,0.4226,0.0000
120530412041,Hernando,1812,0.000000,0,1,0.8692,0.0000,0.042553,331013,0,0.3920,0.6067
120530412042,Hernando,651,0.000000,0,0,0.2928,0.0000,0.000000,0,0,0.3306,0.0000
120530412043,Hernando,799,0.000000,0,0,0.3637,0.0000,0.000000,0,0,0.3772,0.0000
120530413021,Hernando,1792,0.000000,0,1,1.0828,0.0000,0.000000,0,1,0.8661,0.0000
120530413022,Hernando,1865,0.000000,0,0,0.2928,0.0000,0.000000,0,2,0.9695,0.0000
120530413031,Hernando,539,0.000000,0,0,0.4528,0.0000,0.000000,0,0,0.4402,0.0000
120530413032,Hernando,893,0.000000,0,0,0.2928,0.0000,0.000000,0,0,0.3306,0.0000
120530413033,Hernando,772,0.000000,0,0,0.2928,0.0000,0.000000,0,0,0.3306,0.0000
120530413041,Hernando,737,0.000000,0,1,0.6997,0.0000,0.000000,0,1,0.6501,0.0000
120530413042,Hernando,1201,0.099631,449936,1,0.7932,1.3744,0.000000,0,1,0.6501,0.0000
120530413051,Hernando,1311,0.000000,0,0,0.2928,0.0000,0.000000,0,0,0.3306,0.0000
120530414011,Hernando,1664,0.000000,0,0,0.3151,0.0000,0.072368,516961,0,0.3599,0.3567
120530414012,Hernando,1607,0.000000,0,1,0.8210,0.0000,0.000000,0,0,0.3638,0.0000
120530414013,Hernando,3045,0.000000,0,2,1.6493,0.0000,0.000000,0,1,0.8416,0.0000
120530414021,Hernando,1287,0.000000,0,0,0.3454,0.0000,0.000000,0,2,1.0705,0.0000
120530414022,Hernando,2097,0.000000,0,1,0.9111,0.0000,0.000000,0,1,0.7650,0.0000
120530414023,Hernando,3033,0.000000,0,0,0.3454,0.0000,0.000000,0,0,0.3650,0.0000
120530415011,Hernando,1987,0.000000,0,1,0.8086,0.0000,0.000000,0,0,0.3604,0.0000
120530415012,Hernando,1315,0.000000,0,1,0.6997,0.0000,0.000000,0,0,0.3306,0.0000
120530415021,Hernando,2115,0.013196,104950,0,0.3275,2.6169,0.000000,0,0,0.3306,0.0000
120530415022,Hernando,2113,0.000000,0,1,1.0103,0.0000,0.000000,0,0,0.4180,0.0000
120530416011,Hernando,1186,0.000000,0,2,1.1067,0.0000,0.000000,0,0,0.3306,0.0000
120530416012,Hernando,1085,0.000000,0,0,0.2928,0.0000,0.000000,0,0,0.3306,0.0000
120530416013,Hernando,1127,0.000000,0,0,0.4431,0.0000,0.000000,0,0,0.4330,0.0000
120530416021,Hernando,603,0.630058,1428603,1,1.0312,0.6807,0.000000,0,0,0.3944,0.0000
120530416022,Hernando,1015,0.000000,0,0,0.3562,0.0000,0.000000,0,0,0.3722,0.0000
120530416023,Hernando,457,0.269737,463522,1,0.7934,1.3345,0.000000,0,0,0.3306,0.0000
120539900000,Hernando,0,0.000000,0,0,0.2928,0.0000,0.000000,0,0,0.3306,0.0000
120174501031,Citrus,2112,0.000000,0,0,0.2928,0.0000,0.000000,0,0,0.3306,0.0000
120174501032,Citrus,2008,0.000000,0,3,2.3880,0.0000,0.000000,0,0,0.4472,0.0000
120174501041,Citrus,901,0.000000,0,0,0.4113,0.0000,0.000000,0,0,0.4099,0.0000
120174501042,Citrus,2024,0.000000,0,0,0.3316,0.0000,0.000000,0,0,0.3559,0.0000
120174501051,Citrus,1139,0.000000,0,5,2.3275,0.0000,0.000000,0,0,0.3306,0.0000
120174501052,Citrus,797,0.000000,0,0,0.2928,0.0000,0.000000,0,1,0.6501,0.0000
120174501061,Citrus,2415,0.017264,156776,0,0.4148,2.2191,0.000000,0,0,0.3873,0.0000
120174501062,Citrus,1151,0.000000,0,0,0.2928,0.0000,0.000000,0,0,0.3306,0.0000
120174502011,Citrus,1419,0.000000,0,0,0.4131,0.0000,0.000000,0,1,0.8086,0.0000
120174502012,Citrus,1944,0.000000,0,1,0.6997,0.0000,0.000000,0,0,0.3306,0.0000
120174502013,Citrus,467,0.067901,119236,2,1.2393,9.1470,0.000000,0,1,0.6501,0.0000
120174502021,Citrus,1515,0.000000,0,0,0.4131,0.0000,0.000000,0,0,0.4112,0.0000
120174502022,Citrus,1123,0.000000,0,0,0.4131,0.0000,0.001395,6724,0,0.4218,32.1383
120174502023,Citrus,2041,0.037209,285567,1,1.0539,2.8771,0.000000,0,0,0.4046,0.0000
120174502024,Citrus,1207,0.000000,0,0,0.4131,0.0000,0.000000,0,0,0.4112,0.0000
120174503051,Citrus,1253,0.000000,0,1,0.9188,0.0000,0.000000,0,0,0.3913,0.0000
120174503052,Citrus,1597,0.000000,0,4,2.1053,0.0000,0.000000,0,1,0.6862,0.0000
120174503061,Citrus,2012,0.000000,0,0,0.4195,0.0000,0.000000,0,0,0.4157,0.0000
120174503062,Citrus,1403,0.000000,0,3,2.2071,0.0000,0.000000,0,1,0.8280,0.0000
120174503071,Citrus,1755,0.000000,0,0,0.3906,0.0000,0.000000,0,0,0.3955,0.0000
120174503072,Citrus,1273,0.000000,0,1,0.6997,0.0000,0.000000,0,0,0.3306,0.0000
120174503073,Citrus,1473,0.000000,0,0,0.2928,0.0000,0.000000,0,0,0.3306,0.0000
120174503074,Citrus,980,0.000000,0,0,0.3667,0.0000,0.000000,0,0,0.3792,0.0000
120174503081,Citrus,962,0.000000,0,0,0.3912,0.0000,0.000000,0,0,0.3959,0.0000
120174503082,Citrus,2296,0.000000,0,0,0.2928,0.0000,0.000000,0,0,0.3306,0.0000
120174503083,Citrus,2992,0.000000,0,0,0.2928,0.0000,0.000000,0,0,0.3306,0.0000
120174503091,Citrus,2918,0.000000,0,0,0.3842,0.0000,0.000000,0,0,0.3911,0.0000
120174503092,Citrus,2214,0.000000,0,1,0.9053,0.0000,0.000000,0,0,0.3874,0.0000
120174503093,Citrus,1714,0.000000,0,0,0.3906,0.0000,0.000000,0,0,0.3955,0.0000
120174503101,Citrus,3000,0.008982,101323,0,0.4137,3.4242,0.000000,0,0,0.3874,0.0000
120174503102,Citrus,1334,0.000000,0,0,0.3602,0.0000,0.000000,0,0,0.3749,0.0000
120174504011,Citrus,1752,0.000000,0,2,1.2390,0.0000,0.026836,201841,2,1.0770,3.2451
120174504012,Citrus,1525,0.000000,0,2,1.6857,0.0000,0.000000,0,0,0.4351,0.0000
120174504021,Citrus,1776,0.016173,108003,0,0.4447,3.4533,0.000000,0,0,0.4094,0.0000
120174504022,Citrus,1581,0.000000,0,0,0.2928,0.0000,0.000000,0,2,0.9695,0.0000
120174504023,Citrus,750,0.000000,0,1,0.6997,0.0000,0.000000,0,0,0.3306,0.0000
120174505011,Citrus,1093,0.231707,952300,0,0.3342,0.2943,0.000000,0,0,0.3306,0.0000
120174505012,Citrus,705,0.000000,0,6,3.7610,0.0000,0.000000,0,1,0.7942,0.0000
120174505021,Citrus,1323,0.000000,0,0,0.2928,0.0000,0.000000,0,0,0.3306,0.0000
120174505022,Citrus,1512,0.000000,0,0,0.2928,0.0000,0.000000,0,1,0.6501,0.0000
120174506011,Citrus,2480,0.000000,0,0,0.3582,0.0000,0.000000,0,1,0.7345,0.0000
120174506012,Citrus,1288,0.000000,0,0,0.2928,0.0000,0.000000,0,0,0.3306,0.0000
120174506013,Citrus,1282,0.000000,0,6,2.7344,0.0000,0.054745,301289,5,2.0085,5.0919
120174506021,Citrus,1426,0.000000,0,5,3.4865,0.0000,0.152672,934616,1,0.8776,0.4535
120174506022,Citrus,1040,0.000000,0,2,1.2988,0.0000,0.000000,0,1,0.7155,0.0000
120174506023,Citrus,1560,0.000000,0,2,1.5855,0.0000,0.000000,0,0,0.4157,0.0000
120174506024,Citrus,1418,0.000000,0,1,1.0245,0.0000,0.000000,0,0,0.4223,0.0000
120174507031,Citrus,1964,0.000000,0,2,1.8918,0.0000,0.056738,478374,0,0.4946,0.5297
120174507032,Citrus,1559,0.000000,0,0,0.4882,0.0000,0.000000,0,0,0.4682,0.0000
120174507033,Citrus,1712,0.000000,0,0,0.3704,0.0000,0.000000,0,0,0.3817,0.0000
120174507041,Citrus,2051,0.000000,0,2,1.3273,0.0000,0.000000,0,0,0.3689,0.0000
120174507042,Citrus,2026,0.000000,0,1,0.7458,0.0000,0.000000,0,0,0.3431,0.0000
120174507051,Citrus,2194,0.000000,0,2,1.6067,0.0000,0.000000,0,2,1.2311,0.0000
120174507052,Citrus,1341,0.000000,0,1,0.7782,0.0000,0.000000,0,3,1.3726,0.0000
120174507053,Citrus,1662,0.000000,0,0,0.2928,0.0000,0.000000,0,0,0.3306,0.0000
120174507061,Citrus,1576,0.000000,0,2,1.4444,0.0000,0.000000,0,0,0.3897,0.0000
120174507062,Citrus,1609,0.000000,0,1,0.9995,0.0000,0.000000,0,0,0.4148,0.0000
120174508001,Citrus,1320,0.000000,0,0,0.2928,0.0000,0.000000,0,1,0.6501,0.0000
120174508002,Citrus,487,0.000000,0,0,0.2928,0.0000,0.000000,0,0,0.3306,0.0000
120174508003,Citrus,684,0.000000,0,1,0.7374,0.0000,0.000000,0,4,1.6585,0.0000
120174508004,Citrus,1702,0.062003,396814,0,0.4402,0.9304,0.000000,0,0,0.4033,0.0000
120174509011,Citrus,3381,0.000000,0,2,1.1067,0.0000,0.000000,0,0,0.3306,0.0000
120174509021,Citrus,1044,0.235294,923688,5,3.6089,2.4303,0.000000,0,2,1.2073,0.0000
120174509022,Citrus,1358,0.000000,0,1,0.9138,0.0000,0.045061,262695,2,1.1865,2.7466
120174510011,Citrus,1413,0.000000,0,2,1.7269,0.0000,0.000000,0,1,0.8718,0.0000
120174510012,Citrus,1208,0.000000,0,3,2.2028,0.0000,0.000000,0,1,0.8269,0.0000
120174510021,Citrus,951,0.000000,0,0,0.2928,0.0000,0.000000,0,0,0.3306,0.0000
120174510022,Citrus,1072,0.000000,0,3,1.5136,0.0000,0.000000,0,0,0.3306,0.0000
120174510023,Citrus,1238,0.000000,0,0,0.3503,0.0000,0.000000,0,1,0.7242,0.0000
120174511011,Citrus,2802,0.006487,68353,0,0.3262,4.0021,0.000000,0,0,0.3306,0.0000
120174511031,Citrus,2016,0.000000,0,2,1.5282,0.0000,0.000000,0,1,0.7964,0.0000
120174511032,Citrus,1206,0.000000,0,1,0.6997,0.0000,0.000000,0,0,0.3306,0.0000
120174511041,Citrus,1346,0.000000,0,1,0.9986,0.0000,0.000000,0,0,0.4145,0.0000
120174511042,Citrus,2035,0.000000,0,1,0.6997,0.0000,0.000000,0,0,0.3306,0.0000
120174512001,Citrus,1385,0.046875,244121,0,0.3300,1.1339,0.000000,0,0,0.3306,0.0000
120174512002,Citrus,1385,0.000000,0,1,0.7942,0.0000,0.000000,0,0,0.3564,0.0000
120174512003,Citrus,1491,0.000000,0,1,0.7307,0.0000,0.000000,0,1,0.6667,0.0000
120174513001,Citrus,2364,0.000000,0,0,0.2928,0.0000,0.000000,0,0,0.3306,0.0000
120174513002,Citrus,1070,0.000000,0,0,0.3150,0.0000,0.000000,0,0,0.3450,0.0000
120174514001,Citrus,2068,0.000000,0,0,0.3909,0.0000,0.025478,226186,1,0.8068,1.7226
120174514002,Citrus,1178,0.000000,0,0,0.2928,0.0000,0.000000,0,0,0.3306,0.0000
120174514003,Citrus,1160,0.000000,0,2,1.6229,0.0000,0.000000,0,0,0.4229,0.0000
120174514004,Citrus,1100,0.000000,0,0,0.2928,0.0000,0.000000,0,0,0.3306,0.0000
120174515011,Citrus,1144,0.000000,0,1,1.0253,0.0000,0.000000,0,0,0.4226,0.0000
120174515012,Citrus,2239,0.022422,188770,0,0.3293,1.4629,0.000000,0,1,0.6501,0.0000
120174515021,Citrus,1046,0.000000,0,11,5.1827,0.0000,0.000000,0,7,2.6955,0.0000
120174515022,Citrus,2490,0.000000,0,1,1.0315,0.0000,0.015918,170150,2,1.2877,3.4692
120174515023,Citrus,3417,0.000000,0,1,0.7613,0.0000,0.000000,0,0,0.3474,0.0000
120174516031,Citrus,1649,0.000000,0,0,0.3197,0.0000,0.000000,0,1,0.6846,0.0000
120174516032,Citrus,641,0.000000,0,0,0.2928,0.0000,0.000000,0,0,0.3306,0.0000
120174516041,Citrus,1673,0.000000,0,0,0.2928,0.0000,0.000000,0,0,0.3306,0.0000
120174516042,Citrus,827,0.000000,0,3,2.0132,0.0000,0.000000,0,1,0.7761,0.0000
120174516043,Citrus,1310,0.000000,0,0,0.4037,0.0000,0.000000,0,0,0.4046,0.0000
120174516051,Citrus,3045,0.000000,0,2,1.1067,0.0000,0.030547,399306,3,1.3440,1.4732
120174516061,Citrus,2285,0.000000,0,0,0.3943,0.0000,0.000000,0,0,0.3980,0.0000
120174516062,Citrus,1546,0.000000,0,0,0.3943,0.0000,0.000000,0,2,1.1674,0.0000
120174516063,Citrus,908,0.000000,0,2,1.1067,0.0000,0.000000,0,0,0.3306,0.0000
120174517011,Citrus,777,0.000000,0,0,0.2928,0.0000,0.000000,0,0,0.3306,0.0000
120174517012,Citrus,971,0.000000,0,0,0.3363,0.0000,0.000000,0,1,0.7060,0.0000
120174517021,Citrus,1217,0.000000,0,0,0.2928,0.0000,0.000000,0,0,0.3306,0.0000
120174517022,Citrus,1400,0.238477,1255417,0,0.3350,0.2238,0.000000,0,0,0.3306,0.0000
120179900000,Citrus,0,0.000000,0,0,0.2928,0.0000,0.000000,0,0,0.3306,0.0000
