GEOID20,county,r_route,r_band10,r_band20,r_band30,r_band40,r_proximity
120570001011,Hillsborough,0.105961,0.087528,0.110356,0.140873,0.101476,0.090808
120570001012,Hillsborough,0.112893,0.097377,0.117029,0.142617,0.103673,0.090670
120570001013,Hillsborough,0.099706,0.090751,0.097541,0.149085,0.085951,0.091035
120570001014,Hillsborough,0.105872,0.096273,0.107197,0.127734,0.102886,0.089807
120570001021,Hillsborough,0.122368,0.122129,0.122906,0.132160,0.106591,0.089595
120570001022,Hillsborough,0.111249,0.098592,0.116918,0.125405,0.103607,0.090393
120570001023,Hillsborough,0.116846,0.103155,0.122043,0.140115,0.102332,0.090679
120570001024,Hillsborough,0.134429,0.151411,0.133269,0.112623,0.110609,0.090742
120570002011,Hillsborough,0.113616,0.120237,0.109677,0.126550,0.102330,0.089820
120570002012,Hillsborough,0.105897,0.114028,0.101510,0.100938,0.097392,0.089837
120570002021,Hillsborough,0.114287,0.104097,0.117757,0.130668,0.105584,0.089792
120570002022,Hillsborough,0.091140,0.090191,0.086029,0.121911,0.090398,0.089986
120570002023,Hillsborough,0.106735,0.099819,0.107747,0.126613,0.101274,0.089711
120570003011,Hillsborough,0.102268,0.106698,0.101040,0.096722,0.095661,0.089705
120570003012,Hillsborough,0.099734,0.105778,0.097031,0.098343,0.096930,0.089531
120570003013,Hillsborough,0.105732,0.117737,0.098864,0.091623,0.096697,0.089620
120570003014,Hillsborough,0.112806,0.123596,0.107911,0.100142,0.099036,0.089614
120570003021,Hillsborough,0.109616,0.102558,0.111795,0.125223,0.101708,0.089562
120570003022,Hillsborough,0.114327,0.112390,0.119397,0.103661,0.103004,0.089569
120570004011,Hillsborough,0.096984,0.093694,0.098929,0.097240,0.095727,0.089995
120570004012,Hillsborough,0.106118,0.113793,0.102627,0.097473,0.099485,0.090142
120570004013,Hillsborough,0.099330,0.100254,0.100960,0.093047,0.095316,0.089915
120570004021,Hillsborough,0.100014,0.101930,0.103078,0.088674,0.091173,0.089744
120570004022,Hillsborough,0.099918,0.101156,0.101686,0.092797,0.095201,0.089627
120570004023,Hillsborough,0.102669,0.108474,0.101215,0.091823,0.096424,0.089640
120570005001,Hillsborough,0.106215,0.109490,0.108378,0.098084,0.094590,0.090132
120570005002,Hillsborough,0.102769,0.110687,0.101331,0.094848,0.096055,0.089853
120570005003,Hillsborough,0.103636,0.107243,0.104599,0.093812,0.096766,0.090134
120570005004,Hillsborough,0.100888,0.106811,0.100120,0.092428,0.096902,0.090292
120570006011,Hillsborough,0.111271,0.117461,0.116190,0.090751,0.099719,0.090177
120570006012,Hillsborough,0.109120,0.118021,0.105634,0.094041,0.100481,0.089950
120570006013,Hillsborough,0.116829,0.130550,0.116534,0.091096,0.101186,0.089985
120570006021,Hillsborough,0.105853,0.115259,0.102960,0.086163,0.094539,0.089718
120570006022,Hillsborough,0.103191,0.111616,0.101115,0.083792,0.094917,0.089642
120570007011,Hillsborough,0.096709,0.103773,0.091926,0.087057,0.096020,0.089572
120570007012,Hillsborough,0.096206,0.102654,0.092321,0.085092,0.097132,0.089540
120570007021,Hillsborough,0.117062,0.128006,0.115273,0.093442,0.104550,0.089374
120570007022,Hillsborough,0.118003,0.131382,0.114543,0.093530,0.104047,0.089299
120570008001,Hillsborough,0.097916,0.102155,0.095871,0.097686,0.094819,0.089752
120570008002,Hillsborough,0.131276,0.155278,0.124993,0.108695,0.110521,0.090364
120570009011,Hillsborough,0.125378,0.146468,0.121391,0.104680,0.102424,0.090453
120570009012,Hillsborough,0.124331,0.134913,0.124749,0.110455,0.104551,0.090597
120570009013,Hillsborough,0.127453,0.137069,0.128843,0.109237,0.112765,0.090349
120570009021,Hillsborough,0.137148,0.158507,0.133640,0.115093,0.112764,0.090641
120570009022,Hillsborough,0.128897,0.141371,0.128137,0.112009,0.111368,0.090377
120570009023,Hillsborough,0.137206,0.159279,0.134247,0.113750,0.111226,0.090529
120570009024,Hillsborough,0.131537,0.139069,0.134968,0.113235,0.114162,0.090467
120570010011,Hillsborough,0.105024,0.116423,0.104040,0.086955,0.092053,0.089274
120570010012,Hillsborough,0.140712,0.175314,0.129693,0.099597,0.106808,0.089267
120570010021,Hillsborough,0.136877,0.164520,0.126661,0.097810,0.103368,0.089785
120570010022,Hillsborough,0.133588,0.156124,0.124571,0.098037,0.105166,0.089831
120570010023,Hillsborough,0.134646,0.154233,0.125751,0.106484,0.107999,0.089842
120570010024,Hillsborough,0.124983,0.140019,0.117961,0.100341,0.106139,0.089899
120570011001,Hillsborough,0.114702,0.128378,0.107259,0.086585,0.101330,0.089277
120570011002,Hillsborough,0.097004,0.106035,0.093430,0.079441,0.096972,0.089204
120570011003,Hillsborough,0.094988,0.097255,0.097738,0.082166,0.093778,0.089074
120570012001,Hillsborough,0.107463,0.117826,0.101940,0.084628,0.095902,0.089373
120570012002,Hillsborough,0.106472,0.117668,0.100550,0.082365,0.094616,0.089199
120570013001,Hillsborough,0.110015,0.120947,0.107033,0.085357,0.095216,0.089642
120570013002,Hillsborough,0.107162,0.109901,0.109166,0.096102,0.105292,0.089658
120570013003,Hillsborough,0.108863,0.115378,0.107736,0.094961,0.107791,0.089180
120570013004,Hillsborough,0.103075,0.102526,0.106996,0.094897,0.106156,0.089478
120570013005,Hillsborough,0.106786,0.112047,0.105982,0.095170,0.105397,0.089190
120570014001,Hillsborough,0.090472,0.092793,0.093297,0.077126,0.093677,0.089144
120570014002,Hillsborough,0.090733,0.092202,0.094872,0.077891,0.095853,0.088951
120570014003,Hillsborough,0.095383,0.099022,0.097445,0.082392,0.095616,0.088774
120570014004,Hillsborough,0.093603,0.098106,0.094160,0.080521,0.091282,0.088930
120570015001,Hillsborough,0.110471,0.123932,0.108020,0.084615,0.096500,0.089031
120570015002,Hillsborough,0.108964,0.120985,0.106175,0.083616,0.095193,0.089011
120570015003,Hillsborough,0.105254,0.116264,0.103611,0.081823,0.090514,0.088987
120570016001,Hillsborough,0.105635,0.115180,0.101026,0.083620,0.098527,0.089117
120570016002,Hillsborough,0.109174,0.122525,0.102363,0.084423,0.099070,0.088988
120570017001,Hillsborough,0.114248,0.131346,0.102746,0.087329,0.101226,0.089098
120570017002,Hillsborough,0.119003,0.136301,0.112408,0.092684,0.105434,0.089209
120570017003,Hillsborough,0.135244,0.162922,0.125362,0.096911,0.107184,0.089213
120570017004,Hillsborough,0.102862,0.112566,0.099697,0.081574,0.097525,0.089050
120570017005,Hillsborough,0.125893,0.150570,0.114825,0.090704,0.103048,0.089134
120570018001,Hillsborough,0.130513,0.153004,0.120231,0.098773,0.104974,0.090043
120570018002,Hillsborough,0.136625,0.154317,0.132044,0.109912,0.108982,0.090036
120570018003,Hillsborough,0.126836,0.144179,0.121510,0.092355,0.105392,0.089674
120570018004,Hillsborough,0.116995,0.125051,0.116316,0.096589,0.103757,0.089893
120570019001,Hillsborough,0.134373,0.157694,0.126362,0.098363,0.105662,0.089693
120570019002,Hillsborough,0.128937,0.146773,0.129600,0.089844,0.102146,0.089296
120570019003,Hillsborough,0.123878,0.140577,0.122561,0.086001,0.099166,0.089242
120570020001,Hillsborough,0.130422,0.152438,0.121805,0.093326,0.105155,0.089307
120570020002,Hillsborough,0.120893,0.136136,0.116540,0.089147,0.102664,0.089120
120570020003,Hillsborough,0.113105,0.127533,0.107576,0.082854,0.099887,0.088987
120570021001,Hillsborough,0.103812,0.114420,0.100313,0.080404,0.097190,0.089084
120570021002,Hillsborough,0.111905,0.130850,0.100208,0.084339,0.101784,0.088967
120570021003,Hillsborough,0.105085,0.122928,0.089042,0.080196,0.098830,0.088785
120570022001,Hillsborough,0.110630,0.127513,0.098624,0.083627,0.101768,0.088884
120570023001,Hillsborough,0.122515,0.146967,0.106095,0.094155,0.101716,0.088691
120570023002,Hillsborough,0.128176,0.157625,0.103818,0.094024,0.105457,0.088620
120570023003,Hillsborough,0.126279,0.155599,0.102271,0.093781,0.100848,0.088541
120570024001,Hillsborough,0.099666,0.108749,0.095226,0.083856,0.097947,0.088412
120570024002,Hillsborough,0.097319,0.104824,0.095432,0.080842,0.092344,0.088917
120570024003,Hillsborough,0.110266,0.129759,0.099076,0.083380,0.092479,0.088605
120570024004,Hillsborough,0.099775,0.108201,0.096178,0.084596,0.094317,0.088262
120570025001,Hillsborough,0.170756,0.237376,0.123000,0.101763,0.107772,0.088478
120570025002,Hillsborough,0.096572,0.102993,0.093733,0.083341,0.098017,0.088728
120570025003,Hillsborough,0.132209,0.168010,0.109750,0.098791,0.105916,0.088152
120570025004,Hillsborough,0.103008,0.110168,0.103167,0.085094,0.100264,0.088147
120570026001,Hillsborough,0.109822,0.131089,0.098558,0.086158,0.095754,0.088272
120570026002,Hillsborough,0.085676,0.094276,0.078484,0.079367,0.086652,0.087371
120570027011,Hillsborough,0.092491,0.095970,0.094216,0.080321,0.093241,0.087841
120570027012,Hillsborough,0.102388,0.117446,0.090967,0.083430,0.095938,0.087546
120570027013,Hillsborough,0.099940,0.114910,0.088301,0.081132,0.093061,0.087355
120570027021,Hillsborough,0.088421,0.096256,0.080698,0.081204,0.090587,0.087433
120570027022,Hillsborough,0.094566,0.106804,0.084147,0.082149,0.088444,0.087308
120570028001,Hillsborough,0.114529,0.138924,0.099246,0.082908,0.092852,0.088238
120570028002,Hillsborough,0.111515,0.134188,0.097196,0.082234,0.091506,0.087766
120570028003,Hillsborough,0.111330,0.136431,0.093442,0.081579,0.094982,0.087324
120570028004,Hillsborough,0.110437,0.135474,0.090647,0.082483,0.091705,0.087371
120570029001,Hillsborough,0.125137,0.156544,0.099985,0.090484,0.097400,0.088121
120570029002,Hillsborough,0.121825,0.152326,0.096730,0.088614,0.101692,0.087886
120570029003,Hillsborough,0.113762,0.139411,0.090266,0.085614,0.100107,0.087601
120570030001,Hillsborough,0.093155,0.102684,0.086433,0.076622,0.096654,0.088775
120570030002,Hillsborough,0.117063,0.139103,0.096859,0.092246,0.104846,0.088580
120570030003,Hillsborough,0.111008,0.135839,0.087306,0.084775,0.102301,0.087997
120570031001,Hillsborough,0.105712,0.122940,0.092874,0.081584,0.099283,0.088619
120570031002,Hillsborough,0.111799,0.127621,0.105524,0.082955,0.100760,0.088619
120570031003,Hillsborough,0.131577,0.161757,0.112616,0.091142,0.104688,0.088848
120570031004,Hillsborough,0.132231,0.164884,0.110671,0.088522,0.102887,0.088855
120570032001,Hillsborough,0.107785,0.120784,0.100179,0.086218,0.101119,0.088395
120570032002,Hillsborough,0.098945,0.111577,0.084182,0.083927,0.100238,0.088169
120570032003,Hillsborough,0.102250,0.114508,0.091219,0.084005,0.099235,0.088337
120570033001,Hillsborough,0.131375,0.163947,0.104845,0.087809,0.102314,0.088620
120570033002,Hillsborough,0.132837,0.166804,0.102421,0.088376,0.103326,0.088549
120570033003,Hillsborough,0.116170,0.137907,0.098086,0.082578,0.098967,0.088425
120570034001,Hillsborough,0.133794,0.162331,0.116950,0.090876,0.105023,0.088837
120570034002,Hillsborough,0.123967,0.137363,0.121221,0.096049,0.106974,0.089486
120570034003,Hillsborough,0.141359,0.175941,0.126912,0.093872,0.104628,0.089227
120570035001,Hillsborough,0.131356,0.164010,0.105292,0.087489,0.102752,0.088515
120570035002,Hillsborough,0.127668,0.149266,0.119699,0.085286,0.102606,0.088618
120570035003,Hillsborough,0.149205,0.188333,0.133517,0.093968,0.106889,0.088749
120570035004,Hillsborough,0.120235,0.134217,0.116790,0.091606,0.102839,0.089058
120570036001,Hillsborough,0.117687,0.124830,0.118833,0.098118,0.106954,0.089656
120570036002,Hillsborough,0.113859,0.125290,0.114036,0.084687,0.094439,0.090057
120570036003,Hillsborough,0.125372,0.148731,0.115326,0.084995,0.099689,0.089793
120570036004,Hillsborough,0.124744,0.136253,0.123678,0.097618,0.107181,0.089372
120570037001,Hillsborough,0.104762,0.112006,0.108261,0.080350,0.091645,0.090151
120570038001,Hillsborough,0.120897,0.133550,0.118598,0.088479,0.104039,0.089014
120570041001,Hillsborough,0.110957,0.135773,0.087413,0.084801,0.101457,0.087897
120570041002,Hillsborough,0.105170,0.128335,0.083223,0.079558,0.093565,0.087723
120570042001,Hillsborough,0.126045,0.162678,0.095020,0.086205,0.099808,0.087284
120570043001,Hillsborough,0.111926,0.143883,0.082546,0.083202,0.094648,0.086979
120570043002,Hillsborough,0.114346,0.139316,0.094803,0.088437,0.097177,0.086868
120570043003,Hillsborough,0.102032,0.117950,0.086633,0.086678,0.096025,0.086747
120570044001,Hillsborough,0.089568,0.099640,0.079478,0.081004,0.093383,0.087200
120570044002,Hillsborough,0.106009,0.125310,0.093003,0.081458,0.093973,0.086954
120570044003,Hillsborough,0.096846,0.115423,0.079145,0.080054,0.090362,0.086991
120570045001,Hillsborough,0.091690,0.103494,0.081945,0.079830,0.091175,0.087068
120570045002,Hillsborough,0.088944,0.098594,0.080483,0.079143,0.087718,0.087361
120570045003,Hillsborough,0.108392,0.141033,0.080823,0.077575,0.086055,0.087138
120570045004,Hillsborough,0.081862,0.085839,0.077573,0.078545,0.087788,0.087263
120570045005,Hillsborough,0.079732,0.085188,0.073501,0.075312,0.087709,0.087179
120570046011,Hillsborough,0.076213,0.078883,0.071841,0.077046,0.085232,0.087134
120570046012,Hillsborough,0.076139,0.078115,0.072369,0.077162,0.088317,0.087077
120570046021,Hillsborough,0.077471,0.083537,0.070230,0.079631,0.081151,0.086650
120570047001,Hillsborough,0.075205,0.077802,0.069890,0.079622,0.087553,0.086322
120570047002,Hillsborough,0.078198,0.081831,0.072809,0.078700,0.088487,0.086398
120570047003,Hillsborough,0.074437,0.077567,0.069085,0.076820,0.086266,0.086659
120570048001,Hillsborough,0.110220,0.145604,0.080056,0.077149,0.085859,0.086848
120570048002,Hillsborough,0.089810,0.106235,0.073824,0.074514,0.087062,0.086857
120570048003,Hillsborough,0.089327,0.106925,0.073887,0.075281,0.084050,0.086618
120570048004,Hillsborough,0.089175,0.098202,0.079908,0.083644,0.091457,0.086632
120570048005,Hillsborough,0.107570,0.134853,0.085880,0.082957,0.087646,0.086561
120570048006,Hillsborough,0.092178,0.105605,0.079436,0.082815,0.090055,0.086637
120570049011,Hillsborough,0.094454,0.107733,0.082476,0.079542,0.092745,0.086639
120570049012,Hillsborough,0.086224,0.097043,0.074261,0.077527,0.090027,0.086914
120570049021,Hillsborough,0.084773,0.091421,0.076598,0.080201,0.091386,0.086791
120570049022,Hillsborough,0.083860,0.088723,0.076660,0.082275,0.092295,0.086705
120570049023,Hillsborough,0.085617,0.090664,0.078830,0.084052,0.092130,0.086776
120570050001,Hillsborough,0.098372,0.119056,0.078888,0.075792,0.091148,0.086840
120570050002,Hillsborough,0.123124,0.162576,0.086045,0.076716,0.094965,0.087107
120570050003,Hillsborough,0.086323,0.100009,0.072141,0.073128,0.090694,0.087009
120570051011,Hillsborough,0.098909,0.120045,0.076926,0.076927,0.089680,0.087646
120570051012,Hillsborough,0.090716,0.107460,0.077728,0.075787,0.092725,0.087613
120570051021,Hillsborough,0.092411,0.107141,0.084283,0.070683,0.086738,0.087502
120570051022,Hillsborough,0.092918,0.107346,0.083932,0.070739,0.090347,0.087600
120570051023,Hillsborough,0.094190,0.108879,0.085424,0.071451,0.090231,0.087583
120570053011,Hillsborough,0.092366,0.103575,0.084875,0.073865,0.093246,0.087637
120570053012,Hillsborough,0.090742,0.098045,0.085530,0.075965,0.099262,0.088005
120570053013,Hillsborough,0.092771,0.102249,0.085712,0.074969,0.098778,0.087933
120570053021,Hillsborough,0.099715,0.109776,0.100834,0.079560,0.090763,0.089244
120570053022,Hillsborough,0.098556,0.101746,0.105765,0.076291,0.089295,0.089126
120570054011,Hillsborough,0.111764,0.142894,0.107554,0.089539,0.092056,0.086538
120570054012,Hillsborough,0.113209,0.143279,0.104210,0.087425,0.094482,0.086850
120570054013,Hillsborough,0.158613,0.242265,0.124228,0.095826,0.102832,0.086979
120570054014,Hillsborough,0.086701,0.094078,0.082738,0.075066,0.090595,0.087113
120570054015,Hillsborough,0.144497,0.213882,0.112571,0.089551,0.101100,0.087036
120570054016,Hillsborough,0.169294,0.257124,0.131961,0.099763,0.107689,0.087019
120570055001,Hillsborough,0.113903,0.143357,0.088351,0.082110,0.097997,0.087193
120570055002,Hillsborough,0.093080,0.106439,0.082481,0.075504,0.093499,0.087325
120570055003,Hillsborough,0.084892,0.095208,0.074678,0.074260,0.090859,0.086914
120570057001,Hillsborough,0.082933,0.091029,0.074180,0.078682,0.086104,0.086513
120570057002,Hillsborough,0.080003,0.084764,0.074121,0.078195,0.086512,0.086612
120570057003,Hillsborough,0.079785,0.083460,0.074723,0.078572,0.087393,0.086746
120570057004,Hillsborough,0.101686,0.119830,0.088617,0.081165,0.087218,0.086454
120570058001,Hillsborough,0.077687,0.080788,0.072663,0.079400,0.088595,0.086204
120570058002,Hillsborough,0.078923,0.082866,0.073422,0.078635,0.084566,0.086449
120570058003,Hillsborough,0.081321,0.089225,0.072575,0.077983,0.085799,0.085968
120570058004,Hillsborough,0.079038,0.086503,0.071062,0.076297,0.082788,0.085702
120570058005,Hillsborough,0.084967,0.095667,0.073915,0.080473,0.085442,0.085709
120570059001,Hillsborough,0.079878,0.086146,0.072856,0.080121,0.081841,0.086384
120570059002,Hillsborough,0.076305,0.079784,0.070445,0.080046,0.086857,0.086440
120570059003,Hillsborough,0.077652,0.083963,0.070490,0.075809,0.080157,0.085642
120570059004,Hillsborough,0.074087,0.077012,0.070087,0.074179,0.076348,0.085695
120570059005,Hillsborough,0.074090,0.078065,0.069827,0.073361,0.077172,0.085574
120570059006,Hillsborough,0.085395,0.098709,0.075791,0.077085,0.080200,0.085574
120570060001,Hillsborough,0.101640,0.120334,0.085879,0.087166,0.089851,0.086160
120570060002,Hillsborough,0.080380,0.086176,0.074083,0.076558,0.085982,0.086406
120570060003,Hillsborough,0.073188,0.073958,0.070626,0.074041,0.083908,0.086251
120570060004,Hillsborough,0.108483,0.134371,0.085205,0.092243,0.094671,0.085809
120570060005,Hillsborough,0.063638,0.058120,0.064687,0.071170,0.083200,0.086012
120570060006,Hillsborough,0.072543,0.073067,0.070226,0.072974,0.085433,0.086017
120570060007,Hillsborough,0.108573,0.135206,0.087945,0.086585,0.091913,0.085764
120570061011,Hillsborough,0.083071,0.088408,0.076888,0.079899,0.090573,0.086518
120570061012,Hillsborough,0.079441,0.082355,0.075923,0.076958,0.089051,0.086527
120570061013,Hillsborough,0.083360,0.090284,0.079998,0.071381,0.088724,0.086660
120570061014,Hillsborough,0.080626,0.083086,0.078189,0.077702,0.089091,0.086275
120570061031,Hillsborough,0.064234,0.052762,0.070318,0.074097,0.084469,0.086112
120570061032,Hillsborough,0.075035,0.069553,0.079533,0.076312,0.088548,0.086110
120570061033,Hillsborough,0.062889,0.055901,0.065716,0.068419,0.081210,0.085699
120570061034,Hillsborough,0.070779,0.067136,0.073055,0.071633,0.085445,0.085998
120570062001,Hillsborough,0.086755,0.105991,0.069378,0.075055,0.081445,0.085976
120570062002,Hillsborough,0.065140,0.059610,0.066092,0.072841,0.084606,0.086204
120570062003,Hillsborough,0.100020,0.131956,0.077231,0.072732,0.083326,0.085861
120570062004,Hillsborough,0.078140,0.093130,0.066184,0.069554,0.083182,0.085617
120570063001,Hillsborough,0.075957,0.078350,0.071050,0.077658,0.081807,0.085773
120570063002,Hillsborough,0.068615,0.067002,0.066707,0.072751,0.082619,0.085916
120570063003,Hillsborough,0.083598,0.093798,0.076485,0.077008,0.081429,0.085406
120570063004,Hillsborough,0.067937,0.068654,0.064857,0.069549,0.079472,0.085509
120570064001,Hillsborough,0.076818,0.083376,0.070799,0.074890,0.076629,0.085644
120570064002,Hillsborough,0.075660,0.079886,0.070524,0.076054,0.077942,0.085631
120570064003,Hillsborough,0.077607,0.085933,0.071008,0.073727,0.078184,0.085437
120570064004,Hillsborough,0.079453,0.089325,0.072069,0.075570,0.078262,0.085256
120570065011,Hillsborough,0.077057,0.088137,0.070764,0.073969,0.077449,0.084983
120570065012,Hillsborough,0.079247,0.093073,0.068585,0.075588,0.078658,0.085105
120570065013,Hillsborough,0.076324,0.085614,0.068197,0.075285,0.078082,0.085118
120570065031,Hillsborough,0.074424,0.083084,0.068890,0.074457,0.078222,0.084818
120570065032,Hillsborough,0.068785,0.069748,0.065960,0.071117,0.076546,0.084919
120570065033,Hillsborough,0.068620,0.069408,0.064841,0.072299,0.076318,0.085107
120570065041,Hillsborough,0.072405,0.077724,0.067228,0.074412,0.077752,0.084933
120570065042,Hillsborough,0.071976,0.074336,0.069002,0.073910,0.076440,0.085017
120570066001,Hillsborough,0.066717,0.063552,0.065701,0.072114,0.078355,0.085438
120570066002,Hillsborough,0.080453,0.092286,0.074033,0.076283,0.079726,0.085065
120570066003,Hillsborough,0.073168,0.074610,0.069434,0.075831,0.079193,0.085229
120570067001,Hillsborough,0.083898,0.092214,0.076098,0.081456,0.087014,0.085496
120570067002,Hillsborough,0.058966,0.046343,0.064692,0.065446,0.078792,0.085321
120570067003,Hillsborough,0.081571,0.086520,0.075482,0.081582,0.085720,0.085274
120570067004,Hillsborough,0.056770,0.042512,0.060683,0.066463,0.075325,0.085081
120570067005,Hillsborough,0.085430,0.100109,0.077103,0.077501,0.084730,0.085051
120570067006,Hillsborough,0.066634,0.072293,0.060249,0.067929,0.075251,0.085058
120570068011,Hillsborough,0.065653,0.069042,0.060017,0.067715,0.075141,0.085172
120570068012,Hillsborough,0.063025,0.061798,0.059585,0.068285,0.074543,0.085077
120570068013,Hillsborough,0.067741,0.073804,0.061367,0.068553,0.075763,0.085171
120570068014,Hillsborough,0.069457,0.076542,0.063126,0.069069,0.075360,0.085077
120570068015,Hillsborough,0.066645,0.067591,0.062941,0.069899,0.075697,0.085225
120570068021,Hillsborough,0.062180,0.055334,0.061758,0.067173,0.073476,0.085017
120570068022,Hillsborough,0.061855,0.057800,0.059614,0.067746,0.074028,0.084992
120570068023,Hillsborough,0.056139,0.046993,0.055599,0.063889,0.071035,0.084956
120570069001,Hillsborough,0.056393,0.054150,0.051418,0.061310,0.070571,0.084728
120570069002,Hillsborough,0.074245,0.135185,0.064646,0.069616,0.075283,0.084611
120570069003,Hillsborough,0.055281,0.045136,0.053479,0.062703,0.071075,0.084763
120570069004,Hillsborough,0.068405,0.068084,0.066045,0.070633,0.075315,0.085171
120570069005,Hillsborough,0.070332,0.083124,0.063327,0.068339,0.074982,0.084818
120570069006,Hillsborough,0.058075,0.047588,0.058072,0.064092,0.071521,0.084705
120570070011,Hillsborough,0.067832,0.070669,0.062939,0.070909,0.076593,0.085174
120570070012,Hillsborough,0.069127,0.068757,0.066383,0.072717,0.077851,0.085110
120570070013,Hillsborough,0.071626,0.071094,0.069735,0.073764,0.079520,0.085128
120570070014,Hillsborough,0.072479,0.076299,0.068853,0.073389,0.078734,0.084842
120570070021,Hillsborough,0.071024,0.073304,0.068008,0.071679,0.077810,0.084842
120570070022,Hillsborough,0.074283,0.112615,0.068247,0.072723,0.077691,0.084714
120570070023,Hillsborough,0.069100,0.070928,0.066549,0.069528,0.075634,0.084869
120570071021,Hillsborough,0.095420,0.154268,0.094241,0.083055,0.083793,0.084471
120570071022,Hillsborough,0.084376,0.132992,0.078122,0.076773,0.079831,0.084524
120570071031,Hillsborough,0.076258,0.087488,0.069138,0.073832,0.077069,0.084961
120570071032,Hillsborough,0.083407,0.097027,0.077955,0.078211,0.080313,0.084866
120570071033,Hillsborough,0.085846,0.131747,0.079911,0.078316,0.081637,0.084586
120570072001,Hillsborough,0.091348,0.141243,0.089667,0.081947,0.083195,0.084395
120570072002,Hillsborough,0.084719,0.113510,0.088439,0.079786,0.081512,0.083795
120570072003,Hillsborough,0.078344,0.116078,0.071969,0.078132,0.080640,0.084641
120570073001,Hillsborough,0.064939,0.036895,0.060979,0.064935,0.071580,0.082838
120570073002,Hillsborough,0.065374,0.078585,0.061220,0.065562,0.072922,0.083945
120570073003,Hillsborough,0.061061,0.055900,0.056747,0.061779,0.068812,0.083416
120570101051,Hillsborough,0.125074,0.102069,0.136113,0.116315,0.128390,0.094762
120570101052,Hillsborough,0.098326,0.069323,0.107160,0.094340,0.108559,0.094899
120570101053,Hillsborough,0.152474,0.124470,0.183396,0.139225,0.127128,0.093202
120570101061,Hillsborough,0.097646,0.065584,0.109433,0.094334,0.101103,0.095580
120570101062,Hillsborough,0.092458,0.070383,0.097486,0.090765,0.101811,0.098169
120570101063,Hillsborough,0.093752,0.063215,0.100741,0.090950,0.102774,0.093806
120570101064,Hillsborough,0.101251,0.070698,0.112916,0.096665,0.111312,0.095604
120570101071,Hillsborough,0.125621,0.105821,0.111929,0.131898,0.122932,0.100319
120570101072,Hillsborough,0.108481,0.085910,0.129304,0.102779,0.111809,0.097338
120570101073,Hillsborough,0.105582,0.080519,0.131037,0.102664,0.101271,0.095669
120570101081,Hillsborough,0.167610,,0.186429,0.182545,0.158267,0.106762
120570101082,Hillsborough,0.099443,0.101381,0.108605,0.100934,0.094198,0.096863
120570102031,Hillsborough,0.115397,0.121820,0.115583,0.119162,0.089812,0.092169
120570102032,Hillsborough,0.154070,0.163395,0.153670,0.165216,0.112180,0.092758
120570102041,Hillsborough,0.111847,0.126929,0.109353,0.109245,0.090372,0.091438
120570102042,Hillsborough,0.125091,0.104921,0.127746,0.158507,0.103122,0.091813
120570102043,Hillsborough,0.147386,0.159573,0.153249,0.121093,0.119159,0.091231
120570102101,Hillsborough,0.123026,0.057764,0.099898,0.140492,0.115250,0.093706
120570102102,Hillsborough,0.077510,0.048027,0.064840,0.078500,0.103087,0.092370
120570102111,Hillsborough,0.083108,0.054159,0.075398,0.092255,0.097610,0.091841
120570102112,Hillsborough,0.082666,0.048425,0.074407,0.093522,0.100504,0.091052
120570102113,Hillsborough,0.081680,0.037668,0.073767,0.092589,0.098497,0.090838
120570102121,Hillsborough,0.077487,0.045213,0.069322,0.082902,0.094721,0.092437
120570102122,Hillsborough,0.077454,0.043994,0.070125,0.082844,0.094056,0.092466
120570102131,Hillsborough,0.124786,0.116937,0.126256,0.133753,0.094216,0.091802
120570102151,Hillsborough,0.067204,0.024713,0.063700,0.066593,0.087459,0.095172
120570102152,Hillsborough,0.135865,0.115387,0.126816,0.139930,0.138377,0.097440
120570102161,Hillsborough,0.089841,0.082858,0.083634,0.095414,0.100952,0.094728
120570102162,Hillsborough,0.083090,0.053970,0.080098,0.088076,0.097958,0.094231
120570102171,Hillsborough,0.076078,0.042889,0.072106,0.084994,0.091843,0.092331
120570102172,Hillsborough,0.073665,0.034231,0.067033,0.084078,0.083859,0.092213
120570102181,Hillsborough,0.074023,0.042047,0.068889,0.083872,0.087213,0.092234
120570102182,Hillsborough,0.083858,0.060886,0.075952,0.092911,0.097263,0.093035
120570102183,Hillsborough,0.081539,0.053774,0.074100,0.097094,0.100682,0.092389
120570102184,Hillsborough,0.081416,0.061565,0.073801,0.093754,0.099889,0.093322
120570103031,Hillsborough,0.139016,0.167985,0.143304,0.127382,0.120165,0.093202
120570103032,Hillsborough,0.140449,0.172679,0.145099,0.130282,0.106461,0.093201
120570103033,Hillsborough,0.158933,0.182652,0.163321,0.150593,0.127078,0.092844
120570103041,Hillsborough,0.112196,0.165879,0.119379,0.098423,0.087891,0.091902
120570103042,Hillsborough,0.131279,0.171398,0.137591,0.116058,0.092215,0.092981
120570103043,Hillsborough,0.142952,0.146081,0.149302,0.138435,0.129205,0.094444
120570103051,Hillsborough,0.160841,0.200917,0.165198,0.145758,0.121656,0.092625
120570103052,Hillsborough,0.140297,0.160756,0.145335,0.123051,0.108600,0.091406
120570103053,Hillsborough,0.118475,0.140264,0.120434,0.106707,0.092184,0.089808
120570104011,Hillsborough,0.164812,0.185996,0.171166,0.124713,0.117099,0.090771
120570104012,Hillsborough,0.163729,0.182463,0.169323,0.128793,0.116009,0.090950
120570104013,Hillsborough,0.172010,0.203722,0.178526,0.129289,0.121969,0.091390
120570104021,Hillsborough,0.129634,0.139797,0.131334,0.111168,0.104287,0.090194
120570104022,Hillsborough,0.132459,0.143497,0.134737,0.110029,0.105303,0.090153
120570104023,Hillsborough,0.138690,0.165913,0.131258,0.103095,0.102716,0.090339
120570104024,Hillsborough,0.116595,0.131122,0.117838,0.107009,0.088056,0.091411
120570105011,Hillsborough,0.129780,0.141070,0.132297,0.110756,0.106383,0.090293
120570105012,Hillsborough,0.130163,0.147953,0.128243,0.112029,0.110667,0.090075
120570105013,Hillsborough,0.140610,0.159984,0.135021,0.112536,0.109869,0.089863
120570105021,Hillsborough,0.129250,0.139978,0.130277,0.111202,0.104697,0.090262
120570105022,Hillsborough,0.137349,0.155308,0.133097,0.107888,0.107908,0.090098
120570106001,Hillsborough,0.128665,0.141053,0.126738,0.114525,0.106065,0.090619
120570106002,Hillsborough,0.128186,0.142120,0.128233,0.109972,0.109465,0.090598
120570106003,Hillsborough,0.129048,0.139934,0.132528,0.110987,0.110420,0.090363
120570107011,Hillsborough,0.109694,0.106013,0.115240,0.109064,0.082945,0.091798
120570107012,Hillsborough,0.115330,0.103640,0.120539,0.126580,0.100542,0.091587
120570107013,Hillsborough,0.124417,0.107586,0.127085,0.163332,0.110372,0.090781
120570107014,Hillsborough,0.121642,0.105732,0.125030,0.161816,0.107974,0.091179
120570107021,Hillsborough,0.126024,0.120177,0.126884,0.154799,0.109255,0.090811
120570107022,Hillsborough,0.125324,0.116747,0.124489,0.160147,0.108688,0.090724
120570108051,Hillsborough,0.097284,0.107213,0.091212,0.097113,0.096030,0.090237
120570108052,Hillsborough,0.109473,0.122284,0.099514,0.128917,0.100522,0.090056
120570108053,Hillsborough,0.093419,0.101893,0.083659,0.118437,0.096120,0.090015
120570108081,Hillsborough,0.085370,0.077356,0.080495,0.121428,0.091944,0.089788
120570108082,Hillsborough,0.089554,0.082536,0.085610,0.122083,0.094753,0.089709
120570108091,Hillsborough,0.103661,0.093329,0.103798,0.137052,0.091364,0.090688
120570108092,Hillsborough,0.101293,0.099864,0.096233,0.148470,0.086095,0.091175
120570108101,Hillsborough,0.099571,0.081117,0.106112,0.106757,0.073358,0.091543
120570108102,Hillsborough,0.095696,0.081387,0.102747,0.100278,0.077949,0.091393
120570108111,Hillsborough,0.105479,0.094559,0.105794,0.148328,0.085828,0.090992
120570108112,Hillsborough,0.110973,0.105524,0.114922,0.126054,0.085820,0.091889
120570108113,Hillsborough,0.102205,0.090783,0.100853,0.140445,0.090759,0.090807
120570108114,Hillsborough,0.101268,0.085721,0.102012,0.141568,0.090394,0.091202
120570108115,Hillsborough,0.109183,0.097428,0.109924,0.144460,0.086760,0.091298
120570108141,Hillsborough,0.098692,0.106691,0.089505,0.126080,0.095250,0.089895
120570108142,Hillsborough,0.091462,0.085427,0.087801,0.129822,0.091163,0.089936
120570108151,Hillsborough,0.092821,0.097792,0.083912,0.122098,0.094573,0.089976
120570108152,Hillsborough,0.093965,0.094399,0.087096,0.128860,0.094043,0.089926
120570108161,Hillsborough,0.091109,0.093743,0.084143,0.120922,0.091225,0.089796
120570108162,Hillsborough,0.097060,0.103433,0.088860,0.125000,0.093975,0.089877
120570108163,Hillsborough,0.115045,0.127731,0.105748,0.136785,0.102645,0.089855
120570108171,Hillsborough,0.087708,0.077046,0.086383,0.117629,0.087980,0.090047
120570108172,Hillsborough,0.093615,0.097022,0.085536,0.118909,0.095283,0.089991
120570108173,Hillsborough,0.099291,0.113612,0.093121,0.095222,0.093186,0.090637
120570108191,Hillsborough,0.087720,0.077588,0.084554,0.125944,0.088038,0.089705
120570108192,Hillsborough,0.091307,0.083839,0.086525,0.129062,0.094195,0.089741
120570108201,Hillsborough,0.087947,0.079123,0.084585,0.121917,0.093364,0.089729
120570108202,Hillsborough,0.089615,0.082472,0.085265,0.124292,0.095567,0.089657
120570108211,Hillsborough,0.090492,0.092113,0.082914,0.120881,0.094546,0.089972
120570108212,Hillsborough,0.089614,0.087669,0.083232,0.122147,0.094356,0.090147
120570108221,Hillsborough,0.097600,0.111382,0.090142,0.097257,0.096923,0.090317
120570108222,Hillsborough,0.092354,0.097049,0.082639,0.123981,0.094149,0.090182
120570108231,Hillsborough,0.089883,0.080747,0.085749,0.128267,0.094364,0.089806
120570108241,Hillsborough,0.091788,0.087811,0.086297,0.127917,0.094238,0.089797
120570108242,Hillsborough,0.091271,0.083286,0.087838,0.125404,0.094361,0.089883
120570108243,Hillsborough,0.091602,0.085883,0.087199,0.129188,0.094449,0.090070
120570109001,Hillsborough,0.098364,0.105038,0.090006,0.125170,0.091504,0.090192
120570110031,Hillsborough,0.080915,0.077931,0.075602,0.098903,0.083543,0.089296
120570110032,Hillsborough,0.080175,0.077391,0.075345,0.105501,0.083746,0.090168
120570110033,Hillsborough,0.079682,0.083785,0.075140,0.086828,0.083988,0.090883
120570110034,Hillsborough,0.087764,0.078166,0.087137,0.118204,0.088569,0.090106
120570110051,Hillsborough,0.100835,0.131791,0.098149,0.091089,0.132594,0.093896
120570110061,Hillsborough,0.088647,0.084518,0.088546,0.082669,0.112202,0.092978
120570110062,Hillsborough,0.076217,0.098562,0.073391,0.073918,0.085442,0.091008
120570110063,Hillsborough,0.082166,0.092213,0.078026,0.079222,0.100671,0.090567
120570110071,Hillsborough,0.094029,0.128279,0.089762,0.089169,0.089466,0.092021
120570110072,Hillsborough,0.080970,0.088081,0.077357,0.084700,0.082198,0.091449
120570110073,Hillsborough,0.080380,0.079867,0.075718,0.090604,0.087140,0.090591
120570110081,Hillsborough,0.084923,0.046107,0.076371,0.100973,0.101477,0.089699
120570110082,Hillsborough,0.087582,0.057076,0.087516,0.104654,0.100459,0.090980
120570110083,Hillsborough,0.085861,0.055923,0.085618,0.105428,0.098889,0.090598
120570110084,Hillsborough,0.082739,0.063283,0.080514,0.105325,0.084674,0.088758
120570110085,Hillsborough,0.083278,0.062369,0.081520,0.105141,0.086139,0.089201
120570110086,Hillsborough,0.079592,0.061292,0.077612,0.116981,0.086154,0.089117
120570110101,Hillsborough,0.083909,0.070735,0.080333,0.112443,0.086400,0.088774
120570110102,Hillsborough,0.085136,0.073834,0.081756,0.118923,0.086831,0.089321
120570110131,Hillsborough,0.078708,0.048428,0.074480,0.089961,0.098545,0.091073
120570110132,Hillsborough,0.081732,0.047440,0.078841,0.093509,0.103096,0.090876
120570110161,Hillsborough,0.082012,0.050292,0.078383,0.103746,0.096064,0.089846
120570110162,Hillsborough,0.077509,0.049641,0.074921,0.101575,0.086402,0.088906
120570110163,Hillsborough,0.076176,0.051202,0.071127,0.104785,0.082702,0.088215
120570110171,Hillsborough,0.100142,0.077566,0.099930,0.124949,0.081116,0.091127
120570110172,Hillsborough,0.075223,0.047127,0.068935,0.099845,0.086162,0.087801
120570110173,Hillsborough,0.077638,0.046177,0.060320,0.077644,0.116206,0.085209
120570110181,Hillsborough,0.078956,0.060875,0.073982,0.116388,0.084450,0.088579
120570110182,Hillsborough,0.085189,0.072377,0.082885,0.120704,0.087725,0.089566
120570110191,Hillsborough,0.078669,0.057230,0.071010,0.086943,0.095939,0.091491
120570110192,Hillsborough,0.083404,0.069673,0.075851,0.093604,0.100179,0.093672
120570110193,Hillsborough,0.080857,0.080373,0.076188,0.076085,0.113705,0.094023
120570111031,Hillsborough,0.092745,0.131520,0.092319,0.086883,0.074992,0.094454
120570111032,Hillsborough,0.089414,0.088713,0.091797,0.088852,0.082970,0.095444
120570111061,Hillsborough,0.082838,0.085360,0.081668,0.082460,0.086271,0.092627
120570111071,Hillsborough,0.077665,0.076483,0.075152,0.081543,0.085533,0.090312
120570111072,Hillsborough,0.080724,0.080898,0.080290,0.079361,0.085098,0.091773
120570111073,Hillsborough,0.084978,0.092875,0.083133,0.085023,0.084686,0.090423
120570111081,Hillsborough,0.080890,0.081614,0.079227,0.082942,0.085817,0.091165
120570111091,Hillsborough,0.073984,0.080383,0.072438,0.072342,0.078204,0.092133
120570111092,Hillsborough,0.081236,0.077951,0.084325,0.076511,0.084284,0.091764
120570112031,Hillsborough,0.091006,0.110820,0.086162,0.087560,0.090214,0.090583
120570112032,Hillsborough,0.101132,0.116274,0.097716,0.094385,0.091634,0.090444
120570112033,Hillsborough,0.102513,0.118194,0.099712,0.094718,0.091434,0.090504
120570112041,Hillsborough,0.085808,0.108775,0.079864,0.080863,0.077126,0.090683
120570112042,Hillsborough,0.078126,0.074985,0.077351,0.082984,0.083893,0.090700
120570112043,Hillsborough,0.080490,0.077476,0.078523,0.089608,0.088852,0.090315
120570112044,Hillsborough,0.103298,0.123792,0.099750,0.094194,0.087279,0.090332
120570112045,Hillsborough,0.082982,0.083447,0.078637,0.096291,0.088784,0.090263
120570112051,Hillsborough,0.105404,0.124626,0.101966,0.097279,0.088333,0.090368
120570112052,Hillsborough,0.103166,0.114931,0.099497,0.098353,0.094343,0.090278
120570112053,Hillsborough,0.100705,0.112844,0.098514,0.094208,0.092543,0.090355
120570112061,Hillsborough,0.088593,0.092166,0.085170,0.095183,0.088325,0.090153
120570112062,Hillsborough,0.090925,0.099984,0.084245,0.096428,0.092553,0.090203
120570112063,Hillsborough,0.087821,0.091281,0.084159,0.094313,0.089679,0.090087
120570113011,Hillsborough,0.096099,0.101311,0.096028,0.093443,0.088842,0.090897
120570113012,Hillsborough,0.100743,0.113384,0.098834,0.097477,0.091258,0.090576
120570113031,Hillsborough,0.100294,0.113019,0.098777,0.090876,0.090791,0.090713
120570113032,Hillsborough,0.100383,0.111127,0.099301,0.095068,0.090415,0.090402
120570113041,Hillsborough,0.100926,0.115444,0.099888,0.092949,0.090140,0.089908
120570113042,Hillsborough,0.100753,0.108209,0.102889,0.087621,0.094676,0.090096
120570113043,Hillsborough,0.101393,0.108600,0.105188,0.086527,0.092044,0.090294
120570114071,Hillsborough,0.090815,0.091463,0.092706,0.087168,0.087170,0.091215
120570114072,Hillsborough,0.091045,0.087945,0.094781,0.086340,0.086699,0.091225
120570114081,Hillsborough,0.095372,0.110830,0.096125,0.087180,0.079815,0.090626
120570114082,Hillsborough,0.095685,0.101950,0.098194,0.088280,0.084303,0.090670
120570114083,Hillsborough,0.096587,0.104931,0.099145,0.085097,0.085316,0.090652
120570114091,Hillsborough,0.096211,0.099898,0.099241,0.091332,0.083169,0.090916
120570114092,Hillsborough,0.098489,0.103701,0.099979,0.090547,0.092917,0.090226
120570114101,Hillsborough,0.074279,0.089749,0.070682,0.076041,0.074159,0.091849
120570114102,Hillsborough,0.079607,0.083438,0.075163,0.087203,0.070625,0.092441
120570114103,Hillsborough,0.064844,0.058871,0.061005,0.069896,0.068200,0.091569
120570114111,Hillsborough,0.079629,0.080144,0.080003,0.081718,0.070784,0.091812
120570114121,Hillsborough,0.068607,0.066928,0.063374,0.077227,0.075435,0.091321
120570114122,Hillsborough,0.082588,0.089741,0.082648,0.079777,0.078598,0.090394
120570114131,Hillsborough,0.078828,0.081882,0.079705,0.077221,0.072744,0.091157
120570114132,Hillsborough,0.078019,0.080183,0.077014,0.080376,0.071869,0.091661
120570114133,Hillsborough,0.108235,0.134029,0.107398,0.096694,0.098351,0.091628
120570114134,Hillsborough,0.097237,0.116277,0.096834,0.088805,0.089065,0.090945
120570114141,Hillsborough,0.088373,0.104552,0.086813,0.085072,0.080511,0.090676
120570114142,Hillsborough,0.087728,0.100443,0.087515,0.082886,0.079734,0.090768
120570114143,Hillsborough,0.094273,0.119721,0.091015,0.085379,0.084455,0.090327
120570114151,Hillsborough,0.091546,0.113392,0.088777,0.084502,0.083831,0.090482
120570114152,Hillsborough,0.107355,0.145147,0.103712,0.094076,0.093343,0.090525
120570114153,Hillsborough,0.107781,0.139649,0.095958,0.091167,0.095730,0.090314
120570114161,Hillsborough,0.102406,0.122925,0.103384,0.086772,0.089437,0.090461
120570114162,Hillsborough,0.098792,0.116708,0.098981,0.086968,0.087231,0.090475
120570114163,Hillsborough,0.106086,0.127566,0.108026,0.088082,0.090510,0.090388
120570114164,Hillsborough,0.106898,0.123048,0.108254,0.088927,0.092920,0.090545
120570114171,Hillsborough,0.096644,0.091469,0.100062,0.092263,0.098777,0.092186
120570114172,Hillsborough,0.095022,0.108715,0.097408,0.083106,0.084584,0.090709
120570114173,Hillsborough,0.097473,0.114044,0.098788,0.085729,0.085008,0.090614
120570114181,Hillsborough,0.079557,0.076034,0.080610,0.078239,0.082569,0.091305
120570114182,Hillsborough,0.084301,0.079207,0.084511,0.083041,0.094810,0.092019
120570114183,Hillsborough,0.092822,0.094819,0.098071,0.086402,0.078233,0.091107
120570115041,Hillsborough,0.075625,0.056838,0.080071,0.075774,0.072307,0.098873
120570115042,Hillsborough,0.078666,0.123363,0.076307,0.078459,0.078816,0.093561
120570115061,Hillsborough,0.070765,0.071131,0.066531,0.074773,0.070620,0.090743
120570115062,Hillsborough,0.071114,0.068735,0.067727,0.075028,0.071072,0.090449
120570115063,Hillsborough,0.077970,0.066023,0.081202,0.077299,0.077328,0.090525
120570115064,Hillsborough,0.068267,0.050512,0.069890,0.066645,0.076284,0.090598
120570115091,Hillsborough,0.071589,0.056906,0.070545,0.071716,0.076459,0.094453
120570115092,Hillsborough,0.075717,0.064387,0.078044,0.073977,0.078494,0.098874
120570115093,Hillsborough,0.076779,0.093207,0.080843,0.070496,0.082914,0.099908
120570115094,Hillsborough,,,,,,0.100275
120570115101,Hillsborough,0.082994,0.073363,0.084237,0.083207,0.083442,0.097662
120570115102,Hillsborough,0.084841,0.064123,0.087099,0.084309,0.090540,0.096371
120570115121,Hillsborough,0.072748,0.072938,0.071774,0.073417,0.073432,0.095777
120570115122,Hillsborough,0.074895,0.101427,0.074158,0.073526,0.077044,0.093764
120570115123,Hillsborough,0.062114,0.037793,0.064356,0.064839,0.063044,0.094501
120570115141,Hillsborough,0.077007,0.073373,0.072036,0.086637,0.069875,0.092896
120570115142,Hillsborough,0.065971,0.049857,0.066678,0.071593,0.065312,0.092320
120570115143,Hillsborough,0.074403,0.063364,0.074038,0.076946,0.082020,0.091667
120570115144,Hillsborough,0.070224,0.071042,0.072942,0.067333,0.067192,0.092918
120570115151,Hillsborough,0.083704,0.077181,0.083596,0.083182,0.094848,0.092419
120570115152,Hillsborough,0.080895,0.071585,0.082236,0.078668,0.092007,0.091598
120570115161,Hillsborough,0.079407,0.076315,0.079597,0.078264,0.085638,0.091283
120570115162,Hillsborough,0.080563,0.080563,0.079937,0.079724,0.085952,0.091545
120570115181,Hillsborough,0.073887,0.071830,0.074515,0.072496,0.076540,0.094677
120570115182,Hillsborough,0.074030,0.087572,0.074165,0.072887,0.075457,0.095246
120570115183,Hillsborough,0.071014,0.067551,0.069096,0.072023,0.076392,0.091337
120570115191,Hillsborough,0.078767,0.053667,0.084785,0.078671,0.077917,0.091233
120570115192,Hillsborough,0.086297,0.083512,0.088160,0.087436,0.078586,0.090025
120570115201,Hillsborough,0.079923,0.074396,0.082012,0.080477,0.075792,0.089813
120570115202,Hillsborough,0.081484,0.085277,0.081250,0.080298,0.077497,0.090342
120570115211,Hillsborough,0.066339,0.067435,0.065094,0.066741,0.067116,0.094031
120570115212,Hillsborough,0.066099,0.046377,0.067997,0.067636,0.067063,0.095872
120570115213,Hillsborough,0.072690,0.048871,0.070433,0.077293,0.068538,0.094186
120570115221,Hillsborough,0.083169,0.089268,0.087749,0.082209,0.072105,0.095456
120570115222,Hillsborough,0.078354,0.075122,0.082508,0.076660,0.070094,0.094232
120570115223,Hillsborough,0.078906,0.072566,0.080235,0.077967,0.081069,0.094307
120570115231,Hillsborough,0.074557,0.063277,0.077344,0.076214,0.066815,0.094132
120570115241,Hillsborough,0.082248,0.085505,0.081565,0.080162,0.085509,0.091755
120570115242,Hillsborough,0.073976,0.058843,0.075980,0.071825,0.082385,0.091096
120570115243,Hillsborough,0.082243,0.084317,0.081771,0.080389,0.085890,0.091787
120570115244,Hillsborough,0.079607,0.078025,0.079413,0.078742,0.084422,0.091790
120570115251,Hillsborough,0.078711,0.067303,0.082680,0.078915,0.076846,0.091449
120570115252,Hillsborough,0.080781,0.079462,0.078582,0.086072,0.077223,0.090104
120570115253,Hillsborough,0.080009,0.074785,0.080588,0.082106,0.076525,0.089765
120570115261,Hillsborough,0.081620,0.088731,0.081506,0.080902,0.075586,0.090394
120570115262,Hillsborough,0.081683,0.089437,0.080490,0.079694,0.078680,0.090580
120570115271,Hillsborough,0.061857,0.037128,0.060753,0.060069,0.070746,0.096413
120570115272,Hillsborough,0.076071,0.070911,0.079083,0.074592,0.076816,0.092665
120570115281,Hillsborough,0.076556,0.057226,0.080918,0.075521,0.077677,0.091344
120570115282,Hillsborough,0.066813,0.047705,0.067252,0.066400,0.075115,0.091294
120570115283,Hillsborough,0.071388,0.054556,0.074762,0.071513,0.074892,0.090913
120570116031,Hillsborough,0.087397,0.095924,0.087263,0.080150,0.085247,0.089787
120570116032,Hillsborough,0.089063,0.091009,0.092516,0.082370,0.086175,0.089495
120570116033,Hillsborough,0.086191,0.093359,0.086198,0.078987,0.084463,0.089810
120570116051,Hillsborough,0.094157,0.105769,0.089798,0.091115,0.089480,0.088879
120570116052,Hillsborough,0.089350,0.099093,0.088164,0.080991,0.087758,0.088748
120570116053,Hillsborough,0.092822,0.105205,0.092050,0.081005,0.089280,0.089385
120570116054,Hillsborough,0.086290,0.097248,0.082037,0.081161,0.086243,0.088855
120570116055,Hillsborough,0.093866,0.104699,0.091500,0.086152,0.092160,0.088933
120570116101,Hillsborough,0.089529,0.094424,0.090538,0.086073,0.083546,0.089846
120570116102,Hillsborough,0.083695,0.104039,0.080715,0.077165,0.079419,0.090131
120570116103,Hillsborough,0.088958,0.103832,0.086920,0.082989,0.083733,0.089881
120570116104,Hillsborough,0.090012,0.102280,0.086177,0.090494,0.085873,0.089460
120570116111,Hillsborough,0.111860,0.144615,0.107193,0.088450,0.095642,0.090078
120570116112,Hillsborough,0.089094,0.099770,0.088288,0.080921,0.085582,0.089697
120570116113,Hillsborough,0.087746,0.102411,0.084492,0.082044,0.084302,0.090152
120570116121,Hillsborough,0.095545,0.104272,0.095959,0.092064,0.090350,0.088985
120570116122,Hillsborough,0.093862,0.105867,0.094309,0.086675,0.088538,0.089281
120570116123,Hillsborough,0.094210,0.107253,0.093301,0.086631,0.089039,0.089557
120570116124,Hillsborough,0.091405,0.106673,0.089919,0.083843,0.085826,0.089812
120570116131,Hillsborough,0.093001,0.106418,0.087737,0.090464,0.089491,0.088930
120570116132,Hillsborough,0.090804,0.104099,0.088217,0.086067,0.086966,0.088581
120570116133,Hillsborough,0.092330,0.111589,0.087057,0.086180,0.086744,0.088620
120570116134,Hillsborough,0.087421,0.098777,0.083288,0.082716,0.087691,0.088724
120570116141,Hillsborough,0.089551,0.096287,0.089582,0.088583,0.079819,0.089245
120570116142,Hillsborough,0.090333,0.095001,0.090400,0.089037,0.085160,0.089008
120570116143,Hillsborough,0.089954,0.096252,0.089287,0.090359,0.084691,0.088424
120570116144,Hillsborough,0.089814,0.092928,0.090904,0.088443,0.080639,0.088975
120570116151,Hillsborough,0.089945,0.096494,0.089243,0.090164,0.084809,0.088580
120570116152,Hillsborough,0.088542,0.100602,0.083709,0.084681,0.085106,0.088700
120570116153,Hillsborough,0.088341,0.103354,0.088085,0.081319,0.082620,0.088360
120570116154,Hillsborough,0.089062,0.098876,0.086703,0.088347,0.084074,0.088670
120570116161,Hillsborough,0.090225,0.091191,0.094274,0.087527,0.082866,0.088881
120570116162,Hillsborough,0.091589,0.095721,0.091038,0.093765,0.083226,0.089216
120570116163,Hillsborough,0.082606,0.092956,0.080997,0.079823,0.078135,0.090003
120570116164,Hillsborough,0.088960,0.087969,0.091420,0.088282,0.082509,0.089077
120570116165,Hillsborough,0.089549,0.095562,0.087908,0.090950,0.083083,0.089645
120570116171,Hillsborough,0.087385,0.082481,0.089054,0.087164,0.085356,0.089522
120570116172,Hillsborough,0.089452,0.093420,0.090909,0.086435,0.082100,0.088577
120570116173,Hillsborough,0.088978,0.102209,0.089304,0.081905,0.082824,0.088583
120570117081,Hillsborough,0.079296,0.096312,0.071329,0.074426,0.077438,0.087938
120570117082,Hillsborough,0.075884,0.080946,0.071794,0.073033,0.079184,0.087503
120570117083,Hillsborough,0.078770,0.095161,0.074154,0.072527,0.078590,0.087599
120570117121,Hillsborough,0.090002,0.102645,0.085795,0.084670,0.087606,0.088442
120570117122,Hillsborough,0.084194,0.098169,0.085017,0.075336,0.078978,0.087464
120570117123,Hillsborough,0.087259,0.102096,0.084111,0.078746,0.085211,0.088174
120570117124,Hillsborough,0.083999,0.096766,0.084757,0.075620,0.080530,0.087556
120570117131,Hillsborough,0.087876,0.089749,0.091296,0.082389,0.081634,0.088240
120570117132,Hillsborough,0.086123,0.082130,0.089181,0.083598,0.082458,0.088744
120570117133,Hillsborough,0.087257,0.088587,0.090487,0.081702,0.081641,0.088461
120570117134,Hillsborough,0.087854,0.089563,0.091304,0.082047,0.081709,0.088363
120570117141,Hillsborough,0.089323,0.101939,0.090417,0.082829,0.081697,0.088195
120570117151,Hillsborough,0.088398,0.106460,0.084043,0.078413,0.084179,0.088038
120570117152,Hillsborough,0.088070,0.106196,0.082732,0.078475,0.086281,0.088079
120570117161,Hillsborough,0.085801,0.095043,0.082705,0.081540,0.085716,0.088568
120570117162,Hillsborough,0.082839,0.089241,0.080775,0.077359,0.087284,0.088727
120570117163,Hillsborough,0.079009,0.089179,0.074896,0.074356,0.077879,0.088192
120570118021,Hillsborough,0.109700,0.130336,0.097466,0.086419,0.095246,0.088962
120570118022,Hillsborough,0.100848,0.111173,0.099912,0.084523,0.097049,0.089153
120570118023,Hillsborough,0.108028,0.140702,0.099209,0.080602,0.090857,0.089211
120570118024,Hillsborough,0.120426,0.155242,0.114237,0.083630,0.093881,0.089542
120570118041,Hillsborough,0.105754,0.115850,0.109485,0.087355,0.092310,0.089949
120570118042,Hillsborough,0.100228,0.113365,0.099230,0.082684,0.093597,0.089542
120570118043,Hillsborough,0.098481,0.106640,0.098153,0.084111,0.096801,0.089345
120570118044,Hillsborough,0.112307,0.148682,0.107423,0.085206,0.086782,0.089792
120570118051,Hillsborough,0.105815,0.118043,0.105267,0.095367,0.097011,0.089594
120570118052,Hillsborough,0.106879,0.124292,0.107780,0.088713,0.089719,0.089867
120570118053,Hillsborough,0.108202,0.125331,0.110442,0.084516,0.089536,0.089991
120570118061,Hillsborough,0.109203,0.121621,0.109521,0.090655,0.098641,0.090082
120570118062,Hillsborough,0.106412,0.122961,0.108480,0.084064,0.090219,0.090065
120570118063,Hillsborough,0.105680,0.114972,0.108341,0.088005,0.095136,0.089995
120570119051,Hillsborough,0.104863,0.114355,0.102880,0.085281,0.100660,0.088818
120570119071,Hillsborough,0.108196,0.111614,0.114575,0.088182,0.100101,0.090053
120570119072,Hillsborough,0.133686,0.159043,0.138557,0.097021,0.102385,0.090110
120570119081,Hillsborough,0.123135,0.150936,0.118580,0.093685,0.102424,0.090223
120570119082,Hillsborough,0.126795,0.141100,0.132172,0.095034,0.103361,0.089997
120570119091,Hillsborough,0.116226,0.125833,0.122933,0.088972,0.098535,0.089978
120570119092,Hillsborough,0.116207,0.146780,0.108713,0.090192,0.101254,0.089756
120570119093,Hillsborough,0.142147,0.173138,0.140266,0.095967,0.106723,0.089238
120570119101,Hillsborough,0.109119,0.114250,0.111567,0.092849,0.105092,0.089448
120570119102,Hillsborough,0.114889,0.143328,0.109791,0.088924,0.102356,0.089455
120570119103,Hillsborough,0.118959,0.149539,0.113856,0.084686,0.100082,0.089263
120570119111,Hillsborough,0.106463,0.116023,0.107785,0.082979,0.099207,0.089063
120570119112,Hillsborough,0.147676,0.186966,0.145154,0.090886,0.103099,0.088990
120570119113,Hillsborough,0.099853,0.109723,0.096111,0.082593,0.097215,0.088709
120570120011,Hillsborough,0.130136,0.151785,0.127776,0.098796,0.093005,0.090234
120570120012,Hillsborough,0.146775,0.176044,0.137120,0.104059,0.112000,0.090015
120570120021,Hillsborough,0.143164,0.181501,0.130159,0.095855,0.091472,0.090485
120570120022,Hillsborough,0.160984,0.204210,0.149058,0.110394,0.097260,0.091068
120570120023,Hillsborough,0.148731,0.191262,0.127198,0.099462,0.095367,0.090810
120570121031,Hillsborough,0.142987,0.154668,0.149021,0.116910,0.097256,0.091452
120570121032,Hillsborough,0.135695,0.163166,0.124601,0.107091,0.093085,0.090975
120570121033,Hillsborough,0.140580,0.164650,0.144188,0.111214,0.097077,0.091203
120570121061,Hillsborough,0.165786,0.203072,0.172846,0.139947,0.118465,0.092093
120570121062,Hillsborough,0.161585,0.211155,0.167571,0.132891,0.113028,0.091679
120570121063,Hillsborough,0.142332,0.162530,0.157696,0.120862,0.105401,0.091867
120570121071,Hillsborough,0.144161,0.202329,0.133839,0.112801,0.091280,0.091604
120570121072,Hillsborough,0.139341,0.176398,0.134307,0.117575,0.102752,0.092445
120570121073,Hillsborough,0.137512,0.168640,0.130603,0.117584,0.104684,0.092425
120570121081,Hillsborough,0.131962,0.170875,0.133321,0.109218,0.092637,0.092486
120570121082,Hillsborough,0.151026,0.201896,0.153080,0.121077,0.102964,0.091491
120570121091,Hillsborough,0.164617,0.188477,0.168629,0.130507,0.115501,0.091701
120570121092,Hillsborough,0.139250,0.150374,0.141045,0.128817,0.102314,0.091940
120570121101,Hillsborough,0.142058,0.169250,0.137772,0.124448,0.105373,0.092157
120570121102,Hillsborough,0.139684,0.169878,0.130236,0.127486,0.104646,0.092090
120570122061,Hillsborough,0.142964,0.180622,0.133703,0.117888,0.103873,0.092093
120570122062,Hillsborough,0.149207,0.211726,0.135963,0.115815,0.102968,0.092684
120570122063,Hillsborough,0.155415,0.235028,0.139833,0.119033,0.104710,0.092761
120570122064,Hillsborough,0.134868,0.190020,0.116419,0.113420,0.102101,0.092626
120570122071,Hillsborough,0.141181,0.193924,0.133153,0.113462,0.104441,0.092676
120570122072,Hillsborough,0.131698,0.150679,0.139181,0.112681,0.104080,0.092388
120570122073,Hillsborough,0.140915,0.195328,0.137477,0.109321,0.104479,0.092741
120570122074,Hillsborough,0.130163,0.173848,0.125447,0.109229,0.102492,0.092674
120570122075,Hillsborough,0.140928,0.203263,0.129496,0.108495,0.102610,0.093154
120570122081,Hillsborough,0.120522,0.124887,0.134145,0.102981,0.100746,0.092738
120570122082,Hillsborough,0.155066,0.292953,0.136515,0.099449,0.088168,0.093166
120570122083,Hillsborough,0.155774,0.309725,0.144461,0.099968,0.091801,0.093059
120570122091,Hillsborough,0.134453,0.110601,0.152601,0.118520,0.112193,0.092650
120570122092,Hillsborough,0.112175,0.061915,0.139037,0.095454,0.101522,0.093992
120570122101,Hillsborough,0.124224,0.190997,0.125155,0.091554,0.085846,0.094218
120570122102,Hillsborough,0.124321,0.196756,0.122767,0.089848,0.084085,0.094043
120570122111,Hillsborough,0.120784,0.158347,0.106301,0.114942,0.105043,0.091862
120570122121,Hillsborough,0.121923,0.181815,0.107420,0.082175,0.071233,0.093056
120570122122,Hillsborough,0.122435,0.179336,0.110978,0.081037,0.071589,0.093220
120570122131,Hillsborough,0.138000,0.152832,0.141463,0.116439,0.099301,0.091945
120570122132,Hillsborough,0.140910,0.181476,0.137414,0.105013,0.093917,0.092642
120570123011,Hillsborough,0.199897,0.422882,0.116412,0.083739,0.075708,0.093272
120570123012,Hillsborough,0.153706,0.295815,0.125286,0.093223,0.086683,0.093506
120570123013,Hillsborough,0.172277,0.346296,0.100763,0.087060,0.079885,0.093934
120570123014,Hillsborough,0.152738,0.307812,0.090104,0.083367,0.074008,0.093578
120570123031,Hillsborough,0.152273,0.249498,0.123504,0.102689,0.090075,0.093680
120570123032,Hillsborough,0.157639,0.274228,0.119232,0.097888,0.088108,0.094016
120570123033,Hillsborough,0.156244,0.309553,0.113320,0.088952,0.081842,0.094103
120570123041,Hillsborough,0.152241,0.287682,0.123178,0.096077,0.085688,0.093893
120570123042,Hillsborough,0.156100,0.310538,0.124388,0.097411,0.086180,0.093952
120570123043,Hillsborough,0.131289,0.236265,0.112787,0.087701,0.081076,0.094082
120570124011,Hillsborough,0.158619,0.201440,0.179025,0.129823,0.122358,0.092041
120570124012,Hillsborough,0.142667,0.182425,0.161085,0.115764,0.114959,0.091877
120570124013,Hillsborough,0.131651,0.153071,0.170255,0.103454,0.104135,0.093756
120570124014,Hillsborough,0.145323,0.151991,0.162748,0.126570,0.117998,0.093219
120570124021,Hillsborough,0.139038,0.128609,0.156620,0.124022,0.115897,0.093080
120570124022,Hillsborough,0.147950,0.153459,0.165653,0.137307,0.126745,0.094457
120570124031,Hillsborough,0.120798,0.148692,0.151254,0.096846,0.091647,0.095948
120570124032,Hillsborough,0.115267,0.108242,0.145783,0.101364,0.094892,0.097399
120570124033,Hillsborough,0.116357,0.126445,0.147316,0.102259,0.095844,0.097918
120570125011,Hillsborough,0.115009,0.125440,0.129886,0.098830,0.111557,0.093085
120570125012,Hillsborough,0.136724,0.135806,0.149576,0.137448,0.118834,0.097189
120570125013,Hillsborough,0.144825,0.132548,0.169429,0.136494,0.117933,0.094744
120570125031,Hillsborough,0.141260,0.102187,0.177047,0.147385,0.123506,0.097092
120570125032,Hillsborough,0.110248,0.095702,0.132326,0.106441,0.103021,0.096207
120570125033,Hillsborough,0.114965,0.117523,0.135673,0.116477,0.098251,0.097893
120570125041,Hillsborough,0.130877,0.130400,0.147984,0.127029,0.117292,0.097624
120570126001,Hillsborough,0.116822,0.115937,0.140398,0.109941,0.108672,0.095940
120570126002,Hillsborough,0.116793,0.104312,0.140284,0.110227,0.107044,0.095627
120570126003,Hillsborough,0.114896,0.109802,0.137082,0.109678,0.105011,0.095920
120570126004,Hillsborough,0.111652,0.099243,0.136557,0.108739,0.099113,0.096315
120570127011,Hillsborough,0.112429,0.100573,0.133338,0.101339,0.109096,0.094541
120570127012,Hillsborough,0.112705,0.125372,0.133484,0.098098,0.105822,0.094830
120570127013,Hillsborough,0.156495,0.130748,0.183617,0.146139,0.128551,0.093482
120570127014,Hillsborough,0.159429,0.148298,0.189437,0.148238,0.130622,0.094181
120570127021,Hillsborough,0.117257,0.105621,0.142613,0.108051,0.112179,0.096020
120570127022,Hillsborough,0.123447,0.120230,0.145068,0.118022,0.111671,0.095856
120570127023,Hillsborough,0.119167,0.115529,0.140216,0.109134,0.115280,0.095495
120570128001,Hillsborough,0.109881,0.099388,0.134182,0.104172,0.108738,0.095453
120570128002,Hillsborough,0.125554,0.124618,0.145843,0.121360,0.114479,0.095502
120570129001,Hillsborough,0.125340,0.131611,0.146068,0.120339,0.113092,0.095622
120570129002,Hillsborough,0.106803,0.118601,0.110944,0.112011,0.092528,0.096322
120570130011,Hillsborough,0.104124,0.076748,0.099091,0.127942,0.093928,0.091352
120570130021,Hillsborough,0.104908,0.111670,0.112421,0.110927,0.091336,0.096088
120570130022,Hillsborough,0.104019,0.095749,0.109131,0.115790,0.090537,0.097791
120570130023,Hillsborough,0.121329,0.127315,0.136654,0.125539,0.106507,0.097266
120570130031,Hillsborough,0.120955,0.136961,0.158340,0.117896,0.100450,0.098068
120570130032,Hillsborough,0.126872,0.148632,0.156389,0.115028,0.104309,0.100128
120570130041,Hillsborough,0.150426,0.157353,0.178207,0.149983,0.127557,0.100738
120570130042,Hillsborough,0.126043,0.130698,0.138222,0.143408,0.106640,0.100297
120570130043,Hillsborough,0.131555,0.148151,0.138558,0.145183,0.114242,0.099937
120570131001,Hillsborough,0.131444,,0.137052,0.151610,0.114232,0.101289
120570131002,Hillsborough,0.139290,,0.152744,0.156834,0.123859,0.102948
120570132031,Hillsborough,0.116339,0.173505,0.112672,0.089013,0.081856,0.094121
120570132032,Hillsborough,0.118755,0.165541,0.123672,0.092166,0.083492,0.094374
120570132041,Hillsborough,0.118411,0.159763,0.124650,0.092723,0.086810,0.094348
120570132051,Hillsborough,0.120140,0.194228,0.115950,0.087553,0.076629,0.094477
120570132052,Hillsborough,0.119339,0.208819,0.119766,0.088908,0.078946,0.094531
120570132053,Hillsborough,0.117651,0.189609,0.122803,0.087925,0.081493,0.094530
120570132054,Hillsborough,0.104009,0.136416,0.122463,0.086886,0.080223,0.095699
120570132061,Hillsborough,,,,,,
120570132062,Hillsborough,0.108470,0.153787,0.126974,0.088402,0.077733,0.095453
120570132063,Hillsborough,0.107997,0.146628,0.126170,0.088547,0.077519,0.096280
120570132064,Hillsborough,,,,,,
120570132071,Hillsborough,0.107486,0.071363,0.142343,0.094786,0.086471,0.096552
120570132072,Hillsborough,0.103524,0.076219,0.136173,0.095000,0.081306,0.096366
120570132081,Hillsborough,0.106305,0.138728,0.124636,0.089744,0.077351,0.096342
120570132082,Hillsborough,0.114724,0.106952,0.148790,0.104058,0.087624,0.096711
120570133051,Hillsborough,0.119154,0.191518,0.107042,0.086064,0.075673,0.094458
120570133052,Hillsborough,0.125750,0.218290,0.116975,0.091297,0.076234,0.095944
120570133071,Hillsborough,0.138714,0.273489,0.079200,0.077542,0.070995,0.093698
120570133072,Hillsborough,0.534927,1.284937,0.359644,0.230524,0.168790,0.094207
120570133073,Hillsborough,0.148620,0.356841,0.077366,0.092823,0.064798,0.094170
120570133101,Hillsborough,0.099740,0.170482,0.083507,0.078770,0.063792,0.094760
120570133102,Hillsborough,0.108181,0.212602,0.077370,0.081972,0.063719,0.094842
120570133111,Hillsborough,0.241988,0.437438,0.199438,0.152314,0.125029,0.094084
120570133112,Hillsborough,0.132068,0.225304,0.111977,0.089583,0.082036,0.094353
120570133113,Hillsborough,0.129408,0.218033,0.111639,0.089865,0.082178,0.094273
120570133121,Hillsborough,0.128682,0.226644,0.112240,0.087592,0.081304,0.093959
120570133122,Hillsborough,0.118502,0.199886,0.110220,0.085303,0.075134,0.094044
120570133123,Hillsborough,0.117759,0.193080,0.106352,0.084086,0.074985,0.094270
120570133131,Hillsborough,0.258673,0.408895,0.252035,0.176470,0.101012,0.094776
120570133132,Hillsborough,0.864688,1.853485,0.672158,0.423643,0.261222,0.094932
120570133133,Hillsborough,0.231117,0.338096,0.236568,0.166664,0.095800,0.094620
120570133141,Hillsborough,0.257856,0.387209,0.261496,0.178722,0.110976,0.095914
120570133142,Hillsborough,0.115056,0.182292,0.106536,0.087516,0.074457,0.095812
120570133151,Hillsborough,0.098276,0.120719,0.093791,0.063128,0.062744,0.092655
120570133152,Hillsborough,0.135659,0.172407,0.122890,0.076258,0.078181,0.092848
120570133161,Hillsborough,0.109181,0.187046,0.075581,0.068571,0.068371,0.093855
120570133162,Hillsborough,0.113517,0.192159,0.084182,0.069687,0.071537,0.093624
120570133171,Hillsborough,0.096327,0.123093,0.082130,0.067508,0.067946,0.093542
120570133172,Hillsborough,0.093595,0.114784,0.081374,0.065054,0.066367,0.093813
120570133191,Hillsborough,0.099598,0.161726,0.090017,0.067772,0.067220,0.095040
120570133192,Hillsborough,,,,,,
120570133193,Hillsborough,0.085599,0.127706,0.071645,0.079741,0.064549,0.094057
120570133201,Hillsborough,0.099036,0.164859,0.086127,0.071499,0.064276,0.095261
120570133221,Hillsborough,0.102546,0.168224,0.089760,0.073565,0.066057,0.095476
120570133222,Hillsborough,0.988723,1.983279,0.824703,0.525823,0.341025,0.095426
120570133223,Hillsborough,0.243164,0.627749,0.138606,0.102674,0.073522,0.096144
120570133224,Hillsborough,1.090878,1.981135,1.011166,0.648223,0.457241,0.095764
120570133231,Hillsborough,0.149737,0.309093,0.077709,0.088937,0.064965,0.094280
120570133232,Hillsborough,0.129118,0.285842,0.079105,0.091628,0.065359,0.094468
120570133233,Hillsborough,0.721269,1.642450,0.555721,0.323654,0.198881,0.094566
120570133234,Hillsborough,0.091698,0.137765,0.072391,0.067748,0.067893,0.094145
120570133235,Hillsborough,0.138364,0.311838,0.093205,0.088737,0.065135,0.094528
120570134061,Hillsborough,0.783013,2.141387,0.444280,0.286978,0.186299,0.096028
120570134071,Hillsborough,0.748813,1.909085,0.623801,0.300017,0.193965,0.095851
120570134072,Hillsborough,0.329799,0.826946,0.322240,0.089999,0.073783,0.095892
120570134073,Hillsborough,0.315961,0.592925,0.417356,0.091105,0.075092,0.096937
120570134074,Hillsborough,0.307629,0.630668,0.428877,0.108777,0.086616,0.095798
120570134091,Hillsborough,0.123721,0.205261,0.119755,0.097011,0.079967,0.096006
120570134092,Hillsborough,0.113084,0.166704,0.115633,0.094322,0.079244,0.096254
120570134093,Hillsborough,0.118014,0.166393,0.139235,0.099269,0.083449,0.096322
120570134101,Hillsborough,0.104861,0.175064,0.094572,0.068385,0.068819,0.096649
120570134102,Hillsborough,0.095601,0.150714,0.086296,0.066564,0.066049,0.095559
120570134111,Hillsborough,0.111537,0.187959,0.103618,0.073967,0.069446,0.096530
120570134121,Hillsborough,0.098385,0.106197,0.113181,0.085313,0.069471,0.097623
120570134122,Hillsborough,0.096725,0.105034,0.113428,0.072485,0.068855,0.098082
120570134131,Hillsborough,0.097975,0.114474,0.115342,0.074514,0.068082,0.097504
120570134141,Hillsborough,0.268037,0.569294,0.289778,0.086381,0.073837,0.096128
120570134142,Hillsborough,0.273415,0.479653,0.357548,0.091574,0.074661,0.096225
120570134143,Hillsborough,0.122618,0.223047,0.134287,0.096290,0.080715,0.096727
120570134144,Hillsborough,0.261242,0.437161,0.356105,0.085179,0.071675,0.096723
120570134151,Hillsborough,0.266196,0.125507,0.636683,0.090141,0.072739,0.097449
120570134152,Hillsborough,0.261793,0.338936,0.531947,0.085987,0.071870,0.097454
120570135011,Hillsborough,0.115897,0.134104,0.114265,0.083842,0.087643,0.090750
120570135012,Hillsborough,0.129257,0.157073,0.126334,0.087106,0.086131,0.090870
120570135031,Hillsborough,0.200230,0.265184,0.174353,0.130411,0.111636,0.091294
120570135032,Hillsborough,0.124131,0.167385,0.095741,0.091301,0.074769,0.091628
120570135033,Hillsborough,0.206213,0.270517,0.181144,0.134355,0.116516,0.091758
120570135041,Hillsborough,0.164815,0.204287,0.160027,0.113639,0.110441,0.092159
120570135042,Hillsborough,0.142096,0.188929,0.124109,0.105000,0.085914,0.092579
120570135043,Hillsborough,0.132629,0.172441,0.118726,0.084758,0.086971,0.092885
120570135051,Hillsborough,0.084033,0.105261,0.068284,0.057707,0.065210,0.092770
120570135052,Hillsborough,0.133297,0.185082,0.102894,0.098452,0.080404,0.092066
120570135053,Hillsborough,0.137321,0.183663,0.116273,0.089458,0.084675,0.092406
120570136021,Hillsborough,0.114393,0.119069,0.120990,0.098101,0.089460,0.092362
120570136022,Hillsborough,0.117789,0.143420,0.120137,0.105169,0.088444,0.093713
120570136041,Hillsborough,0.117723,0.119847,0.126778,0.096642,0.090676,0.093171
120570137021,Hillsborough,0.128994,0.146642,0.138554,0.104323,0.094470,0.094636
120570137022,Hillsborough,0.121451,0.162955,0.120779,0.099220,0.090448,0.094746
120570137023,Hillsborough,0.093691,0.123901,0.099853,0.076233,0.062816,0.095132
120570137024,Hillsborough,0.145658,0.164575,0.159651,0.129126,0.104271,0.096309
120570137031,Hillsborough,0.091965,0.149753,0.073514,0.066105,0.064559,0.093406
120570137032,Hillsborough,0.091813,0.141201,0.076655,0.065773,0.065434,0.093848
120570137033,Hillsborough,0.095947,0.137003,0.096631,0.080503,0.061049,0.094847
120570137051,Hillsborough,0.094276,0.148426,0.091618,0.064722,0.064936,0.096036
120570137052,Hillsborough,0.108974,0.150318,0.121928,0.073305,0.069137,0.096908
120570137053,Hillsborough,0.094281,0.136724,0.098358,0.065139,0.064701,0.096019
120570137054,Hillsborough,0.096157,0.152142,0.087283,0.066791,0.066549,0.095061
120570137061,Hillsborough,0.096290,0.155752,0.088214,0.067329,0.066290,0.095047
120570137062,Hillsborough,0.094631,0.137236,0.083054,0.063128,0.065683,0.095208
120570138011,Hillsborough,0.145647,0.138234,0.156178,0.144111,0.113995,0.098282
120570138012,Hillsborough,0.140984,0.169090,0.145540,0.137450,0.107420,0.097040
120570138021,Hillsborough,0.129399,0.126129,0.141819,0.114828,0.100828,0.097045
120570138022,Hillsborough,0.092435,0.118116,0.102946,0.063898,0.062180,0.098238
120570138031,Hillsborough,0.129807,0.128431,0.141790,0.114649,0.100742,0.096959
120570138041,Hillsborough,0.133992,0.118646,0.149415,0.132284,0.101811,0.100948
120570138042,Hillsborough,0.142697,0.184583,0.149940,0.134162,0.109893,0.096873
120570138043,Hillsborough,0.139083,0.173313,0.149994,0.124905,0.109348,0.096573
120570138061,Hillsborough,0.090940,0.120337,0.104017,0.063849,0.061492,0.097987
120570138071,Hillsborough,0.113975,0.130165,0.132727,0.089207,0.080358,0.100807
120570138072,Hillsborough,0.114125,0.132212,0.133643,0.090810,0.080661,0.100688
120570139031,Hillsborough,0.148582,,0.176104,0.161076,0.131248,0.108784
120570139032,Hillsborough,0.189437,,,0.240430,0.188882,0.170655
120570139071,Hillsborough,0.207282,,0.246201,0.228760,0.184010,0.123907
120570139072,Hillsborough,0.200467,,0.249657,0.237702,0.173046,0.132681
120570139121,Hillsborough,0.115371,0.158938,0.147251,0.098656,0.084143,0.101030
120570139122,Hillsborough,0.144271,0.162600,0.174968,0.142570,0.110349,0.103611
120570139131,Hillsborough,0.120598,0.066620,0.169331,0.123331,0.091863,0.109839
120570139132,Hillsborough,0.130099,0.165338,0.199964,0.123438,0.096391,0.115727
120570139133,Hillsborough,0.122563,0.151393,0.194949,0.116823,0.087530,0.113068
120570139141,Hillsborough,0.120884,0.130598,0.191000,0.122222,0.097613,0.116493
120570139142,Hillsborough,0.129827,0.165765,0.215413,0.119035,0.094659,0.115779
120570139151,Hillsborough,0.112562,0.116687,0.142318,0.093066,0.081164,0.102373
120570139152,Hillsborough,0.132332,0.190014,0.161688,0.106415,0.090658,0.100383
120570139153,Hillsborough,0.114106,0.105642,0.156355,0.098147,0.082878,0.103230
120570139161,Hillsborough,0.110935,0.110510,0.154221,0.095760,0.078038,0.103957
120570139162,Hillsborough,0.102198,0.078748,0.131544,0.091214,0.074747,0.104165
120570139163,Hillsborough,0.102900,0.067067,0.143228,0.094185,0.077400,0.104557
120570139171,Hillsborough,0.140760,0.161099,0.175899,0.127898,0.104565,0.103575
120570139172,Hillsborough,0.116768,0.116940,0.162330,0.099932,0.083250,0.103680
120570139173,Hillsborough,0.109334,0.129904,0.135385,0.092889,0.081783,0.102253
120570139181,Hillsborough,,,,,,0.092259
120570139182,Hillsborough,0.115508,0.174156,0.139506,0.092079,0.080743,0.099930
120570139191,Hillsborough,0.116531,0.133193,0.140407,0.083844,0.076421,0.098666
120570139192,Hillsborough,0.116165,0.098774,0.146392,0.086922,0.076848,0.098541
120570139193,Hillsborough,0.183846,0.098862,0.361324,0.098367,0.080123,0.099636
120570139194,Hillsborough,0.185119,0.097419,0.355012,0.096050,0.077591,0.099318
120570139221,Hillsborough,0.164171,0.097135,0.313255,0.103023,0.081772,0.100158
120570139222,Hillsborough,0.114162,0.109112,0.138076,0.109494,0.089163,0.099354
120570139223,Hillsborough,0.164231,0.097911,0.313309,0.103610,0.081911,0.100450
120570139231,Hillsborough,0.115832,0.105256,0.136523,0.118576,0.092989,0.100753
120570139232,Hillsborough,0.175068,0.108773,0.338624,0.110985,0.089372,0.100779
120570139241,Hillsborough,0.117886,0.170248,0.135992,0.089869,0.080712,0.100366
120570139251,Hillsborough,0.110741,0.128949,0.129637,0.080215,0.074508,0.098219
120570139252,Hillsborough,0.111775,0.128927,0.129944,0.083763,0.078055,0.098506
120570139253,Hillsborough,0.110492,0.133239,0.126677,0.086703,0.078222,0.098523
120570139261,Hillsborough,0.149230,,0.135188,0.187188,0.134046,0.113333
120570139262,Hillsborough,0.120225,0.115618,0.143155,0.118687,0.093535,0.100737
120570139263,Hillsborough,0.116008,0.118821,0.144977,0.106157,0.088034,0.097926
120570140021,Hillsborough,0.174951,0.105924,0.377983,0.197751,0.148215,0.121888
120570140022,Hillsborough,0.162273,0.724095,0.227571,0.151620,0.140159,0.112381
120570140031,Hillsborough,0.121336,0.122361,0.185974,0.128836,0.102477,0.119888
120570140071,Hillsborough,0.113536,,0.148212,0.117655,0.087721,0.107591
120570140081,Hillsborough,0.135780,0.346223,0.166794,0.119081,0.095824,0.118512
120570140082,Hillsborough,0.124761,0.388076,0.167187,0.102904,0.080019,0.116041
120570140091,Hillsborough,0.122669,0.774404,0.119906,0.089084,0.070490,0.109101
120570140101,Hillsborough,0.123982,0.468509,0.133963,0.094101,0.075429,0.113237
120570140102,Hillsborough,0.123613,0.372351,0.147598,0.101565,0.078985,0.114709
120570140111,Hillsborough,0.125593,0.420235,0.183272,0.097165,0.076457,0.113007
120570140112,Hillsborough,0.129071,0.436623,0.197425,0.098347,0.077310,0.112771
120570140113,Hillsborough,0.129615,0.466418,0.196758,0.099014,0.077611,0.113004
120570140121,Hillsborough,0.130934,0.449024,0.207721,0.099014,0.077610,0.112756
120570140122,Hillsborough,0.163203,0.499919,0.348555,0.138107,0.101602,0.110600
120570140131,Hillsborough,0.198506,0.785225,0.308329,0.154757,0.120797,0.105849
120570140141,Hillsborough,0.124507,0.467344,0.159088,0.095703,0.075746,0.112414
120570140142,Hillsborough,0.122960,0.370121,0.161792,0.100684,0.078240,0.114220
120570140171,Hillsborough,0.133790,0.430472,0.160113,0.115046,0.091893,0.116613
120570141041,Hillsborough,0.192837,0.515876,0.310592,0.186173,0.169070,0.114652
120570141061,Hillsborough,0.126107,0.145373,0.111219,0.132995,0.117994,0.099906
120570141062,Hillsborough,0.125910,0.120257,0.119734,0.132248,0.113457,0.101840
120570141081,Hillsborough,0.516216,3.396531,0.529389,0.300759,0.272272,0.108772
120570141082,Hillsborough,0.432688,2.100640,0.456184,0.277429,0.285008,0.109345
120570141083,Hillsborough,0.160935,0.547579,0.147193,0.131507,0.128604,0.109411
120570141091,Hillsborough,0.109452,0.363546,0.114928,0.090168,0.069993,0.108123
120570141092,Hillsborough,0.161931,0.492323,0.180095,0.140325,0.132712,0.110533
120570141093,Hillsborough,0.168430,0.599473,0.198696,0.135624,0.133173,0.109403
120570141171,Hillsborough,0.160342,0.225766,0.189923,0.154771,0.136735,0.101215
120570141172,Hillsborough,0.160587,0.229280,0.190390,0.154847,0.136615,0.101270
120570141181,Hillsborough,0.124330,0.137628,0.110921,0.128956,0.119296,0.102036
120570141182,Hillsborough,0.124685,0.099563,0.128031,0.124109,0.126226,0.102740
120570141191,Hillsborough,0.133572,0.119694,0.149895,0.125345,0.100351,0.101074
120570141192,Hillsborough,0.155607,0.348790,0.202034,0.125586,0.132493,0.103057
120570141211,Hillsborough,0.180213,1.099815,0.121029,0.114784,0.125246,0.107953
120570141212,Hillsborough,0.132005,0.577080,0.128453,0.113592,0.123190,0.106387
120570141221,Hillsborough,0.230644,1.496757,0.200844,0.116935,0.165433,0.108446
120570141222,Hillsborough,0.485980,2.147903,0.519065,0.349148,0.301269,0.108702
120570142001,Hillsborough,0.100556,0.118477,0.080394,0.077990,0.098902,0.087955
120570142002,Hillsborough,0.097280,0.117180,0.078105,0.078098,0.098974,0.087893
120570142003,Hillsborough,0.113444,0.134553,0.092754,0.088675,0.103232,0.088134
120570142004,Hillsborough,0.090339,0.096011,0.088413,0.073739,0.095362,0.088443
120570143001,Hillsborough,0.146905,,0.262639,0.153487,0.136769,0.104918
120570143002,Hillsborough,0.106510,0.082805,0.112086,0.107741,0.100703,0.099399
120570143003,Hillsborough,0.120471,0.091669,0.136161,0.119076,0.110925,0.095460
120570144001,Hillsborough,0.080297,0.067273,0.086396,0.077776,0.079271,0.091430
120570144002,Hillsborough,0.084221,0.069960,0.086878,0.086161,0.081024,0.090565
120579801001,Hillsborough,0.072500,0.069371,0.073954,0.069228,0.073271,0.089256
120579802001,Hillsborough,0.072650,0.146864,0.065694,0.076180,0.068503,0.084614
120579803001,Hillsborough,,,,,,
120579804001,Hillsborough,0.141354,,0.175028,0.141768,0.130790,0.104331
120579805001,Hillsborough,0.087889,0.090895,0.090504,0.084130,0.081571,0.088188
120579806001,Hillsborough,,,,,,0.216592
120579807001,Hillsborough,0.082969,0.082002,0.085113,0.079214,0.085306,0.092795
120579900000,Hillsborough,0.064908,0.105924,0.066815,0.062150,0.068102,0.082768
120579901000,Hillsborough,0.085005,0.182028,0.081093,0.087973,0.077851,0.085838
121030201051,Pinellas,0.079229,0.109147,0.082492,0.061507,0.062532,0.095175
121030201052,Pinellas,0.087894,0.124821,0.091689,0.066609,0.065673,0.095099
121030201053,Pinellas,0.109161,0.165584,0.120744,0.076834,0.072550,0.095085
121030201061,Pinellas,0.085629,0.096031,0.099584,0.082279,0.066360,0.093474
121030201062,Pinellas,0.097493,,0.097252,0.100869,0.092315,0.085447
121030201063,Pinellas,0.077360,0.070044,0.088322,0.079113,0.064487,0.092347
121030201071,Pinellas,0.086151,0.132069,0.089293,0.069079,0.064805,0.094378
121030201072,Pinellas,0.087297,0.121230,0.091322,0.067033,0.066261,0.094472
121030201081,Pinellas,0.088871,0.106048,0.102705,0.081101,0.065359,0.094020
121030201082,Pinellas,0.091128,0.117194,0.105739,0.077061,0.064919,0.094032
121030201083,Pinellas,0.089512,0.110131,0.103564,0.078011,0.065590,0.093904
121030201091,Pinellas,0.108814,0.167827,0.105649,0.067310,0.065774,0.095879
121030201092,Pinellas,0.107959,0.164491,0.112842,0.070530,0.067795,0.095327
121030201093,Pinellas,0.115533,0.173718,0.111604,0.075566,0.067884,0.096503
121030201101,Pinellas,0.121872,0.169316,0.127389,0.084667,0.074231,0.097423
121030202011,Pinellas,0.134358,0.283556,0.121228,0.073977,0.067743,0.095103
121030202012,Pinellas,0.106297,0.167695,0.113525,0.072613,0.068736,0.095046
121030202013,Pinellas,0.100046,0.148553,0.103426,0.068647,0.066522,0.094576
121030202021,Pinellas,0.190271,0.307374,0.201490,0.153529,0.122788,0.095819
121030202022,Pinellas,0.205818,0.362647,0.198336,0.148028,0.118188,0.095556
121030202023,Pinellas,0.221965,0.392534,0.228935,0.165462,0.130693,0.095471
121030202061,Pinellas,0.089116,0.124862,0.093808,0.068134,0.066606,0.095303
121030202062,Pinellas,0.096520,0.150945,0.097569,0.069364,0.067997,0.095595
121030202071,Pinellas,0.070165,0.081486,0.076930,0.060203,0.061587,0.094324
121030202072,Pinellas,0.079090,0.106875,0.083702,0.062661,0.063320,0.095725
121030202081,Pinellas,0.130867,0.284376,0.114510,0.071529,0.068042,0.095215
121030202082,Pinellas,0.224333,0.414143,0.212594,0.154535,0.122990,0.095564
121030202091,Pinellas,0.116925,0.249903,0.134381,0.071374,0.058578,0.095248
121030202092,Pinellas,0.128603,0.278079,0.120539,0.074190,0.068664,0.095433
121030202093,Pinellas,0.156622,0.364859,0.144153,0.080388,0.065995,0.095452
121030202094,Pinellas,0.149564,0.337406,0.163751,0.084201,0.065589,0.095341
121030202095,Pinellas,0.152263,0.342156,0.165633,0.084952,0.065705,0.095715
121030203011,Pinellas,0.178009,0.335537,0.166395,0.097542,0.085731,0.095478
121030203012,Pinellas,0.170271,0.319999,0.156313,0.109738,0.094338,0.095502
121030203013,Pinellas,0.209643,0.371658,0.208716,0.131309,0.109558,0.095535
121030203014,Pinellas,0.183234,0.347258,0.166401,0.098124,0.086925,0.095618
121030203015,Pinellas,0.195279,0.357561,0.182571,0.111148,0.095812,0.095719
121030203021,Pinellas,0.185370,0.363319,0.202477,0.125432,0.085985,0.094873
121030203022,Pinellas,0.180273,0.360213,0.186660,0.114256,0.084822,0.095129
121030203023,Pinellas,0.178171,0.349358,0.175034,0.104014,0.086527,0.095278
121030204001,Pinellas,0.144185,0.257089,0.140439,0.083584,0.076408,0.095246
121030204002,Pinellas,0.138543,0.239025,0.135820,0.079832,0.074079,0.094922
121030204003,Pinellas,0.143553,0.250530,0.136936,0.081192,0.075471,0.095272
121030205001,Pinellas,0.133979,0.228131,0.132632,0.074327,0.070092,0.095154
121030205002,Pinellas,0.154370,0.270192,0.161361,0.078314,0.072563,0.095449
121030205003,Pinellas,0.158832,0.297447,0.139560,0.083694,0.076638,0.095511
121030205004,Pinellas,0.157615,0.301198,0.137055,0.081323,0.075024,0.095539
121030206001,Pinellas,0.226073,0.370640,0.221063,0.138840,0.115157,0.095860
121030206002,Pinellas,0.155197,0.308516,0.119674,0.076957,0.072651,0.095775
121030206003,Pinellas,0.167803,0.321788,0.142028,0.085865,0.078242,0.095705
121030206004,Pinellas,0.177202,0.349646,0.134689,0.086868,0.079699,0.095925
121030207001,Pinellas,0.103737,0.154560,0.104317,0.064425,0.063507,0.095732
121030207002,Pinellas,0.123718,0.214374,0.107904,0.067485,0.065600,0.095650
121030207003,Pinellas,0.121626,0.219425,0.101556,0.066910,0.065529,0.095575
121030207004,Pinellas,0.124344,0.221393,0.105313,0.067343,0.066117,0.095628
121030208001,Pinellas,0.173042,0.287780,0.146119,0.091462,0.081096,0.098864
121030208002,Pinellas,0.137735,0.203454,0.146069,0.084971,0.072067,0.097540
121030208003,Pinellas,0.162315,0.252634,0.161319,0.095149,0.079334,0.097736
121030208004,Pinellas,0.153675,0.243618,0.143616,0.090381,0.078664,0.098429
121030208005,Pinellas,0.163081,0.262515,0.152295,0.093975,0.082245,0.097952
121030208006,Pinellas,0.141345,0.202442,0.156331,0.090390,0.075893,0.096752
121030212001,Pinellas,0.170691,0.330811,0.143694,0.073207,0.068623,0.095531
121030212002,Pinellas,0.213903,0.373226,0.189629,0.111442,0.095625,0.095548
121030212003,Pinellas,0.218660,0.374242,0.212278,0.122293,0.103464,0.095634
121030212004,Pinellas,0.178810,0.374330,0.134198,0.079895,0.074478,0.095644
121030215011,Pinellas,0.112568,0.179475,0.118855,0.071337,0.067238,0.094758
121030215012,Pinellas,0.123534,0.200764,0.115843,0.071533,0.067722,0.095185
121030215021,Pinellas,0.120697,0.197374,0.108761,0.066511,0.064343,0.095241
121030215022,Pinellas,0.121336,0.199700,0.106585,0.066425,0.063597,0.094985
121030216001,Pinellas,0.133729,0.214925,0.116085,0.072953,0.069480,0.094982
121030216002,Pinellas,0.154938,0.275169,0.127221,0.079997,0.074340,0.095154
121030218001,Pinellas,0.118052,0.198229,0.096696,0.063522,0.062171,0.095523
121030218002,Pinellas,0.137047,0.240392,0.101755,0.064125,0.063924,0.095674
121030218003,Pinellas,0.123084,0.209206,0.093688,0.061393,0.062187,0.094953
121030219001,Pinellas,0.158813,0.263709,0.134049,0.078285,0.069677,0.096759
121030219002,Pinellas,0.133627,0.202106,0.132880,0.080146,0.066434,0.096360
121030219003,Pinellas,0.138373,0.204187,0.136292,0.079859,0.069678,0.096694
121030220001,Pinellas,0.158248,0.245608,0.140862,0.087645,0.078097,0.098829
121030220002,Pinellas,0.193096,0.322069,0.149249,0.094976,0.084546,0.098301
121030220003,Pinellas,0.173781,0.287626,0.149300,0.090173,0.074144,0.097268
121030220004,Pinellas,0.182340,0.299396,0.154363,0.099134,0.081842,0.097902
121030221011,Pinellas,0.120607,0.166152,0.124457,0.072456,0.066640,0.098324
121030221012,Pinellas,0.127307,0.179468,0.130518,0.077507,0.066894,0.097477
121030221021,Pinellas,0.139523,0.212919,0.128307,0.077284,0.069006,0.097454
121030221022,Pinellas,0.142983,0.218829,0.131072,0.077403,0.068577,0.097939
121030221023,Pinellas,0.146421,0.231555,0.127625,0.074383,0.067198,0.098366
121030222001,Pinellas,0.117594,0.157167,0.121903,0.073816,0.065901,0.098880
121030222002,Pinellas,0.121643,0.163314,0.124080,0.076716,0.067081,0.099047
121030222003,Pinellas,0.171826,0.281428,0.137788,0.082914,0.074013,0.098828
121030222004,Pinellas,0.178980,0.297214,0.142941,0.089933,0.078284,0.098951
121030223011,Pinellas,0.187158,0.309708,0.163120,0.088413,0.077868,0.099847
121030223012,Pinellas,0.176699,0.258369,0.189399,0.097082,0.085529,0.099998
121030223013,Pinellas,0.183649,0.286463,0.170291,0.093281,0.087088,0.100089
121030223021,Pinellas,0.110433,0.140161,0.115761,0.077904,0.070040,0.099874
121030223022,Pinellas,0.108823,0.137861,0.113440,0.076251,0.069107,0.099584
121030223023,Pinellas,0.119924,0.158752,0.124947,0.079487,0.069394,0.099418
121030224011,Pinellas,0.139261,0.144787,0.180238,0.093328,0.073560,0.100063
121030224012,Pinellas,0.115919,0.151283,0.119908,0.082682,0.073068,0.099700
121030224013,Pinellas,0.151132,0.214990,0.162306,0.088110,0.071501,0.099961
121030224021,Pinellas,0.123625,0.154849,0.130390,0.091879,0.085472,0.099214
121030224022,Pinellas,0.121376,0.139907,0.131713,0.094472,0.087176,0.099456
121030224023,Pinellas,0.116519,0.121648,0.131723,0.094095,0.087283,0.099185
121030224024,Pinellas,0.117939,0.132074,0.129178,0.098893,0.083396,0.099548
121030224025,Pinellas,0.139997,0.179144,0.145266,0.102102,0.093686,0.099593
121030225011,Pinellas,0.125266,0.166778,0.129124,0.083227,0.074201,0.099109
121030225012,Pinellas,0.121745,0.155453,0.124810,0.086648,0.079593,0.099810
121030225013,Pinellas,0.119354,0.148499,0.126007,0.086605,0.080035,0.099461
121030225021,Pinellas,0.136352,0.171687,0.143373,0.095864,0.088317,0.098673
121030225022,Pinellas,0.134069,0.172439,0.141996,0.092316,0.084084,0.098454
121030225023,Pinellas,0.124476,0.161726,0.129036,0.085833,0.079401,0.098843
121030225031,Pinellas,0.139455,0.194399,0.146920,0.088684,0.080443,0.097857
121030225032,Pinellas,0.125447,0.161030,0.133471,0.087313,0.080069,0.098834
121030225033,Pinellas,0.120649,0.149773,0.125097,0.089352,0.084729,0.098617
121030226011,Pinellas,0.125493,0.176736,0.121139,0.079173,0.072736,0.098404
121030226012,Pinellas,0.123136,0.170002,0.122380,0.078828,0.071929,0.098360
121030226013,Pinellas,0.132455,0.186884,0.130378,0.080566,0.072362,0.099107
121030226021,Pinellas,0.126163,0.179578,0.122702,0.077184,0.072996,0.097280
121030226022,Pinellas,0.125806,0.170693,0.124025,0.080863,0.075902,0.097967
121030226023,Pinellas,0.123936,0.163479,0.130890,0.082473,0.075923,0.097655
121030227001,Pinellas,0.141562,0.221029,0.130416,0.078396,0.070729,0.096857
121030227002,Pinellas,0.123543,0.177343,0.123287,0.074563,0.067341,0.097558
121030227003,Pinellas,0.124791,0.177460,0.121622,0.075162,0.069460,0.098301
121030228011,Pinellas,0.124157,0.184808,0.113021,0.067468,0.065631,0.095124
121030228012,Pinellas,0.128093,0.189529,0.117289,0.073168,0.069608,0.096557
121030228013,Pinellas,0.119941,0.166761,0.127040,0.071095,0.067221,0.095781
121030228021,Pinellas,0.119547,0.170657,0.118496,0.069576,0.066610,0.096015
121030228022,Pinellas,0.120069,0.170421,0.124745,0.071835,0.067836,0.097043
121030228023,Pinellas,0.121565,0.172023,0.120100,0.072320,0.067915,0.097614
121030229011,Pinellas,0.113082,0.165418,0.112246,0.066225,0.061722,0.095051
121030229012,Pinellas,0.141506,0.226754,0.126605,0.074585,0.066841,0.095581
121030229021,Pinellas,0.117535,0.174302,0.112618,0.062765,0.062733,0.094904
121030229022,Pinellas,0.112170,0.164295,0.110744,0.064738,0.061910,0.094730
121030229023,Pinellas,0.122722,0.182108,0.114974,0.068823,0.065577,0.095535
121030230001,Pinellas,0.109937,0.155279,0.105990,0.060170,0.062567,0.093685
121030230002,Pinellas,0.112699,0.165268,0.111191,0.062174,0.060822,0.093610
121030231001,Pinellas,0.114585,0.187657,0.092206,0.058786,0.059729,0.093650
121030231002,Pinellas,0.105573,0.156766,0.097307,0.058801,0.061056,0.092622
121030231003,Pinellas,0.120099,0.193742,0.100054,0.059902,0.060199,0.093045
121030232001,Pinellas,0.122549,0.212085,0.096173,0.060205,0.060410,0.092824
121030232002,Pinellas,0.151921,0.251219,0.129348,0.082518,0.074660,0.093319
121030232003,Pinellas,0.119032,0.205461,0.089966,0.060182,0.060049,0.093722
121030233001,Pinellas,0.134912,0.239095,0.100101,0.065428,0.063562,0.093769
121030233002,Pinellas,0.148450,0.290110,0.091638,0.059135,0.059626,0.093806
121030233003,Pinellas,0.149222,0.263485,0.117221,0.071516,0.068362,0.094397
121030234001,Pinellas,0.165063,0.276488,0.134704,0.087076,0.078622,0.094863
121030234002,Pinellas,0.155253,0.281291,0.104411,0.070096,0.068053,0.094750
121030235011,Pinellas,0.105076,0.158568,0.099535,0.062667,0.062597,0.094518
121030235012,Pinellas,0.123830,0.203270,0.104881,0.067609,0.064400,0.095175
121030235021,Pinellas,0.121467,0.176916,0.115270,0.084765,0.078242,0.094577
121030236011,Pinellas,0.106196,0.146580,0.115322,0.079014,0.070306,0.094623
121030236012,Pinellas,0.111988,0.157753,0.113738,0.077320,0.070125,0.095022
121030236013,Pinellas,0.105694,0.148958,0.110698,0.069524,0.065383,0.095090
121030236021,Pinellas,0.118808,0.163572,0.118365,0.087044,0.079770,0.094880
121030236022,Pinellas,0.116647,0.158258,0.121413,0.087633,0.080467,0.094706
121030237001,Pinellas,0.114048,0.155469,0.115789,0.083884,0.078571,0.094288
121030237002,Pinellas,0.096848,0.114485,0.107469,0.083855,0.076757,0.093279
121030237003,Pinellas,0.108147,0.145384,0.111476,0.081641,0.075833,0.093708
121030238001,Pinellas,0.106916,0.135232,0.119044,0.082761,0.075789,0.092744
121030238002,Pinellas,0.109180,0.141850,0.113779,0.083348,0.075927,0.093059
121030238003,Pinellas,0.105843,0.147521,0.105975,0.071982,0.068372,0.093956
121030239001,Pinellas,0.104014,0.128009,0.111413,0.080396,0.074694,0.091787
121030239002,Pinellas,0.104974,0.130438,0.113163,0.080536,0.075450,0.092181
121030240011,Pinellas,0.088887,0.094511,0.100051,0.082330,0.075458,0.092863
121030240012,Pinellas,0.093667,0.107076,0.104020,0.082754,0.075758,0.093437
121030240021,Pinellas,0.097101,0.108928,0.115174,0.081325,0.073886,0.091652
121030240022,Pinellas,0.101390,0.119666,0.115073,0.079946,0.074072,0.091509
121030240023,Pinellas,0.107477,0.139923,0.117198,0.078792,0.072633,0.090702
121030240024,Pinellas,0.108137,0.136310,0.133586,0.085425,0.074644,0.091043
121030240041,Pinellas,0.107194,0.115140,0.125915,0.097809,0.082555,0.089843
121030240042,Pinellas,0.110976,0.127552,0.132890,0.098500,0.083040,0.089892
121030240043,Pinellas,0.104293,0.100352,0.118951,0.099807,0.084656,0.090119
121030240051,Pinellas,0.105693,0.104041,0.124612,0.098574,0.083975,0.090679
121030240052,Pinellas,0.089501,0.086091,0.107602,0.083546,0.076182,0.091508
121030241001,Pinellas,0.117321,0.161542,0.119368,0.083308,0.074643,0.091969
121030241002,Pinellas,0.110142,0.140689,0.118038,0.080961,0.074456,0.091127
121030241003,Pinellas,0.114073,0.154984,0.121129,0.077999,0.071415,0.090908
121030242011,Pinellas,0.113857,0.177187,0.098477,0.061806,0.064269,0.092104
121030242012,Pinellas,0.111589,0.168388,0.102713,0.061224,0.062994,0.092433
121030242013,Pinellas,0.116704,0.177043,0.107436,0.061979,0.062420,0.092724
121030242021,Pinellas,0.139680,0.229382,0.124964,0.071049,0.068774,0.092215
121030242022,Pinellas,0.113417,0.167448,0.110552,0.064622,0.061780,0.093007
121030243011,Pinellas,0.134115,0.221891,0.117312,0.080335,0.071127,0.088954
121030243012,Pinellas,0.138436,0.220930,0.125647,0.077428,0.072821,0.090753
121030243013,Pinellas,0.131439,0.203569,0.122223,0.075511,0.072116,0.091648
121030243021,Pinellas,0.144038,0.235992,0.137256,0.077341,0.072484,0.090554
121030243022,Pinellas,0.112450,0.178899,0.107911,0.060221,0.060359,0.091595
121030243023,Pinellas,0.104511,0.158285,0.085591,0.065077,0.063154,0.091648
121030243024,Pinellas,0.115363,0.182145,0.109073,0.062366,0.062186,0.091995
121030244031,Pinellas,0.125634,0.197224,0.110827,0.077352,0.069847,0.089912
121030244032,Pinellas,0.118867,0.184310,0.105533,0.079106,0.069393,0.088315
121030244033,Pinellas,0.116546,0.170949,0.103161,0.079478,0.069408,0.090721
121030244061,Pinellas,0.089051,0.110799,0.090114,0.069871,0.066419,0.085896
121030244062,Pinellas,0.096852,0.128138,0.091852,0.075627,0.069120,0.086600
121030244063,Pinellas,0.078054,0.082418,0.080282,0.070240,0.067989,0.085613
121030244081,Pinellas,0.110575,0.150991,0.118129,0.078057,0.070436,0.089775
121030244082,Pinellas,0.096627,0.129659,0.090377,0.076106,0.069944,0.088071
121030244083,Pinellas,0.109517,0.151349,0.100974,0.080120,0.070960,0.089747
121030244091,Pinellas,0.101217,0.134368,0.103318,0.079280,0.068003,0.088202
121030244092,Pinellas,0.123412,0.178133,0.153636,0.095544,0.079521,0.089265
121030244101,Pinellas,0.102256,0.134981,0.102494,0.076037,0.068886,0.087376
121030244102,Pinellas,0.083982,0.108200,0.079213,0.068473,0.065812,0.087021
121030244111,Pinellas,0.086965,0.107704,0.086988,0.074022,0.067003,0.086841
121030244112,Pinellas,0.089890,0.116561,0.085477,0.074481,0.066931,0.087260
121030244113,Pinellas,0.084097,0.102577,0.083530,0.069826,0.067244,0.086838
121030244114,Pinellas,0.077023,0.094226,0.082716,0.071296,0.065392,0.085681
121030244121,Pinellas,0.066902,0.063202,0.068830,0.065843,0.064788,0.086495
121030244122,Pinellas,0.087172,0.111983,0.085822,0.074013,0.069294,0.085192
121030244123,Pinellas,0.086055,0.112253,0.084774,0.073048,0.068713,0.087270
121030244131,Pinellas,0.112113,0.153885,0.114152,0.076530,0.069863,0.087334
121030244132,Pinellas,0.141754,0.235841,0.136561,0.085139,0.073208,0.088412
121030244133,Pinellas,0.081803,0.101001,0.079501,0.066132,0.066734,0.088130
121030244134,Pinellas,0.119249,0.185387,0.108820,0.077930,0.069806,0.088082
121030245051,Pinellas,0.106448,0.109191,0.112259,0.099324,0.086993,0.092814
121030245052,Pinellas,0.087207,0.098052,0.097289,0.061824,0.064475,0.092286
121030245053,Pinellas,0.092770,0.109325,0.102153,0.063415,0.068439,0.092296
121030245054,Pinellas,0.093369,0.109409,0.102793,0.063770,0.063594,0.093223
121030245071,Pinellas,0.103165,0.128470,0.098861,0.094279,0.084643,0.091080
121030245072,Pinellas,0.110013,0.117192,0.114397,0.101710,0.090916,0.094066
121030245073,Pinellas,0.098381,0.100779,0.106322,0.088476,0.081402,0.094755
121030245081,Pinellas,0.097237,0.125883,0.088412,0.085858,0.078581,0.090691
121030245082,Pinellas,0.105780,0.134743,0.098188,0.094030,0.085073,0.091110
121030245083,Pinellas,0.110199,0.120620,0.111488,0.098955,0.086572,0.093036
121030245091,Pinellas,0.097661,0.124494,0.095746,0.078071,0.071654,0.088139
121030245092,Pinellas,0.089310,0.098403,0.093507,0.078103,0.070275,0.087331
121030245101,Pinellas,0.097851,0.120583,0.093224,0.085404,0.078068,0.090686
121030245102,Pinellas,0.101088,0.127013,0.093178,0.087153,0.080437,0.090955
121030245103,Pinellas,0.091857,0.107009,0.088765,0.087400,0.078836,0.089568
121030245104,Pinellas,0.093746,0.113138,0.087827,0.088341,0.080056,0.089927
121030245121,Pinellas,0.091061,0.104304,0.106546,0.059186,0.061173,0.091305
121030245122,Pinellas,0.092044,0.115003,0.092360,0.066783,0.065916,0.090723
121030245141,Pinellas,0.133490,0.165964,0.132131,0.100114,0.088438,0.092215
121030245142,Pinellas,0.113134,0.129486,0.113867,0.094189,0.085917,0.091523
121030245143,Pinellas,0.108375,0.113153,0.110871,0.102196,0.089533,0.092593
121030245151,Pinellas,0.094017,0.132723,0.081843,0.062070,0.059945,0.091395
121030245152,Pinellas,0.083953,0.112528,0.074121,0.061119,0.063062,0.090196
121030245161,Pinellas,0.091810,0.111262,0.101432,0.060229,0.062671,0.091913
121030245162,Pinellas,0.089863,0.106152,0.106950,0.054860,0.057901,0.091215
121030245171,Pinellas,0.083713,0.097347,0.086021,0.072840,0.067347,0.085566
121030245172,Pinellas,0.068232,0.074585,0.067851,0.065298,0.066026,0.084888
121030245181,Pinellas,0.083714,0.099884,0.084700,0.071364,0.066597,0.085648
121030245182,Pinellas,0.077976,0.082235,0.080208,0.070142,0.068435,0.085600
121030245191,Pinellas,0.084329,0.111151,0.079580,0.069814,0.066776,0.086393
121030245192,Pinellas,0.077989,0.087618,0.079041,0.070444,0.065161,0.086714
121030246011,Pinellas,0.113714,0.176380,0.109332,0.061916,0.061797,0.092565
121030246012,Pinellas,0.113764,0.172460,0.103098,0.061427,0.063342,0.092580
121030246013,Pinellas,0.104018,0.158771,0.079646,0.063103,0.062130,0.091310
121030246014,Pinellas,0.085856,0.116548,0.075770,0.062340,0.063134,0.090107
121030246031,Pinellas,0.115824,0.178975,0.098522,0.059827,0.063780,0.092793
121030246032,Pinellas,0.110459,0.162593,0.101219,0.061410,0.062360,0.093396
121030246041,Pinellas,0.109172,0.160421,0.095340,0.060211,0.063771,0.093336
121030246042,Pinellas,0.113759,0.170486,0.098619,0.061897,0.064420,0.093189
121030246043,Pinellas,0.115103,0.168172,0.105741,0.063951,0.064554,0.093853
121030247011,Pinellas,0.109038,0.159669,0.096397,0.063548,0.063566,0.093700
121030247012,Pinellas,0.111220,0.159751,0.105127,0.064099,0.063697,0.094751
121030247013,Pinellas,0.110774,0.161518,0.095119,0.063354,0.064577,0.094017
121030247021,Pinellas,0.125717,0.186439,0.113268,0.073115,0.069743,0.096223
121030247022,Pinellas,0.121468,0.177785,0.115597,0.072495,0.069509,0.095488
121030247031,Pinellas,0.117388,0.168613,0.104851,0.068403,0.067296,0.094167
121030247032,Pinellas,0.125727,0.186494,0.117053,0.073419,0.070443,0.095677
121030247033,Pinellas,0.122205,0.180510,0.112395,0.069453,0.066509,0.095039
121030248011,Pinellas,0.118326,0.165987,0.116210,0.070049,0.066885,0.095770
121030248012,Pinellas,0.121386,0.174059,0.121200,0.071565,0.067921,0.096579
121030248031,Pinellas,0.113630,0.150784,0.123442,0.068911,0.065894,0.096700
121030248032,Pinellas,0.121940,0.167674,0.125028,0.076028,0.071499,0.096278
121030248041,Pinellas,0.126401,0.162251,0.138682,0.082061,0.075990,0.097898
121030248051,Pinellas,0.123362,0.172071,0.126412,0.075188,0.070240,0.096915
121030248052,Pinellas,0.128312,0.181469,0.135555,0.077956,0.071632,0.097176
121030249011,Pinellas,0.117009,0.168205,0.117053,0.060762,0.061788,0.093377
121030249012,Pinellas,0.123852,0.163302,0.143730,0.068415,0.065568,0.094630
121030249013,Pinellas,0.108648,0.149209,0.114285,0.064532,0.063059,0.094590
121030249041,Pinellas,0.098847,0.120783,0.110159,0.067245,0.065719,0.094378
121030249042,Pinellas,0.094135,0.111477,0.104016,0.066603,0.064637,0.093916
121030249043,Pinellas,0.097386,0.118998,0.111129,0.066987,0.065133,0.094410
121030249051,Pinellas,0.096520,0.119383,0.103453,0.063432,0.065058,0.093040
121030249052,Pinellas,0.096318,0.116584,0.101720,0.068354,0.069131,0.093221
121030249053,Pinellas,0.091007,0.109234,0.099138,0.061899,0.064544,0.092741
121030249054,Pinellas,0.096166,0.115617,0.102504,0.068535,0.069044,0.092546
121030249055,Pinellas,0.096986,0.118199,0.102044,0.068498,0.069224,0.092680
121030249061,Pinellas,0.098375,0.120407,0.105646,0.065505,0.066546,0.092993
121030249062,Pinellas,0.098885,0.124903,0.108903,0.061460,0.062069,0.092940
121030249063,Pinellas,0.098914,0.131980,0.099329,0.060242,0.062007,0.092970
121030249071,Pinellas,0.097362,0.132450,0.097419,0.057612,0.060385,0.092615
121030249072,Pinellas,0.097077,0.135361,0.087629,0.058601,0.061317,0.092023
121030249081,Pinellas,0.104406,0.154804,0.089825,0.057441,0.061289,0.092183
121030249082,Pinellas,0.115038,0.168907,0.105411,0.065877,0.066083,0.092441
121030250041,Pinellas,0.094226,0.111571,0.104670,0.066751,0.064354,0.094064
121030250042,Pinellas,0.099845,0.120142,0.113891,0.067860,0.065107,0.095138
121030250043,Pinellas,0.099515,0.121807,0.111082,0.065655,0.065193,0.094798
121030250071,Pinellas,0.113437,0.127922,0.123757,0.089114,0.081066,0.095911
121030250072,Pinellas,0.122111,0.136869,0.131907,0.099853,0.089804,0.096162
121030250073,Pinellas,0.104403,0.112494,0.124668,0.073231,0.069526,0.096068
121030250091,Pinellas,0.095469,0.113352,0.106364,0.064152,0.063807,0.093672
121030250092,Pinellas,0.092181,0.109700,0.100167,0.064035,0.063489,0.093147
121030250111,Pinellas,0.114736,0.141834,0.121075,0.084298,0.076715,0.095184
121030250112,Pinellas,0.100998,0.119809,0.114742,0.070520,0.066495,0.094455
121030250113,Pinellas,0.133469,0.175557,0.139915,0.097076,0.083166,0.094773
121030250121,Pinellas,0.112535,0.128182,0.122320,0.090293,0.080668,0.095731
121030250122,Pinellas,0.124715,,0.159693,0.128849,0.089596,0.094627
121030250123,Pinellas,0.111954,0.127256,0.121545,0.090229,0.080567,0.095682
121030250124,Pinellas,0.113754,0.132246,0.122028,0.090835,0.080046,0.095574
121030250131,Pinellas,0.106908,0.120697,0.124782,0.073774,0.070046,0.096067
121030250132,Pinellas,0.112681,0.124702,0.124832,0.088211,0.081771,0.096077
121030250133,Pinellas,0.110815,0.123104,0.124808,0.083630,0.080835,0.096008
121030250141,Pinellas,0.110513,0.137958,0.121924,0.073624,0.069866,0.095713
121030250142,Pinellas,0.125868,0.155870,0.140940,0.088666,0.081356,0.097762
121030250151,Pinellas,0.113142,0.138992,0.126245,0.075855,0.072315,0.097685
121030250152,Pinellas,0.125999,0.154692,0.139074,0.090546,0.083010,0.097585
121030250161,Pinellas,0.101808,0.119996,0.117368,0.070461,0.068181,0.096107
121030250171,Pinellas,0.127458,0.167558,0.137194,0.085890,0.078737,0.097207
121030250172,Pinellas,0.126348,0.149868,0.139019,0.093528,0.085525,0.098482
121030250173,Pinellas,0.126632,0.150105,0.139704,0.094061,0.085945,0.098462
121030250181,Pinellas,0.123624,0.155867,0.134952,0.081018,0.075095,0.097255
121030250182,Pinellas,0.124912,0.154730,0.136382,0.084701,0.077957,0.097821
121030250191,Pinellas,0.126554,0.154284,0.138223,0.093711,0.085601,0.098359
121030250192,Pinellas,0.134712,0.176784,0.146238,0.090542,0.082483,0.097776
121030250201,Pinellas,0.107236,0.110122,0.113741,0.099397,0.086834,0.092960
121030250202,Pinellas,0.101462,0.100824,0.106615,0.098082,0.087187,0.092579
121030250211,Pinellas,0.102414,0.102920,0.110579,0.095399,0.085265,0.094630
121030250212,Pinellas,0.104401,0.108858,0.110482,0.096243,0.084808,0.094258
121030251061,Pinellas,0.117839,0.111578,0.133587,0.106141,0.089196,0.098862
121030251062,Pinellas,0.119616,0.119577,0.135576,0.103208,0.087559,0.098676
121030251071,Pinellas,0.103000,0.098821,0.126681,0.075050,0.068344,0.096655
121030251072,Pinellas,0.101543,0.094241,0.126221,0.079707,0.063614,0.097439
121030251073,Pinellas,0.100182,0.083779,0.119930,0.093738,0.064132,0.096451
121030251081,Pinellas,0.117979,0.124170,0.135666,0.101396,0.069295,0.098718
121030251082,Pinellas,0.113240,0.119263,0.132446,0.092693,0.063608,0.098618
121030251091,Pinellas,0.109940,0.121751,0.130290,0.077948,0.067426,0.096295
121030251092,Pinellas,0.099531,0.097666,0.121807,0.073449,0.067995,0.096592
121030251093,Pinellas,0.119793,0.122747,0.141944,0.097628,0.069761,0.097703
121030251101,Pinellas,0.096184,0.112129,0.105061,0.091243,0.064136,0.096196
121030251102,Pinellas,0.100602,0.100740,0.120321,0.088293,0.063030,0.096214
121030251103,Pinellas,0.122945,0.135062,0.141133,0.106952,0.071272,0.097440
121030251104,Pinellas,0.123154,0.145541,0.140557,0.101852,0.068554,0.096766
121030251111,Pinellas,0.108374,0.115830,0.121748,0.083002,0.088429,0.096350
121030251112,Pinellas,0.106465,0.112644,0.118083,0.084589,0.090035,0.096077
121030251113,Pinellas,0.108642,0.112522,0.119294,0.092440,0.090643,0.096090
121030251114,Pinellas,0.115361,0.124544,0.127854,0.092861,0.088759,0.096446
121030251121,Pinellas,0.112427,0.124244,0.116651,0.097983,0.090009,0.096168
121030251122,Pinellas,0.117856,0.139807,0.115392,0.102042,0.090434,0.095902
121030251131,Pinellas,0.137549,0.181796,0.140705,0.105555,0.099243,0.096712
121030251132,Pinellas,0.134689,0.165779,0.138750,0.104606,0.098777,0.096545
121030251133,Pinellas,0.127965,0.149391,0.135129,0.104633,0.098768,0.096480
121030251141,Pinellas,0.136681,0.180413,0.129436,0.110677,0.093252,0.095917
121030251142,Pinellas,0.126282,0.152521,0.124685,0.109448,0.092391,0.095810
121030251151,Pinellas,0.115626,0.139235,0.114690,0.102553,0.089907,0.095132
121030251152,Pinellas,0.115750,0.140454,0.112152,0.100746,0.089786,0.095046
121030251161,Pinellas,0.133910,0.175622,0.129519,0.106886,0.093492,0.095567
121030251162,Pinellas,0.119355,0.144774,0.116629,0.101628,0.090650,0.095437
121030251191,Pinellas,0.121492,0.143190,0.126839,0.107658,0.097236,0.095776
121030251192,Pinellas,0.102101,0.108406,0.107377,0.096009,0.089561,0.094618
121030251193,Pinellas,0.099891,0.105187,0.104959,0.094237,0.087665,0.094966
121030251201,Pinellas,0.123755,0.143680,0.130515,0.108636,0.097561,0.095751
121030251202,Pinellas,0.099087,0.096417,0.104142,0.092857,0.097546,0.095892
121030251203,Pinellas,0.119715,0.145443,0.124865,0.100555,0.097316,0.096013
121030251211,Pinellas,0.095274,0.092129,0.099668,0.091239,0.092391,0.096428
121030251212,Pinellas,0.110420,0.110975,0.123683,0.101415,0.084677,0.096277
121030251221,Pinellas,0.093928,0.091650,0.097939,0.093663,0.084427,0.096545
121030251222,Pinellas,0.097706,0.093429,0.100359,0.094017,0.097995,0.096572
121030251223,Pinellas,0.108874,0.125436,0.108957,0.100292,0.102537,0.095922
121030251231,Pinellas,0.099752,0.102165,0.102065,0.094367,0.097870,0.096100
121030251232,Pinellas,0.102503,0.106754,0.105329,0.095601,0.099293,0.095699
121030252041,Pinellas,0.110021,0.112223,0.112450,0.111817,0.095063,0.095214
121030252042,Pinellas,0.097250,0.092192,0.098542,0.105667,0.091751,0.095202
121030252051,Pinellas,0.108342,0.125582,0.108509,0.101352,0.097387,0.094812
121030252052,Pinellas,0.099203,0.106499,0.100542,0.096060,0.091700,0.094725
121030252053,Pinellas,0.115477,0.147407,0.112686,0.105452,0.098265,0.094044
121030252054,Pinellas,0.102014,0.124254,0.095899,0.097467,0.092417,0.094319
121030252071,Pinellas,0.101238,0.091182,0.109169,0.104218,0.092297,0.094880
121030252072,Pinellas,0.104790,0.121122,0.103772,0.097594,0.086576,0.094312
121030252073,Pinellas,0.099222,0.112056,0.096050,0.095386,0.086126,0.094163
121030252074,Pinellas,0.094265,0.082143,0.104255,0.096413,0.086242,0.094476
121030252081,Pinellas,0.087565,0.070603,0.090100,0.096056,0.090413,0.094265
121030252082,Pinellas,0.095258,0.106627,0.091633,0.094338,0.089323,0.094136
121030252091,Pinellas,0.081309,0.053530,0.087881,0.094540,0.086498,0.094259
121030252092,Pinellas,0.097668,0.105303,0.095534,0.097051,0.090698,0.094054
121030252093,Pinellas,0.099554,0.111371,0.096611,0.097849,0.088698,0.094131
121030252094,Pinellas,0.103162,0.114394,0.104883,0.097494,0.088586,0.094433
121030252101,Pinellas,0.086608,0.058881,0.096670,0.101331,0.089913,0.094755
121030252102,Pinellas,0.085802,0.055994,0.094105,0.098412,0.090273,0.094249
121030252111,Pinellas,0.102539,0.093703,0.107184,0.111603,0.093999,0.095116
121030252112,Pinellas,0.103705,0.092417,0.113219,0.107437,0.093807,0.095054
121030253031,Pinellas,0.105287,0.112820,0.109290,0.096943,0.085401,0.094469
121030253032,Pinellas,0.121803,0.132717,0.123061,0.113783,0.096561,0.095112
121030253033,Pinellas,0.108446,0.111632,0.113229,0.103879,0.089890,0.095096
121030253051,Pinellas,0.101199,0.103003,0.106965,0.095974,0.085429,0.094642
121030253052,Pinellas,0.107429,0.112500,0.112749,0.100355,0.087766,0.094467
121030253071,Pinellas,0.107110,0.127025,0.104656,0.095620,0.084960,0.094292
121030253072,Pinellas,0.111728,0.133868,0.108511,0.096014,0.084908,0.094381
121030253091,Pinellas,0.110369,0.105928,0.119456,0.109156,0.094906,0.094918
121030253092,Pinellas,0.107983,0.115210,0.111837,0.100277,0.087266,0.094673
121030253101,Pinellas,0.118573,0.152865,0.111889,0.097761,0.086858,0.094352
121030253111,Pinellas,0.105680,0.113892,0.108409,0.097989,0.087134,0.094440
121030253112,Pinellas,0.104522,0.112577,0.106445,0.097275,0.086389,0.094360
121030253113,Pinellas,0.111430,0.126835,0.111654,0.100117,0.088721,0.094617
121030254011,Pinellas,0.114076,0.129908,0.113181,0.100543,0.090197,0.095841
121030254012,Pinellas,0.114586,0.135487,0.114910,0.095638,0.086290,0.095677
121030254013,Pinellas,0.114005,0.128056,0.115627,0.098732,0.088866,0.095322
121030254071,Pinellas,0.121518,0.129285,0.125526,0.112650,0.097528,0.095174
121030254072,Pinellas,0.123132,0.147818,0.116948,0.106467,0.092609,0.094645
121030254073,Pinellas,0.120145,0.135246,0.119333,0.110591,0.095202,0.095240
121030254111,Pinellas,0.099375,0.098511,0.105146,0.096693,0.085339,0.093583
121030254121,Pinellas,0.101697,0.109332,0.107812,0.089149,0.081072,0.095295
121030254122,Pinellas,0.120168,0.141450,0.118554,0.104124,0.095384,0.094967
121030254123,Pinellas,0.105564,0.115503,0.109373,0.093127,0.084128,0.095610
121030254131,Pinellas,0.112673,0.133492,0.113051,0.095333,0.083846,0.095783
121030254132,Pinellas,0.100258,0.113034,0.101729,0.089551,0.080903,0.094784
121030254133,Pinellas,0.092051,0.087426,0.099041,0.089054,0.084065,0.094212
121030254141,Pinellas,0.107712,0.118374,0.107853,0.099058,0.086930,0.093286
121030254142,Pinellas,0.121412,0.143104,0.119608,0.109144,0.095026,0.094556
121030254151,Pinellas,0.104764,0.111150,0.109285,0.094306,0.084161,0.093002
121030254152,Pinellas,0.117957,0.137281,0.114773,0.101712,0.088794,0.094165
121030254153,Pinellas,0.111347,0.128912,0.108064,0.099940,0.087460,0.093887
121030254161,Pinellas,0.121924,0.146485,0.115934,0.105430,0.091816,0.094440
121030254162,Pinellas,0.125719,0.146314,0.123418,0.110964,0.095413,0.094870
121030254171,Pinellas,0.116396,0.133585,0.116430,0.102104,0.088481,0.094057
121030254172,Pinellas,0.111720,0.117785,0.118410,0.102089,0.088229,0.094806
121030254181,Pinellas,0.101546,0.100831,0.106567,0.099012,0.086898,0.092633
121030254182,Pinellas,0.100431,0.099449,0.107502,0.095008,0.084936,0.092733
121030254191,Pinellas,0.107843,0.120535,0.108628,0.095362,0.084638,0.093461
121030254192,Pinellas,0.101688,0.100653,0.107171,0.098999,0.087247,0.092942
121030254193,Pinellas,0.101548,0.100923,0.107483,0.098254,0.086477,0.093098
121030254201,Pinellas,0.094459,0.094833,0.100627,0.086728,0.079563,0.094542
121030254202,Pinellas,0.075295,0.093544,0.077212,0.064898,0.068633,0.090841
121030254211,Pinellas,0.095464,0.100126,0.099624,0.089710,0.080530,0.094855
121030254212,Pinellas,0.090273,0.088515,0.092252,0.090683,0.081813,0.094180
121030255011,Pinellas,0.112905,0.129836,0.111653,0.101437,0.089655,0.096107
121030255012,Pinellas,0.113021,0.125991,0.113494,0.103758,0.091400,0.096040
121030255013,Pinellas,0.115744,0.130461,0.115058,0.104813,0.092883,0.095990
121030255051,Pinellas,0.123354,0.142152,0.119074,0.110840,0.096053,0.096372
121030255052,Pinellas,0.116009,0.129937,0.110591,0.111331,0.095910,0.096259
121030255071,Pinellas,0.110015,0.116202,0.110659,0.105810,0.096705,0.095852
121030255072,Pinellas,0.117853,0.128157,0.119763,0.110357,0.095428,0.095158
121030255081,Pinellas,0.121587,0.130830,0.124258,0.111672,0.097596,0.095330
121030255082,Pinellas,0.120577,0.130946,0.122331,0.111607,0.097093,0.095173
121030255091,Pinellas,0.123873,0.141386,0.122490,0.111564,0.097390,0.095486
121030255092,Pinellas,0.135336,0.161601,0.126256,0.119999,0.104214,0.096002
121030255101,Pinellas,0.122759,0.143016,0.119845,0.109171,0.096475,0.096359
121030255102,Pinellas,0.126285,0.149022,0.121438,0.110207,0.100497,0.096242
121030255103,Pinellas,0.133558,0.161518,0.124988,0.115777,0.102021,0.095705
121030256021,Pinellas,0.132359,0.163862,0.121419,0.119391,0.108663,0.096183
121030256022,Pinellas,0.119891,0.142557,0.112932,0.107953,0.093807,0.095953
121030256023,Pinellas,0.119012,0.140446,0.112889,0.106581,0.091513,0.095587
121030256031,Pinellas,0.111267,0.128460,0.112042,0.100306,0.088039,0.095309
121030256032,Pinellas,0.118745,0.136718,0.116066,0.107007,0.089627,0.095506
121030256041,Pinellas,0.124411,0.141978,0.120939,0.114942,0.097803,0.095283
121030257001,Pinellas,,,,,,
121030257002,Pinellas,0.128261,0.157156,0.120434,0.118894,0.102219,0.095631
121030257003,Pinellas,0.105718,0.112063,0.104288,0.106998,0.091058,0.096353
121030258001,Pinellas,0.115262,0.134315,0.112066,0.102300,0.089098,0.096259
121030258002,Pinellas,0.119740,0.136903,0.115104,0.110557,0.094837,0.096552
121030258003,Pinellas,0.117044,0.132181,0.114081,0.109925,0.094671,0.096562
121030259011,Pinellas,0.110929,0.123109,0.105827,0.107106,0.095655,0.096137
121030259012,Pinellas,0.108512,0.113735,0.107308,0.108245,0.093494,0.096508
121030259013,Pinellas,0.112671,0.122740,0.109946,0.109854,0.094243,0.096456
121030259021,Pinellas,0.103710,0.106586,0.102565,0.105003,0.093120,0.096601
121030259022,Pinellas,0.108709,0.114702,0.105268,0.109296,0.097470,0.096226
121030260011,Pinellas,0.107622,0.086505,0.113779,0.111545,0.106112,0.095780
121030260012,Pinellas,0.117616,0.122860,0.120208,0.116284,0.106580,0.095879
121030260013,Pinellas,0.122484,0.132997,0.125819,0.116796,0.104138,0.096121
121030260031,Pinellas,0.124093,0.152981,0.124497,0.116868,0.108919,0.095708
121030260032,Pinellas,0.138751,0.186759,0.141533,0.125816,0.120474,0.095664
121030260041,Pinellas,0.121790,0.136590,0.125160,0.117722,0.113817,0.095767
121030261011,Pinellas,0.104829,0.114971,0.107679,0.095386,0.088517,0.096809
121030261012,Pinellas,0.107407,0.121307,0.108354,0.095143,0.088586,0.096856
121030261021,Pinellas,0.111255,0.114646,0.115319,0.108983,0.097338,0.097966
121030262001,Pinellas,0.115707,0.136369,0.114404,0.100340,0.091235,0.096463
121030262002,Pinellas,0.106415,0.121515,0.106451,0.093816,0.087096,0.096734
121030263001,Pinellas,0.112402,0.125287,0.112660,0.102585,0.094368,0.098198
121030263002,Pinellas,0.112614,0.119202,0.121657,0.101351,0.093926,0.098096
121030263003,Pinellas,0.108794,0.119684,0.113224,0.098563,0.089053,0.097773
121030263004,Pinellas,0.117849,0.135979,0.118718,0.102803,0.091231,0.097670
121030263005,Pinellas,0.106135,0.117751,0.107291,0.096803,0.088153,0.096202
121030263006,Pinellas,0.095169,0.105556,0.098269,0.084882,0.080597,0.096263
121030264011,Pinellas,0.116002,0.130273,0.114473,0.106710,0.093826,0.096080
121030264012,Pinellas,0.108873,0.116982,0.108735,0.104652,0.093221,0.096244
121030264013,Pinellas,0.108256,0.117656,0.106645,0.103072,0.094518,0.096171
121030264021,Pinellas,0.114090,0.127631,0.111576,0.105642,0.092661,0.095965
121030264022,Pinellas,0.100771,0.103796,0.098898,0.100908,0.092620,0.096402
121030264023,Pinellas,0.119956,0.121823,0.124282,0.119151,0.101484,0.096130
121030265011,Pinellas,0.104694,0.108707,0.107750,0.101068,0.089499,0.096162
121030265012,Pinellas,0.111899,0.120000,0.113402,0.105651,0.091784,0.096709
121030265021,Pinellas,0.101781,0.102738,0.107977,0.098938,0.086634,0.097214
121030265022,Pinellas,0.105311,0.110174,0.109662,0.100574,0.087815,0.097171
121030265023,Pinellas,0.089335,0.086633,0.092367,0.091347,0.083106,0.096687
121030266011,Pinellas,0.113008,0.131057,0.109160,0.101671,0.089679,0.096558
121030266012,Pinellas,0.113380,0.134348,0.113313,0.095147,0.084232,0.096042
121030266013,Pinellas,0.110413,0.130029,0.106742,0.097679,0.086954,0.096362
121030266021,Pinellas,0.109179,0.117973,0.112254,0.103125,0.089953,0.096636
121030266022,Pinellas,0.103757,0.109682,0.105406,0.099371,0.086668,0.096639
121030267011,Pinellas,0.112345,0.119601,0.122007,0.099804,0.093584,0.098094
121030267012,Pinellas,0.107569,0.114576,0.113752,0.097372,0.093052,0.097867
121030267013,Pinellas,0.116691,0.133066,0.121313,0.100084,0.094133,0.097503
121030267014,Pinellas,0.107237,0.113242,0.111248,0.100576,0.093178,0.097687
121030267031,Pinellas,0.104616,0.107385,0.110770,0.099293,0.086165,0.096466
121030267032,Pinellas,0.085217,0.081142,0.088134,0.087115,0.078768,0.095660
121030267033,Pinellas,0.096412,0.098276,0.102246,0.087640,0.080132,0.094800
121030267034,Pinellas,0.106338,0.120575,0.106074,0.094733,0.083411,0.095899
121030267035,Pinellas,0.099383,0.108131,0.101441,0.091830,0.081344,0.095573
121030267041,Pinellas,0.095023,0.097574,0.098723,0.091739,0.080667,0.096246
121030267042,Pinellas,0.086690,0.090486,0.089221,0.082544,0.077124,0.096343
121030267043,Pinellas,0.074740,0.074131,0.078015,0.073442,0.065842,0.095747
121030267051,Pinellas,0.103575,0.114002,0.111294,0.088673,0.086376,0.097394
121030267052,Pinellas,0.101885,0.114444,0.108603,0.086018,0.084637,0.096717
121030267053,Pinellas,0.112760,0.122313,0.115169,0.105572,0.093007,0.097000
121030268041,Pinellas,0.075158,0.086229,0.076470,0.066049,0.069048,0.094195
121030268042,Pinellas,0.073333,0.068918,0.077954,0.074028,0.066065,0.094787
121030268043,Pinellas,0.066324,0.062954,0.069619,0.064204,0.066645,0.093644
121030268091,Pinellas,0.077209,0.093758,0.075669,0.069067,0.070089,0.090840
121030268092,Pinellas,0.071351,0.070120,0.075148,0.066077,0.067547,0.091960
121030268111,Pinellas,0.094434,0.110680,0.089066,0.086925,0.091174,0.097873
121030268112,Pinellas,0.089266,0.108458,0.087072,0.075587,0.087620,0.096168
121030268113,Pinellas,0.089269,0.103654,0.089033,0.079679,0.088918,0.096386
121030268114,Pinellas,0.097782,0.115174,0.091687,0.088812,0.091783,0.096873
121030268121,Pinellas,0.093439,0.111608,0.088217,0.084144,0.086849,0.096590
121030268122,Pinellas,0.093726,0.129281,0.083391,0.075899,0.080497,0.095080
121030268123,Pinellas,0.082083,0.111671,0.072238,0.069061,0.075243,0.094629
121030268124,Pinellas,0.098960,0.122717,0.091100,0.086088,0.088301,0.096949
121030268131,Pinellas,0.091195,0.151821,0.085346,0.072500,0.081538,0.094248
121030268132,Pinellas,0.079515,0.093670,0.079795,0.068556,0.072754,0.094806
121030268141,Pinellas,0.088346,0.117664,0.081842,0.074531,0.080925,0.093679
121030268142,Pinellas,0.092212,0.119225,0.084851,0.079494,0.090132,0.095599
121030268151,Pinellas,0.090581,0.129785,0.080523,0.073706,0.082924,0.094035
121030268152,Pinellas,0.100220,0.161073,0.086478,0.074841,0.082455,0.094049
121030268153,Pinellas,0.084413,0.110160,0.080184,0.072451,0.082980,0.093585
121030268161,Pinellas,0.078201,0.108743,0.071624,0.069974,0.074213,0.092505
121030268162,Pinellas,0.070718,0.075606,0.070456,0.068723,0.069092,0.092663
121030268163,Pinellas,0.069554,0.077694,0.067778,0.064626,0.071855,0.093207
121030268164,Pinellas,0.071096,0.077373,0.069425,0.068500,0.073727,0.092755
121030268171,Pinellas,0.094077,0.155610,0.083869,0.071802,0.081458,0.093936
121030268172,Pinellas,0.087459,0.139551,0.077630,0.068143,0.075558,0.093010
121030268173,Pinellas,0.079949,0.116210,0.071627,0.069473,0.077462,0.092707
121030268181,Pinellas,0.073456,0.074028,0.077843,0.067769,0.069090,0.093284
121030268182,Pinellas,0.084752,0.087790,0.089316,0.077058,0.070829,0.094568
121030268183,Pinellas,0.071339,0.070290,0.074161,0.067128,0.069671,0.091978
121030268191,Pinellas,0.096227,0.130327,0.093242,0.073445,0.073761,0.092361
121030268192,Pinellas,0.096153,0.115202,0.095072,0.080007,0.078842,0.093935
121030268201,Pinellas,0.100765,0.124994,0.092805,0.088715,0.089169,0.097993
121030268202,Pinellas,0.094329,0.120088,0.082331,0.084181,0.083450,0.099384
121030268203,Pinellas,0.097386,0.118458,0.089739,0.088172,0.091624,0.099369
121030268204,Pinellas,0.099916,0.123528,0.091875,0.090673,0.093266,0.100396
121030268211,Pinellas,0.091879,0.111336,0.087683,0.081565,0.089552,0.097642
121030268212,Pinellas,0.098458,0.121707,0.088935,0.088494,0.092613,0.099481
121030269041,Pinellas,0.089483,0.097341,0.088749,0.084725,0.082116,0.099071
121030269042,Pinellas,0.111819,0.145577,0.101208,0.093785,0.091922,0.097863
121030269043,Pinellas,0.091900,0.109326,0.087246,0.083953,0.080294,0.099170
121030269081,Pinellas,0.091299,0.096956,0.090733,0.087331,0.090630,0.099766
121030269082,Pinellas,0.092950,0.100812,0.096486,0.088581,0.079862,0.099914
121030269083,Pinellas,0.093981,0.102409,0.099636,0.087571,0.080048,0.099178
121030269084,Pinellas,0.090996,0.095683,0.093461,0.085499,0.085771,0.098781
121030269091,Pinellas,0.088981,0.091532,0.092816,0.087133,0.077576,0.099128
121030269092,Pinellas,0.093343,0.105731,0.092029,0.084591,0.088330,0.098070
121030269093,Pinellas,0.090386,0.094021,0.093356,0.085230,0.084770,0.097962
121030269111,Pinellas,0.108238,0.119794,0.116471,0.095165,0.088955,0.097976
121030269112,Pinellas,0.097925,0.104309,0.103263,0.089511,0.084506,0.096810
121030269113,Pinellas,0.107646,0.120760,0.114653,0.092826,0.088987,0.097581
121030269121,Pinellas,0.088696,0.094270,0.091016,0.082708,0.079167,0.096362
121030269122,Pinellas,0.098090,0.105229,0.103034,0.089504,0.084122,0.096822
121030269123,Pinellas,0.092021,0.098419,0.097256,0.083163,0.076884,0.096363
121030269131,Pinellas,0.100618,0.113608,0.102136,0.090443,0.087561,0.097073
121030269132,Pinellas,0.100362,0.125832,0.095351,0.087406,0.084315,0.096704
121030269133,Pinellas,0.100029,0.110312,0.103933,0.089902,0.084976,0.096862
121030269141,Pinellas,0.108270,0.123567,0.113526,0.096901,0.086204,0.098617
121030269142,Pinellas,0.097920,0.108173,0.101264,0.087652,0.085780,0.098746
121030269151,Pinellas,0.106228,0.110903,0.112362,0.098269,0.093185,0.098157
121030269152,Pinellas,0.106345,0.105110,0.117718,0.098475,0.093684,0.098160
121030269161,Pinellas,0.096774,0.103230,0.103399,0.087235,0.085281,0.097851
121030269162,Pinellas,0.097196,0.105551,0.101684,0.086424,0.086309,0.097609
121030269163,Pinellas,0.104665,0.122581,0.106467,0.090058,0.088234,0.098174
121030269164,Pinellas,0.106800,0.119027,0.112277,0.093558,0.087667,0.097955
121030269171,Pinellas,0.099214,0.125939,0.092928,0.085699,0.087061,0.096986
121030270001,Pinellas,0.105657,0.122348,0.113260,0.089668,0.080606,0.098872
121030270002,Pinellas,0.111802,0.120584,0.117931,0.104209,0.092736,0.098465
121030270003,Pinellas,0.120248,0.136592,0.118497,0.113384,0.103264,0.098817
121030271051,Pinellas,0.096503,0.105516,0.100037,0.091100,0.082590,0.099223
121030271052,Pinellas,0.093043,0.097755,0.099105,0.088789,0.079413,0.099126
121030271061,Pinellas,,,,,,0.077225
121030271062,Pinellas,0.105660,0.125842,0.105339,0.097098,0.095782,0.099772
121030271063,Pinellas,,,,,,
121030271071,Pinellas,0.090754,0.092480,0.096535,0.087405,0.079662,0.098373
121030271081,Pinellas,0.098830,0.108025,0.106010,0.089078,0.080457,0.098420
121030271082,Pinellas,0.095652,0.099322,0.102354,0.090871,0.081707,0.098435
121030272021,Pinellas,0.109764,0.093475,0.122342,0.106602,0.104125,0.106690
121030272022,Pinellas,0.124948,0.140286,0.134836,0.116993,0.111434,0.101482
121030272023,Pinellas,0.106873,0.094235,0.118348,0.104517,0.102142,0.109551
121030272024,Pinellas,0.100585,0.101094,0.105837,0.097814,0.095037,0.102963
121030272025,Pinellas,0.099002,0.088898,0.106747,0.097707,0.095310,0.105426
121030272041,Pinellas,0.114576,0.125131,0.127911,0.104377,0.102031,0.107299
121030272042,Pinellas,0.114318,0.129074,0.122011,0.103403,0.103041,0.108642
121030272043,Pinellas,0.114506,0.127134,0.125177,0.104487,0.102303,0.107108
121030272061,Pinellas,0.099103,0.095213,0.103853,0.098907,0.095123,0.103921
121030272062,Pinellas,0.113404,0.135029,0.115143,0.103403,0.099866,0.103796
121030272063,Pinellas,0.102988,0.110753,0.107367,0.097558,0.097051,0.104334
121030272071,Pinellas,0.114338,0.132631,0.115332,0.106066,0.101350,0.102772
121030272072,Pinellas,0.113164,0.125390,0.114762,0.107397,0.103344,0.102879
121030272073,Pinellas,0.120038,0.145670,0.117664,0.111304,0.104984,0.101346
121030272074,Pinellas,0.118275,0.146936,0.115623,0.106702,0.101696,0.101321
121030272075,Pinellas,0.114872,0.142741,0.111701,0.101519,0.102682,0.101801
121030272081,Pinellas,0.103771,0.130359,0.099394,0.094942,0.090943,0.100983
121030272082,Pinellas,0.101551,0.118756,0.099191,0.094672,0.090350,0.100226
121030272083,Pinellas,0.095640,0.108940,0.093125,0.092035,0.087762,0.100803
121030272084,Pinellas,0.108944,0.134379,0.100221,0.098779,0.101475,0.101096
121030272091,Pinellas,0.089431,0.089940,0.091754,0.088263,0.086009,0.099697
121030272101,Pinellas,0.120109,0.137336,0.120916,0.112976,0.107266,0.101532
121030272102,Pinellas,0.094346,0.104141,0.092689,0.092226,0.087305,0.100368
121030272103,Pinellas,0.092193,0.096579,0.093073,0.090415,0.087446,0.099826
121030272104,Pinellas,0.092829,0.100370,0.091002,0.091049,0.086502,0.099721
121030272111,Pinellas,0.115593,0.138330,0.118110,0.103957,0.102004,0.106174
121030272112,Pinellas,0.112996,0.119500,0.122172,0.105741,0.104083,0.105175
121030272113,Pinellas,0.113265,0.120206,0.127936,0.103373,0.102167,0.107444
121030272121,Pinellas,0.114788,0.133006,0.119685,0.103624,0.102547,0.107390
121030272122,Pinellas,0.115666,0.133923,0.122263,0.103928,0.102653,0.108342
121030273081,Pinellas,0.117101,0.137222,0.130274,0.101856,0.102630,0.117426
121030273082,Pinellas,0.131635,0.180664,0.145500,0.116276,0.109239,0.120144
121030273091,Pinellas,0.098153,0.097316,0.111658,0.095715,0.087172,0.110382
121030273092,Pinellas,0.081342,0.090480,0.095891,0.074233,0.072233,0.105484
121030273141,Pinellas,0.105893,0.146704,0.103665,0.088337,0.093937,0.097849
121030273142,Pinellas,0.094117,0.103288,0.099700,0.088083,0.087527,0.100052
121030273161,Pinellas,0.106138,0.124219,0.108061,0.096313,0.098541,0.102836
121030273162,Pinellas,0.095248,0.091221,0.103662,0.092154,0.090584,0.103699
121030273163,Pinellas,0.105944,0.121051,0.110677,0.098141,0.094078,0.104210
121030273171,Pinellas,0.112325,0.146805,0.107001,0.096849,0.099361,0.099955
121030273172,Pinellas,0.105260,0.144293,0.102444,0.088271,0.093175,0.097607
121030273173,Pinellas,0.111491,0.138495,0.107862,0.098866,0.099823,0.101028
121030273181,Pinellas,0.097320,0.122982,0.092130,0.087782,0.091897,0.100713
121030273182,Pinellas,0.089263,0.109094,0.085548,0.079715,0.088831,0.097131
121030273191,Pinellas,0.087506,0.113083,0.084275,0.078833,0.079477,0.094812
121030273192,Pinellas,0.089392,0.119458,0.084382,0.077507,0.085385,0.095368
121030273193,Pinellas,0.084600,0.100522,0.080730,0.079556,0.079910,0.093648
121030273194,Pinellas,0.084690,0.103022,0.081460,0.078355,0.079569,0.094483
121030273201,Pinellas,0.081834,0.091994,0.079763,0.079382,0.075410,0.092607
121030273202,Pinellas,0.082395,0.063001,0.092391,0.076907,0.081379,0.092160
121030273203,Pinellas,0.084734,0.101355,0.081716,0.077427,0.079989,0.093412
121030273211,Pinellas,0.085058,0.091369,0.099327,0.075090,0.076124,0.106393
121030273231,Pinellas,0.091636,0.125795,0.086386,0.080657,0.092480,0.098117
121030273232,Pinellas,0.091332,0.124024,0.084785,0.080156,0.092168,0.097514
121030273241,Pinellas,0.091457,0.118512,0.101394,0.082181,0.085326,0.099649
121030273242,Pinellas,0.094328,0.115638,0.103640,0.085749,0.087499,0.100667
121030273251,Pinellas,0.090666,0.108869,0.103402,0.080204,0.084484,0.096954
121030273252,Pinellas,0.092718,0.129234,0.095060,0.078650,0.090669,0.097190
121030273261,Pinellas,0.089996,0.120696,0.084230,0.079606,0.080953,0.096192
121030273262,Pinellas,0.089811,0.121608,0.084014,0.078194,0.085428,0.096375
121030273271,Pinellas,0.095141,0.124672,0.099396,0.084199,0.085293,0.093508
121030273272,Pinellas,0.081655,0.088773,0.082167,0.078273,0.079633,0.092393
121030273281,Pinellas,0.103681,0.140342,0.116080,0.091165,0.091458,0.100894
121030273282,Pinellas,0.089426,0.095414,0.101418,0.082207,0.081469,0.105100
121030273291,Pinellas,0.088820,0.099248,0.097424,0.080781,0.084762,0.100533
121030273292,Pinellas,0.093529,0.125440,0.104622,0.084566,0.084694,0.102449
121030273301,Pinellas,0.107654,0.124832,0.107352,0.097836,0.100426,0.102742
121030273302,Pinellas,0.108272,0.128426,0.105934,0.098027,0.100384,0.101542
121030273311,Pinellas,0.103516,0.125171,0.102415,0.092420,0.097331,0.100036
121030273312,Pinellas,0.097176,0.113580,0.097483,0.089515,0.091530,0.098801
121030273321,Pinellas,0.081004,,0.089460,0.089279,0.072138,0.105814
121030273331,Pinellas,0.087828,0.094709,0.096198,0.080051,0.084607,0.101288
121030273332,Pinellas,0.088594,0.094817,0.100045,0.079833,0.081426,0.104287
121030274011,Pinellas,0.115719,0.130599,0.131491,0.102668,0.100608,0.113913
121030274012,Pinellas,0.113164,0.124846,0.128480,0.101457,0.099905,0.112646
121030274041,Pinellas,0.110788,0.114985,0.126410,0.101717,0.099262,0.111552
121030274042,Pinellas,0.113446,0.121580,0.125337,0.103526,0.101614,0.109887
121030274043,Pinellas,0.112667,0.118136,0.126381,0.103336,0.101154,0.110987
121030274044,Pinellas,0.111997,0.117168,0.126827,0.102447,0.098978,0.111688
121030274045,Pinellas,0.110457,0.114271,0.125174,0.101011,0.099576,0.111945
121030274046,Pinellas,0.109647,0.109546,0.122982,0.102052,0.100977,0.109651
121030275011,Pinellas,0.108621,0.067572,0.111130,0.119989,0.096948,0.118927
121030275012,Pinellas,0.102877,0.085760,0.114158,0.106877,0.095004,0.115638
121030275013,Pinellas,0.115084,0.134353,0.129400,0.102429,0.099667,0.114743
121030275031,Pinellas,0.102342,0.085936,0.116749,0.099658,0.097288,0.111798
121030275032,Pinellas,0.105804,0.097801,0.117485,0.102937,0.099498,0.110769
121030275033,Pinellas,0.105000,0.093003,0.117978,0.105888,0.095970,0.114553
121030275041,Pinellas,0.108226,0.104145,0.120244,0.102619,0.100924,0.109499
121030275042,Pinellas,0.106501,0.093438,0.122481,0.102275,0.099331,0.111533
121030276031,Pinellas,0.097150,0.081349,0.101647,0.102762,0.098484,0.094428
121030276032,Pinellas,0.095856,0.074230,0.095981,0.102972,0.097864,0.094521
121030276041,Pinellas,0.110168,0.129445,0.108457,0.102326,0.110576,0.095202
121030276042,Pinellas,0.111947,0.141546,0.109780,0.100587,0.111428,0.095326
121030276043,Pinellas,0.107239,0.110740,0.104389,0.107274,0.109518,0.095011
121030276051,Pinellas,0.094789,0.084106,0.097310,0.103076,0.092336,0.094637
121030276052,Pinellas,0.094975,0.082998,0.096594,0.102088,0.093305,0.094323
121030276061,Pinellas,0.121833,0.153390,0.119899,0.111326,0.103906,0.093631
121030276062,Pinellas,0.116024,0.128865,0.121006,0.111168,0.104549,0.094264
121030277011,Pinellas,0.085561,0.060461,0.096796,0.093921,0.062097,0.098090
121030277012,Pinellas,0.082878,0.060657,0.086942,0.096879,0.060813,0.098161
121030277013,Pinellas,0.087284,0.061499,0.098481,0.097342,0.062672,0.098124
121030277031,Pinellas,0.089746,0.076889,0.097572,0.098308,0.065374,0.095751
121030277032,Pinellas,0.099707,0.092630,0.101859,0.097488,0.100149,0.095630
121030277041,Pinellas,0.085105,0.066346,0.090893,0.096175,0.065296,0.097446
121030277042,Pinellas,0.084597,0.071830,0.090176,0.094407,0.064695,0.096457
121030277043,Pinellas,0.083984,0.075822,0.088719,0.093246,0.063892,0.095877
121030278011,Pinellas,0.093815,0.080868,0.109970,0.091235,0.062156,0.098742
121030278012,Pinellas,0.095385,0.083217,0.112107,0.091175,0.062364,0.098794
121030278021,Pinellas,0.111538,0.092610,0.139162,0.094288,0.065465,0.098929
121030278022,Pinellas,0.109814,0.079694,0.122410,0.127315,0.065575,0.098361
121030279011,Pinellas,0.130431,0.127608,0.163286,0.099678,0.075805,0.099267
121030279012,Pinellas,0.132131,0.139431,0.163104,0.099260,0.075262,0.099477
121030279013,Pinellas,0.136128,0.135055,0.177068,0.111477,0.084239,0.099022
121030279051,Pinellas,0.125762,0.109902,0.155476,0.102602,0.076068,0.099368
121030279052,Pinellas,0.128893,0.115421,0.162854,0.104330,0.077488,0.099355
121030279053,Pinellas,0.126182,0.103310,0.156167,0.106084,0.078696,0.099657
121030279054,Pinellas,0.135073,0.137653,0.172851,0.095644,0.074943,0.100020
121030280021,Pinellas,0.102931,0.098774,0.120304,0.104234,0.076754,0.096923
121030280022,Pinellas,0.100604,0.106301,0.117342,0.093572,0.074766,0.096202
121030280023,Pinellas,0.094043,0.081663,0.109279,0.095681,0.075426,0.095332
121030280024,Pinellas,0.096067,0.072702,0.113546,0.098763,0.077753,0.095001
121030280041,Pinellas,0.133991,0.130256,0.175067,0.105763,0.080058,0.099591
121030280042,Pinellas,0.132935,0.129786,0.166832,0.107444,0.080912,0.099326
121030280051,Pinellas,0.116120,0.104942,0.148232,0.104840,0.076445,0.098094
121030280052,Pinellas,0.129477,0.104037,0.170606,0.109594,0.081417,0.099010
121030280061,Pinellas,0.133225,0.118531,0.179723,0.108160,0.081240,0.099274
121030280062,Pinellas,0.124492,0.121989,0.157044,0.106737,0.081365,0.099050
121030281021,Pinellas,0.167933,0.229356,0.194291,0.104658,0.083177,0.100090
121030281022,Pinellas,0.163767,0.245552,0.186211,0.127376,0.080502,0.098187
121030281023,Pinellas,0.143002,0.164395,0.177336,0.110706,0.082332,0.100242
121030281031,Pinellas,0.143243,0.152686,0.185642,0.106080,0.077432,0.099981
121030281032,Pinellas,0.138729,0.163591,0.165135,0.103883,0.077486,0.100077
121030281041,Pinellas,0.144874,0.162974,0.181860,0.102466,0.076119,0.099778
121030281042,Pinellas,0.140066,0.142927,0.183569,0.107446,0.078174,0.099769
121030281043,Pinellas,0.138743,0.197313,0.144671,0.091412,0.075047,0.099838
121030282001,Pinellas,0.175848,0.250629,0.196582,0.102779,0.085142,0.099956
121030282002,Pinellas,0.165438,0.232244,0.186553,0.096079,0.084440,0.099955
121030282003,Pinellas,0.160994,0.228790,0.170253,0.111021,0.085428,0.099334
121030283001,Pinellas,0.165058,0.266430,0.156696,0.089617,0.072919,0.099189
121030283002,Pinellas,0.159700,0.235543,0.159879,0.099894,0.084499,0.099173
121030283003,Pinellas,0.145752,0.214409,0.150737,0.094586,0.078919,0.098245
121030283004,Pinellas,0.167007,0.244021,0.165077,0.105247,0.087887,0.099829
121030284031,Pinellas,0.163914,0.247182,0.186118,0.128407,0.081631,0.098254
121030284032,Pinellas,0.165354,0.245430,0.172593,0.115232,0.085599,0.098425
121030284033,Pinellas,0.156687,0.226585,0.164379,0.109846,0.083953,0.098246
121030285001,Pinellas,0.147660,0.217789,0.157155,0.098370,0.078798,0.097971
121030285002,Pinellas,0.123256,0.179394,0.128744,0.085604,0.076020,0.097317
121030286011,Pinellas,0.137360,0.240368,0.112111,0.067293,0.063975,0.095294
121030286012,Pinellas,0.126245,0.229677,0.110304,0.065811,0.063861,0.095212
121030286021,Pinellas,0.123823,0.197273,0.126846,0.076689,0.071217,0.095243
121030286022,Pinellas,0.125791,0.218710,0.119700,0.070124,0.066946,0.094870
121030287001,Pinellas,0.217891,0.392767,0.176427,0.109751,0.094405,0.095477
121030287002,Pinellas,0.116179,0.189292,0.102526,0.065173,0.063212,0.095489
121030287003,Pinellas,0.115817,0.186342,0.103862,0.065900,0.063750,0.095493
121039900000,Pinellas,0.097532,0.082427,0.101572,0.103898,0.098923,0.094491
121039901000,Pinellas,0.179875,0.359357,0.187022,0.114259,0.084851,0.095068
121010301011,Pasco,0.144167,0.150831,0.151569,0.140547,0.131973,0.186295
121010301012,Pasco,0.159921,0.244320,0.145875,0.151224,0.142613,0.188697
121010301021,Pasco,0.161383,0.191462,0.172642,0.149543,0.142506,0.187604
121010301022,Pasco,0.145461,0.157689,0.149741,0.141896,0.133666,0.176850
121010301023,Pasco,0.139636,0.140575,0.145944,0.139572,0.131199,0.177192
121010302021,Pasco,0.132861,0.129504,0.140127,0.134807,0.127938,0.169236
121010302022,Pasco,0.143357,0.158685,0.144956,0.139992,0.132603,0.176242
121010302023,Pasco,0.134116,0.134347,0.136935,0.134921,0.129672,0.175845
121010302031,Pasco,0.139033,0.152476,0.142631,0.132224,0.127151,0.163959
121010302032,Pasco,0.136353,0.144856,0.140951,0.131942,0.126328,0.164476
121010302033,Pasco,0.133013,0.131226,0.140575,0.133763,0.127252,0.166015
121010302041,Pasco,0.154656,0.206948,0.148547,0.136620,0.133449,0.160311
121010302051,Pasco,0.143847,0.160810,0.151406,0.136925,0.126631,0.148007
121010302052,Pasco,0.140964,0.148165,0.151884,0.136520,0.129656,0.153246
121010303031,Pasco,0.143048,0.154914,0.158349,0.139939,0.126429,0.134248
121010303032,Pasco,0.139097,0.144062,0.152667,0.138678,0.125532,0.133157
121010303041,Pasco,0.137788,0.140093,0.150303,0.138827,0.125242,0.134289
121010303042,Pasco,0.137348,0.128809,0.155930,0.137628,0.126819,0.142315
121010303043,Pasco,0.131699,0.116331,0.148606,0.137066,0.124588,0.140164
121010304041,Pasco,0.100074,0.063123,0.106169,0.109313,0.092356,0.117758
121010304042,Pasco,0.156168,0.237970,0.187626,0.152183,0.123649,0.125736
121010304051,Pasco,0.138476,0.164115,0.143700,0.131576,0.123354,0.129488
121010304052,Pasco,0.140839,0.166054,0.149936,0.132393,0.125404,0.128621
121010304061,Pasco,0.142375,0.168254,0.146803,0.133575,0.125547,0.130414
121010304062,Pasco,0.138934,0.159364,0.146800,0.134382,0.124104,0.130328
121010304063,Pasco,0.137669,0.165027,0.142111,0.126908,0.122983,0.127940
121010304071,Pasco,0.140599,0.174546,0.149536,0.130172,0.122420,0.128234
121010304072,Pasco,0.140323,0.176934,0.145221,0.126078,0.122597,0.127305
121010304081,Pasco,0.170467,0.271507,0.175675,0.146325,0.132191,0.127159
121010304082,Pasco,0.137784,0.175591,0.145468,0.123188,0.117905,0.125556
121010304091,Pasco,0.185831,0.329189,0.193412,0.150234,0.135658,0.126807
121010304092,Pasco,0.137293,0.188874,0.146882,0.120049,0.113562,0.123881
121010304101,Pasco,0.136330,0.178602,0.143234,0.118922,0.115639,0.124306
121010304102,Pasco,0.137440,0.194272,0.145411,0.115295,0.110530,0.122152
121010304111,Pasco,0.128407,0.187848,0.138484,0.110445,0.103519,0.121181
121010304112,Pasco,0.127371,0.182132,0.136217,0.107023,0.104133,0.121008
121010304113,Pasco,0.128020,0.187530,0.139124,0.111903,0.103251,0.121655
121010304121,Pasco,0.127102,0.181388,0.136217,0.107023,0.104133,0.120933
121010304122,Pasco,0.127358,0.177383,0.134740,0.104794,0.104794,0.120487
121010305011,Pasco,0.142582,0.202002,0.147341,0.119050,0.118827,0.123242
121010305012,Pasco,0.129866,0.180153,0.139640,0.108411,0.105328,0.121798
121010305021,Pasco,0.129699,0.175238,0.140765,0.106148,0.105651,0.120492
121010305022,Pasco,0.133073,0.185728,0.139961,0.110540,0.110904,0.120211
121010305023,Pasco,0.152500,0.202087,0.161817,0.135077,0.127936,0.123528
121010306011,Pasco,0.140996,0.170860,0.147625,0.131322,0.123704,0.128052
121010306012,Pasco,0.143973,0.173106,0.153495,0.132795,0.125139,0.127646
121010306021,Pasco,0.141164,0.175989,0.149050,0.127250,0.121674,0.125399
121010306022,Pasco,0.148071,0.196591,0.154263,0.131038,0.124492,0.124783
121010307001,Pasco,0.144913,0.177083,0.150183,0.134852,0.126022,0.128796
121010307002,Pasco,0.140610,0.166895,0.146598,0.130508,0.124693,0.128192
121010308001,Pasco,0.141937,0.146769,0.163892,0.140039,0.125249,0.135949
121010308002,Pasco,0.142353,0.160180,0.153670,0.134707,0.124663,0.132650
121010309011,Pasco,0.136304,0.135394,0.148026,0.136905,0.127414,0.142781
121010309012,Pasco,0.195424,0.295392,0.195988,0.160274,0.142016,0.145493
121010309051,Pasco,0.164442,0.254741,0.166879,0.142070,0.126125,0.137921
121010309052,Pasco,0.163611,0.235339,0.170061,0.140300,0.124534,0.138083
121010309061,Pasco,0.135022,0.144365,0.140550,0.132147,0.125866,0.145125
121010309062,Pasco,0.135253,0.155383,0.141655,0.125780,0.120398,0.141494
121010310031,Pasco,0.140846,0.143896,0.154626,0.133507,0.129580,0.163512
121010310032,Pasco,0.147042,0.155797,0.158600,0.134572,0.136733,0.161810
121010310033,Pasco,0.191266,0.269235,0.186120,0.149858,0.148148,0.157574
121010310051,Pasco,0.140827,0.151229,0.145584,0.135469,0.130236,0.152280
121010310052,Pasco,0.145063,0.175563,0.141748,0.131848,0.127598,0.151377
121010310061,Pasco,0.145844,0.180211,0.143023,0.133985,0.126709,0.148599
121010310071,Pasco,0.150245,0.180853,0.150490,0.133820,0.131923,0.151162
121010310072,Pasco,0.152240,0.183745,0.148864,0.144690,0.132671,0.145153
121010310073,Pasco,0.143441,0.160548,0.149530,0.133628,0.130991,0.149555
121010310081,Pasco,0.134062,0.146929,0.148347,0.132330,0.118130,0.154533
121010310082,Pasco,0.165449,0.228489,0.158423,0.141550,0.135407,0.152100
121010310091,Pasco,0.135017,0.133042,0.147365,0.134902,0.125591,0.163060
121010310092,Pasco,0.136471,0.136382,0.150283,0.132355,0.126060,0.162420
121010310101,Pasco,0.136804,0.139221,0.149722,0.134028,0.125056,0.162678
121010310102,Pasco,0.153366,0.178132,0.169198,0.140810,0.128570,0.160103
121010310111,Pasco,0.141472,0.153025,0.155741,0.136241,0.125302,0.157478
121010310112,Pasco,0.155695,0.202869,0.158390,0.136995,0.126809,0.159819
121010310121,Pasco,0.170743,0.223628,0.175854,0.146902,0.134688,0.159095
121010310122,Pasco,0.237008,0.381191,0.227491,0.175346,0.158956,0.155179
121010310123,Pasco,0.174271,0.258061,0.156564,0.144360,0.135859,0.150058
121010310131,Pasco,0.141575,0.158899,0.140927,0.132890,0.130397,0.159058
121010310132,Pasco,0.172178,0.250656,0.157714,0.143433,0.136753,0.155107
121010310141,Pasco,0.171424,0.218741,0.173436,0.143252,0.140149,0.154239
121010310142,Pasco,0.188825,0.270854,0.186212,0.148215,0.142687,0.152953
121010311011,Pasco,0.138301,0.133594,0.148151,0.141676,0.128956,0.172925
121010311012,Pasco,0.133534,0.128885,0.144196,0.135877,0.126421,0.168550
121010311031,Pasco,0.133247,0.130423,0.143915,0.133895,0.126035,0.163204
121010311041,Pasco,0.138224,0.136536,0.154682,0.138861,0.126423,0.164957
121010311042,Pasco,0.137730,0.135139,0.150106,0.140295,0.126818,0.167010
121010311043,Pasco,0.138233,0.132876,0.154329,0.140808,0.127913,0.167752
121010312031,Pasco,0.143923,0.152408,0.149311,0.142629,0.131940,0.178595
121010312032,Pasco,0.158970,0.223530,0.156107,0.147941,0.134515,0.174955
121010312041,Pasco,0.140915,0.145044,0.149873,0.142155,0.128317,0.167958
121010312042,Pasco,0.142362,0.148426,0.149814,0.144072,0.128682,0.171056
121010312051,Pasco,0.159020,0.216610,0.159411,0.147763,0.136954,0.170147
121010312052,Pasco,0.140813,0.156137,0.149630,0.139689,0.126006,0.164908
121010312053,Pasco,0.137885,0.150450,0.158679,0.134065,0.119391,0.155320
121010312061,Pasco,0.164441,0.257109,0.178670,0.150680,0.126917,0.163659
121010312062,Pasco,0.134382,0.162011,0.161835,0.127227,0.111865,0.147000
121010312071,Pasco,0.177280,0.304058,0.227089,0.178487,0.138403,0.154453
121010312072,Pasco,0.129346,0.151717,0.149846,0.129286,0.110523,0.143432
121010312081,Pasco,0.156205,0.284244,0.209376,0.159394,0.120047,0.141629
121010312082,Pasco,0.116756,0.123979,0.140623,0.116259,0.099045,0.133727
121010313011,Pasco,0.134931,0.163134,0.152719,0.128486,0.115588,0.149762
121010313012,Pasco,0.128445,0.143347,0.148654,0.124743,0.113202,0.144169
121010313013,Pasco,0.129076,0.143188,0.151755,0.128465,0.111394,0.144556
121010313021,Pasco,0.131655,0.122091,0.159975,0.137310,0.110610,0.146177
121010313022,Pasco,0.141679,0.124466,0.183478,0.139911,0.113495,0.151657
121010313023,Pasco,0.108167,0.123498,0.135949,0.106299,0.088639,0.133169
121010313024,Pasco,0.110654,0.120166,0.137309,0.114657,0.089834,0.135380
121010314011,Pasco,0.146580,0.174654,0.152988,0.137893,0.125324,0.136250
121010314012,Pasco,0.168736,0.209064,0.179573,0.152527,0.139825,0.135568
121010314013,Pasco,0.163524,0.227693,0.166076,0.138677,0.126887,0.137907
121010314014,Pasco,0.159730,0.214718,0.158751,0.139824,0.126392,0.138893
121010314041,Pasco,0.152823,0.192472,0.154624,0.143770,0.129393,0.130097
121010314042,Pasco,0.149761,0.203771,0.162999,0.133550,0.123492,0.128083
121010314061,Pasco,0.180942,0.268719,0.190145,0.148624,0.130702,0.134703
121010314062,Pasco,0.145534,0.182957,0.151842,0.127846,0.124953,0.136218
121010314071,Pasco,0.161779,0.228438,0.168088,0.136805,0.125781,0.137939
121010314072,Pasco,0.142942,0.194022,0.156946,0.129114,0.115349,0.133146
121010314101,Pasco,0.130060,0.146717,0.133257,0.127153,0.118716,0.129652
121010314102,Pasco,0.131528,0.155882,0.131622,0.128592,0.118880,0.125668
121010314111,Pasco,0.147456,0.193444,0.150961,0.137848,0.123929,0.125596
121010314121,Pasco,0.169259,0.233724,0.182133,0.147090,0.134024,0.132494
121010314122,Pasco,0.144543,0.175364,0.154342,0.133697,0.125629,0.131984
121010315031,Pasco,0.147362,0.192022,0.151086,0.136677,0.122761,0.127262
121010315032,Pasco,0.157136,0.219995,0.166424,0.139024,0.125972,0.127667
121010315041,Pasco,0.142346,0.254983,0.164318,0.123276,0.104221,0.120418
121010315051,Pasco,0.132736,0.167645,0.135789,0.125260,0.118198,0.124084
121010315052,Pasco,0.110595,0.184202,0.110104,0.093880,0.085178,0.119774
121010315061,Pasco,0.119497,0.154787,0.131817,0.110264,0.102930,0.120686
121010315062,Pasco,0.130489,0.151492,0.150357,0.125177,0.112356,0.123857
121010315063,Pasco,0.118430,0.153669,0.125849,0.109228,0.101617,0.120563
121010315071,Pasco,0.114506,0.150052,0.126827,0.102547,0.101686,0.118392
121010315072,Pasco,0.097606,0.108767,0.120839,0.087665,0.082768,0.114491
121010315073,Pasco,0.108203,0.117831,0.135147,0.098497,0.091358,0.117307
121010315081,Pasco,0.109758,0.107507,0.127663,0.108957,0.097000,0.113502
121010315082,Pasco,0.108793,0.104145,0.132446,0.103281,0.095322,0.114587
121010316011,Pasco,0.098413,0.081686,0.117198,0.098440,0.088087,0.111567
121010316012,Pasco,0.103236,0.100106,0.114363,0.099614,0.099561,0.108325
121010316021,Pasco,0.112647,0.091991,0.126364,0.110048,0.107603,0.106097
121010316022,Pasco,0.105335,0.123925,0.111906,0.100134,0.099676,0.104770
121010316023,Pasco,0.095160,0.121774,0.094231,0.093684,0.095890,0.102710
121010316031,Pasco,0.091633,0.079323,0.086424,0.095694,0.092570,0.101036
121010316032,Pasco,0.086767,0.066573,0.079853,0.090761,0.089000,0.101933
121010316033,Pasco,0.088530,0.084355,0.086192,0.091742,0.086032,0.102639
121010316041,Pasco,0.113042,0.093817,0.113909,0.110832,0.125789,0.099960
121010316042,Pasco,0.102643,0.092502,0.102222,0.104932,0.100260,0.100433
121010316043,Pasco,0.121527,0.137100,0.125724,0.116834,0.116450,0.098825
121010316044,Pasco,0.116281,0.120374,0.121139,0.114421,0.105149,0.100095
121010316051,Pasco,0.093919,0.103634,0.091947,0.095439,0.090009,0.101996
121010316052,Pasco,0.109882,0.106063,0.112965,0.108447,0.108515,0.099761
121010317011,Pasco,0.086567,0.138126,0.088960,0.087327,0.079120,0.100503
121010317031,Pasco,0.124138,0.123485,0.144140,0.121371,0.110951,0.139766
121010317032,Pasco,0.133372,0.116112,0.167924,0.126277,0.110829,0.139926
121010317033,Pasco,0.110805,0.119243,0.138643,0.117028,0.087807,0.135619
121010317041,Pasco,0.099698,0.115354,0.139348,0.088654,0.081806,0.129335
121010317042,Pasco,0.125249,0.163140,0.151225,0.116280,0.096983,0.139218
121010317051,Pasco,0.132219,0.157750,0.153059,0.122378,0.111929,0.126999
121010317052,Pasco,0.133810,0.151519,0.162765,0.125467,0.112537,0.125289
121010317061,Pasco,0.123686,0.151335,0.154925,0.112073,0.100980,0.119167
121010317062,Pasco,0.118559,0.124807,0.154196,0.111186,0.101103,0.116885
121010317071,Pasco,0.134753,0.175893,0.175666,0.124909,0.101591,0.134515
121010317072,Pasco,0.116010,0.122757,0.150585,0.108661,0.093547,0.126585
121010317081,Pasco,0.132162,0.165622,0.165016,0.119970,0.106229,0.126293
121010317082,Pasco,0.126279,0.145849,0.162809,0.116517,0.103106,0.122810
121010317083,Pasco,0.129810,0.158417,0.162340,0.118614,0.105364,0.124670
121010318041,Pasco,0.135221,0.108766,0.138255,0.133813,0.137150,0.192731
121010318042,Pasco,0.120749,0.070060,0.125693,0.130701,0.123968,0.182893
121010318043,Pasco,0.121761,0.062678,0.126136,0.130682,0.125989,0.181552
121010318044,Pasco,0.132194,0.092133,0.137070,0.137274,0.129028,0.174208
121010318051,Pasco,0.127148,0.057735,0.142947,0.133192,0.117524,0.177438
121010318052,Pasco,0.160875,0.192269,0.196374,0.160605,0.123526,0.156377
121010318061,Pasco,0.163393,0.266664,0.193875,0.150889,0.124158,0.151727
121010318062,Pasco,0.181309,0.152585,0.201614,0.212807,0.139186,0.144923
121010318071,Pasco,0.320382,0.733189,0.411326,0.272409,0.254268,0.190182
121010318072,Pasco,0.135505,0.139021,0.136886,0.138429,0.127299,0.177406
121010318073,Pasco,0.171328,0.244749,0.182954,0.159937,0.149199,0.175305
121010318081,Pasco,0.145173,0.177564,0.195118,0.148370,0.102786,0.144848
121010318082,Pasco,0.115544,0.130738,0.140277,0.115931,0.101350,0.130626
121010318091,Pasco,0.188824,0.105924,0.189024,0.216728,0.159610,0.141797
121010318092,Pasco,0.184939,,0.222838,0.200196,0.159097,0.130771
121010319011,Pasco,0.233507,,,,0.233507,0.403297
121010319021,Pasco,0.141735,0.142645,0.163739,0.142163,0.136386,0.110313
121010319022,Pasco,0.139273,0.174846,0.139602,0.139489,0.132123,0.110653
121010319023,Pasco,0.130593,0.138926,0.132133,0.129439,0.127995,0.107759
121010319031,Pasco,0.134139,0.112631,0.157505,0.143187,0.120661,0.116971
121010319032,Pasco,0.128619,0.133633,0.131621,0.129134,0.125307,0.108356
121010319033,Pasco,0.128177,0.113983,0.133487,0.134350,0.121857,0.111552
121010320011,Pasco,0.126403,0.133561,0.128847,0.121271,0.135011,0.102830
121010320012,Pasco,0.139061,0.154144,0.154185,0.136030,0.134673,0.105463
121010320013,Pasco,0.125589,0.130704,0.128188,0.120666,0.134302,0.102587
121010320014,Pasco,0.126384,0.154805,0.119962,0.120468,0.135678,0.103187
121010320051,Pasco,0.085111,0.105924,0.110992,0.078824,0.079256,0.097295
121010320052,Pasco,0.128841,0.105924,0.143071,0.132474,0.118289,0.105922
121010320053,Pasco,0.123606,0.096412,0.147772,0.123090,0.111336,0.107122
121010320061,Pasco,0.089423,0.176936,0.095767,0.076685,0.106354,0.097530
121010320062,Pasco,0.091665,0.074002,0.098039,0.085220,0.107729,0.097119
121010320063,Pasco,0.115396,0.140423,0.116889,0.106591,0.131895,0.097996
121010320071,Pasco,0.120638,0.121073,0.118511,0.116991,0.138012,0.101318
121010320072,Pasco,0.119166,0.127697,0.114876,0.114957,0.138306,0.100405
121010320081,Pasco,0.114870,0.110547,0.113266,0.113357,0.130069,0.100393
121010320082,Pasco,0.114594,0.127666,0.110120,0.110251,0.136925,0.098535
121010320091,Pasco,0.123477,0.139065,0.120010,0.119483,0.136101,0.101172
121010320092,Pasco,0.124427,0.141920,0.123478,0.117412,0.140580,0.101133
121010320093,Pasco,0.115779,0.135833,0.112054,0.110116,0.139750,0.099097
121010320094,Pasco,0.104008,0.113738,0.099050,0.099681,0.132799,0.097830
121010320101,Pasco,0.110141,0.117498,0.106088,0.108997,0.120328,0.096454
121010320111,Pasco,0.108001,0.110164,0.105136,0.102947,0.135901,0.097466
121010320112,Pasco,0.098688,0.102607,0.094523,0.092058,0.131689,0.097942
121010320121,Pasco,0.108356,0.122542,0.104103,0.098222,0.146455,0.098677
121010320122,Pasco,0.107461,0.109827,0.103665,0.103250,0.138171,0.096815
121010320131,Pasco,0.112309,0.119502,0.109603,0.110084,0.124738,0.098362
121010320132,Pasco,0.126404,0.184901,0.127625,0.115524,0.118573,0.098092
121010320133,Pasco,0.123854,0.134231,0.125514,0.120183,0.125542,0.098480
121010320141,Pasco,0.101807,0.107299,0.097449,0.101229,0.113619,0.097128
121010320142,Pasco,0.092469,0.084083,0.088724,0.093066,0.116237,0.096142
121010320143,Pasco,0.087924,0.077037,0.083995,0.089585,0.112068,0.095851
121010321031,Pasco,0.107413,0.062118,0.151368,0.094308,0.099078,0.106396
121010321032,Pasco,0.100613,0.078170,0.113949,0.090352,0.116776,0.100618
121010321033,Pasco,0.086002,0.084110,0.096450,0.069926,0.108346,0.103057
121010321041,Pasco,0.111216,0.120149,0.120991,0.099720,0.130381,0.101890
121010321051,Pasco,0.085737,0.073686,0.113515,0.069747,0.082696,0.104868
121010321052,Pasco,0.121794,0.183696,0.130312,0.117945,0.112338,0.107513
121010321053,Pasco,0.111979,0.110129,0.118008,0.105001,0.122593,0.104434
121010321061,Pasco,0.093796,0.096324,0.086876,0.088023,0.145990,0.096134
121010321062,Pasco,0.092096,0.111896,0.085981,0.083040,0.119716,0.097085
121010321071,Pasco,0.085923,0.085252,0.098186,0.074511,0.099097,0.101691
121010321072,Pasco,0.093198,0.092979,0.096243,0.084165,0.132984,0.098833
121010321073,Pasco,0.107502,0.105821,0.116074,0.096793,0.135324,0.099809
121010321074,Pasco,0.081596,0.074057,0.071506,0.078551,0.120620,0.098582
121010321081,Pasco,0.125750,0.170115,0.141836,0.120899,0.111626,0.108165
121010321082,Pasco,0.097164,0.109180,0.115677,0.090932,0.089093,0.104438
121010321083,Pasco,0.102328,0.143988,0.120463,0.090125,0.101231,0.103706
121010321091,Pasco,0.088054,0.076849,0.083846,0.088811,0.118335,0.096017
121010321101,Pasco,0.087409,0.085420,0.085377,0.085612,0.105980,0.095321
121010321111,Pasco,0.075293,0.038594,0.081099,0.072133,0.098571,0.097583
121010321112,Pasco,0.085302,0.064518,0.103588,0.076500,0.098551,0.099824
121010321121,Pasco,0.084729,0.069335,0.082177,0.082554,0.118534,0.095183
121010321131,Pasco,0.081338,0.071419,0.078765,0.077178,0.109051,0.095981
121010321132,Pasco,0.081891,0.079253,0.075818,0.079261,0.098522,0.095650
121010322001,Pasco,0.133161,0.205975,0.202453,0.135950,0.108310,0.116436
121010322002,Pasco,0.125915,0.110229,0.176134,0.143667,0.108727,0.111142
121010322003,Pasco,0.118957,0.154723,0.182506,0.096870,0.100593,0.113045
121010323001,Pasco,0.151277,0.225376,0.187613,0.165190,0.132449,0.117353
121010324011,Pasco,0.218873,0.287696,0.271089,0.223879,0.199304,0.143805
121010324012,Pasco,0.207410,0.209625,0.209923,0.218308,0.197315,0.135132
121010324021,Pasco,0.313721,0.454674,0.363528,0.256444,0.297376,0.166417
121010324022,Pasco,0.315464,0.414558,0.387778,0.266297,0.292057,0.169617
121010324023,Pasco,0.237296,,,0.191255,0.262607,0.188659
121010325001,Pasco,0.213128,0.240781,0.269339,0.199251,0.184435,0.141752
121010325002,Pasco,0.199412,0.295144,0.262104,0.174409,0.159130,0.135511
121010325003,Pasco,0.184609,0.265599,0.258568,0.153238,0.146943,0.132788
121010325004,Pasco,0.155255,0.149914,0.199636,0.156643,0.141632,0.119877
121010326011,Pasco,0.167663,0.169007,0.232860,0.158853,0.145496,0.130895
121010326012,Pasco,0.185443,0.241424,0.238891,0.176354,0.153720,0.135446
121010326021,Pasco,0.192889,0.258177,0.239798,0.177003,0.157856,0.132673
121010326022,Pasco,0.247976,0.302002,0.275303,0.253500,0.217479,0.133866
121010327001,Pasco,0.196310,0.207363,0.275416,0.172053,0.160923,0.137952
121010327002,Pasco,0.235979,0.167364,0.248504,0.241179,0.222794,0.142750
121010327003,Pasco,0.211278,0.203268,0.232993,0.229331,0.199219,0.136361
121010328021,Pasco,0.236252,0.272759,0.260460,0.249374,0.213077,0.139779
121010328022,Pasco,0.206400,0.190249,0.249933,0.215264,0.196693,0.130611
121010328041,Pasco,0.193068,0.201256,0.214784,0.193401,0.185485,0.121665
121010328042,Pasco,0.211738,0.234848,0.261856,0.212559,0.193363,0.122148
121010328051,Pasco,0.187914,0.189961,0.197905,0.189603,0.182565,0.128201
121010328052,Pasco,0.216922,0.260910,0.237253,0.224366,0.198256,0.126924
121010329011,Pasco,0.152496,0.221677,0.165361,0.149145,0.135118,0.111506
121010329012,Pasco,0.176905,0.244816,0.193018,0.165933,0.156441,0.116751
121010329013,Pasco,0.163232,0.232964,0.187811,0.147588,0.145572,0.115992
121010329021,Pasco,0.136551,0.215097,0.142485,0.130692,0.121854,0.111451
121010329022,Pasco,0.148925,0.228597,0.159759,0.147531,0.126252,0.110934
121010329051,Pasco,0.160926,0.237435,0.178308,0.157913,0.138611,0.113607
121010329052,Pasco,0.144973,0.212184,0.154041,0.146487,0.118332,0.108877
121010329053,Pasco,0.146411,0.210127,0.162579,0.149469,0.121101,0.109099
121010329054,Pasco,0.143245,0.214038,0.142131,0.141278,0.123001,0.107080
121010330051,Pasco,0.209177,0.210489,0.234770,0.223740,0.197722,0.126522
121010330052,Pasco,0.203212,0.191613,0.273327,0.210401,0.189390,0.123648
121010330053,Pasco,0.208708,0.212440,0.254594,0.220111,0.193243,0.126149
121010330061,Pasco,0.185541,0.189229,0.222366,0.182192,0.174145,0.119928
121010330062,Pasco,0.205759,0.221136,0.242916,0.206326,0.190495,0.119803
121010330071,Pasco,0.176464,0.235309,0.195059,0.166658,0.156755,0.116802
121010330072,Pasco,0.180637,0.235719,0.182347,0.173246,0.169059,0.115043
121010330081,Pasco,0.200853,0.201933,0.243912,0.195971,0.185798,0.117112
121010330082,Pasco,0.184393,0.209733,0.203556,0.181854,0.172058,0.115943
121010330091,Pasco,0.200226,0.168747,0.250067,0.206371,0.190458,0.121034
121010330092,Pasco,0.198990,0.198164,0.242409,0.195856,0.184433,0.118013
121010330093,Pasco,0.194193,0.150208,0.245633,0.197444,0.186152,0.119488
121010330101,Pasco,0.204648,0.195063,0.253714,0.212486,0.192534,0.120878
121010330102,Pasco,0.201186,0.194460,0.250711,0.200171,0.187804,0.118410
121010330111,Pasco,0.167577,0.227017,0.182469,0.160438,0.154973,0.114102
121010330112,Pasco,0.174006,0.191528,0.198092,0.171315,0.161244,0.115959
121010330121,Pasco,0.181110,0.200286,0.217001,0.174877,0.165847,0.114623
121010330122,Pasco,0.202467,0.223351,0.257031,0.194438,0.180004,0.113887
121010330131,Pasco,0.202143,0.209853,0.244234,0.196995,0.185755,0.115791
121010330132,Pasco,0.196945,0.182430,0.245108,0.193854,0.183082,0.116140
121010330133,Pasco,0.202966,0.225470,0.260542,0.194257,0.179771,0.113910
121010330141,Pasco,0.178283,0.366266,0.225892,0.161242,0.149377,0.111062
121010330142,Pasco,0.175822,0.235075,0.204279,0.166884,0.156967,0.111672
121010330143,Pasco,0.172318,0.261712,0.189647,0.163572,0.153806,0.111463
121010330144,Pasco,0.184025,0.280876,0.221747,0.170920,0.159808,0.111629
121010331011,Pasco,0.302368,0.380175,0.334254,0.303224,0.271356,0.150591
121010331012,Pasco,0.190033,,0.210352,0.217500,0.175290,0.120269
121010331021,Pasco,0.175802,0.231514,0.213148,0.175149,0.163470,0.113814
121019900000,Pasco,,,,,,
120530401011,Hernando,0.232560,,0.144231,0.244330,0.240319,0.171149
120530401012,Hernando,0.189618,0.124023,0.223664,0.226868,0.146206,0.154437
120530401013,Hernando,0.290353,0.312604,0.320791,0.296649,0.265817,0.161611
120530401021,Hernando,0.137165,0.229694,0.163260,0.149156,0.111425,0.141303
120530401022,Hernando,0.254979,0.224543,0.291547,0.287863,0.202140,0.163705
120530402011,Hernando,0.267172,0.018869,0.333103,0.276339,0.238376,0.171928
120530402012,Hernando,0.277332,0.062366,0.345973,0.258289,0.225819,0.174307
120530402021,Hernando,0.223255,0.196318,0.303379,0.195743,0.179109,0.145867
120530402022,Hernando,0.164981,0.147578,0.181269,0.170302,0.162789,0.150067
120530402023,Hernando,0.249399,,0.321900,0.229310,0.204407,0.143440
120530403011,Hernando,0.129049,0.168858,0.141627,0.141253,0.113921,0.124031
120530403021,Hernando,0.264706,0.296217,0.257277,0.251354,0.282564,0.156359
120530403022,Hernando,0.147642,0.123208,0.180748,0.148560,0.128116,0.131312
120530403023,Hernando,0.209224,0.213071,0.180456,0.222320,0.226376,0.145200
120530403031,Hernando,0.178015,0.126467,0.190494,0.189592,0.177723,0.142211
120530403032,Hernando,0.234237,,0.254934,0.247783,0.207185,0.154450
120530404001,Hernando,0.261231,0.373083,0.255343,0.227372,0.187129,0.162270
120530404002,Hernando,0.251099,0.448313,0.241734,0.227081,0.165700,0.160443
120530404003,Hernando,0.264364,0.390396,0.249756,0.237516,0.182628,0.161569
120530405011,Hernando,0.227332,0.300978,0.210615,0.218643,0.172730,0.161206
120530405012,Hernando,0.207989,0.253340,0.201946,0.220622,0.177098,0.159932
120530405021,Hernando,0.208169,0.273833,0.193281,0.199578,0.175274,0.167381
120530405022,Hernando,0.216078,0.299846,0.193818,0.206951,0.172075,0.166106
120530406011,Hernando,0.177159,,0.165381,0.186002,0.172034,0.171110
120530406012,Hernando,0.225239,0.295131,0.225282,0.193764,0.191575,0.167227
120530406021,Hernando,0.156713,0.113667,0.164242,0.177000,0.169985,0.169086
120530406022,Hernando,0.171250,0.110325,0.166769,0.183990,0.167571,0.174787
120530407011,Hernando,0.161132,0.217968,0.161292,0.170812,0.141070,0.193608
120530407012,Hernando,0.125544,0.071899,0.121713,0.148797,0.141771,0.182779
120530407013,Hernando,0.132084,0.074590,0.118652,0.156339,0.146751,0.180834
120530407021,Hernando,0.138498,0.108031,0.139634,0.156006,0.151807,0.179214
120530407022,Hernando,0.137300,0.101688,0.157036,0.144627,0.150669,0.186809
120530408011,Hernando,0.167435,0.141466,0.188647,0.163786,0.171537,0.175438
120530408012,Hernando,0.163572,0.135897,0.187121,0.161692,0.170737,0.177220
120530408013,Hernando,0.155896,0.128111,0.172666,0.154207,0.161739,0.183347
120530408021,Hernando,0.172477,0.199960,0.175721,0.167681,0.129464,0.168901
120530408022,Hernando,0.164483,0.153930,0.173567,0.167622,0.153458,0.170951
120530408023,Hernando,0.165262,0.153939,0.175508,0.167609,0.154598,0.170816
120530409011,Hernando,0.153998,0.212609,0.174581,0.142192,0.122067,0.159486
120530409012,Hernando,0.175462,0.266304,0.171213,0.154761,0.142269,0.166432
120530409013,Hernando,0.147304,0.138775,0.147861,0.154392,0.147359,0.172561
120530409014,Hernando,0.159328,0.176853,0.156188,0.159955,0.147182,0.168034
120530409061,Hernando,0.142959,0.142528,0.150323,0.155997,0.126555,0.158762
120530409062,Hernando,0.140952,0.126360,0.154817,0.148927,0.129974,0.154868
120530409063,Hernando,0.140759,0.143867,0.145978,0.155730,0.121688,0.156498
120530409064,Hernando,0.139640,0.140790,0.152909,0.154471,0.116688,0.146456
120530409071,Hernando,0.145447,0.154169,0.154025,0.142538,0.128787,0.168914
120530409072,Hernando,0.144077,0.144001,0.151757,0.149766,0.131030,0.163852
120530409081,Hernando,0.144475,0.134126,0.163827,0.156090,0.127218,0.157234
120530409082,Hernando,0.148604,0.152698,0.155483,0.162173,0.129822,0.158877
120530409083,Hernando,0.166086,0.183000,0.164653,0.174903,0.140681,0.168014
120530409091,Hernando,0.152784,0.148581,0.172397,0.153093,0.133487,0.164700
120530409092,Hernando,0.155913,0.162052,0.168729,0.157674,0.132234,0.165759
120530409101,Hernando,0.171054,0.178109,0.185251,0.173757,0.144215,0.164402
120530409102,Hernando,0.201522,0.180891,0.187522,0.229589,0.212379,0.162451
120530409111,Hernando,0.168385,0.146917,0.200942,0.150067,0.150264,0.144936
120530409112,Hernando,0.156446,0.149479,0.166520,0.169865,0.141849,0.156169
120530409113,Hernando,0.162551,0.152523,0.161817,0.186373,0.157143,0.157767
120530409121,Hernando,0.150138,0.152790,0.152698,0.163651,0.134978,0.162252
120530409122,Hernando,0.145610,0.151630,0.146637,0.152350,0.133313,0.168712
120530409131,Hernando,0.175427,0.256492,0.197006,0.153346,0.132083,0.159933
120530409132,Hernando,0.152819,0.150057,0.160604,0.172393,0.131236,0.160493
120530410031,Hernando,0.154496,0.134986,0.186102,0.157740,0.147626,0.175168
120530410032,Hernando,0.152447,0.122749,0.176591,0.154393,0.146978,0.185261
120530410041,Hernando,0.153604,0.134338,0.184009,0.162243,0.146022,0.176752
120530410042,Hernando,0.151242,0.130683,0.176509,0.157209,0.149472,0.183198
120530410043,Hernando,0.151970,0.136083,0.171463,0.155701,0.149880,0.183454
120530410051,Hernando,0.152997,0.133033,0.180246,0.162958,0.145232,0.172461
120530410052,Hernando,0.156623,0.129525,0.182270,0.167300,0.151343,0.174601
120530410061,Hernando,0.155750,0.157821,0.167430,0.160087,0.134852,0.175360
120530410062,Hernando,0.154767,0.145184,0.166407,0.158791,0.150886,0.179302
120530410063,Hernando,0.162148,0.156569,0.189646,0.161845,0.142139,0.174375
120530411031,Hernando,0.155293,0.155848,0.171399,0.145821,0.135716,0.192384
120530411032,Hernando,0.167351,0.150478,0.189720,0.163211,0.156964,0.189291
120530411041,Hernando,0.146792,0.133703,0.155742,0.147994,0.146522,0.182068
120530411042,Hernando,0.147015,0.135503,0.149459,0.153089,0.145838,0.182874
120530411051,Hernando,0.154249,0.146601,0.166583,0.158150,0.150382,0.176924
120530411052,Hernando,0.155371,0.147448,0.162803,0.160987,0.151491,0.177198
120530411053,Hernando,0.150045,0.146728,0.149035,0.155428,0.149267,0.175428
120530411061,Hernando,0.153938,0.156612,0.147406,0.159616,0.152854,0.172253
120530411062,Hernando,0.157270,0.168659,0.145058,0.162615,0.151918,0.172199
120530412011,Hernando,0.147832,0.126117,0.171203,0.147886,0.147428,0.190399
120530412012,Hernando,0.152825,0.133927,0.176611,0.148924,0.152755,0.189209
120530412013,Hernando,0.148743,0.122972,0.176962,0.150887,0.150884,0.186709
120530412031,Hernando,0.151070,0.136536,0.163945,0.143506,0.153777,0.196991
120530412032,Hernando,0.147598,0.127307,0.168642,0.146835,0.151336,0.191002
120530412041,Hernando,0.157973,0.185543,0.157784,0.139872,0.138160,0.196889
120530412042,Hernando,0.149693,0.191356,0.138146,0.141236,0.138579,0.197584
120530412043,Hernando,0.151170,0.153260,0.160508,0.140871,0.139015,0.197403
120530413021,Hernando,0.145285,0.210008,0.130517,0.140233,0.130369,0.191143
120530413022,Hernando,0.137946,0.162069,0.130734,0.137413,0.127133,0.186732
120530413031,Hernando,0.143572,0.193894,0.129822,0.138868,0.134972,0.196467
120530413032,Hernando,0.155783,0.150691,0.171541,0.147352,0.139323,0.196807
120530413033,Hernando,0.160995,0.159695,0.181255,0.146840,0.137729,0.193910
120530413041,Hernando,0.145623,0.193325,0.134042,0.139100,0.134850,0.196566
120530413042,Hernando,0.160978,0.157136,0.183983,0.144312,0.137675,0.193724
120530413051,Hernando,0.149433,0.134120,0.162566,0.142115,0.139108,0.197882
120530414011,Hernando,0.141519,0.180660,0.128512,0.141725,0.129019,0.189865
120530414012,Hernando,0.128065,0.149838,0.119844,0.131181,0.117187,0.178365
120530414013,Hernando,0.123007,0.069306,0.130875,0.135391,0.114140,0.181648
120530414021,Hernando,0.129296,0.121714,0.147048,0.121575,0.117292,0.177422
120530414022,Hernando,0.129371,0.103767,0.144624,0.127554,0.118630,0.181997
120530414023,Hernando,0.126146,0.113963,0.140774,0.124112,0.119556,0.170103
120530415011,Hernando,0.237521,0.445736,0.258833,0.208204,0.187739,0.200664
120530415012,Hernando,0.257905,,0.342769,0.239697,0.209982,0.208815
120530415021,Hernando,0.145790,,0.145910,0.149014,0.140667,0.207614
120530415022,Hernando,0.144075,0.117745,0.161125,0.142482,0.148665,0.195345
120530416011,Hernando,0.143620,0.115167,0.142088,0.153131,0.146631,0.193143
120530416012,Hernando,0.132567,,,,0.132567,0.192252
120530416013,Hernando,0.144342,0.113400,0.161512,0.148593,0.148398,0.195203
120530416021,Hernando,0.144235,0.120650,0.160428,0.143594,0.145259,0.192965
120530416022,Hernando,0.143121,0.117131,0.142063,0.146974,0.139194,0.197489
120530416023,Hernando,0.142700,0.119131,0.148769,0.139476,0.146382,0.193627
120539900000,Hernando,0.166781,0.233442,0.157144,0.182768,0.153224,0.200584
120174501031,Citrus,0.124141,0.120595,0.122880,0.123983,0.144305,0.142092
120174501032,Citrus,0.129294,0.115949,0.119519,0.131940,0.167532,0.143771
120174501041,Citrus,0.123013,0.114133,0.118373,0.132065,0.152970,0.146291
120174501042,Citrus,0.129710,0.123776,0.127748,0.129839,0.158522,0.142847
120174501051,Citrus,0.151758,0.175108,0.148841,0.137111,0.163967,0.147703
120174501052,Citrus,0.175671,0.215801,0.177374,0.165056,0.163993,0.149413
120174501061,Citrus,0.118572,0.099513,0.117617,0.119130,0.127118,0.147198
120174501062,Citrus,0.152728,0.176241,0.145932,0.159831,0.131565,0.150839
120174502011,Citrus,0.130244,0.123870,0.123436,0.130551,0.167456,0.143759
120174502012,Citrus,0.131055,0.124776,0.123812,0.125644,0.163692,0.145719
120174502013,Citrus,0.131463,0.124720,0.123886,0.132841,0.163250,0.145341
120174502021,Citrus,0.130680,0.127529,0.123856,0.128604,0.161898,0.143241
120174502022,Citrus,0.132378,0.128278,0.124451,0.131142,0.164275,0.144415
120174502023,Citrus,0.129979,0.125596,0.121788,0.131335,0.159303,0.144050
120174502024,Citrus,0.132916,0.129179,0.124373,0.131020,0.163627,0.145256
120174503051,Citrus,0.145090,0.142609,0.145159,0.140999,0.152568,0.159754
120174503052,Citrus,0.202019,0.297541,0.214911,0.173498,0.174889,0.165534
120174503061,Citrus,0.145586,0.133316,0.125255,0.175949,0.173024,0.154223
120174503062,Citrus,0.137462,0.100159,0.135815,0.142413,0.170554,0.153135
120174503071,Citrus,0.120522,0.129991,0.112261,0.123038,0.135836,0.143898
120174503072,Citrus,0.126491,0.128130,0.119410,0.123275,0.156680,0.144071
120174503073,Citrus,0.120147,0.118120,0.112028,0.117923,0.149502,0.144477
120174503074,Citrus,0.129072,0.123103,0.119278,0.124241,0.170758,0.145017
120174503081,Citrus,0.182282,0.116371,0.210346,0.176471,0.159652,0.151024
120174503082,Citrus,0.120111,0.093617,0.106195,0.119971,0.159265,0.146689
120174503083,Citrus,0.109914,0.055341,0.089513,0.112263,0.150794,0.147645
120174503091,Citrus,0.129983,0.081054,0.118907,0.139812,0.181190,0.144553
120174503092,Citrus,0.145138,0.083324,0.146797,0.139762,0.189057,0.144985
120174503093,Citrus,0.149330,0.141684,0.156864,0.136548,0.175980,0.144405
120174503101,Citrus,0.122610,0.070595,0.112560,0.127567,0.166938,0.145877
120174503102,Citrus,0.135005,0.074620,0.136060,0.141463,0.155788,0.147451
120174504011,Citrus,0.183501,0.171815,0.173502,0.180182,0.200731,0.151200
120174504012,Citrus,0.220173,0.212980,0.274894,0.220841,0.183598,0.158303
120174504021,Citrus,0.149882,,0.152442,0.149780,0.146534,0.147854
120174504022,Citrus,0.185791,0.262738,0.219531,0.175683,0.163021,0.153480
120174504023,Citrus,0.210814,,,0.238168,0.196339,0.130448
120174505011,Citrus,,,,,,
120174505012,Citrus,0.154438,0.164710,0.152512,0.133773,0.161597,0.161137
120174505021,Citrus,0.178455,,0.196725,0.188539,0.153812,0.157515
120174505022,Citrus,0.239450,,0.281104,0.223681,0.189975,0.167873
120174506011,Citrus,0.154424,0.189461,0.140998,0.148960,0.168060,0.155579
120174506012,Citrus,0.154124,0.226692,0.142899,0.142335,0.169203,0.155457
120174506013,Citrus,0.155701,0.144722,0.166498,0.148470,0.168545,0.166411
120174506021,Citrus,0.146354,0.149190,0.145520,0.131152,0.156635,0.160499
120174506022,Citrus,0.158714,0.177581,0.157735,0.136762,0.165309,0.162480
120174506023,Citrus,0.137636,0.129473,0.118485,0.181065,0.164362,0.152777
120174506024,Citrus,0.156169,0.143474,0.142692,0.181161,0.182687,0.154879
120174507031,Citrus,0.125595,0.108865,0.121553,0.132101,0.166414,0.143077
120174507032,Citrus,0.123821,0.099122,0.124064,0.130816,0.172349,0.143554
120174507033,Citrus,0.112021,0.085257,0.118128,0.119158,0.159228,0.142758
120174507041,Citrus,0.125766,0.112503,0.113543,0.144403,0.168833,0.147989
120174507042,Citrus,0.126593,0.110353,0.122606,0.141932,0.162010,0.147039
120174507051,Citrus,0.140112,0.146113,0.130952,0.123866,0.168732,0.145578
120174507052,Citrus,0.131003,0.114184,0.134015,0.120850,0.168778,0.144273
120174507053,Citrus,0.129886,0.099945,0.128905,0.121929,0.169637,0.144277
120174507061,Citrus,0.151827,0.159367,0.131582,0.145831,0.167779,0.147829
120174507062,Citrus,0.141423,0.108266,0.168977,0.146163,0.170522,0.147531
120174508001,Citrus,0.169230,0.246079,0.181905,0.159542,0.130767,0.153308
120174508002,Citrus,0.136361,,0.136625,0.131952,0.145563,0.145572
120174508003,Citrus,0.150899,0.163875,0.144286,0.133582,0.173626,0.146517
120174508004,Citrus,0.131509,0.115485,0.131480,0.141492,0.180396,0.146968
120174509011,Citrus,0.150812,0.164293,0.129641,0.133687,0.202864,0.152715
120174509021,Citrus,0.145750,0.117220,0.133615,0.173999,0.233052,0.149249
120174509022,Citrus,0.162210,0.157846,0.155577,0.159708,0.206362,0.151333
120174510011,Citrus,0.157392,0.131241,0.136269,0.197446,0.224657,0.150030
120174510012,Citrus,0.139610,0.106938,0.127927,0.193798,0.225190,0.150255
120174510021,Citrus,0.131119,,0.115472,0.125805,0.167384,0.151164
120174510022,Citrus,0.144600,0.165039,0.105635,0.158665,0.200062,0.155778
120174510023,Citrus,0.140955,0.088350,0.130689,0.188844,0.208168,0.152152
120174511011,Citrus,0.278940,0.284313,0.299886,0.287540,0.253398,0.164783
120174511031,Citrus,0.135009,0.094846,0.119900,0.195364,0.231596,0.150865
120174511032,Citrus,0.110908,0.063380,0.108350,0.155853,0.197200,0.152083
120174511041,Citrus,0.261088,0.306209,0.221831,0.241394,0.245837,0.160859
120174511042,Citrus,0.120757,0.052830,0.133840,0.164697,0.189724,0.152756
120174512001,Citrus,0.232727,,0.226056,0.245436,0.221400,0.160829
120174512002,Citrus,0.217528,0.193699,0.220198,0.218886,0.225469,0.156645
120174512003,Citrus,0.275189,0.318574,0.309214,0.252213,0.242665,0.160789
120174513001,Citrus,0.270791,0.207378,0.294693,0.259427,0.228681,0.168684
120174513002,Citrus,0.265410,0.115657,0.298412,0.268900,0.238033,0.166905
120174514001,Citrus,0.131862,0.096219,0.122645,0.155167,0.194124,0.151076
120174514002,Citrus,0.174768,,,0.151288,0.191848,0.161891
120174514003,Citrus,0.135624,0.116978,0.136387,0.146681,0.170202,0.147511
120174514004,Citrus,0.119224,,0.120654,0.117837,0.122707,0.142490
120174515011,Citrus,0.156712,0.136211,0.145333,0.182737,0.165937,0.150073
120174515012,Citrus,0.145452,0.105781,0.119403,0.160373,0.166321,0.153793
120174515021,Citrus,0.159401,0.166757,0.162328,0.153296,0.170794,0.167077
120174515022,Citrus,0.157614,0.179150,0.148686,0.144589,0.174411,0.158913
120174515023,Citrus,0.142036,0.125330,0.134773,0.145443,0.165662,0.165619
120174516031,Citrus,0.155445,0.140519,0.151637,0.156705,0.160105,0.170251
120174516032,Citrus,0.151485,,0.154802,0.147854,0.161188,0.167625
120174516041,Citrus,0.163744,0.131982,0.185461,0.125264,0.159527,0.165651
120174516042,Citrus,0.160458,0.146069,0.172314,0.153721,0.159012,0.177218
120174516043,Citrus,0.145897,0.122539,0.165503,0.129363,0.128698,0.170115
120174516051,Citrus,0.129538,0.117432,0.135988,0.123867,0.154260,0.166511
120174516061,Citrus,0.142068,0.055706,0.160263,0.138744,0.154466,0.171063
120174516062,Citrus,0.144027,0.042452,0.163897,0.153688,0.164136,0.171298
120174516063,Citrus,0.148881,0.060351,0.166259,0.153912,0.162887,0.171865
120174517011,Citrus,0.177241,0.105924,0.195314,0.166103,0.171444,0.165604
120174517012,Citrus,0.183218,0.217976,0.175261,0.164529,0.180113,0.167054
120174517021,Citrus,0.182633,0.234777,0.188825,0.164513,0.177073,0.165351
120174517022,Citrus,0.179011,0.105924,0.197382,0.170329,0.169296,0.163157
120179900000,Citrus,,,,,,
