GEOID20,county,r_route,r_band10,r_band20,r_band30,r_band40,r_proximity
120570001011,Hillsborough,0.107215,0.087551,0.110749,0.147612,0.105750,0.090808
120570001012,Hillsborough,0.114189,0.097377,0.117239,0.150410,0.107757,0.090670
120570001013,Hillsborough,0.101185,0.090782,0.098150,0.157869,0.089428,0.091035
120570001014,Hillsborough,0.106837,0.096273,0.107297,0.132749,0.107021,0.089807
120570001021,Hillsborough,0.123138,0.122129,0.122934,0.134156,0.110771,0.089595
120570001022,Hillsborough,0.112288,0.098592,0.116979,0.131690,0.107343,0.090393
120570001023,Hillsborough,0.118012,0.103155,0.122120,0.147291,0.106055,0.090679
120570001024,Hillsborough,0.135229,0.151411,0.133421,0.116693,0.113851,0.090742
120570002011,Hillsborough,0.114520,0.120237,0.109806,0.130714,0.106780,0.089820
120570002012,Hillsborough,0.106566,0.114028,0.101697,0.103031,0.101878,0.089837
120570002021,Hillsborough,0.115241,0.104097,0.117877,0.135830,0.109623,0.089792
120570002022,Hillsborough,0.092191,0.090191,0.086174,0.128268,0.094475,0.089986
120570002023,Hillsborough,0.107654,0.099819,0.107871,0.131686,0.105242,0.089711
120570003011,Hillsborough,0.102916,0.106698,0.101220,0.098688,0.100203,0.089705
120570003012,Hillsborough,0.100414,0.105778,0.097160,0.100415,0.101780,0.089531
120570003013,Hillsborough,0.106352,0.117737,0.099051,0.093606,0.101239,0.089620
120570003014,Hillsborough,0.113418,0.123596,0.108082,0.102030,0.103476,0.089614
120570003021,Hillsborough,0.110472,0.102558,0.111903,0.129703,0.105518,0.089562
120570003022,Hillsborough,0.114928,0.112390,0.119515,0.105925,0.106873,0.089569
120570004011,Hillsborough,0.097691,0.093694,0.099093,0.099272,0.100650,0.089995
120570004012,Hillsborough,0.106873,0.113793,0.102830,0.100116,0.104370,0.090142
120570004013,Hillsborough,0.100002,0.100254,0.101163,0.095051,0.100231,0.089915
120570004021,Hillsborough,0.100622,0.101930,0.103258,0.090383,0.095924,0.089744
120570004022,Hillsborough,0.100539,0.101156,0.101869,0.094521,0.100006,0.089627
120570004023,Hillsborough,0.103300,0.108474,0.101402,0.093813,0.101046,0.089640
120570005001,Hillsborough,0.106903,0.109490,0.108512,0.099763,0.099531,0.090132
120570005002,Hillsborough,0.103373,0.110687,0.101455,0.096295,0.100774,0.089853
120570005003,Hillsborough,0.104255,0.107243,0.104750,0.095225,0.102196,0.090134
120570005004,Hillsborough,0.101503,0.106811,0.100216,0.093908,0.102042,0.090292
120570006011,Hillsborough,0.111864,0.117461,0.116217,0.092175,0.105280,0.090177
120570006012,Hillsborough,0.109707,0.118021,0.105777,0.095426,0.106015,0.089950
120570006013,Hillsborough,0.117389,0.130550,0.116585,0.092311,0.107049,0.089985
120570006021,Hillsborough,0.106448,0.115259,0.103154,0.087833,0.099756,0.089718
120570006022,Hillsborough,0.103789,0.111616,0.101434,0.085276,0.099980,0.089642
120570007011,Hillsborough,0.097326,0.103773,0.092118,0.088987,0.100784,0.089572
120570007012,Hillsborough,0.096797,0.102654,0.092510,0.086805,0.102147,0.089540
120570007021,Hillsborough,0.117630,0.128006,0.115436,0.094993,0.109293,0.089374
120570007022,Hillsborough,0.118573,0.131382,0.114694,0.095062,0.108543,0.089299
120570008001,Hillsborough,0.098524,0.102155,0.095989,0.099594,0.099194,0.089752
120570008002,Hillsborough,0.131935,0.155278,0.125191,0.111265,0.113892,0.090364
120570009011,Hillsborough,0.126077,0.146468,0.121539,0.108014,0.105503,0.090453
120570009012,Hillsborough,0.125063,0.134913,0.124806,0.114287,0.107735,0.090597
120570009013,Hillsborough,0.128136,0.137069,0.128997,0.111959,0.116073,0.090349
120570009021,Hillsborough,0.137959,0.158507,0.133796,0.119373,0.116030,0.090641
120570009022,Hillsborough,0.129568,0.141371,0.128306,0.115068,0.114318,0.090377
120570009023,Hillsborough,0.138006,0.159279,0.134404,0.117596,0.114552,0.090529
120570009024,Hillsborough,0.132313,0.139069,0.135063,0.116742,0.117505,0.090467
120570010011,Hillsborough,0.105543,0.116423,0.104205,0.088217,0.095603,0.089274
120570010012,Hillsborough,0.141229,0.175314,0.129913,0.100598,0.111103,0.089267
120570010021,Hillsborough,0.137442,0.164520,0.127005,0.098987,0.107265,0.089785
120570010022,Hillsborough,0.134161,0.156124,0.125034,0.098959,0.109967,0.089831
120570010023,Hillsborough,0.135285,0.154233,0.126248,0.107704,0.112375,0.089842
120570010024,Hillsborough,0.125607,0.140019,0.118583,0.101196,0.111016,0.089899
120570011001,Hillsborough,0.115251,0.128378,0.107679,0.087679,0.106621,0.089277
120570011002,Hillsborough,0.097556,0.106035,0.093716,0.080524,0.102349,0.089204
120570011003,Hillsborough,0.095492,0.097255,0.097794,0.083492,0.098139,0.089074
120570012001,Hillsborough,0.108003,0.117826,0.102353,0.085758,0.101265,0.089373
120570012002,Hillsborough,0.107014,0.117668,0.100972,0.083452,0.099961,0.089199
120570013001,Hillsborough,0.110582,0.120947,0.107228,0.086909,0.100067,0.089642
120570013002,Hillsborough,0.107694,0.109901,0.109222,0.097459,0.110150,0.089658
120570013003,Hillsborough,0.109355,0.115378,0.107798,0.096154,0.113257,0.089180
120570013004,Hillsborough,0.103578,0.102526,0.107060,0.096121,0.111383,0.089478
120570013005,Hillsborough,0.107290,0.112047,0.106055,0.096568,0.109773,0.089190
120570014001,Hillsborough,0.090977,0.092793,0.093364,0.078374,0.099405,0.089144
120570014002,Hillsborough,0.091221,0.092202,0.095067,0.078872,0.102842,0.088951
120570014003,Hillsborough,0.095844,0.099022,0.097648,0.083351,0.102078,0.088774
120570014004,Hillsborough,0.094095,0.098106,0.094439,0.081457,0.099022,0.088930
120570015001,Hillsborough,0.110985,0.123932,0.108237,0.085723,0.101609,0.089031
120570015002,Hillsborough,0.109480,0.120985,0.106443,0.084735,0.100874,0.089011
120570015003,Hillsborough,0.105757,0.116264,0.103879,0.082909,0.095907,0.088987
120570016001,Hillsborough,0.106195,0.115180,0.101427,0.084770,0.104197,0.089117
120570016002,Hillsborough,0.109710,0.122525,0.102790,0.085349,0.105125,0.088988
120570017001,Hillsborough,0.114790,0.131346,0.103098,0.088434,0.106729,0.089098
120570017002,Hillsborough,0.119528,0.136301,0.112659,0.093708,0.110686,0.089209
120570017003,Hillsborough,0.135747,0.162922,0.125574,0.097934,0.112185,0.089213
120570017004,Hillsborough,0.103388,0.112566,0.100048,0.082598,0.103123,0.089050
120570017005,Hillsborough,0.126407,0.150570,0.115074,0.091737,0.108268,0.089134
120570018001,Hillsborough,0.131148,0.153004,0.120843,0.099604,0.109941,0.090043
120570018002,Hillsborough,0.137309,0.154317,0.132543,0.111035,0.113906,0.090036
120570018003,Hillsborough,0.127484,0.144179,0.122276,0.093129,0.110296,0.089674
120570018004,Hillsborough,0.117628,0.125051,0.117047,0.097238,0.108569,0.089893
120570019001,Hillsborough,0.134941,0.157694,0.126809,0.099237,0.110356,0.089693
120570019002,Hillsborough,0.129502,0.146773,0.130112,0.090503,0.106756,0.089296
120570019003,Hillsborough,0.124450,0.140577,0.123163,0.086603,0.104071,0.089242
120570020001,Hillsborough,0.130932,0.152438,0.122065,0.094380,0.110505,0.089307
120570020002,Hillsborough,0.121406,0.136136,0.116924,0.090075,0.107663,0.089120
120570020003,Hillsborough,0.113636,0.127533,0.108078,0.083669,0.105094,0.088987
120570021001,Hillsborough,0.104346,0.114420,0.100690,0.081434,0.102839,0.089084
120570021002,Hillsborough,0.112413,0.130850,0.100641,0.085098,0.108170,0.088967
120570021003,Hillsborough,0.105603,0.122928,0.089623,0.080887,0.105211,0.088785
120570022001,Hillsborough,0.111140,0.127513,0.099152,0.084365,0.108390,0.088884
120570023001,Hillsborough,0.122996,0.146967,0.106436,0.094994,0.107965,0.088691
120570023002,Hillsborough,0.128660,0.157625,0.104287,0.094742,0.111760,0.088620
120570023003,Hillsborough,0.126758,0.155599,0.102743,0.094490,0.106926,0.088541
120570024001,Hillsborough,0.100106,0.108749,0.095418,0.084752,0.104817,0.088412
120570024002,Hillsborough,0.097811,0.104824,0.095706,0.081801,0.099854,0.088917
120570024003,Hillsborough,0.110698,0.129759,0.099282,0.084262,0.098687,0.088605
120570024004,Hillsborough,0.100202,0.108201,0.096393,0.085475,0.101303,0.088262
120570025001,Hillsborough,0.171187,0.237376,0.123047,0.102757,0.115472,0.088478
120570025002,Hillsborough,0.097024,0.102993,0.093922,0.084266,0.105789,0.088728
120570025003,Hillsborough,0.132630,0.168010,0.109799,0.099703,0.112747,0.088152
120570025004,Hillsborough,0.103429,0.110168,0.103345,0.085941,0.107044,0.088147
120570026001,Hillsborough,0.110252,0.131089,0.098583,0.087101,0.102801,0.088272
120570026002,Hillsborough,0.086080,0.094276,0.078528,0.080216,0.093573,0.087371
120570027011,Hillsborough,0.092896,0.095970,0.094403,0.081144,0.100931,0.087841
120570027012,Hillsborough,0.102770,0.117446,0.091136,0.084242,0.102291,0.087546
120570027013,Hillsborough,0.100321,0.114910,0.088469,0.081954,0.099499,0.087355
120570027021,Hillsborough,0.088810,0.096256,0.080915,0.082003,0.097421,0.087433
120570027022,Hillsborough,0.094955,0.106804,0.084327,0.083009,0.095433,0.087308
120570028001,Hillsborough,0.114965,0.138924,0.099572,0.083665,0.099293,0.088238
120570028002,Hillsborough,0.111929,0.134188,0.097459,0.083059,0.097690,0.087766
120570028003,Hillsborough,0.111730,0.136431,0.093707,0.082358,0.100909,0.087324
120570028004,Hillsborough,0.110848,0.135474,0.090978,0.083191,0.099019,0.087371
120570029001,Hillsborough,0.125583,0.156544,0.100434,0.091193,0.103052,0.088121
120570029002,Hillsborough,0.122248,0.152326,0.097148,0.089289,0.107899,0.087886
120570029003,Hillsborough,0.114213,0.139411,0.090754,0.086188,0.107599,0.087601
120570030001,Hillsborough,0.093667,0.102684,0.087013,0.077267,0.103436,0.088775
120570030002,Hillsborough,0.117563,0.139103,0.097421,0.092869,0.111918,0.088580
120570030003,Hillsborough,0.111478,0.135839,0.087829,0.085371,0.109343,0.087997
120570031001,Hillsborough,0.106220,0.122940,0.093419,0.082229,0.105773,0.088619
120570031002,Hillsborough,0.112298,0.127621,0.105977,0.083681,0.106553,0.088619
120570031003,Hillsborough,0.132107,0.161757,0.113169,0.091776,0.109674,0.088848
120570031004,Hillsborough,0.132781,0.164884,0.111334,0.089051,0.108982,0.088855
120570032001,Hillsborough,0.108296,0.120784,0.100751,0.086845,0.107289,0.088395
120570032002,Hillsborough,0.099461,0.111577,0.084868,0.084496,0.107279,0.088169
120570032003,Hillsborough,0.102792,0.114508,0.091958,0.084517,0.106022,0.088337
120570033001,Hillsborough,0.131929,0.163947,0.105585,0.088340,0.108747,0.088620
120570033002,Hillsborough,0.133397,0.166804,0.103216,0.089025,0.109649,0.088549
120570033003,Hillsborough,0.116735,0.137907,0.098916,0.083214,0.105572,0.088425
120570034001,Hillsborough,0.134325,0.162331,0.117550,0.091421,0.110194,0.088837
120570034002,Hillsborough,0.124585,0.137363,0.121909,0.096642,0.112148,0.089486
120570034003,Hillsborough,0.141954,0.175941,0.127562,0.094458,0.109504,0.089227
120570035001,Hillsborough,0.131921,0.164010,0.106073,0.088123,0.109142,0.088515
120570035002,Hillsborough,0.128244,0.149266,0.120490,0.085919,0.108040,0.088618
120570035003,Hillsborough,0.149787,0.188333,0.134195,0.094611,0.112144,0.088749
120570035004,Hillsborough,0.120848,0.134218,0.117562,0.092416,0.106830,0.089058
120570036001,Hillsborough,0.118350,0.124830,0.119530,0.098954,0.110908,0.089656
120570036002,Hillsborough,0.114571,0.125290,0.114770,0.086364,0.097890,0.090057
120570036003,Hillsborough,0.126125,0.148799,0.116267,0.086190,0.103609,0.089793
120570036004,Hillsborough,0.125423,0.136283,0.124517,0.098546,0.111073,0.089372
120570037001,Hillsborough,0.105575,0.112103,0.109299,0.081339,0.094876,0.090151
120570038001,Hillsborough,0.121550,0.133607,0.119501,0.089335,0.108292,0.089014
120570041001,Hillsborough,0.111443,0.135773,0.088003,0.085302,0.109252,0.087897
120570041002,Hillsborough,0.105681,0.128335,0.083862,0.080080,0.102296,0.087723
120570042001,Hillsborough,0.126504,0.162678,0.095481,0.086831,0.106524,0.087284
120570043001,Hillsborough,0.112364,0.143883,0.082988,0.083830,0.100595,0.086979
120570043002,Hillsborough,0.114745,0.139316,0.095107,0.089155,0.103415,0.086868
120570043003,Hillsborough,0.102462,0.117950,0.087061,0.087296,0.102819,0.086747
120570044001,Hillsborough,0.089977,0.099640,0.079768,0.081758,0.101515,0.087200
120570044002,Hillsborough,0.106406,0.125310,0.093244,0.082279,0.100273,0.086954
120570044003,Hillsborough,0.097275,0.115423,0.079458,0.080818,0.098665,0.086991
120570045001,Hillsborough,0.092094,0.103494,0.082129,0.080715,0.097987,0.087068
120570045002,Hillsborough,0.089352,0.098594,0.080713,0.079986,0.095027,0.087361
120570045003,Hillsborough,0.108791,0.141033,0.081023,0.078431,0.093668,0.087138
120570045004,Hillsborough,0.082278,0.085839,0.077821,0.079398,0.095472,0.087263
120570045005,Hillsborough,0.080163,0.085188,0.073817,0.076097,0.096168,0.087179
120570046011,Hillsborough,0.076632,0.078883,0.072032,0.077934,0.093910,0.087134
120570046012,Hillsborough,0.076558,0.078115,0.072534,0.078131,0.096739,0.087077
120570046021,Hillsborough,0.077882,0.083537,0.070343,0.080748,0.088582,0.086650
120570047001,Hillsborough,0.075622,0.077802,0.070005,0.080765,0.096678,0.086322
120570047002,Hillsborough,0.078598,0.081831,0.072978,0.079607,0.096374,0.086398
120570047003,Hillsborough,0.074851,0.077567,0.069281,0.077743,0.095925,0.086659
120570048001,Hillsborough,0.110629,0.145604,0.080293,0.077980,0.094204,0.086848
120570048002,Hillsborough,0.090231,0.106235,0.074152,0.075261,0.094445,0.086857
120570048003,Hillsborough,0.089727,0.106925,0.074093,0.076117,0.091544,0.086618
120570048004,Hillsborough,0.089577,0.098202,0.080192,0.084361,0.098398,0.086632
120570048005,Hillsborough,0.107969,0.134853,0.086094,0.083816,0.094781,0.086561
120570048006,Hillsborough,0.092592,0.105605,0.079734,0.083559,0.097611,0.086637
120570049011,Hillsborough,0.094890,0.107733,0.082917,0.080169,0.099696,0.086639
120570049012,Hillsborough,0.086656,0.097043,0.074658,0.078185,0.098753,0.086914
120570049021,Hillsborough,0.085215,0.091421,0.077168,0.080639,0.098349,0.086791
120570049022,Hillsborough,0.084296,0.088723,0.077185,0.082794,0.098814,0.086705
120570049023,Hillsborough,0.086044,0.090664,0.079254,0.084673,0.099069,0.086776
120570050001,Hillsborough,0.098817,0.119056,0.079442,0.076270,0.098580,0.086840
120570050002,Hillsborough,0.123598,0.162576,0.086649,0.077210,0.102458,0.087107
120570050003,Hillsborough,0.086779,0.100009,0.072744,0.073647,0.096876,0.087009
120570051011,Hillsborough,0.099426,0.120045,0.077609,0.077553,0.098595,0.087646
120570051012,Hillsborough,0.091319,0.107460,0.078463,0.076466,0.099865,0.087613
120570051021,Hillsborough,0.092886,0.107141,0.084926,0.071166,0.091212,0.087502
120570051022,Hillsborough,0.093423,0.107346,0.084615,0.071330,0.095487,0.087600
120570051023,Hillsborough,0.094688,0.108879,0.086093,0.072035,0.095162,0.087583
120570053011,Hillsborough,0.092888,0.103575,0.085624,0.074473,0.098464,0.087637
120570053012,Hillsborough,0.091296,0.098066,0.086346,0.076641,0.105246,0.088005
120570053013,Hillsborough,0.093320,0.102250,0.086522,0.075703,0.104686,0.087933
120570053021,Hillsborough,0.101281,0.109777,0.102760,0.082853,0.093448,0.089244
120570053022,Hillsborough,0.099214,0.101811,0.106690,0.077081,0.092475,0.089126
120570054011,Hillsborough,0.112092,0.142894,0.107624,0.090412,0.093159,0.086538
120570054012,Hillsborough,0.113578,0.143279,0.104447,0.088231,0.096104,0.086850
120570054013,Hillsborough,0.159024,0.242265,0.124495,0.096718,0.104912,0.086979
120570054014,Hillsborough,0.087159,0.094078,0.083320,0.075596,0.094801,0.087113
120570054015,Hillsborough,0.144919,0.213882,0.112965,0.090203,0.103744,0.087036
120570054016,Hillsborough,0.169703,0.257124,0.132281,0.100547,0.109997,0.087019
120570055001,Hillsborough,0.114405,0.143357,0.088992,0.082635,0.104419,0.087193
120570055002,Hillsborough,0.093588,0.106439,0.083142,0.076021,0.099732,0.087325
120570055003,Hillsborough,0.085352,0.095208,0.075279,0.074780,0.097058,0.086914
120570057001,Hillsborough,0.083338,0.091029,0.074463,0.079451,0.093319,0.086513
120570057002,Hillsborough,0.080415,0.084764,0.074427,0.078940,0.093655,0.086612
120570057003,Hillsborough,0.080204,0.083460,0.075125,0.079195,0.094732,0.086746
120570057004,Hillsborough,0.102084,0.119830,0.088831,0.082031,0.094349,0.086454
120570058001,Hillsborough,0.078077,0.080788,0.072747,0.080494,0.096761,0.086204
120570058002,Hillsborough,0.079318,0.082866,0.073624,0.079475,0.091869,0.086449
120570058003,Hillsborough,0.081693,0.089225,0.072663,0.078953,0.091811,0.085968
120570058004,Hillsborough,0.079393,0.086503,0.071116,0.077270,0.087949,0.085702
120570058005,Hillsborough,0.085323,0.095667,0.073973,0.081420,0.090205,0.085709
120570059001,Hillsborough,0.080258,0.086146,0.072977,0.080898,0.088527,0.086384
120570059002,Hillsborough,0.076713,0.079784,0.070560,0.081185,0.095499,0.086440
120570059003,Hillsborough,0.078016,0.083963,0.070576,0.076569,0.085311,0.085642
120570059004,Hillsborough,0.074423,0.077012,0.070118,0.074854,0.080919,0.085695
120570059005,Hillsborough,0.074423,0.078065,0.069861,0.074045,0.080641,0.085574
120570059006,Hillsborough,0.085743,0.098709,0.075838,0.077834,0.084303,0.085574
120570060001,Hillsborough,0.102018,0.120334,0.086068,0.087992,0.096058,0.086160
120570060002,Hillsborough,0.080791,0.086176,0.074362,0.077336,0.091658,0.086406
120570060003,Hillsborough,0.073579,0.073958,0.070879,0.074798,0.089060,0.086251
120570060004,Hillsborough,0.108848,0.134371,0.085383,0.093042,0.099551,0.085809
120570060005,Hillsborough,0.064000,0.058120,0.064909,0.071923,0.087563,0.086012
120570060006,Hillsborough,0.072922,0.073067,0.070441,0.073813,0.089532,0.086017
120570060007,Hillsborough,0.108941,0.135206,0.088120,0.087402,0.096513,0.085764
120570061011,Hillsborough,0.083480,0.088408,0.077308,0.080456,0.095659,0.086518
120570061012,Hillsborough,0.079879,0.082355,0.076373,0.077585,0.093960,0.086527
120570061013,Hillsborough,0.083783,0.090284,0.080419,0.072012,0.093426,0.086660
120570061014,Hillsborough,0.081036,0.083086,0.078463,0.078532,0.093557,0.086275
120570061031,Hillsborough,0.064621,0.052762,0.070549,0.074911,0.088769,0.086112
120570061032,Hillsborough,0.075415,0.069553,0.079762,0.077097,0.092681,0.086110
120570061033,Hillsborough,0.063250,0.055901,0.065919,0.069206,0.084781,0.085699
120570061034,Hillsborough,0.071140,0.067136,0.073245,0.072437,0.089183,0.085998
120570062001,Hillsborough,0.087137,0.105991,0.069616,0.075806,0.086580,0.085976
120570062002,Hillsborough,0.065532,0.059610,0.066329,0.073662,0.089483,0.086204
120570062003,Hillsborough,0.100383,0.131956,0.077440,0.073498,0.087510,0.085861
120570062004,Hillsborough,0.078503,0.093130,0.066383,0.070278,0.087342,0.085617
120570063001,Hillsborough,0.076310,0.078350,0.071140,0.078485,0.085951,0.085773
120570063002,Hillsborough,0.068982,0.067002,0.066923,0.073453,0.087256,0.085916
120570063003,Hillsborough,0.083931,0.093798,0.076601,0.077733,0.085039,0.085406
120570063004,Hillsborough,0.068273,0.068654,0.064966,0.070374,0.083173,0.085509
120570064001,Hillsborough,0.077159,0.083376,0.070871,0.075611,0.080700,0.085644
120570064002,Hillsborough,0.075998,0.079886,0.070603,0.076778,0.081709,0.085631
120570064003,Hillsborough,0.077944,0.085933,0.071104,0.074445,0.081891,0.085437
120570064004,Hillsborough,0.079785,0.089325,0.072181,0.076270,0.081927,0.085256
120570065011,Hillsborough,0.077378,0.088137,0.070938,0.074567,0.080301,0.084983
120570065012,Hillsborough,0.079564,0.093073,0.068759,0.076254,0.081303,0.085105
120570065013,Hillsborough,0.076646,0.085614,0.068330,0.075956,0.081074,0.085118
120570065031,Hillsborough,0.074731,0.083084,0.069025,0.075009,0.080788,0.084818
120570065032,Hillsborough,0.069099,0.069748,0.066060,0.071716,0.079312,0.084919
120570065033,Hillsborough,0.068940,0.069408,0.064973,0.072917,0.079404,0.085107
120570065041,Hillsborough,0.072725,0.077724,0.067413,0.074989,0.080474,0.084933
120570065042,Hillsborough,0.072354,0.074336,0.069235,0.074549,0.080057,0.085017
120570066001,Hillsborough,0.067056,0.063552,0.065808,0.072919,0.081623,0.085438
120570066002,Hillsborough,0.080768,0.092286,0.074153,0.076966,0.082297,0.085065
120570066003,Hillsborough,0.073491,0.074610,0.069566,0.076547,0.082063,0.085229
120570067001,Hillsborough,0.084259,0.092214,0.076307,0.082177,0.090323,0.085496
120570067002,Hillsborough,0.059286,0.046343,0.064850,0.066124,0.081091,0.085321
120570067003,Hillsborough,0.081908,0.086520,0.075620,0.082381,0.088433,0.085274
120570067004,Hillsborough,0.057075,0.042512,0.060763,0.067222,0.077208,0.085081
120570067005,Hillsborough,0.085747,0.100109,0.077188,0.078255,0.087126,0.085051
120570067006,Hillsborough,0.066945,0.072293,0.060368,0.068653,0.077684,0.085058
120570068011,Hillsborough,0.065976,0.069042,0.060153,0.068509,0.077762,0.085172
120570068012,Hillsborough,0.063319,0.061798,0.059675,0.069004,0.076416,0.085077
120570068013,Hillsborough,0.068055,0.073804,0.061488,0.069277,0.078205,0.085171
120570068014,Hillsborough,0.069737,0.076542,0.063192,0.069765,0.076747,0.085077
120570068015,Hillsborough,0.066933,0.067591,0.063029,0.070611,0.077434,0.085225
120570068021,Hillsborough,0.062451,0.055334,0.061791,0.067850,0.074656,0.085017
120570068022,Hillsborough,0.062130,0.057800,0.059687,0.068435,0.075409,0.084992
120570068023,Hillsborough,0.056402,0.046993,0.055663,0.064506,0.072229,0.084956
120570069001,Hillsborough,0.056622,0.054150,0.051418,0.061851,0.071307,0.084728
120570069002,Hillsborough,0.074491,0.135185,0.064646,0.070158,0.076113,0.084611
120570069003,Hillsborough,0.055539,0.045136,0.053503,0.063327,0.072107,0.084763
120570069004,Hillsborough,0.068672,0.068084,0.066107,0.071289,0.076576,0.085171
120570069005,Hillsborough,0.070600,0.083124,0.063352,0.068993,0.076073,0.084818
120570069006,Hillsborough,0.058317,0.047588,0.058097,0.064696,0.072408,0.084705
120570070011,Hillsborough,0.068139,0.070669,0.063061,0.071622,0.078713,0.085174
120570070012,Hillsborough,0.069418,0.068757,0.066499,0.073392,0.079660,0.085110
120570070013,Hillsborough,0.071906,0.071094,0.069832,0.074415,0.081128,0.085128
120570070014,Hillsborough,0.072749,0.076299,0.068908,0.074004,0.080007,0.084842
120570070021,Hillsborough,0.071277,0.073304,0.068031,0.072288,0.078757,0.084842
120570070022,Hillsborough,0.074530,0.112615,0.068247,0.073269,0.078598,0.084714
120570070023,Hillsborough,0.069349,0.070928,0.066571,0.070122,0.076608,0.084869
120570071021,Hillsborough,0.095674,0.154268,0.094308,0.083511,0.085061,0.084471
120570071022,Hillsborough,0.084657,0.132992,0.078199,0.077350,0.081473,0.084524
120570071031,Hillsborough,0.076570,0.087488,0.069319,0.074441,0.079445,0.084961
120570071032,Hillsborough,0.083700,0.097027,0.078075,0.078811,0.082232,0.084866
120570071033,Hillsborough,0.086115,0.131747,0.079983,0.078858,0.083066,0.084586
120570072001,Hillsborough,0.091601,0.141243,0.089711,0.082430,0.084404,0.084395
120570072002,Hillsborough,0.084916,0.113510,0.088439,0.080048,0.082237,0.083795
120570072003,Hillsborough,0.078583,0.116078,0.071995,0.078616,0.081520,0.084641
120570073001,Hillsborough,0.065134,0.036895,0.060979,0.065028,0.072241,0.082838
120570073002,Hillsborough,0.065583,0.078585,0.061220,0.065927,0.073411,0.083945
120570073003,Hillsborough,0.061252,0.055900,0.056747,0.061992,0.069361,0.083416
120570101051,Hillsborough,0.137259,0.102069,0.145172,0.130703,0.143867,0.094762
120570101052,Hillsborough,0.106408,0.069323,0.110638,0.103702,0.123622,0.094899
120570101053,Hillsborough,0.155306,0.124470,0.183586,0.143794,0.131378,0.093202
120570101061,Hillsborough,0.099636,0.065584,0.109841,0.096255,0.106992,0.095580
120570101062,Hillsborough,0.096088,0.070383,0.097840,0.094959,0.109034,0.098169
120570101063,Hillsborough,0.095156,0.063215,0.100741,0.092933,0.106002,0.093806
120570101064,Hillsborough,0.102979,0.070698,0.112916,0.099008,0.116305,0.095604
120570101071,Hillsborough,0.128885,0.105821,0.111929,0.132800,0.129580,0.100319
120570101072,Hillsborough,0.110216,0.085910,0.129304,0.104241,0.119159,0.097338
120570101073,Hillsborough,0.106994,0.080519,0.131037,0.103964,0.105185,0.095669
120570101081,Hillsborough,0.171156,,0.186429,0.183693,0.163393,0.106762
120570101082,Hillsborough,0.100336,0.101381,0.108605,0.101009,0.096583,0.096863
120570102031,Hillsborough,0.117345,0.122024,0.116779,0.127021,0.093764,0.092169
120570102032,Hillsborough,0.156794,0.163910,0.154960,0.174354,0.116323,0.092758
120570102041,Hillsborough,0.113459,0.126989,0.110295,0.116065,0.094268,0.091438
120570102042,Hillsborough,0.127518,0.104986,0.129168,0.167291,0.107607,0.091813
120570102043,Hillsborough,0.148499,0.159620,0.153415,0.127000,0.121350,0.091231
120570102101,Hillsborough,0.124040,0.057764,0.101015,0.140894,0.118883,0.093706
120570102102,Hillsborough,0.078712,0.048027,0.065982,0.079031,0.107070,0.092370
120570102111,Hillsborough,0.084828,0.054159,0.076231,0.093670,0.106770,0.091841
120570102112,Hillsborough,0.084438,0.048425,0.075227,0.095009,0.111255,0.091052
120570102113,Hillsborough,0.083532,0.037668,0.074680,0.094090,0.109286,0.090838
120570102121,Hillsborough,0.078782,0.045213,0.070322,0.083565,0.101176,0.092437
120570102122,Hillsborough,0.078757,0.043994,0.071110,0.083506,0.100769,0.092466
120570102131,Hillsborough,0.126306,0.116937,0.127208,0.136760,0.098539,0.091802
120570102151,Hillsborough,0.068925,0.024713,0.066768,0.066959,0.091302,0.095172
120570102152,Hillsborough,0.137476,0.115387,0.128860,0.141149,0.140602,0.097440
120570102161,Hillsborough,0.092221,0.082858,0.085587,0.097038,0.111878,0.094728
120570102162,Hillsborough,0.085191,0.053970,0.082560,0.089049,0.105600,0.094231
120570102171,Hillsborough,0.077507,0.042889,0.072987,0.085949,0.100851,0.092331
120570102172,Hillsborough,0.075022,0.034231,0.067890,0.084996,0.090518,0.092213
120570102181,Hillsborough,0.075433,0.042047,0.069757,0.084820,0.095540,0.092234
120570102182,Hillsborough,0.085913,0.060886,0.077476,0.094331,0.106967,0.093035
120570102183,Hillsborough,0.083464,0.053774,0.074959,0.099687,0.109698,0.092389
120570102184,Hillsborough,0.083539,0.061565,0.075036,0.096076,0.110171,0.093322
120570103031,Hillsborough,0.151023,0.182055,0.154734,0.141008,0.129452,0.093202
120570103032,Hillsborough,0.144091,0.174825,0.147462,0.137569,0.110291,0.093201
120570103033,Hillsborough,0.161444,0.183118,0.163945,0.158232,0.130733,0.092844
120570103041,Hillsborough,0.114865,0.165879,0.119682,0.104907,0.092810,0.091902
120570103042,Hillsborough,0.134578,0.171500,0.139420,0.124442,0.096623,0.092981
120570103043,Hillsborough,0.177191,0.186686,0.186863,0.170382,0.155257,0.094444
120570103051,Hillsborough,0.163370,0.202170,0.166092,0.153413,0.125333,0.092625
120570103052,Hillsborough,0.142297,0.160847,0.146287,0.129438,0.111318,0.091406
120570103053,Hillsborough,0.119471,0.140264,0.120922,0.108885,0.096043,0.089808
120570104011,Hillsborough,0.165913,0.186028,0.171539,0.129263,0.120896,0.090771
120570104012,Hillsborough,0.164882,0.182498,0.169698,0.134865,0.118676,0.090950
120570104013,Hillsborough,0.173189,0.203784,0.178834,0.135275,0.124215,0.091390
120570104021,Hillsborough,0.130419,0.139797,0.131652,0.114474,0.107639,0.090194
120570104022,Hillsborough,0.133246,0.143497,0.135127,0.112901,0.108857,0.090153
120570104023,Hillsborough,0.139791,0.165913,0.132244,0.107006,0.105500,0.090339
120570104024,Hillsborough,0.117823,0.131185,0.118460,0.112395,0.090417,0.091411
120570105011,Hillsborough,0.130570,0.141070,0.132512,0.114329,0.109447,0.090293
120570105012,Hillsborough,0.130925,0.147953,0.128467,0.114555,0.114575,0.090075
120570105013,Hillsborough,0.141220,0.159984,0.135367,0.113898,0.113852,0.089863
120570105021,Hillsborough,0.130043,0.139978,0.130585,0.114690,0.108046,0.090262
120570105022,Hillsborough,0.138127,0.155308,0.133639,0.110030,0.111980,0.090098
120570106001,Hillsborough,0.129498,0.141053,0.126974,0.119113,0.109481,0.090619
120570106002,Hillsborough,0.129127,0.142151,0.128391,0.114689,0.112930,0.090598
120570106003,Hillsborough,0.129943,0.139934,0.132598,0.114929,0.113711,0.090363
120570107011,Hillsborough,0.112174,0.106080,0.116763,0.116819,0.087704,0.091798
120570107012,Hillsborough,0.117239,0.103684,0.121494,0.135885,0.104644,0.091587
120570107013,Hillsborough,0.126163,0.107628,0.127780,0.172340,0.115011,0.090781
120570107014,Hillsborough,0.123123,0.105763,0.125647,0.170946,0.111400,0.091179
120570107021,Hillsborough,0.127172,0.120199,0.127167,0.161927,0.113037,0.090811
120570107022,Hillsborough,0.127049,0.116794,0.125149,0.168678,0.113077,0.090724
120570108051,Hillsborough,0.098084,0.107213,0.091402,0.100238,0.100772,0.090237
120570108052,Hillsborough,0.110267,0.122284,0.099691,0.131521,0.105103,0.090056
120570108053,Hillsborough,0.094367,0.101893,0.083814,0.122689,0.101258,0.090015
120570108081,Hillsborough,0.086411,0.077356,0.080668,0.125428,0.096944,0.089788
120570108082,Hillsborough,0.090577,0.082536,0.085763,0.126492,0.099673,0.089709
120570108091,Hillsborough,0.105126,0.093357,0.104311,0.143878,0.096390,0.090688
120570108092,Hillsborough,0.102845,0.099896,0.096863,0.158058,0.089687,0.091175
120570108101,Hillsborough,0.102201,0.081195,0.107776,0.114676,0.078230,0.091543
120570108102,Hillsborough,0.097905,0.081443,0.104099,0.107356,0.082308,0.091393
120570108111,Hillsborough,0.107040,0.094591,0.106438,0.157179,0.089398,0.090992
120570108112,Hillsborough,0.113114,0.105565,0.116505,0.135560,0.090030,0.091889
120570108113,Hillsborough,0.103820,0.090783,0.101639,0.147085,0.095800,0.090807
120570108114,Hillsborough,0.103029,0.085756,0.102892,0.149073,0.095719,0.091202
120570108115,Hillsborough,0.111028,0.097469,0.110753,0.153275,0.090847,0.091298
120570108141,Hillsborough,0.099681,0.106691,0.089660,0.130549,0.099864,0.089895
120570108142,Hillsborough,0.092517,0.085427,0.087943,0.136049,0.095309,0.089936
120570108151,Hillsborough,0.093812,0.097792,0.084078,0.126848,0.099257,0.089976
120570108152,Hillsborough,0.095010,0.094399,0.087257,0.134593,0.098330,0.089926
120570108161,Hillsborough,0.092093,0.093743,0.084275,0.125684,0.095770,0.089796
120570108162,Hillsborough,0.098028,0.103433,0.089011,0.129405,0.098499,0.089877
120570108163,Hillsborough,0.115999,0.127731,0.105911,0.140883,0.107233,0.089855
120570108171,Hillsborough,0.088615,0.077046,0.086581,0.120746,0.092315,0.090047
120570108172,Hillsborough,0.094472,0.097022,0.085725,0.121668,0.099521,0.089991
120570108173,Hillsborough,0.100059,0.113612,0.093331,0.098050,0.097105,0.090637
120570108191,Hillsborough,0.088942,0.077588,0.084788,0.131670,0.092878,0.089705
120570108192,Hillsborough,0.092511,0.083839,0.086725,0.135202,0.098645,0.089741
120570108201,Hillsborough,0.088982,0.079123,0.084752,0.126446,0.098176,0.089729
120570108202,Hillsborough,0.090719,0.082472,0.085453,0.129289,0.100654,0.089657
120570108211,Hillsborough,0.091477,0.092113,0.083080,0.125489,0.099274,0.089972
120570108212,Hillsborough,0.090649,0.087669,0.083416,0.126630,0.099420,0.090147
120570108221,Hillsborough,0.098329,0.111382,0.090343,0.099982,0.100699,0.090317
120570108222,Hillsborough,0.093022,0.097049,0.082822,0.126100,0.097673,0.090182
120570108231,Hillsborough,0.091090,0.080747,0.085973,0.134217,0.099077,0.089806
120570108241,Hillsborough,0.092889,0.087811,0.086454,0.133824,0.098595,0.089797
120570108242,Hillsborough,0.092480,0.083286,0.088056,0.131777,0.098800,0.089883
120570108243,Hillsborough,0.092839,0.085883,0.087407,0.136764,0.098715,0.090070
120570109001,Hillsborough,0.099763,0.105038,0.090205,0.131884,0.096161,0.090192
120570110031,Hillsborough,0.081770,0.077931,0.075778,0.100496,0.088289,0.089296
120570110032,Hillsborough,0.081130,0.077391,0.075565,0.108628,0.088549,0.090168
120570110033,Hillsborough,0.080481,0.083785,0.075366,0.089901,0.087631,0.090883
120570110034,Hillsborough,0.088689,0.078166,0.087334,0.122461,0.092616,0.090106
120570110051,Hillsborough,0.103211,0.131791,0.099373,0.092816,0.142018,0.093896
120570110061,Hillsborough,0.090574,0.084518,0.089667,0.083753,0.120725,0.092978
120570110062,Hillsborough,0.077609,0.098562,0.073926,0.075118,0.091435,0.091008
120570110063,Hillsborough,0.083544,0.092213,0.078473,0.080544,0.107303,0.090567
120570110071,Hillsborough,0.095201,0.128279,0.089991,0.091327,0.094505,0.092021
120570110072,Hillsborough,0.081907,0.088081,0.077538,0.086813,0.086285,0.091449
120570110073,Hillsborough,0.081356,0.079867,0.075893,0.092374,0.092217,0.090591
120570110081,Hillsborough,0.086687,0.046107,0.076866,0.103796,0.108961,0.089699
120570110082,Hillsborough,0.089589,0.057076,0.088185,0.109623,0.107502,0.090980
120570110083,Hillsborough,0.087748,0.055923,0.086256,0.110230,0.105572,0.090598
120570110084,Hillsborough,0.083956,0.063283,0.080853,0.108659,0.088844,0.088758
120570110085,Hillsborough,0.084605,0.062369,0.081880,0.108788,0.090690,0.089201
120570110086,Hillsborough,0.080725,0.061292,0.077926,0.121414,0.090195,0.089117
120570110101,Hillsborough,0.084785,0.070735,0.080554,0.114498,0.090969,0.088774
120570110102,Hillsborough,0.086197,0.073834,0.081950,0.122351,0.091904,0.089321
120570110131,Hillsborough,0.080507,0.048428,0.075151,0.092623,0.107566,0.091073
120570110132,Hillsborough,0.083682,0.047440,0.079530,0.096674,0.112339,0.090876
120570110161,Hillsborough,0.083760,0.050292,0.078982,0.107570,0.102892,0.089846
120570110162,Hillsborough,0.078950,0.049641,0.075312,0.105288,0.091474,0.088906
120570110163,Hillsborough,0.077425,0.051202,0.071476,0.107926,0.086976,0.088215
120570110171,Hillsborough,0.102741,0.077675,0.101381,0.131643,0.087710,0.091127
120570110172,Hillsborough,0.076555,0.047127,0.069321,0.102653,0.091141,0.087801
120570110173,Hillsborough,0.078518,0.046177,0.060320,0.078067,0.121048,0.085209
120570110181,Hillsborough,0.079979,0.060875,0.074225,0.119205,0.089216,0.088579
120570110182,Hillsborough,0.086391,0.072377,0.083140,0.125857,0.092731,0.089566
120570110191,Hillsborough,0.080319,0.057230,0.072088,0.088058,0.105718,0.091491
120570110192,Hillsborough,0.085647,0.069673,0.077184,0.095685,0.111957,0.093672
120570110193,Hillsborough,0.083146,0.080419,0.078735,0.077001,0.123094,0.094023
120570111031,Hillsborough,0.094272,0.131520,0.092916,0.089757,0.078772,0.094454
120570111032,Hillsborough,0.091181,0.088713,0.092508,0.091993,0.086128,0.095444
120570111061,Hillsborough,0.083886,0.085360,0.081843,0.084847,0.089909,0.092627
120570111071,Hillsborough,0.078403,0.076483,0.075299,0.082872,0.089213,0.090312
120570111072,Hillsborough,0.081661,0.080898,0.080429,0.081656,0.088623,0.091773
120570111073,Hillsborough,0.085866,0.092875,0.083297,0.086613,0.089062,0.090423
120570111081,Hillsborough,0.081720,0.081614,0.079413,0.085549,0.089746,0.091165
120570111091,Hillsborough,0.075115,0.080383,0.072688,0.074737,0.082040,0.092133
120570111092,Hillsborough,0.082280,0.077951,0.084524,0.077907,0.088008,0.091764
120570112031,Hillsborough,0.091702,0.110820,0.086291,0.088906,0.093979,0.090583
120570112032,Hillsborough,0.101777,0.116274,0.097850,0.096130,0.095332,0.090444
120570112033,Hillsborough,0.103153,0.118194,0.099826,0.096309,0.095206,0.090504
120570112041,Hillsborough,0.086533,0.108775,0.080046,0.082585,0.080745,0.090683
120570112042,Hillsborough,0.078907,0.074985,0.077550,0.085593,0.087537,0.090700
120570112043,Hillsborough,0.081227,0.077476,0.078720,0.092213,0.092364,0.090315
120570112044,Hillsborough,0.103916,0.123792,0.099911,0.095984,0.090295,0.090332
120570112045,Hillsborough,0.083662,0.083447,0.078825,0.098635,0.092061,0.090263
120570112051,Hillsborough,0.106021,0.124626,0.102110,0.099102,0.091549,0.090368
120570112052,Hillsborough,0.103893,0.114931,0.099632,0.100146,0.099245,0.090278
120570112053,Hillsborough,0.101349,0.112844,0.098635,0.095829,0.096249,0.090355
120570112061,Hillsborough,0.089216,0.092166,0.085353,0.097302,0.091662,0.090153
120570112062,Hillsborough,0.091680,0.099984,0.084428,0.098917,0.097241,0.090203
120570112063,Hillsborough,0.088554,0.091281,0.084329,0.096702,0.094302,0.090087
120570113011,Hillsborough,0.096853,0.101311,0.096143,0.095140,0.093108,0.090897
120570113012,Hillsborough,0.101458,0.113384,0.098969,0.098861,0.095215,0.090576
120570113031,Hillsborough,0.100951,0.113019,0.098886,0.092427,0.094902,0.090713
120570113032,Hillsborough,0.101057,0.111127,0.099376,0.096279,0.095148,0.090402
120570113041,Hillsborough,0.101538,0.115444,0.099961,0.094062,0.094334,0.089908
120570113042,Hillsborough,0.101381,0.108209,0.102894,0.088880,0.099681,0.090096
120570113043,Hillsborough,0.102013,0.108600,0.105188,0.087835,0.097251,0.090294
120570114071,Hillsborough,0.091636,0.091463,0.092791,0.089156,0.091128,0.091215
120570114072,Hillsborough,0.091918,0.087945,0.094851,0.088309,0.090994,0.091225
120570114081,Hillsborough,0.096160,0.110830,0.096125,0.088663,0.084782,0.090626
120570114082,Hillsborough,0.096407,0.101950,0.098194,0.089826,0.089062,0.090670
120570114083,Hillsborough,0.097244,0.104931,0.099145,0.086538,0.090246,0.090652
120570114091,Hillsborough,0.096994,0.099898,0.099242,0.093049,0.087758,0.090916
120570114092,Hillsborough,0.099096,0.103701,0.099979,0.091778,0.097824,0.090226
120570114101,Hillsborough,0.075421,0.089749,0.070849,0.077796,0.076718,0.091849
120570114102,Hillsborough,0.080836,0.083438,0.075294,0.089366,0.074123,0.092441
120570114103,Hillsborough,0.065831,0.058871,0.061119,0.071430,0.071585,0.091569
120570114111,Hillsborough,0.080627,0.080144,0.080087,0.083875,0.074625,0.091812
120570114121,Hillsborough,0.069441,0.066928,0.063450,0.078943,0.079738,0.091321
120570114122,Hillsborough,0.083294,0.089741,0.082710,0.081000,0.082722,0.090394
120570114131,Hillsborough,0.079620,0.081882,0.079705,0.078783,0.077406,0.091157
120570114132,Hillsborough,0.078931,0.080183,0.077091,0.082284,0.075848,0.091661
120570114133,Hillsborough,0.109193,0.134029,0.107478,0.098834,0.102629,0.091628
120570114134,Hillsborough,0.097970,0.116277,0.096834,0.090269,0.093639,0.090945
120570114141,Hillsborough,0.089117,0.104552,0.086813,0.086289,0.085314,0.090676
120570114142,Hillsborough,0.088469,0.100443,0.087515,0.084229,0.084500,0.090768
120570114143,Hillsborough,0.094917,0.119721,0.091015,0.086456,0.089712,0.090327
120570114151,Hillsborough,0.092219,0.113392,0.088777,0.085759,0.088679,0.090482
120570114152,Hillsborough,0.108081,0.145147,0.103712,0.095419,0.098753,0.090525
120570114153,Hillsborough,0.108450,0.139649,0.095969,0.092472,0.103400,0.090314
120570114161,Hillsborough,0.103103,0.122925,0.103384,0.088015,0.096619,0.090461
120570114162,Hillsborough,0.099483,0.116708,0.098981,0.088153,0.093033,0.090475
120570114163,Hillsborough,0.106749,0.127566,0.108026,0.089195,0.096598,0.090388
120570114164,Hillsborough,0.107536,0.123048,0.108254,0.090037,0.099163,0.090545
120570114171,Hillsborough,0.097667,0.091469,0.100148,0.094479,0.102795,0.092186
120570114172,Hillsborough,0.095752,0.108715,0.097408,0.084533,0.089667,0.090709
120570114173,Hillsborough,0.098176,0.114044,0.098788,0.087054,0.090153,0.090614
120570114181,Hillsborough,0.080417,0.076034,0.080685,0.080173,0.086574,0.091305
120570114182,Hillsborough,0.085295,0.079207,0.084593,0.085287,0.098686,0.092019
120570114183,Hillsborough,0.093727,0.094819,0.098071,0.088323,0.082709,0.091107
120570115041,Hillsborough,0.077306,0.056838,0.082412,0.077101,0.074013,0.098873
120570115042,Hillsborough,0.080327,0.123363,0.077081,0.080489,0.080982,0.093561
120570115061,Hillsborough,0.071644,0.071131,0.066531,0.075878,0.073931,0.090743
120570115062,Hillsborough,0.071874,0.068735,0.067727,0.075858,0.074537,0.090449
120570115063,Hillsborough,0.079059,0.066023,0.081713,0.078789,0.080130,0.090525
120570115064,Hillsborough,0.068881,0.050512,0.070101,0.067218,0.078029,0.090598
120570115091,Hillsborough,0.073721,0.056906,0.071253,0.074953,0.078650,0.094453
120570115092,Hillsborough,0.078731,0.064387,0.080575,0.078476,0.079324,0.098874
120570115093,Hillsborough,0.080675,0.093207,0.086064,0.074927,0.083682,0.099908
120570115094,Hillsborough,,,,,,0.100275
120570115101,Hillsborough,0.085550,0.073363,0.086157,0.087167,0.084690,0.097662
120570115102,Hillsborough,0.087526,0.064123,0.088793,0.088450,0.092935,0.096371
120570115121,Hillsborough,0.074767,0.072938,0.073058,0.076704,0.074571,0.095777
120570115122,Hillsborough,0.076539,0.101427,0.074429,0.075662,0.079943,0.093764
120570115123,Hillsborough,0.063719,0.037793,0.065031,0.067749,0.065032,0.094501
120570115141,Hillsborough,0.078297,0.073373,0.072545,0.089011,0.072328,0.092896
120570115142,Hillsborough,0.067109,0.049857,0.066772,0.074119,0.068980,0.092320
120570115143,Hillsborough,0.075401,0.063364,0.074119,0.079025,0.085972,0.091667
120570115144,Hillsborough,0.071494,0.071042,0.073478,0.069691,0.069817,0.092918
120570115151,Hillsborough,0.084843,0.077181,0.083703,0.085816,0.098416,0.092419
120570115152,Hillsborough,0.081845,0.071585,0.082308,0.080941,0.096218,0.091598
120570115161,Hillsborough,0.080267,0.076315,0.079689,0.080270,0.089590,0.091283
120570115162,Hillsborough,0.081446,0.080563,0.080037,0.082124,0.089871,0.091545
120570115181,Hillsborough,0.074695,0.071830,0.074918,0.073472,0.077602,0.094677
120570115182,Hillsborough,0.074856,0.087572,0.075081,0.073593,0.076535,0.095246
120570115183,Hillsborough,0.072056,0.067551,0.069291,0.073684,0.079025,0.091337
120570115191,Hillsborough,0.079913,0.053667,0.085661,0.079939,0.080352,0.091233
120570115192,Hillsborough,0.087228,0.083512,0.088565,0.088768,0.081163,0.090025
120570115201,Hillsborough,0.080862,0.074396,0.082344,0.081777,0.078576,0.089813
120570115202,Hillsborough,0.082291,0.085277,0.081368,0.082097,0.082279,0.090342
120570115211,Hillsborough,0.068324,0.067435,0.065462,0.069405,0.069986,0.094031
120570115212,Hillsborough,0.068078,0.046377,0.069249,0.070951,0.068647,0.095872
120570115213,Hillsborough,0.074363,0.048871,0.070848,0.079407,0.071691,0.094186
120570115221,Hillsborough,0.085496,0.089268,0.088674,0.086291,0.074481,0.095456
120570115222,Hillsborough,0.079802,0.075122,0.083001,0.079231,0.073294,0.094232
120570115223,Hillsborough,0.080381,0.072566,0.080673,0.080682,0.084280,0.094307
120570115231,Hillsborough,0.076101,0.063277,0.077750,0.078609,0.070028,0.094132
120570115241,Hillsborough,0.083146,0.085505,0.081697,0.082344,0.088971,0.091755
120570115242,Hillsborough,0.074987,0.058843,0.075980,0.073246,0.086548,0.091096
120570115243,Hillsborough,0.083139,0.084317,0.081906,0.082151,0.089552,0.091787
120570115244,Hillsborough,0.080537,0.078025,0.079550,0.081125,0.088026,0.091790
120570115251,Hillsborough,0.079864,0.067303,0.083703,0.080125,0.080062,0.091449
120570115252,Hillsborough,0.081615,0.079462,0.078726,0.087565,0.081586,0.090104
120570115253,Hillsborough,0.080863,0.074785,0.080768,0.083343,0.079988,0.089765
120570115261,Hillsborough,0.082314,0.088731,0.081532,0.081743,0.079315,0.090394
120570115262,Hillsborough,0.082378,0.089437,0.080552,0.081083,0.082762,0.090580
120570115271,Hillsborough,0.062665,0.037128,0.061898,0.060599,0.071736,0.096413
120570115272,Hillsborough,0.076542,0.070911,0.079453,0.074909,0.078149,0.092665
120570115281,Hillsborough,0.077772,0.057226,0.081828,0.076887,0.080058,0.091344
120570115282,Hillsborough,0.067444,0.047705,0.067404,0.067206,0.076531,0.091294
120570115283,Hillsborough,0.072356,0.054556,0.075203,0.072913,0.077012,0.090913
120570116031,Hillsborough,0.088008,0.095924,0.087263,0.081163,0.092022,0.089787
120570116032,Hillsborough,0.089635,0.091009,0.092516,0.083350,0.092239,0.089495
120570116033,Hillsborough,0.086743,0.093359,0.086198,0.079856,0.091427,0.089810
120570116051,Hillsborough,0.094717,0.105769,0.089814,0.092142,0.094804,0.088879
120570116052,Hillsborough,0.089895,0.099093,0.088164,0.082206,0.094269,0.088748
120570116053,Hillsborough,0.093395,0.105205,0.092050,0.082108,0.097207,0.089385
120570116054,Hillsborough,0.086831,0.097248,0.082052,0.082459,0.092797,0.088855
120570116055,Hillsborough,0.094443,0.104699,0.091522,0.087505,0.098477,0.088933
120570116101,Hillsborough,0.090259,0.094424,0.090597,0.087588,0.087584,0.089846
120570116102,Hillsborough,0.084412,0.104039,0.080746,0.078610,0.084316,0.090131
120570116103,Hillsborough,0.089679,0.103832,0.086938,0.084518,0.089465,0.089881
120570116104,Hillsborough,0.090715,0.102280,0.086211,0.091669,0.090371,0.089460
120570116111,Hillsborough,0.112516,0.144615,0.107193,0.089568,0.103009,0.090078
120570116112,Hillsborough,0.089705,0.099770,0.088288,0.081900,0.092541,0.089697
120570116113,Hillsborough,0.088428,0.102411,0.084510,0.083551,0.090465,0.090152
120570116121,Hillsborough,0.096142,0.104272,0.095959,0.092989,0.094398,0.088985
120570116122,Hillsborough,0.094531,0.105867,0.094329,0.087874,0.093266,0.089281
120570116123,Hillsborough,0.094829,0.107253,0.093317,0.087823,0.094711,0.089557
120570116124,Hillsborough,0.092038,0.106673,0.089919,0.085045,0.091439,0.089812
120570116131,Hillsborough,0.093603,0.106418,0.087757,0.091521,0.094859,0.088930
120570116132,Hillsborough,0.091385,0.104099,0.088276,0.087132,0.091141,0.088581
120570116133,Hillsborough,0.092907,0.111589,0.087087,0.087280,0.090969,0.088620
120570116134,Hillsborough,0.087984,0.098777,0.083314,0.083840,0.093415,0.088724
120570116141,Hillsborough,0.090304,0.096287,0.089699,0.089907,0.084360,0.089245
120570116142,Hillsborough,0.091003,0.095001,0.090422,0.090205,0.089447,0.089008
120570116143,Hillsborough,0.090534,0.096252,0.089301,0.091183,0.088125,0.088424
120570116144,Hillsborough,0.090543,0.092928,0.091027,0.089862,0.084738,0.088975
120570116151,Hillsborough,0.090529,0.096494,0.089258,0.091016,0.088312,0.088580
120570116152,Hillsborough,0.089150,0.100602,0.083784,0.085979,0.089993,0.088700
120570116153,Hillsborough,0.088976,0.103354,0.088192,0.082602,0.086307,0.088360
120570116154,Hillsborough,0.089737,0.098876,0.086768,0.089615,0.088651,0.088670
120570116161,Hillsborough,0.091027,0.091191,0.094498,0.088613,0.085703,0.088881
120570116162,Hillsborough,0.092376,0.095721,0.091191,0.095140,0.086109,0.089216
120570116163,Hillsborough,0.083357,0.092956,0.081059,0.081428,0.082272,0.090003
120570116164,Hillsborough,0.089746,0.087969,0.091570,0.089435,0.085179,0.089077
120570116165,Hillsborough,0.090274,0.095562,0.087946,0.092129,0.086941,0.089645
120570116171,Hillsborough,0.088206,0.082481,0.089518,0.088414,0.088796,0.089522
120570116172,Hillsborough,0.090123,0.093420,0.091091,0.087645,0.085865,0.088577
120570116173,Hillsborough,0.089612,0.102209,0.089413,0.083154,0.086745,0.088583
120570117081,Hillsborough,0.079783,0.096312,0.071339,0.075648,0.083146,0.087938
120570117082,Hillsborough,0.076341,0.080946,0.071818,0.074054,0.085429,0.087503
120570117083,Hillsborough,0.079209,0.095161,0.074154,0.073346,0.083010,0.087599
120570117121,Hillsborough,0.090549,0.102645,0.085859,0.085869,0.092481,0.088442
120570117122,Hillsborough,0.084661,0.098169,0.085033,0.076269,0.082698,0.087464
120570117123,Hillsborough,0.087800,0.102096,0.084183,0.079943,0.089265,0.088174
120570117124,Hillsborough,0.084489,0.096766,0.084773,0.076579,0.084557,0.087556
120570117131,Hillsborough,0.088518,0.089749,0.091422,0.083568,0.084949,0.088240
120570117132,Hillsborough,0.086863,0.082130,0.089439,0.084930,0.085686,0.088744
120570117133,Hillsborough,0.087940,0.088587,0.090677,0.083028,0.084998,0.088461
120570117134,Hillsborough,0.088515,0.089563,0.091436,0.083281,0.085334,0.088363
120570117141,Hillsborough,0.089915,0.101939,0.090528,0.084007,0.084681,0.088195
120570117151,Hillsborough,0.088923,0.106460,0.084069,0.079499,0.089110,0.088038
120570117152,Hillsborough,0.088589,0.106196,0.082748,0.079572,0.091810,0.088079
120570117161,Hillsborough,0.086313,0.095043,0.082721,0.082593,0.090737,0.088568
120570117162,Hillsborough,0.083381,0.089241,0.080787,0.078800,0.095188,0.088727
120570117163,Hillsborough,0.079521,0.089179,0.074909,0.075806,0.084719,0.088192
120570118021,Hillsborough,0.110169,0.130336,0.097499,0.087519,0.103431,0.088962
120570118022,Hillsborough,0.101345,0.111173,0.099932,0.085603,0.105184,0.089153
120570118023,Hillsborough,0.108531,0.140702,0.099227,0.081634,0.097563,0.089211
120570118024,Hillsborough,0.120951,0.155242,0.114246,0.084691,0.101417,0.089542
120570118041,Hillsborough,0.106265,0.115850,0.109485,0.088374,0.097691,0.089949
120570118042,Hillsborough,0.100703,0.113365,0.099239,0.083645,0.100364,0.089542
120570118043,Hillsborough,0.098954,0.106640,0.098173,0.085131,0.104018,0.089345
120570118044,Hillsborough,0.112804,0.148682,0.107423,0.086103,0.091507,0.089792
120570118051,Hillsborough,0.106333,0.118043,0.105267,0.096244,0.101929,0.089594
120570118052,Hillsborough,0.107403,0.124292,0.107780,0.089629,0.095751,0.089867
120570118053,Hillsborough,0.108722,0.125331,0.110442,0.085561,0.094664,0.089991
120570118061,Hillsborough,0.109763,0.121621,0.109521,0.091862,0.104860,0.090082
120570118062,Hillsborough,0.106933,0.122961,0.108480,0.085072,0.096326,0.090065
120570118063,Hillsborough,0.106217,0.114972,0.108341,0.089085,0.102265,0.089995
120570119051,Hillsborough,0.105324,0.114355,0.102947,0.086368,0.107174,0.088818
120570119071,Hillsborough,0.108770,0.111614,0.114600,0.089472,0.105975,0.090053
120570119072,Hillsborough,0.134236,0.159043,0.138560,0.098161,0.107792,0.090110
120570119081,Hillsborough,0.123742,0.150936,0.118584,0.094938,0.108965,0.090223
120570119082,Hillsborough,0.127332,0.141100,0.132196,0.096267,0.110174,0.089997
120570119091,Hillsborough,0.116752,0.125833,0.122957,0.090193,0.103875,0.089978
120570119092,Hillsborough,0.116713,0.146780,0.108736,0.091359,0.106454,0.089756
120570119093,Hillsborough,0.142642,0.173138,0.140292,0.096945,0.114543,0.089238
120570119101,Hillsborough,0.109624,0.114250,0.111620,0.093964,0.110964,0.089448
120570119102,Hillsborough,0.115355,0.143328,0.109811,0.089901,0.107103,0.089455
120570119103,Hillsborough,0.119470,0.149539,0.113884,0.085616,0.107603,0.089263
120570119111,Hillsborough,0.106936,0.116023,0.107841,0.084002,0.106180,0.089063
120570119112,Hillsborough,0.148149,0.186966,0.145181,0.091799,0.110635,0.088990
120570119113,Hillsborough,0.100308,0.109723,0.096169,0.083694,0.104952,0.088709
120570120011,Hillsborough,0.131104,0.151786,0.128771,0.100922,0.096435,0.090234
120570120012,Hillsborough,0.147537,0.176044,0.137820,0.105686,0.115976,0.090015
120570120021,Hillsborough,0.144063,0.181562,0.131306,0.097164,0.094752,0.090485
120570120022,Hillsborough,0.162073,0.204288,0.150333,0.112501,0.100582,0.091068
120570120023,Hillsborough,0.149721,0.191403,0.128479,0.101114,0.098734,0.090810
120570121031,Hillsborough,0.145229,0.154785,0.151897,0.121934,0.099687,0.091452
120570121032,Hillsborough,0.137154,0.163307,0.126470,0.111025,0.095383,0.090975
120570121033,Hillsborough,0.142881,0.164701,0.146940,0.115637,0.099689,0.091203
120570121061,Hillsborough,0.167162,0.203072,0.173271,0.144570,0.120828,0.092093
120570121062,Hillsborough,0.162939,0.211155,0.168048,0.136847,0.116352,0.091679
120570121063,Hillsborough,0.144024,0.162530,0.158391,0.123811,0.110239,0.091867
120570121071,Hillsborough,0.145894,0.202329,0.134981,0.120203,0.092890,0.091604
120570121072,Hillsborough,0.141449,0.176471,0.136282,0.122891,0.105165,0.092445
120570121073,Hillsborough,0.139837,0.168694,0.133447,0.122822,0.106986,0.092425
120570121081,Hillsborough,0.133869,0.170876,0.134576,0.114206,0.095873,0.092486
120570121082,Hillsborough,0.152562,0.201896,0.153827,0.125387,0.106889,0.091491
120570121091,Hillsborough,0.166689,0.188477,0.170859,0.136851,0.116978,0.091701
120570121092,Hillsborough,0.142057,0.150525,0.144918,0.134482,0.104630,0.091940
120570121101,Hillsborough,0.144674,0.169276,0.141070,0.130187,0.107758,0.092157
120570121102,Hillsborough,0.142255,0.169917,0.133719,0.132779,0.106978,0.092090
120570122061,Hillsborough,0.145213,0.180767,0.136659,0.122388,0.105908,0.092093
120570122062,Hillsborough,0.151303,0.211911,0.137634,0.120870,0.106913,0.092684
120570122063,Hillsborough,0.157082,0.235263,0.141400,0.121186,0.109819,0.092761
120570122064,Hillsborough,0.136063,0.190445,0.117540,0.114975,0.105457,0.092626
120570122071,Hillsborough,0.142488,0.194107,0.134128,0.115897,0.108375,0.092676
120570122072,Hillsborough,0.133523,0.150679,0.140558,0.115144,0.110121,0.092388
120570122073,Hillsborough,0.142129,0.195524,0.138589,0.110139,0.110240,0.092741
120570122074,Hillsborough,0.131350,0.173986,0.126349,0.110298,0.108145,0.092674
120570122075,Hillsborough,0.141903,0.203494,0.130362,0.109183,0.107354,0.093154
120570122081,Hillsborough,0.121647,0.124890,0.135050,0.103551,0.106509,0.092738
120570122082,Hillsborough,0.156185,0.293425,0.137577,0.100165,0.092527,0.093166
120570122083,Hillsborough,0.156901,0.310216,0.145589,0.100385,0.096866,0.093059
120570122091,Hillsborough,0.135948,0.110601,0.153297,0.120553,0.117781,0.092650
120570122092,Hillsborough,0.112791,0.061915,0.139284,0.096156,0.103261,0.093992
120570122101,Hillsborough,0.124918,0.191364,0.126091,0.091910,0.087133,0.094218
120570122102,Hillsborough,0.125241,0.197134,0.123670,0.090394,0.087392,0.094043
120570122111,Hillsborough,0.122184,0.158731,0.107864,0.116430,0.108203,0.091862
120570122121,Hillsborough,0.124112,0.182217,0.110373,0.084880,0.073963,0.093056
120570122122,Hillsborough,0.123983,0.179975,0.112586,0.083303,0.074579,0.093220
120570122131,Hillsborough,0.140561,0.152946,0.144934,0.121098,0.101610,0.091945
120570122132,Hillsborough,0.142185,0.181919,0.138759,0.106412,0.097517,0.092642
120570123011,Hillsborough,0.201462,0.423774,0.118125,0.085206,0.079130,0.093272
120570123012,Hillsborough,0.154836,0.296330,0.126305,0.094143,0.090633,0.093506
120570123013,Hillsborough,0.173499,0.347077,0.102128,0.088040,0.082410,0.093934
120570123014,Hillsborough,0.154239,0.308951,0.091576,0.084875,0.076935,0.093578
120570123031,Hillsborough,0.153358,0.249882,0.124566,0.103771,0.093678,0.093680
120570123032,Hillsborough,0.158770,0.274744,0.120379,0.098830,0.091810,0.094016
120570123033,Hillsborough,0.157367,0.310352,0.114441,0.089757,0.084733,0.094103
120570123041,Hillsborough,0.153334,0.288257,0.124266,0.096891,0.088895,0.093893
120570123042,Hillsborough,0.157217,0.311172,0.125530,0.098182,0.089323,0.093952
120570123043,Hillsborough,0.132247,0.236846,0.113819,0.088381,0.083456,0.094082
120570124011,Hillsborough,0.159960,0.201440,0.179074,0.133063,0.124534,0.092041
120570124012,Hillsborough,0.143921,0.182425,0.161145,0.118756,0.117089,0.091877
120570124013,Hillsborough,0.132366,0.153071,0.170311,0.104630,0.105638,0.093756
120570124014,Hillsborough,0.146276,0.151991,0.163179,0.128300,0.119695,0.093219
120570124021,Hillsborough,0.139887,0.128609,0.157096,0.125223,0.118162,0.093080
120570124022,Hillsborough,0.148557,0.153459,0.165922,0.138028,0.128414,0.094457
120570124031,Hillsborough,0.121355,0.148693,0.152104,0.097162,0.092675,0.095948
120570124032,Hillsborough,0.115708,0.108242,0.146073,0.101917,0.095437,0.097399
120570124033,Hillsborough,0.116786,0.126445,0.147616,0.102800,0.096363,0.097918
120570125011,Hillsborough,0.116862,0.125440,0.129914,0.102555,0.114648,0.093085
120570125012,Hillsborough,0.137042,0.135806,0.149757,0.137757,0.119461,0.097189
120570125013,Hillsborough,0.145366,0.132548,0.169528,0.137218,0.119394,0.094744
120570125031,Hillsborough,0.141628,0.102187,0.177135,0.147740,0.124205,0.097092
120570125032,Hillsborough,0.111201,0.095702,0.132326,0.107179,0.107443,0.096207
120570125033,Hillsborough,0.115315,0.117523,0.135675,0.116821,0.098997,0.097893
120570125041,Hillsborough,0.131245,0.130400,0.148207,0.127390,0.118025,0.097624
120570126001,Hillsborough,0.118031,0.115937,0.140399,0.111020,0.113654,0.095940
120570126002,Hillsborough,0.118099,0.104312,0.140285,0.111637,0.111949,0.095627
120570126003,Hillsborough,0.115931,0.109802,0.137082,0.110503,0.109632,0.095920
120570126004,Hillsborough,0.112153,0.099243,0.136569,0.109333,0.100264,0.096315
120570127011,Hillsborough,0.114103,0.100573,0.133372,0.104114,0.112095,0.094541
120570127012,Hillsborough,0.114129,0.125372,0.133503,0.100328,0.109194,0.094830
120570127013,Hillsborough,0.157760,0.130748,0.183655,0.148077,0.131510,0.093482
120570127014,Hillsborough,0.160569,0.148298,0.189454,0.149995,0.133336,0.094181
120570127021,Hillsborough,0.119166,0.105621,0.142613,0.110341,0.118205,0.096020
120570127022,Hillsborough,0.124730,0.120230,0.145068,0.119141,0.117149,0.095856
120570127023,Hillsborough,0.120624,0.115529,0.140216,0.110847,0.120881,0.095495
120570128001,Hillsborough,0.111422,0.099388,0.134182,0.105521,0.114499,0.095453
120570128002,Hillsborough,0.126654,0.124618,0.145843,0.122282,0.119012,0.095502
120570129001,Hillsborough,0.126435,0.131611,0.146068,0.121363,0.116961,0.095622
120570129002,Hillsborough,0.107589,0.118601,0.110944,0.112089,0.095018,0.096322
120570130011,Hillsborough,0.104467,0.076748,0.099091,0.127980,0.094503,0.091352
120570130021,Hillsborough,0.105622,0.111670,0.112421,0.110983,0.093501,0.096088
120570130022,Hillsborough,0.104407,0.095749,0.109131,0.115889,0.091492,0.097791
120570130023,Hillsborough,0.121632,0.127315,0.136654,0.125774,0.107140,0.097266
120570130031,Hillsborough,0.121278,0.136961,0.158406,0.118177,0.101104,0.098068
120570130032,Hillsborough,0.127292,0.148632,0.156653,0.115522,0.104961,0.100128
120570130041,Hillsborough,0.150691,0.157353,0.178302,0.150451,0.127748,0.100738
120570130042,Hillsborough,0.126316,0.130698,0.138223,0.143852,0.106914,0.100297
120570130043,Hillsborough,0.131815,0.148151,0.138559,0.145659,0.114458,0.099937
120570131001,Hillsborough,0.131840,,0.137052,0.152041,0.114744,0.101289
120570131002,Hillsborough,0.139713,,0.152744,0.157011,0.124532,0.102948
120570132031,Hillsborough,0.119212,0.180053,0.114921,0.090236,0.083963,0.094121
120570132032,Hillsborough,0.121450,0.170594,0.126792,0.093333,0.084242,0.094374
120570132041,Hillsborough,0.120593,0.164360,0.127128,0.093184,0.088154,0.094348
120570132051,Hillsborough,0.128758,0.207994,0.124775,0.093619,0.080736,0.094477
120570132052,Hillsborough,0.127695,0.220323,0.129389,0.094594,0.084978,0.094531
120570132053,Hillsborough,0.124781,0.200315,0.130652,0.092888,0.086859,0.094530
120570132054,Hillsborough,0.110100,0.141611,0.129278,0.092599,0.086454,0.095699
120570132061,Hillsborough,,,,,,
120570132062,Hillsborough,0.113756,0.156970,0.134599,0.092996,0.080357,0.095453
120570132063,Hillsborough,0.113435,0.149491,0.134477,0.093119,0.079823,0.096280
120570132064,Hillsborough,,,,,,
120570132071,Hillsborough,0.112239,0.071932,0.148771,0.098780,0.091109,0.096552
120570132072,Hillsborough,0.108538,0.077497,0.145086,0.098441,0.085785,0.096366
120570132081,Hillsborough,0.111513,0.141327,0.132402,0.094130,0.079612,0.096342
120570132082,Hillsborough,0.119937,0.108210,0.158011,0.107625,0.092318,0.096711
120570133051,Hillsborough,0.125126,0.202117,0.111983,0.090075,0.079539,0.094458
120570133052,Hillsborough,0.133451,0.232781,0.124065,0.096558,0.079876,0.095944
120570133071,Hillsborough,0.140416,0.274974,0.080604,0.080235,0.073791,0.093698
120570133072,Hillsborough,0.538386,1.292154,0.361839,0.232710,0.171929,0.094207
120570133073,Hillsborough,0.154548,0.371270,0.080469,0.095981,0.067677,0.094170
120570133101,Hillsborough,0.104347,0.179831,0.087089,0.081770,0.066183,0.094760
120570133102,Hillsborough,0.113005,0.223123,0.080448,0.085568,0.066090,0.094842
120570133111,Hillsborough,0.244557,0.442858,0.200977,0.153799,0.127568,0.094084
120570133112,Hillsborough,0.134812,0.231516,0.113503,0.091048,0.084655,0.094353
120570133113,Hillsborough,0.131687,0.223197,0.113035,0.090761,0.084814,0.094273
120570133121,Hillsborough,0.129633,0.227210,0.113250,0.088252,0.083791,0.093959
120570133122,Hillsborough,0.125359,0.211834,0.116571,0.089965,0.079613,0.094044
120570133123,Hillsborough,0.124711,0.206371,0.111723,0.088748,0.079485,0.094270
120570133131,Hillsborough,0.264283,0.419717,0.256203,0.180220,0.104410,0.094776
120570133132,Hillsborough,0.870036,1.864861,0.675586,0.427390,0.264143,0.094932
120570133133,Hillsborough,0.237638,0.349767,0.242030,0.171019,0.099334,0.094620
120570133141,Hillsborough,0.264949,0.401226,0.266697,0.183316,0.113666,0.095914
120570133142,Hillsborough,0.122188,0.194808,0.113209,0.092376,0.077621,0.095812
120570133151,Hillsborough,0.100789,0.122892,0.096933,0.064714,0.065225,0.092655
120570133152,Hillsborough,0.137365,0.174309,0.123794,0.078977,0.080902,0.092848
120570133161,Hillsborough,0.113895,0.194877,0.078541,0.072758,0.072274,0.093855
120570133162,Hillsborough,0.115672,0.194421,0.085948,0.072739,0.074367,0.093624
120570133171,Hillsborough,0.100595,0.131058,0.083529,0.069321,0.070366,0.093542
120570133172,Hillsborough,0.097854,0.122198,0.082642,0.067052,0.068606,0.093813
120570133191,Hillsborough,0.103886,0.173565,0.092550,0.068946,0.069662,0.095040
120570133192,Hillsborough,,,,,,
120570133193,Hillsborough,0.090398,0.135664,0.075528,0.083657,0.067833,0.094057
120570133201,Hillsborough,0.103576,0.174074,0.089506,0.074542,0.066543,0.095261
120570133221,Hillsborough,0.107739,0.179383,0.093466,0.076673,0.068309,0.095476
120570133222,Hillsborough,0.994448,1.995875,0.828310,0.529498,0.343855,0.095426
120570133223,Hillsborough,0.257304,0.649913,0.152375,0.111893,0.080648,0.096144
120570133224,Hillsborough,1.097411,1.995672,1.015777,0.651985,0.459494,0.095764
120570133231,Hillsborough,0.155567,0.320710,0.080831,0.092774,0.067839,0.094280
120570133232,Hillsborough,0.133641,0.296467,0.081526,0.094955,0.067840,0.094468
120570133233,Hillsborough,0.726361,1.654459,0.558806,0.326634,0.201904,0.094566
120570133234,Hillsborough,0.096609,0.144580,0.076322,0.072592,0.071575,0.094145
120570133235,Hillsborough,0.143065,0.322123,0.096423,0.091911,0.067481,0.094528
120570134061,Hillsborough,0.796571,2.154874,0.460550,0.298631,0.194837,0.096028
120570134071,Hillsborough,0.762062,1.922736,0.639074,0.311661,0.202524,0.095851
120570134072,Hillsborough,0.344927,0.843291,0.339417,0.103214,0.083414,0.095892
120570134073,Hillsborough,0.331570,0.602950,0.436215,0.107778,0.084316,0.096937
120570134074,Hillsborough,0.320470,0.642461,0.442933,0.121387,0.095206,0.095798
120570134091,Hillsborough,0.130071,0.213946,0.127078,0.101831,0.082925,0.096006
120570134092,Hillsborough,0.120118,0.170904,0.124333,0.101629,0.081870,0.096254
120570134093,Hillsborough,0.123088,0.168714,0.147401,0.103388,0.086077,0.096322
120570134101,Hillsborough,0.111768,0.189195,0.101733,0.068916,0.071005,0.096649
120570134102,Hillsborough,0.103517,0.168503,0.092307,0.069369,0.069872,0.095559
120570134111,Hillsborough,0.122533,0.204708,0.116211,0.079424,0.074152,0.096530
120570134121,Hillsborough,0.108686,0.138361,0.124368,0.094603,0.070113,0.097623
120570134122,Hillsborough,0.109174,0.152170,0.125792,0.072660,0.070504,0.098082
120570134131,Hillsborough,0.108210,0.170125,0.126343,0.076951,0.069238,0.097504
120570134141,Hillsborough,0.286332,0.584541,0.311742,0.104398,0.085232,0.096128
120570134142,Hillsborough,0.290164,0.493551,0.377477,0.107384,0.086164,0.096225
120570134143,Hillsborough,0.130635,0.229243,0.146036,0.103132,0.083285,0.096727
120570134144,Hillsborough,0.279913,0.451689,0.378327,0.104085,0.083034,0.096723
120570134151,Hillsborough,0.285111,0.131654,0.658116,0.110943,0.084554,0.097449
120570134152,Hillsborough,0.280831,0.350657,0.555192,0.105696,0.083126,0.097454
120570135011,Hillsborough,0.117661,0.134896,0.116205,0.087352,0.090378,0.090750
120570135012,Hillsborough,0.130797,0.157991,0.128380,0.088227,0.088633,0.090870
120570135031,Hillsborough,0.201364,0.265558,0.176038,0.131494,0.114039,0.091294
120570135032,Hillsborough,0.125532,0.167983,0.097820,0.092555,0.077619,0.091628
120570135033,Hillsborough,0.207454,0.271001,0.182996,0.135412,0.118985,0.091758
120570135041,Hillsborough,0.167166,0.207094,0.162360,0.114948,0.112619,0.092159
120570135042,Hillsborough,0.144540,0.191357,0.127024,0.106171,0.088115,0.092579
120570135043,Hillsborough,0.135597,0.176800,0.120967,0.086129,0.089322,0.092885
120570135051,Hillsborough,0.086142,0.108019,0.069544,0.059266,0.068028,0.092770
120570135052,Hillsborough,0.135556,0.186441,0.106309,0.099866,0.082871,0.092066
120570135053,Hillsborough,0.139518,0.185539,0.119102,0.090629,0.087100,0.092406
120570136021,Hillsborough,0.116740,0.122500,0.123147,0.099441,0.090898,0.092362
120570136022,Hillsborough,0.120960,0.150929,0.122156,0.110132,0.089815,0.093713
120570136041,Hillsborough,0.123006,0.124662,0.133129,0.101255,0.092303,0.093171
120570137021,Hillsborough,0.131541,0.150680,0.140734,0.106965,0.096444,0.094636
120570137022,Hillsborough,0.124012,0.169708,0.122012,0.101977,0.092477,0.094746
120570137023,Hillsborough,0.097056,0.130321,0.102061,0.080881,0.064454,0.095132
120570137024,Hillsborough,0.149452,0.179845,0.162754,0.132640,0.105230,0.096309
120570137031,Hillsborough,0.095763,0.158835,0.075416,0.067681,0.066839,0.093406
120570137032,Hillsborough,0.095656,0.150398,0.078436,0.067580,0.067732,0.093848
120570137033,Hillsborough,0.099317,0.142622,0.100030,0.082887,0.062937,0.094847
120570137051,Hillsborough,0.100787,0.163053,0.098087,0.065962,0.067317,0.096036
120570137052,Hillsborough,0.114672,0.162955,0.128710,0.073907,0.070799,0.096908
120570137053,Hillsborough,0.100822,0.150852,0.105343,0.066627,0.067021,0.096019
120570137054,Hillsborough,0.100347,0.164669,0.089362,0.067805,0.068839,0.095061
120570137061,Hillsborough,0.100474,0.168641,0.089802,0.070266,0.068590,0.095047
120570137062,Hillsborough,0.099201,0.147611,0.085651,0.063640,0.068015,0.095208
120570138011,Hillsborough,0.168464,0.165333,0.188805,0.159327,0.122664,0.098282
120570138012,Hillsborough,0.167137,0.221676,0.180751,0.143371,0.114680,0.097040
120570138021,Hillsborough,0.180482,0.261797,0.191869,0.139697,0.119879,0.097045
120570138022,Hillsborough,0.120930,0.192812,0.127264,0.071793,0.070319,0.098238
120570138031,Hillsborough,0.178583,0.261090,0.190833,0.139827,0.120340,0.096959
120570138041,Hillsborough,0.142396,0.149640,0.165130,0.133477,0.102713,0.100948
120570138042,Hillsborough,0.152728,0.203401,0.164361,0.137002,0.112931,0.096873
120570138043,Hillsborough,0.153607,0.200219,0.171155,0.129793,0.113321,0.096573
120570138061,Hillsborough,0.099923,0.155006,0.112439,0.064013,0.063251,0.097987
120570138071,Hillsborough,0.121825,0.147219,0.144998,0.089357,0.080963,0.100807
120570138072,Hillsborough,0.122042,0.150724,0.146292,0.091232,0.081250,0.100688
120570139031,Hillsborough,0.151091,,0.176104,0.164116,0.133959,0.108784
120570139032,Hillsborough,0.197848,,,0.240430,0.197385,0.170655
120570139071,Hillsborough,0.224960,,0.277786,0.245791,0.198763,0.123907
120570139072,Hillsborough,0.254526,,0.264152,0.284888,0.235811,0.132681
120570139121,Hillsborough,0.139937,0.199566,0.182016,0.118064,0.097051,0.101030
120570139122,Hillsborough,0.174213,0.281935,0.222655,0.162149,0.123436,0.103611
120570139131,Hillsborough,0.167205,0.066620,0.283499,0.157193,0.118486,0.109839
120570139132,Hillsborough,0.225850,0.200213,0.343558,0.225330,0.171072,0.115727
120570139133,Hillsborough,0.201035,0.218017,0.350018,0.190616,0.137501,0.113068
120570139141,Hillsborough,0.276858,0.419663,0.435413,0.283038,0.212035,0.116493
120570139142,Hillsborough,0.241018,0.259890,0.387837,0.232074,0.175445,0.115779
120570139151,Hillsborough,0.120334,0.131697,0.159395,0.093355,0.081560,0.102373
120570139152,Hillsborough,0.137027,0.196724,0.172374,0.106655,0.091207,0.100383
120570139153,Hillsborough,0.126130,0.132342,0.188295,0.098766,0.083509,0.103230
120570139161,Hillsborough,0.156031,0.250921,0.225694,0.119212,0.094847,0.103957
120570139162,Hillsborough,0.128012,0.131245,0.175783,0.103433,0.083949,0.104165
120570139163,Hillsborough,0.124291,0.079836,0.182810,0.109772,0.089011,0.104557
120570139171,Hillsborough,0.185279,0.229109,0.249356,0.158556,0.125899,0.103575
120570139172,Hillsborough,0.129234,0.142722,0.197669,0.100602,0.083791,0.103680
120570139173,Hillsborough,0.115248,0.153890,0.146528,0.093117,0.081967,0.102253
120570139181,Hillsborough,,,,,,0.092259
120570139182,Hillsborough,0.140790,0.218818,0.170773,0.111423,0.093857,0.099930
120570139191,Hillsborough,0.146479,0.187618,0.174636,0.101958,0.090529,0.098666
120570139192,Hillsborough,0.144433,0.140704,0.180934,0.105677,0.090377,0.098541
120570139193,Hillsborough,0.205891,0.108878,0.387727,0.122067,0.093132,0.099636
120570139194,Hillsborough,0.207849,0.108484,0.383774,0.118464,0.090540,0.099318
120570139221,Hillsborough,0.182445,0.097135,0.332011,0.125015,0.095027,0.100158
120570139222,Hillsborough,0.121152,0.109112,0.150190,0.116180,0.090912,0.099354
120570139223,Hillsborough,0.182443,0.097911,0.332067,0.125595,0.095191,0.100450
120570139231,Hillsborough,0.123658,0.105256,0.147167,0.128404,0.095809,0.100753
120570139232,Hillsborough,0.191506,0.109986,0.356730,0.129895,0.101719,0.100779
120570139241,Hillsborough,0.122704,0.177248,0.144463,0.090201,0.081274,0.100366
120570139251,Hillsborough,0.123506,0.173899,0.142273,0.080413,0.076137,0.098219
120570139252,Hillsborough,0.121410,0.167415,0.139767,0.083914,0.079521,0.098506
120570139253,Hillsborough,0.140125,0.195571,0.160084,0.105084,0.092278,0.098523
120570139261,Hillsborough,0.163418,,0.135188,0.199089,0.149784,0.113333
120570139262,Hillsborough,0.124099,0.115618,0.150446,0.121526,0.095238,0.100737
120570139263,Hillsborough,0.121888,0.119663,0.154957,0.111539,0.089705,0.097926
120570140021,Hillsborough,0.177967,0.105924,0.377983,0.207772,0.150398,0.121888
120570140022,Hillsborough,0.164566,0.724095,0.229195,0.159756,0.140561,0.112381
120570140031,Hillsborough,0.294148,0.456630,0.456498,0.330972,0.232271,0.119888
120570140071,Hillsborough,0.193261,,0.336365,0.180941,0.131146,0.107591
120570140081,Hillsborough,0.209653,0.377934,0.335737,0.188565,0.143870,0.118512
120570140082,Hillsborough,0.151466,0.392472,0.304247,0.119424,0.080314,0.116041
120570140091,Hillsborough,0.127542,0.774404,0.143440,0.090237,0.070553,0.109101
120570140101,Hillsborough,0.141038,0.472445,0.224695,0.097402,0.075499,0.113237
120570140102,Hillsborough,0.155406,0.399582,0.305456,0.120294,0.079057,0.114709
120570140111,Hillsborough,0.144620,0.420235,0.314391,0.103209,0.076494,0.113007
120570140112,Hillsborough,0.148574,0.436623,0.336437,0.104939,0.077580,0.112771
120570140113,Hillsborough,0.149348,0.466418,0.333045,0.105766,0.077949,0.113004
120570140121,Hillsborough,0.150592,0.449024,0.343990,0.105766,0.077947,0.112756
120570140122,Hillsborough,0.171580,0.499919,0.390414,0.150182,0.101859,0.110600
120570140131,Hillsborough,0.202486,0.785225,0.324529,0.159294,0.120906,0.105849
120570140141,Hillsborough,0.143260,0.470419,0.294885,0.098829,0.075803,0.112414
120570140142,Hillsborough,0.152338,0.388107,0.312502,0.117593,0.078540,0.114220
120570140171,Hillsborough,0.232245,0.466340,0.387408,0.206919,0.153923,0.116613
120570141041,Hillsborough,0.194922,0.515876,0.311362,0.194442,0.169500,0.114652
120570141061,Hillsborough,0.131191,0.146437,0.132066,0.134593,0.118374,0.099906
120570141062,Hillsborough,0.130806,0.123877,0.136879,0.133485,0.113810,0.101840
120570141081,Hillsborough,0.518697,3.396531,0.542340,0.302695,0.272469,0.108772
120570141082,Hillsborough,0.435869,2.100640,0.477547,0.278916,0.285098,0.109345
120570141083,Hillsborough,0.163888,0.547579,0.166746,0.132943,0.128639,0.109411
120570141091,Hillsborough,0.113510,0.363546,0.137167,0.091445,0.070053,0.108123
120570141092,Hillsborough,0.164618,0.492323,0.186678,0.144767,0.132864,0.110533
120570141093,Hillsborough,0.171332,0.599473,0.205311,0.140615,0.133388,0.109403
120570141171,Hillsborough,0.164666,0.225896,0.209465,0.156181,0.137064,0.101215
120570141172,Hillsborough,0.164947,0.229412,0.210076,0.156268,0.136945,0.101270
120570141181,Hillsborough,0.127827,0.137758,0.126305,0.130303,0.119607,0.102036
120570141182,Hillsborough,0.129447,0.099665,0.149194,0.126755,0.126521,0.102740
120570141191,Hillsborough,0.142018,0.150900,0.161877,0.126663,0.101483,0.101074
120570141192,Hillsborough,0.162164,0.355621,0.232911,0.127159,0.132722,0.103057
120570141211,Hillsborough,0.182599,1.099815,0.132339,0.116811,0.125477,0.107953
120570141212,Hillsborough,0.134527,0.577080,0.138440,0.115645,0.123435,0.106387
120570141221,Hillsborough,0.233485,1.496757,0.215222,0.119138,0.165684,0.108446
120570141222,Hillsborough,0.489934,2.147903,0.548267,0.350312,0.301339,0.108702
120570142001,Hillsborough,0.101100,0.118477,0.081206,0.078624,0.106178,0.087955
120570142002,Hillsborough,0.097813,0.117180,0.078796,0.078700,0.106037,0.087893
120570142003,Hillsborough,0.113999,0.134553,0.093553,0.089277,0.109553,0.088134
120570142004,Hillsborough,0.090937,0.096011,0.089396,0.074436,0.100535,0.088443
120570143001,Hillsborough,0.227310,,0.322635,0.236573,0.215698,0.104918
120570143002,Hillsborough,0.113835,0.082805,0.115631,0.115324,0.109860,0.099399
120570143003,Hillsborough,0.133276,0.091669,0.153984,0.130490,0.124650,0.095460
120570144001,Hillsborough,0.081555,0.067273,0.087564,0.079008,0.082124,0.091430
120570144002,Hillsborough,0.085318,0.069960,0.087670,0.087538,0.084380,0.090565
120579801001,Hillsborough,0.073418,0.069371,0.074369,0.070864,0.078187,0.089256
120579802001,Hillsborough,0.072658,0.146864,0.065694,0.076189,0.068512,0.084614
120579803001,Hillsborough,,,,,,
120579804001,Hillsborough,0.217269,,0.263649,0.221132,0.194483,0.104331
120579805001,Hillsborough,0.088526,0.090895,0.090624,0.085234,0.084609,0.088188
120579806001,Hillsborough,,,,,,0.216592
120579807001,Hillsborough,0.084227,0.082002,0.085331,0.081268,0.089306,0.092795
120579900000,Hillsborough,0.065096,0.105924,0.066815,0.062158,0.068678,0.082768
120579901000,Hillsborough,0.085011,0.182028,0.081093,0.087982,0.077856,0.085838
121030201051,Pinellas,0.079354,0.109147,0.082516,0.061527,0.063265,0.095175
121030201052,Pinellas,0.088034,0.124821,0.091713,0.066634,0.066502,0.095099
121030201053,Pinellas,0.109286,0.165584,0.120773,0.076853,0.073243,0.095085
121030201061,Pinellas,0.085687,0.096031,0.099597,0.082285,0.066540,0.093474
121030201062,Pinellas,0.097498,,0.097252,0.100869,0.092329,0.085447
121030201063,Pinellas,0.077409,0.070044,0.088333,0.079117,0.064619,0.092347
121030201071,Pinellas,0.086261,0.132069,0.089312,0.069091,0.065382,0.094378
121030201072,Pinellas,0.087411,0.121230,0.091343,0.067050,0.066914,0.094472
121030201081,Pinellas,0.088950,0.106048,0.102717,0.081112,0.065632,0.094020
121030201082,Pinellas,0.091222,0.117194,0.105753,0.077072,0.065322,0.094032
121030201083,Pinellas,0.089594,0.110131,0.103577,0.078023,0.065919,0.093904
121030201091,Pinellas,0.108997,0.167862,0.105649,0.067412,0.066862,0.095879
121030201092,Pinellas,0.108365,0.164491,0.113905,0.070562,0.068680,0.095327
121030201093,Pinellas,0.116324,0.174198,0.113758,0.075620,0.068894,0.096503
121030201101,Pinellas,0.129828,0.170033,0.146134,0.093368,0.079549,0.097423
121030202011,Pinellas,0.134481,0.283556,0.121255,0.073997,0.068365,0.095103
121030202012,Pinellas,0.106442,0.167695,0.113551,0.072640,0.069593,0.095046
121030202013,Pinellas,0.100192,0.148553,0.103457,0.068701,0.067397,0.094576
121030202021,Pinellas,0.190349,0.307374,0.201513,0.153540,0.123047,0.095819
121030202022,Pinellas,0.205915,0.362647,0.198361,0.148040,0.118591,0.095556
121030202023,Pinellas,0.222051,0.392534,0.228957,0.165473,0.130984,0.095471
121030202061,Pinellas,0.089269,0.124862,0.093830,0.068159,0.067542,0.095303
121030202062,Pinellas,0.096654,0.150945,0.097590,0.069384,0.068797,0.095595
121030202071,Pinellas,0.070282,0.081486,0.076947,0.060220,0.062252,0.094324
121030202072,Pinellas,0.079233,0.106875,0.083723,0.062680,0.064156,0.095725
121030202081,Pinellas,0.130983,0.284376,0.114532,0.071546,0.068669,0.095215
121030202082,Pinellas,0.224429,0.414143,0.212619,0.154547,0.123394,0.095564
121030202091,Pinellas,0.117019,0.249903,0.134398,0.071386,0.058954,0.095248
121030202092,Pinellas,0.128722,0.278079,0.120559,0.074201,0.069278,0.095433
121030202093,Pinellas,0.156713,0.364859,0.144172,0.080399,0.066363,0.095452
121030202094,Pinellas,0.149650,0.337406,0.163768,0.084211,0.065880,0.095341
121030202095,Pinellas,0.152348,0.342156,0.165649,0.084962,0.065994,0.095715
121030203011,Pinellas,0.178144,0.335537,0.166427,0.097569,0.086544,0.095478
121030203012,Pinellas,0.170386,0.319999,0.156340,0.109750,0.094943,0.095502
121030203013,Pinellas,0.209759,0.371658,0.208744,0.131328,0.110212,0.095535
121030203014,Pinellas,0.183372,0.347258,0.166434,0.098157,0.087760,0.095618
121030203015,Pinellas,0.195413,0.357561,0.182603,0.111175,0.096634,0.095719
121030203021,Pinellas,0.185459,0.363319,0.202507,0.125444,0.086270,0.094873
121030203022,Pinellas,0.180365,0.360213,0.186690,0.114271,0.085163,0.095129
121030203023,Pinellas,0.178291,0.349358,0.175065,0.104030,0.087134,0.095278
121030204001,Pinellas,0.144327,0.257089,0.140477,0.083612,0.077270,0.095246
121030204002,Pinellas,0.138694,0.239025,0.135860,0.079889,0.074978,0.094922
121030204003,Pinellas,0.143717,0.250530,0.136975,0.081255,0.076451,0.095272
121030205001,Pinellas,0.134158,0.228131,0.132676,0.074435,0.071149,0.095154
121030205002,Pinellas,0.154543,0.270192,0.161401,0.078418,0.073547,0.095449
121030205003,Pinellas,0.158994,0.297447,0.139598,0.083756,0.077615,0.095511
121030205004,Pinellas,0.157756,0.301198,0.137091,0.081361,0.075895,0.095539
121030206001,Pinellas,0.226238,0.370640,0.221101,0.138919,0.116146,0.095860
121030206002,Pinellas,0.155333,0.308516,0.119704,0.077011,0.073459,0.095775
121030206003,Pinellas,0.167944,0.321788,0.142062,0.085920,0.079074,0.095705
121030206004,Pinellas,0.177365,0.349646,0.134725,0.086953,0.080670,0.095925
121030207001,Pinellas,0.103922,0.154592,0.104321,0.064553,0.064569,0.095732
121030207002,Pinellas,0.123907,0.214406,0.107908,0.067616,0.066682,0.095650
121030207003,Pinellas,0.121797,0.219425,0.101592,0.067011,0.066503,0.095575
121030207004,Pinellas,0.124522,0.221393,0.105352,0.067445,0.067182,0.095628
121030208001,Pinellas,0.182717,0.292557,0.163671,0.101732,0.087427,0.098864
121030208002,Pinellas,0.138766,0.204125,0.148733,0.085100,0.073151,0.097540
121030208003,Pinellas,0.163354,0.253310,0.164053,0.095264,0.080395,0.097736
121030208004,Pinellas,0.163047,0.245528,0.164227,0.100342,0.084468,0.098429
121030208005,Pinellas,0.171516,0.263357,0.171709,0.103221,0.087703,0.097952
121030208006,Pinellas,0.142082,0.202908,0.158175,0.090501,0.076975,0.096752
121030212001,Pinellas,0.170879,0.330811,0.143744,0.073326,0.069742,0.095531
121030212002,Pinellas,0.214090,0.373259,0.189633,0.111579,0.096701,0.095548
121030212003,Pinellas,0.218834,0.374242,0.212320,0.122399,0.104486,0.095634
121030212004,Pinellas,0.178985,0.374330,0.134238,0.080002,0.075467,0.095644
121030215011,Pinellas,0.112739,0.179475,0.118900,0.071403,0.068241,0.094758
121030215012,Pinellas,0.123728,0.200801,0.115849,0.071680,0.068788,0.095185
121030215021,Pinellas,0.120893,0.197412,0.108766,0.066661,0.065446,0.095241
121030215022,Pinellas,0.121551,0.199738,0.106591,0.066613,0.064964,0.094985
121030216001,Pinellas,0.133945,0.214961,0.116093,0.073160,0.070854,0.094982
121030216002,Pinellas,0.155161,0.275208,0.127228,0.080200,0.075691,0.095154
121030218001,Pinellas,0.118258,0.198263,0.096702,0.063706,0.063384,0.095523
121030218002,Pinellas,0.137366,0.240676,0.101828,0.064331,0.065287,0.095674
121030218003,Pinellas,0.123314,0.209245,0.093696,0.061628,0.063684,0.094953
121030219001,Pinellas,0.159150,0.264051,0.134063,0.078517,0.070969,0.096759
121030219002,Pinellas,0.133922,0.202366,0.132952,0.080300,0.067587,0.096360
121030219003,Pinellas,0.138618,0.204240,0.136304,0.080139,0.071145,0.096694
121030220001,Pinellas,0.168471,0.252948,0.157356,0.098243,0.083067,0.098829
121030220002,Pinellas,0.202515,0.328686,0.165023,0.104975,0.089267,0.098301
121030220003,Pinellas,0.174365,0.288662,0.149313,0.090383,0.075375,0.097268
121030220004,Pinellas,0.183415,0.301407,0.155076,0.099290,0.083007,0.097902
121030221011,Pinellas,0.131987,0.174589,0.145532,0.082555,0.071744,0.098324
121030221012,Pinellas,0.128412,0.181839,0.130528,0.077794,0.068192,0.097477
121030221021,Pinellas,0.140497,0.214947,0.128315,0.077532,0.070302,0.097454
121030221022,Pinellas,0.144351,0.221680,0.131391,0.077619,0.069808,0.097939
121030221023,Pinellas,0.156988,0.239547,0.145785,0.084483,0.071941,0.098366
121030222001,Pinellas,0.128945,0.167207,0.140631,0.083261,0.071024,0.098880
121030222002,Pinellas,0.128368,0.171750,0.133619,0.079730,0.070073,0.099047
121030222003,Pinellas,0.182606,0.288843,0.157297,0.093334,0.078771,0.098828
121030222004,Pinellas,0.188926,0.303966,0.158700,0.100688,0.084143,0.098951
121030223011,Pinellas,0.192243,0.310277,0.177080,0.090603,0.081253,0.099847
121030223012,Pinellas,0.177385,0.258749,0.190195,0.097678,0.086885,0.099998
121030223013,Pinellas,0.184169,0.286663,0.170712,0.093935,0.088666,0.100089
121030223021,Pinellas,0.110974,0.140382,0.116202,0.078607,0.071622,0.099874
121030223022,Pinellas,0.109609,0.138410,0.114346,0.076933,0.070677,0.099584
121030223023,Pinellas,0.125133,0.163411,0.135440,0.081420,0.070816,0.099418
121030224011,Pinellas,0.139844,0.144787,0.180643,0.094612,0.074606,0.100063
121030224012,Pinellas,0.116569,0.151500,0.120396,0.083736,0.074603,0.099700
121030224013,Pinellas,0.151755,0.215201,0.162710,0.089378,0.072661,0.099961
121030224021,Pinellas,0.124351,0.155144,0.130968,0.092972,0.087054,0.099214
121030224022,Pinellas,0.122357,0.140222,0.132567,0.096271,0.088736,0.099456
121030224023,Pinellas,0.117485,0.121924,0.132549,0.095904,0.088829,0.099185
121030224024,Pinellas,0.118872,0.132354,0.129882,0.101078,0.084603,0.099548
121030224025,Pinellas,0.140996,0.179456,0.146177,0.103879,0.095247,0.099593
121030225011,Pinellas,0.132259,0.175806,0.138619,0.086124,0.077544,0.099109
121030225012,Pinellas,0.122386,0.156119,0.125106,0.087304,0.081346,0.099810
121030225013,Pinellas,0.119985,0.149203,0.126267,0.087231,0.081827,0.099461
121030225021,Pinellas,0.137340,0.172432,0.144068,0.097308,0.090150,0.098673
121030225022,Pinellas,0.134939,0.173291,0.142401,0.093485,0.085991,0.098454
121030225023,Pinellas,0.125219,0.162561,0.129393,0.086523,0.081256,0.098843
121030225031,Pinellas,0.153932,0.209246,0.163546,0.102695,0.088351,0.097857
121030225032,Pinellas,0.138055,0.172569,0.148215,0.100543,0.088003,0.098834
121030225033,Pinellas,0.122806,0.155121,0.125234,0.090004,0.086603,0.098617
121030226011,Pinellas,0.143417,0.192784,0.151795,0.093037,0.077646,0.098404
121030226012,Pinellas,0.136633,0.183712,0.142136,0.089241,0.076943,0.098360
121030226013,Pinellas,0.145056,0.199949,0.147390,0.090838,0.077909,0.099107
121030226021,Pinellas,0.156066,0.213831,0.160531,0.099924,0.083522,0.097280
121030226022,Pinellas,0.149993,0.194263,0.155411,0.104761,0.086098,0.097967
121030226023,Pinellas,0.146387,0.186400,0.157371,0.104910,0.086199,0.097655
121030227001,Pinellas,0.142700,0.223551,0.130431,0.078716,0.072188,0.096857
121030227002,Pinellas,0.129759,0.184808,0.133107,0.077200,0.070509,0.097558
121030227003,Pinellas,0.142788,0.193474,0.153221,0.088570,0.074439,0.098301
121030228011,Pinellas,0.126742,0.190886,0.113151,0.068089,0.067419,0.095124
121030228012,Pinellas,0.149981,0.215787,0.150023,0.083313,0.075247,0.096557
121030228013,Pinellas,0.122641,0.173321,0.127191,0.071501,0.069036,0.095781
121030228021,Pinellas,0.121325,0.174627,0.118515,0.069981,0.068351,0.096015
121030228022,Pinellas,0.128399,0.183267,0.134525,0.075177,0.070597,0.097043
121030228023,Pinellas,0.140549,0.193055,0.147779,0.085709,0.072725,0.097614
121030229011,Pinellas,0.113336,0.165478,0.112257,0.066519,0.063256,0.095051
121030229012,Pinellas,0.141730,0.226797,0.126613,0.074803,0.068250,0.095581
121030229021,Pinellas,0.117892,0.174422,0.112639,0.063293,0.064684,0.094904
121030229022,Pinellas,0.112453,0.164367,0.110758,0.065097,0.063609,0.094730
121030229023,Pinellas,0.123041,0.182196,0.114996,0.069234,0.067410,0.095535
121030230001,Pinellas,0.110268,0.155368,0.106011,0.060645,0.064842,0.093685
121030230002,Pinellas,0.112988,0.165345,0.111206,0.062532,0.062578,0.093610
121030231001,Pinellas,0.114848,0.187716,0.092217,0.059086,0.061414,0.093650
121030231002,Pinellas,0.105870,0.156830,0.097323,0.059185,0.063195,0.092622
121030231003,Pinellas,0.120390,0.193806,0.100070,0.060270,0.061991,0.093045
121030232001,Pinellas,0.122822,0.212144,0.096187,0.060519,0.062159,0.092824
121030232002,Pinellas,0.152174,0.251270,0.129358,0.082802,0.076252,0.093319
121030232003,Pinellas,0.119281,0.205513,0.089976,0.060463,0.061618,0.093722
121030233001,Pinellas,0.135160,0.239146,0.100111,0.065708,0.065129,0.093769
121030233002,Pinellas,0.148710,0.290168,0.091649,0.059432,0.061287,0.093806
121030233003,Pinellas,0.149459,0.263534,0.117229,0.071740,0.069850,0.094397
121030234001,Pinellas,0.165292,0.276531,0.134713,0.087298,0.080051,0.094863
121030234002,Pinellas,0.155483,0.281328,0.104421,0.070340,0.069535,0.094750
121030235011,Pinellas,0.105304,0.158611,0.099543,0.062888,0.063997,0.094518
121030235012,Pinellas,0.124038,0.203304,0.104887,0.067795,0.065733,0.095175
121030235021,Pinellas,0.121671,0.176953,0.115275,0.084915,0.079479,0.094577
121030236011,Pinellas,0.106369,0.146580,0.115364,0.079078,0.071352,0.094623
121030236012,Pinellas,0.112176,0.157786,0.113743,0.077465,0.071191,0.095022
121030236013,Pinellas,0.105887,0.148991,0.110703,0.069677,0.066507,0.095090
121030236021,Pinellas,0.118997,0.163607,0.118370,0.087181,0.080859,0.094880
121030236022,Pinellas,0.116827,0.158258,0.121460,0.087742,0.081525,0.094706
121030237001,Pinellas,0.114249,0.155508,0.115794,0.084030,0.079728,0.094288
121030237002,Pinellas,0.097029,0.114485,0.107514,0.083912,0.077817,0.093279
121030237003,Pinellas,0.108365,0.145428,0.111481,0.081824,0.077149,0.093708
121030238001,Pinellas,0.107129,0.135273,0.119049,0.082914,0.077159,0.092744
121030238002,Pinellas,0.109411,0.141897,0.113784,0.083553,0.077395,0.093059
121030238003,Pinellas,0.106083,0.147567,0.105983,0.072207,0.069871,0.093956
121030239001,Pinellas,0.104261,0.128059,0.111422,0.080657,0.076352,0.091787
121030239002,Pinellas,0.105212,0.130485,0.113170,0.080760,0.077022,0.092181
121030240011,Pinellas,0.089039,0.094511,0.100089,0.082362,0.076358,0.092863
121030240012,Pinellas,0.093849,0.107076,0.104062,0.082842,0.076804,0.093437
121030240021,Pinellas,0.097328,0.108973,0.115179,0.081501,0.075284,0.091652
121030240022,Pinellas,0.101625,0.119716,0.115079,0.080160,0.075561,0.091509
121030240023,Pinellas,0.107729,0.139971,0.117207,0.079036,0.074310,0.090702
121030240024,Pinellas,0.108360,0.136310,0.133630,0.085536,0.075983,0.091043
121030240041,Pinellas,0.107372,0.115140,0.125941,0.097859,0.083538,0.089843
121030240042,Pinellas,0.111175,0.127552,0.132915,0.098558,0.084135,0.089892
121030240043,Pinellas,0.104451,0.100352,0.118977,0.099832,0.085488,0.090119
121030240051,Pinellas,0.105856,0.104041,0.124643,0.098605,0.084880,0.090679
121030240052,Pinellas,0.089662,0.086091,0.107640,0.083597,0.077071,0.091508
121030241001,Pinellas,0.117579,0.161600,0.119377,0.083585,0.076327,0.091969
121030241002,Pinellas,0.110389,0.140733,0.118047,0.081214,0.076410,0.091127
121030241003,Pinellas,0.114339,0.155036,0.121139,0.078276,0.073484,0.090908
121030242011,Pinellas,0.114197,0.177255,0.098497,0.062403,0.066628,0.092104
121030242012,Pinellas,0.111921,0.168453,0.102734,0.061663,0.065406,0.092433
121030242013,Pinellas,0.117014,0.177106,0.107457,0.062374,0.064643,0.092724
121030242021,Pinellas,0.139990,0.229441,0.124979,0.071445,0.070973,0.092215
121030242022,Pinellas,0.113713,0.167507,0.110568,0.065000,0.063588,0.093007
121030243011,Pinellas,0.134397,0.221947,0.117323,0.080777,0.073567,0.088954
121030243012,Pinellas,0.138758,0.220980,0.125664,0.077868,0.075243,0.090753
121030243013,Pinellas,0.131760,0.203628,0.122243,0.075907,0.074473,0.091648
121030243021,Pinellas,0.144365,0.236049,0.137275,0.077740,0.074896,0.090554
121030243022,Pinellas,0.112809,0.178963,0.107932,0.060759,0.062442,0.091595
121030243023,Pinellas,0.104856,0.158357,0.085609,0.065867,0.065639,0.091648
121030243024,Pinellas,0.115718,0.182203,0.109096,0.062971,0.064318,0.091995
121030244031,Pinellas,0.125929,0.197270,0.110838,0.077805,0.072335,0.089912
121030244032,Pinellas,0.119166,0.184349,0.105562,0.079593,0.072043,0.088315
121030244033,Pinellas,0.116840,0.171001,0.103172,0.079951,0.071711,0.090721
121030244061,Pinellas,0.089751,0.111188,0.090589,0.070793,0.070723,0.085896
121030244062,Pinellas,0.097578,0.128790,0.092252,0.076679,0.073125,0.086600
121030244063,Pinellas,0.078626,0.082738,0.080617,0.070973,0.072362,0.085613
121030244081,Pinellas,0.110835,0.151037,0.118138,0.078313,0.072465,0.089775
121030244082,Pinellas,0.096937,0.129693,0.090404,0.076629,0.072910,0.088071
121030244083,Pinellas,0.109797,0.151389,0.100983,0.080568,0.073469,0.089747
121030244091,Pinellas,0.101503,0.134368,0.103357,0.079657,0.070337,0.088202
121030244092,Pinellas,0.123638,0.178133,0.153665,0.095665,0.080850,0.089265
121030244101,Pinellas,0.102826,0.135337,0.102861,0.076591,0.072010,0.087376
121030244102,Pinellas,0.084703,0.108992,0.079590,0.069298,0.069865,0.087021
121030244111,Pinellas,0.087284,0.107704,0.087038,0.074511,0.070157,0.086841
121030244112,Pinellas,0.090226,0.116561,0.085549,0.075039,0.070030,0.087260
121030244113,Pinellas,0.084764,0.102966,0.084017,0.070488,0.071526,0.086838
121030244114,Pinellas,0.077530,0.094226,0.083225,0.071461,0.067246,0.085681
121030244121,Pinellas,0.067433,0.063468,0.069025,0.066943,0.068704,0.086495
121030244122,Pinellas,0.087861,0.112381,0.086253,0.074913,0.073785,0.085192
121030244123,Pinellas,0.086641,0.112253,0.085057,0.074374,0.072612,0.087270
121030244131,Pinellas,0.112790,0.154297,0.114701,0.077097,0.072994,0.087334
121030244132,Pinellas,0.142045,0.235900,0.136571,0.085541,0.075531,0.088412
121030244133,Pinellas,0.082578,0.101951,0.079913,0.066988,0.069635,0.088130
121030244134,Pinellas,0.119579,0.185440,0.108853,0.078477,0.072643,0.088082
121030245051,Pinellas,0.107742,0.109671,0.113526,0.101007,0.090536,0.092814
121030245052,Pinellas,0.088729,0.099984,0.098330,0.063069,0.068115,0.092286
121030245053,Pinellas,0.094684,0.112453,0.103515,0.064629,0.071062,0.092296
121030245054,Pinellas,0.094579,0.110469,0.103515,0.065259,0.066922,0.093223
121030245071,Pinellas,0.104459,0.128606,0.100208,0.095789,0.088036,0.091080
121030245072,Pinellas,0.112081,0.117426,0.117157,0.103984,0.095023,0.094066
121030245073,Pinellas,0.100687,0.101254,0.109693,0.090605,0.086023,0.094755
121030245081,Pinellas,0.098679,0.126015,0.090307,0.087337,0.082267,0.090691
121030245082,Pinellas,0.107138,0.134922,0.099637,0.095605,0.089083,0.091110
121030245083,Pinellas,0.111912,0.120752,0.114062,0.101088,0.090769,0.093036
121030245091,Pinellas,0.098278,0.124495,0.096093,0.079438,0.076196,0.088139
121030245092,Pinellas,0.089861,0.098403,0.093723,0.079209,0.073188,0.087331
121030245101,Pinellas,0.099194,0.120747,0.094978,0.086803,0.081497,0.090686
121030245102,Pinellas,0.102451,0.127186,0.094868,0.088757,0.084207,0.090955
121030245103,Pinellas,0.093231,0.107372,0.090366,0.088746,0.082008,0.089568
121030245104,Pinellas,0.095088,0.113728,0.089185,0.090045,0.083300,0.089927
121030245121,Pinellas,0.092555,0.106017,0.107926,0.060434,0.063309,0.091305
121030245122,Pinellas,0.093656,0.117162,0.093489,0.068506,0.069116,0.090723
121030245141,Pinellas,0.135106,0.166250,0.134197,0.102045,0.093054,0.092215
121030245142,Pinellas,0.114573,0.129855,0.115388,0.095990,0.091148,0.091523
121030245143,Pinellas,0.109915,0.113638,0.112681,0.104066,0.094047,0.092593
121030245151,Pinellas,0.095470,0.134803,0.082613,0.063544,0.062723,0.091395
121030245152,Pinellas,0.085211,0.114135,0.074800,0.062440,0.066668,0.090196
121030245161,Pinellas,0.093252,0.113062,0.102557,0.061411,0.065275,0.091913
121030245162,Pinellas,0.091397,0.108234,0.108159,0.056044,0.060458,0.091215
121030245171,Pinellas,0.084344,0.097347,0.086542,0.073385,0.071999,0.085566
121030245172,Pinellas,0.068725,0.074585,0.068225,0.065909,0.069585,0.084888
121030245181,Pinellas,0.084350,0.100266,0.085105,0.072169,0.070719,0.085648
121030245182,Pinellas,0.078549,0.082554,0.080542,0.070897,0.072789,0.085600
121030245191,Pinellas,0.085025,0.111709,0.080017,0.070632,0.071087,0.086393
121030245192,Pinellas,0.078688,0.088065,0.079576,0.071065,0.068330,0.086714
121030246011,Pinellas,0.114096,0.176450,0.109361,0.062590,0.063844,0.092565
121030246012,Pinellas,0.114161,0.172523,0.103140,0.062094,0.065834,0.092580
121030246013,Pinellas,0.104519,0.158967,0.079732,0.064298,0.065557,0.091310
121030246014,Pinellas,0.086605,0.117598,0.075819,0.063483,0.066424,0.090107
121030246031,Pinellas,0.116189,0.179051,0.098552,0.060490,0.066253,0.092793
121030246032,Pinellas,0.110801,0.162675,0.101241,0.061882,0.064429,0.093396
121030246041,Pinellas,0.109592,0.160512,0.095397,0.060985,0.066310,0.093336
121030246042,Pinellas,0.114177,0.170575,0.098675,0.062669,0.066913,0.093189
121030246043,Pinellas,0.115496,0.168266,0.105780,0.064612,0.066729,0.093853
121030247011,Pinellas,0.115484,0.172904,0.100304,0.064374,0.065736,0.093700
121030247012,Pinellas,0.133673,0.200204,0.125668,0.069120,0.067038,0.094751
121030247013,Pinellas,0.115534,0.170950,0.097635,0.064171,0.066806,0.094017
121030247021,Pinellas,0.148649,0.215998,0.147042,0.081111,0.073603,0.096223
121030247022,Pinellas,0.141732,0.208851,0.141215,0.078169,0.073148,0.095488
121030247031,Pinellas,0.121738,0.176003,0.108806,0.069185,0.069368,0.094167
121030247032,Pinellas,0.130974,0.197786,0.120280,0.073904,0.072471,0.095677
121030247033,Pinellas,0.125651,0.188036,0.113788,0.070091,0.068318,0.095039
121030248011,Pinellas,0.145076,0.198487,0.140996,0.093971,0.084218,0.095770
121030248012,Pinellas,0.160698,0.223670,0.158350,0.105510,0.091885,0.096579
121030248031,Pinellas,0.115777,0.155906,0.123647,0.069981,0.067960,0.096700
121030248032,Pinellas,0.133545,0.184718,0.130591,0.088543,0.082270,0.096278
121030248041,Pinellas,0.136138,0.170413,0.142927,0.099518,0.091601,0.097898
121030248051,Pinellas,0.138365,0.189097,0.135098,0.095148,0.086591,0.096915
121030248052,Pinellas,0.145567,0.196001,0.151286,0.100252,0.088766,0.097176
121030249011,Pinellas,0.121074,0.178270,0.117626,0.061726,0.064165,0.093377
121030249012,Pinellas,0.125189,0.165950,0.143947,0.069473,0.067974,0.094630
121030249013,Pinellas,0.110199,0.152856,0.114443,0.065391,0.065143,0.094590
121030249041,Pinellas,0.100577,0.124690,0.110428,0.068364,0.068405,0.094378
121030249042,Pinellas,0.095136,0.112118,0.104515,0.068092,0.067891,0.093916
121030249043,Pinellas,0.099115,0.122279,0.112111,0.068240,0.067746,0.094410
121030249051,Pinellas,0.099571,0.125718,0.105032,0.064620,0.067673,0.093040
121030249052,Pinellas,0.097841,0.118959,0.102463,0.069679,0.071903,0.093221
121030249053,Pinellas,0.092757,0.111938,0.100176,0.063281,0.067667,0.092741
121030249054,Pinellas,0.098401,0.119586,0.103966,0.069790,0.071642,0.092546
121030249055,Pinellas,0.099546,0.123019,0.103561,0.069761,0.072021,0.092680
121030249061,Pinellas,0.100839,0.125691,0.106566,0.066660,0.069023,0.092993
121030249062,Pinellas,0.102137,0.132869,0.109701,0.062437,0.064517,0.092940
121030249063,Pinellas,0.102365,0.139913,0.100055,0.061185,0.064593,0.092970
121030249071,Pinellas,0.100048,0.137637,0.098807,0.058778,0.063074,0.092615
121030249072,Pinellas,0.099690,0.140685,0.088382,0.059738,0.064029,0.092023
121030249081,Pinellas,0.107403,0.161267,0.090525,0.058431,0.064311,0.092183
121030249082,Pinellas,0.119842,0.178544,0.108545,0.066700,0.068818,0.092441
121030250041,Pinellas,0.095218,0.112124,0.105231,0.068241,0.067466,0.094064
121030250042,Pinellas,0.101013,0.121204,0.114538,0.069574,0.067361,0.095138
121030250043,Pinellas,0.100580,0.122975,0.111575,0.067000,0.067832,0.094798
121030250071,Pinellas,0.115499,0.128547,0.127361,0.090682,0.083248,0.095911
121030250072,Pinellas,0.123645,0.137121,0.134435,0.101257,0.091708,0.096162
121030250073,Pinellas,0.106142,0.113253,0.127186,0.074911,0.071327,0.096068
121030250091,Pinellas,0.096860,0.113806,0.107980,0.065700,0.067233,0.093672
121030250092,Pinellas,0.093160,0.110113,0.100814,0.065520,0.066825,0.093147
121030250111,Pinellas,0.117386,0.143326,0.125341,0.085905,0.079141,0.095184
121030250112,Pinellas,0.102385,0.120308,0.116360,0.072033,0.069283,0.094455
121030250113,Pinellas,0.135615,0.176219,0.143391,0.098636,0.085432,0.094773
121030250121,Pinellas,0.114590,0.128652,0.125972,0.091805,0.082736,0.095731
121030250122,Pinellas,0.126606,,0.160449,0.131443,0.091372,0.094627
121030250123,Pinellas,0.114009,0.127714,0.125270,0.091724,0.082700,0.095682
121030250124,Pinellas,0.115937,0.132857,0.125877,0.092406,0.082228,0.095574
121030250131,Pinellas,0.108856,0.121479,0.127764,0.075572,0.071902,0.096067
121030250132,Pinellas,0.114645,0.125381,0.128227,0.089725,0.083839,0.096077
121030250133,Pinellas,0.112640,0.123632,0.127352,0.085266,0.082851,0.096008
121030250141,Pinellas,0.111151,0.138178,0.122188,0.074774,0.072017,0.095713
121030250142,Pinellas,0.127186,0.157000,0.141927,0.090530,0.083291,0.097762
121030250151,Pinellas,0.114257,0.139194,0.127648,0.077251,0.074201,0.097685
121030250152,Pinellas,0.127259,0.155596,0.140071,0.092362,0.084968,0.097585
121030250161,Pinellas,0.103180,0.120170,0.119149,0.071996,0.070079,0.096107
121030250171,Pinellas,0.128229,0.168333,0.137618,0.086817,0.080515,0.097207
121030250172,Pinellas,0.127449,0.150481,0.139915,0.095233,0.087394,0.098482
121030250173,Pinellas,0.127732,0.150715,0.140546,0.095850,0.087808,0.098462
121030250181,Pinellas,0.124462,0.156784,0.135251,0.082060,0.077117,0.097255
121030250182,Pinellas,0.125599,0.155357,0.136563,0.085622,0.080025,0.097821
121030250191,Pinellas,0.127671,0.154933,0.139070,0.095491,0.087471,0.098359
121030250192,Pinellas,0.135534,0.177449,0.146653,0.091756,0.084387,0.097776
121030250201,Pinellas,0.109085,0.110907,0.116267,0.101098,0.090310,0.092960
121030250202,Pinellas,0.103024,0.101596,0.108324,0.099645,0.091688,0.092579
121030250211,Pinellas,0.105094,0.104741,0.114599,0.097124,0.087804,0.094630
121030250212,Pinellas,0.107279,0.111542,0.114323,0.097805,0.088044,0.094258
121030251061,Pinellas,0.118542,0.111578,0.134169,0.107799,0.090217,0.098862
121030251062,Pinellas,0.120300,0.119741,0.136127,0.104518,0.088753,0.098676
121030251071,Pinellas,0.103923,0.098821,0.127833,0.076292,0.069956,0.096655
121030251072,Pinellas,0.102409,0.094241,0.127292,0.081195,0.064804,0.097439
121030251073,Pinellas,0.101142,0.083779,0.120665,0.096037,0.065192,0.096451
121030251081,Pinellas,0.118725,0.124170,0.136009,0.104180,0.070352,0.098718
121030251082,Pinellas,0.114049,0.119263,0.133001,0.095188,0.064700,0.098618
121030251091,Pinellas,0.110957,0.121751,0.131800,0.079087,0.068935,0.096295
121030251092,Pinellas,0.100487,0.097666,0.123176,0.074603,0.069532,0.096592
121030251093,Pinellas,0.120627,0.122747,0.142554,0.100185,0.070796,0.097703
121030251101,Pinellas,0.097073,0.112129,0.105553,0.093419,0.065203,0.096196
121030251102,Pinellas,0.101575,0.100740,0.121626,0.089675,0.064114,0.096214
121030251103,Pinellas,0.123779,0.135062,0.141516,0.109699,0.072338,0.097440
121030251104,Pinellas,0.124085,0.145541,0.141268,0.104186,0.069645,0.096766
121030251111,Pinellas,0.109476,0.115830,0.123607,0.083800,0.090151,0.096350
121030251112,Pinellas,0.107587,0.112644,0.120002,0.085457,0.091943,0.096077
121030251113,Pinellas,0.109793,0.112623,0.121343,0.093206,0.092652,0.096090
121030251114,Pinellas,0.116480,0.124544,0.129734,0.093727,0.090507,0.096446
121030251121,Pinellas,0.113649,0.124398,0.118738,0.098967,0.091842,0.096168
121030251122,Pinellas,0.119166,0.139995,0.117707,0.103043,0.092484,0.095902
121030251131,Pinellas,0.138686,0.181796,0.142633,0.106247,0.100912,0.096712
121030251132,Pinellas,0.135750,0.165779,0.140546,0.105409,0.100284,0.096545
121030251133,Pinellas,0.129011,0.149391,0.136821,0.105490,0.100376,0.096480
121030251141,Pinellas,0.138040,0.180650,0.131786,0.111603,0.095318,0.095917
121030251142,Pinellas,0.127698,0.152757,0.127098,0.110479,0.094650,0.095810
121030251151,Pinellas,0.117200,0.139564,0.117242,0.103713,0.092058,0.095132
121030251152,Pinellas,0.117325,0.140777,0.114853,0.101947,0.091993,0.095046
121030251161,Pinellas,0.135331,0.175872,0.131965,0.107804,0.095885,0.095567
121030251162,Pinellas,0.120877,0.145067,0.119293,0.102795,0.092863,0.095437
121030251191,Pinellas,0.122904,0.143190,0.129225,0.108623,0.098714,0.095776
121030251192,Pinellas,0.103331,0.108406,0.109516,0.096837,0.090982,0.094618
121030251193,Pinellas,0.101135,0.105226,0.107078,0.095049,0.089147,0.094966
121030251201,Pinellas,0.124836,0.143680,0.132137,0.109612,0.099155,0.095751
121030251202,Pinellas,0.100155,0.096417,0.105654,0.094100,0.098659,0.095892
121030251203,Pinellas,0.120833,0.145443,0.126508,0.101720,0.098553,0.096013
121030251211,Pinellas,0.096272,0.092129,0.100952,0.092495,0.093578,0.096428
121030251212,Pinellas,0.111363,0.110975,0.124914,0.102749,0.085768,0.096277
121030251221,Pinellas,0.094898,0.091650,0.098429,0.096021,0.085524,0.096545
121030251222,Pinellas,0.098742,0.093429,0.101115,0.096112,0.099070,0.096572
121030251223,Pinellas,0.109922,0.125436,0.110374,0.101476,0.103671,0.095922
121030251231,Pinellas,0.100840,0.102165,0.103476,0.095690,0.099066,0.096100
121030251232,Pinellas,0.103588,0.106754,0.106876,0.096814,0.100401,0.095699
121030252041,Pinellas,0.110806,0.112438,0.112968,0.113169,0.096981,0.095214
121030252042,Pinellas,0.097853,0.092260,0.098780,0.107033,0.093168,0.095202
121030252051,Pinellas,0.109436,0.125582,0.110168,0.102466,0.098537,0.094812
121030252052,Pinellas,0.100339,0.106499,0.102266,0.097281,0.092841,0.094725
121030252053,Pinellas,0.116695,0.147407,0.114466,0.106909,0.099395,0.094044
121030252054,Pinellas,0.103220,0.124254,0.097992,0.098294,0.093785,0.094319
121030252071,Pinellas,0.102904,0.091263,0.112000,0.105640,0.094444,0.094880
121030252072,Pinellas,0.106358,0.121430,0.106568,0.098478,0.088650,0.094312
121030252073,Pinellas,0.100868,0.112366,0.099035,0.096313,0.088428,0.094163
121030252074,Pinellas,0.095725,0.082192,0.106978,0.097397,0.088308,0.094476
121030252081,Pinellas,0.088332,0.070603,0.091048,0.096832,0.091725,0.094265
121030252082,Pinellas,0.096527,0.106627,0.093906,0.095152,0.090678,0.094136
121030252091,Pinellas,0.081792,0.053557,0.088316,0.095061,0.087731,0.094259
121030252092,Pinellas,0.099048,0.105481,0.098067,0.097683,0.092589,0.094054
121030252093,Pinellas,0.101035,0.111634,0.099169,0.098702,0.090578,0.094131
121030252094,Pinellas,0.104524,0.114570,0.107213,0.098189,0.090494,0.094433
121030252101,Pinellas,0.087145,0.058935,0.096943,0.102387,0.091219,0.094755
121030252102,Pinellas,0.086311,0.056026,0.094371,0.099298,0.091422,0.094249
121030252111,Pinellas,0.104191,0.093794,0.110184,0.112993,0.095862,0.095116
121030252112,Pinellas,0.105482,0.092504,0.116602,0.108710,0.096295,0.095054
121030253031,Pinellas,0.108374,0.115649,0.113688,0.098521,0.087921,0.094469
121030253032,Pinellas,0.127540,0.141519,0.128951,0.115714,0.099943,0.095112
121030253033,Pinellas,0.110692,0.112561,0.116962,0.105430,0.092577,0.095096
121030253051,Pinellas,0.103613,0.104428,0.110849,0.097511,0.087957,0.094642
121030253052,Pinellas,0.109340,0.113078,0.115976,0.101687,0.090432,0.094467
121030253071,Pinellas,0.108792,0.127363,0.107667,0.096724,0.087172,0.094292
121030253072,Pinellas,0.113491,0.134197,0.111885,0.097174,0.087330,0.094381
121030253091,Pinellas,0.112236,0.106427,0.122793,0.110389,0.097732,0.094918
121030253092,Pinellas,0.109945,0.115805,0.115213,0.101794,0.089584,0.094673
121030253101,Pinellas,0.120058,0.152928,0.114639,0.098869,0.089079,0.094352
121030253111,Pinellas,0.107538,0.114269,0.111772,0.099253,0.089623,0.094440
121030253112,Pinellas,0.106411,0.113386,0.109587,0.098550,0.088991,0.094360
121030253113,Pinellas,0.113062,0.127175,0.114475,0.101368,0.090953,0.094617
121030254011,Pinellas,0.122079,0.143581,0.119811,0.103450,0.094392,0.095841
121030254012,Pinellas,0.117754,0.139732,0.117714,0.097514,0.090568,0.095677
121030254013,Pinellas,0.120008,0.136659,0.121645,0.101341,0.092983,0.095322
121030254071,Pinellas,0.133616,0.146881,0.138168,0.118178,0.102866,0.095174
121030254072,Pinellas,0.127574,0.152352,0.123039,0.108370,0.096576,0.094645
121030254073,Pinellas,0.130640,0.152734,0.128924,0.115410,0.099840,0.095240
121030254111,Pinellas,0.101893,0.100319,0.108782,0.098239,0.088751,0.093583
121030254121,Pinellas,0.104838,0.112764,0.111083,0.091241,0.085579,0.095295
121030254122,Pinellas,0.122560,0.142694,0.121667,0.106290,0.099672,0.094967
121030254123,Pinellas,0.108758,0.119272,0.112518,0.095109,0.088644,0.095610
121030254131,Pinellas,0.115743,0.136920,0.116136,0.097521,0.088300,0.095783
121030254132,Pinellas,0.104891,0.115241,0.108832,0.092279,0.085892,0.094784
121030254133,Pinellas,0.093978,0.087531,0.101693,0.091164,0.088429,0.094212
121030254141,Pinellas,0.109978,0.118990,0.111427,0.101091,0.091073,0.093286
121030254142,Pinellas,0.123593,0.143837,0.122457,0.111126,0.099406,0.094556
121030254151,Pinellas,0.106474,0.111481,0.111485,0.096394,0.088323,0.093002
121030254152,Pinellas,0.120636,0.138317,0.119534,0.103419,0.093036,0.094165
121030254153,Pinellas,0.113970,0.129804,0.112369,0.101835,0.091903,0.093887
121030254161,Pinellas,0.126138,0.150598,0.121767,0.107342,0.095847,0.094440
121030254162,Pinellas,0.131087,0.153294,0.129758,0.112979,0.099022,0.094870
121030254171,Pinellas,0.118877,0.134321,0.120723,0.103752,0.092314,0.094057
121030254172,Pinellas,0.118449,0.128448,0.125488,0.104102,0.091505,0.094806
121030254181,Pinellas,0.103107,0.101623,0.108255,0.100619,0.090902,0.092633
121030254182,Pinellas,0.102297,0.099814,0.110147,0.096851,0.089222,0.092733
121030254191,Pinellas,0.110107,0.121215,0.112278,0.097020,0.088681,0.093461
121030254192,Pinellas,0.103536,0.101652,0.109409,0.100660,0.091293,0.092942
121030254193,Pinellas,0.103402,0.102012,0.109873,0.099889,0.089968,0.093098
121030254201,Pinellas,0.096695,0.095104,0.103368,0.089400,0.084682,0.094542
121030254202,Pinellas,0.076647,0.093560,0.078323,0.066855,0.071861,0.090841
121030254211,Pinellas,0.097577,0.100253,0.102128,0.092014,0.085097,0.094855
121030254212,Pinellas,0.092291,0.088542,0.094201,0.092714,0.086365,0.094180
121030255011,Pinellas,0.118802,0.135382,0.119328,0.105650,0.095392,0.096107
121030255012,Pinellas,0.121795,0.137524,0.123042,0.109127,0.097781,0.096040
121030255013,Pinellas,0.123777,0.140559,0.123419,0.110119,0.099961,0.095990
121030255051,Pinellas,0.124506,0.142649,0.120180,0.112229,0.099543,0.096372
121030255052,Pinellas,0.117030,0.130226,0.111585,0.112689,0.098753,0.096259
121030255071,Pinellas,0.115832,0.121731,0.117709,0.110422,0.102287,0.095852
121030255072,Pinellas,0.123090,0.134154,0.125731,0.113870,0.099730,0.095158
121030255081,Pinellas,0.134796,0.150541,0.136819,0.118136,0.103697,0.095330
121030255082,Pinellas,0.126669,0.138249,0.129509,0.114918,0.101197,0.095173
121030255091,Pinellas,0.128509,0.145563,0.128295,0.115063,0.101894,0.095486
121030255092,Pinellas,0.138615,0.162713,0.131527,0.123365,0.108779,0.096002
121030255101,Pinellas,0.127886,0.147300,0.125673,0.113942,0.103166,0.096359
121030255102,Pinellas,0.130480,0.152040,0.126520,0.114342,0.106130,0.096242
121030255103,Pinellas,0.138123,0.164884,0.131315,0.119565,0.107071,0.095705
121030256021,Pinellas,0.133406,0.164200,0.122291,0.121003,0.111038,0.096183
121030256022,Pinellas,0.120771,0.142798,0.113798,0.109037,0.096643,0.095953
121030256023,Pinellas,0.119882,0.140708,0.113750,0.107679,0.094245,0.095587
121030256031,Pinellas,0.113624,0.129635,0.115685,0.101744,0.090830,0.095309
121030256032,Pinellas,0.120958,0.137870,0.119696,0.108468,0.092689,0.095506
121030256041,Pinellas,0.128171,0.145961,0.125870,0.116753,0.101107,0.095283
121030257001,Pinellas,,,,,,
121030257002,Pinellas,0.128900,0.157290,0.120591,0.120324,0.103974,0.095631
121030257003,Pinellas,0.106476,0.112246,0.104688,0.108243,0.093395,0.096353
121030258001,Pinellas,0.119252,0.137917,0.116707,0.105640,0.094339,0.096259
121030258002,Pinellas,0.120986,0.137338,0.116397,0.112104,0.098251,0.096552
121030258003,Pinellas,0.118206,0.132527,0.115073,0.111447,0.098247,0.096562
121030259011,Pinellas,0.112389,0.123943,0.107216,0.108518,0.099772,0.096137
121030259012,Pinellas,0.109540,0.114107,0.108079,0.109525,0.097066,0.096508
121030259013,Pinellas,0.114079,0.123393,0.111241,0.111506,0.097992,0.096456
121030259021,Pinellas,0.104619,0.106758,0.103081,0.106268,0.096752,0.096601
121030259022,Pinellas,0.110049,0.115150,0.106595,0.110659,0.101787,0.096226
121030260011,Pinellas,0.108419,0.086575,0.114085,0.112867,0.107675,0.095780
121030260012,Pinellas,0.118511,0.122918,0.120849,0.117513,0.108688,0.095879
121030260013,Pinellas,0.123450,0.133075,0.126544,0.118084,0.106906,0.096121
121030260031,Pinellas,0.124947,0.153068,0.124876,0.118200,0.110799,0.095708
121030260032,Pinellas,0.139516,0.186759,0.141839,0.127199,0.121765,0.095664
121030260041,Pinellas,0.122481,0.136590,0.125421,0.119036,0.114848,0.095767
121030261011,Pinellas,0.106268,0.115171,0.109092,0.097383,0.092770,0.096809
121030261012,Pinellas,0.108859,0.121497,0.109807,0.097235,0.092949,0.096856
121030261021,Pinellas,0.114360,0.115263,0.120008,0.112749,0.102504,0.097966
121030262001,Pinellas,0.118086,0.136939,0.118003,0.103006,0.095773,0.096463
121030262002,Pinellas,0.107785,0.121780,0.107798,0.095662,0.091304,0.096734
121030263001,Pinellas,0.115888,0.126254,0.117804,0.106894,0.099577,0.098198
121030263002,Pinellas,0.116269,0.120530,0.126541,0.105427,0.099498,0.098096
121030263003,Pinellas,0.111751,0.120131,0.117941,0.101750,0.094402,0.097773
121030263004,Pinellas,0.120538,0.136413,0.123172,0.105973,0.095780,0.097670
121030263005,Pinellas,0.108650,0.118405,0.111254,0.099574,0.092640,0.096202
121030263006,Pinellas,0.096513,0.105983,0.099547,0.086325,0.085110,0.096263
121030264011,Pinellas,0.120091,0.134071,0.120411,0.109437,0.098215,0.096080
121030264012,Pinellas,0.113851,0.120526,0.116600,0.108536,0.097850,0.096244
121030264013,Pinellas,0.113132,0.121453,0.114308,0.106301,0.099052,0.096171
121030264021,Pinellas,0.117395,0.129943,0.116443,0.108472,0.096844,0.095965
121030264022,Pinellas,0.104028,0.106000,0.103840,0.103673,0.096905,0.096402
121030264023,Pinellas,0.123052,0.123084,0.129580,0.122114,0.105676,0.096130
121030265011,Pinellas,0.111262,0.116003,0.116396,0.105046,0.094215,0.096162
121030265012,Pinellas,0.116074,0.123882,0.119444,0.108198,0.096343,0.096709
121030265021,Pinellas,0.111256,0.115142,0.119487,0.103968,0.092390,0.097214
121030265022,Pinellas,0.110754,0.114573,0.117191,0.105117,0.093243,0.097171
121030265023,Pinellas,0.092858,0.089042,0.097454,0.094302,0.087699,0.096687
121030266011,Pinellas,0.119928,0.142755,0.115515,0.103989,0.094083,0.096558
121030266012,Pinellas,0.118513,0.141163,0.119002,0.097595,0.088648,0.096042
121030266013,Pinellas,0.117201,0.140278,0.113799,0.100573,0.091512,0.096362
121030266021,Pinellas,0.113925,0.119322,0.121054,0.106038,0.094657,0.096636
121030266022,Pinellas,0.110868,0.119806,0.113478,0.102356,0.090990,0.096639
121030267011,Pinellas,0.116597,0.121804,0.127673,0.103969,0.099427,0.098094
121030267012,Pinellas,0.114310,0.117469,0.125584,0.102173,0.098814,0.097867
121030267013,Pinellas,0.120921,0.135638,0.126577,0.104486,0.099962,0.097503
121030267014,Pinellas,0.112920,0.116636,0.119745,0.106131,0.099103,0.097687
121030267031,Pinellas,0.109363,0.108648,0.119747,0.102291,0.090839,0.096466
121030267032,Pinellas,0.089644,0.082552,0.095676,0.089711,0.083948,0.095660
121030267033,Pinellas,0.100000,0.100095,0.107280,0.090106,0.085275,0.094800
121030267034,Pinellas,0.111530,0.126514,0.112707,0.097221,0.088241,0.095899
121030267035,Pinellas,0.104161,0.110361,0.109139,0.094773,0.086266,0.095573
121030267041,Pinellas,0.099485,0.099040,0.106986,0.094755,0.085161,0.096246
121030267042,Pinellas,0.091440,0.092254,0.097332,0.085742,0.082027,0.096343
121030267043,Pinellas,0.078431,0.075957,0.083905,0.075880,0.070614,0.095747
121030267051,Pinellas,0.109597,0.116862,0.122394,0.092264,0.090954,0.097394
121030267052,Pinellas,0.107281,0.116715,0.118796,0.089347,0.089214,0.096717
121030267053,Pinellas,0.117457,0.123682,0.124260,0.108619,0.097559,0.097000
121030268041,Pinellas,0.077733,0.087964,0.079895,0.067823,0.073170,0.094195
121030268042,Pinellas,0.075996,0.070501,0.081343,0.076379,0.070489,0.094787
121030268043,Pinellas,0.068548,0.063413,0.072682,0.065953,0.070974,0.093644
121030268091,Pinellas,0.078596,0.093819,0.076818,0.071650,0.073658,0.090840
121030268092,Pinellas,0.073137,0.070267,0.077352,0.068079,0.070565,0.091960
121030268111,Pinellas,0.098289,0.116135,0.093319,0.089351,0.093935,0.097873
121030268112,Pinellas,0.091221,0.109250,0.090247,0.077247,0.089904,0.096168
121030268113,Pinellas,0.091390,0.104745,0.092416,0.081272,0.091149,0.096386
121030268114,Pinellas,0.100560,0.117259,0.095389,0.091183,0.094900,0.096873
121030268121,Pinellas,0.096967,0.115210,0.092761,0.086533,0.090435,0.096590
121030268122,Pinellas,0.096563,0.132062,0.087079,0.077941,0.082978,0.095080
121030268123,Pinellas,0.084705,0.113772,0.075972,0.070936,0.077658,0.094629
121030268124,Pinellas,0.102981,0.127168,0.095636,0.089180,0.091971,0.096949
121030268131,Pinellas,0.093847,0.152182,0.089403,0.074637,0.084734,0.094248
121030268132,Pinellas,0.082489,0.095935,0.083646,0.070601,0.076975,0.094806
121030268141,Pinellas,0.089816,0.117837,0.083779,0.076032,0.084411,0.093679
121030268142,Pinellas,0.094147,0.120032,0.087899,0.081112,0.092403,0.095599
121030268151,Pinellas,0.092127,0.129978,0.082759,0.075359,0.085179,0.094035
121030268152,Pinellas,0.102316,0.161715,0.089693,0.076568,0.085306,0.094049
121030268153,Pinellas,0.085804,0.110325,0.082006,0.073860,0.085650,0.093585
121030268161,Pinellas,0.079366,0.108786,0.072693,0.071545,0.076525,0.092505
121030268162,Pinellas,0.072675,0.075840,0.073126,0.070407,0.072172,0.092663
121030268163,Pinellas,0.071675,0.078401,0.070731,0.066519,0.075038,0.093207
121030268164,Pinellas,0.073070,0.077696,0.072284,0.070110,0.076989,0.092755
121030268171,Pinellas,0.096185,0.155912,0.087032,0.073709,0.084435,0.093936
121030268172,Pinellas,0.089387,0.139739,0.080374,0.069982,0.078507,0.093010
121030268173,Pinellas,0.081186,0.116349,0.072871,0.070957,0.080072,0.092707
121030268181,Pinellas,0.075465,0.074290,0.080395,0.069447,0.073297,0.093284
121030268182,Pinellas,0.087317,0.088706,0.092549,0.079458,0.076034,0.094568
121030268183,Pinellas,0.073097,0.070494,0.076353,0.069070,0.073484,0.091978
121030268191,Pinellas,0.098078,0.130721,0.095353,0.075491,0.078301,0.092361
121030268192,Pinellas,0.098508,0.116206,0.097676,0.082636,0.084173,0.093935
121030268201,Pinellas,0.105435,0.130793,0.097699,0.092327,0.092674,0.097993
121030268202,Pinellas,0.104451,0.134943,0.092227,0.091045,0.089420,0.099384
121030268203,Pinellas,0.111141,0.141394,0.105133,0.095058,0.095999,0.099369
121030268204,Pinellas,0.118507,0.154597,0.112263,0.100967,0.099937,0.100396
121030268211,Pinellas,0.097982,0.118243,0.096312,0.085485,0.092810,0.097642
121030268212,Pinellas,0.113726,0.149043,0.104761,0.095382,0.097184,0.099481
121030269041,Pinellas,0.096195,0.103311,0.097773,0.090464,0.086540,0.099071
121030269042,Pinellas,0.116290,0.150154,0.106578,0.097352,0.095819,0.097863
121030269043,Pinellas,0.102603,0.127131,0.096794,0.091033,0.084910,0.099170
121030269081,Pinellas,0.099526,0.102708,0.103951,0.094000,0.094757,0.099766
121030269082,Pinellas,0.097656,0.101566,0.104569,0.093607,0.082991,0.099914
121030269083,Pinellas,0.096975,0.102715,0.103448,0.091663,0.082969,0.099178
121030269084,Pinellas,0.095425,0.096457,0.101349,0.090041,0.089335,0.098781
121030269091,Pinellas,0.093583,0.092402,0.100699,0.092278,0.080448,0.099128
121030269092,Pinellas,0.098337,0.109322,0.099947,0.087956,0.093067,0.098070
121030269093,Pinellas,0.095980,0.096532,0.103247,0.089898,0.088761,0.097962
121030269111,Pinellas,0.113737,0.121445,0.126023,0.099608,0.093458,0.097976
121030269112,Pinellas,0.102609,0.106183,0.111517,0.093125,0.088725,0.096810
121030269113,Pinellas,0.113136,0.122679,0.124555,0.096773,0.093815,0.097581
121030269121,Pinellas,0.092144,0.096668,0.095549,0.085751,0.083026,0.096362
121030269122,Pinellas,0.102792,0.107141,0.111306,0.093115,0.088383,0.096822
121030269123,Pinellas,0.095711,0.099835,0.103526,0.085772,0.080940,0.096363
121030269131,Pinellas,0.105534,0.115981,0.110140,0.094460,0.091836,0.097073
121030269132,Pinellas,0.104274,0.129933,0.099954,0.090253,0.088824,0.096704
121030269133,Pinellas,0.104865,0.112420,0.112338,0.093624,0.089329,0.096862
121030269141,Pinellas,0.112321,0.125603,0.119312,0.101042,0.089684,0.098617
121030269142,Pinellas,0.104126,0.111101,0.112448,0.092468,0.089593,0.098746
121030269151,Pinellas,0.112943,0.114261,0.124145,0.103116,0.098318,0.098157
121030269152,Pinellas,0.110360,0.106742,0.122996,0.102743,0.098978,0.098160
121030269161,Pinellas,0.102390,0.105835,0.112973,0.091877,0.089397,0.097851
121030269162,Pinellas,0.102612,0.108313,0.110931,0.090514,0.090830,0.097609
121030269163,Pinellas,0.110594,0.125811,0.116488,0.094747,0.092329,0.098174
121030269164,Pinellas,0.112852,0.121603,0.123681,0.097691,0.091489,0.097955
121030269171,Pinellas,0.103201,0.129965,0.097624,0.088800,0.091403,0.096986
121030270001,Pinellas,0.109329,0.123986,0.118525,0.093675,0.083981,0.098872
121030270002,Pinellas,0.115575,0.121734,0.122886,0.108665,0.097519,0.098465
121030270003,Pinellas,0.123459,0.137143,0.122947,0.117387,0.107754,0.098817
121030271051,Pinellas,0.099105,0.105748,0.102675,0.095537,0.085659,0.099223
121030271052,Pinellas,0.095973,0.098056,0.102869,0.092803,0.082278,0.099126
121030271061,Pinellas,,,,,,0.077225
121030271062,Pinellas,0.108559,0.126336,0.108816,0.101151,0.098445,0.099772
121030271063,Pinellas,,,,,,
121030271071,Pinellas,0.093234,0.093038,0.099360,0.090913,0.082915,0.098373
121030271081,Pinellas,0.102424,0.109546,0.110951,0.093138,0.084022,0.098420
121030271082,Pinellas,0.098562,0.100404,0.105823,0.094646,0.085088,0.098435
121030272021,Pinellas,0.118492,0.095334,0.134351,0.116563,0.110035,0.106690
121030272022,Pinellas,0.132318,0.143472,0.144691,0.124874,0.116296,0.101482
121030272023,Pinellas,0.115833,0.096532,0.131707,0.115267,0.107338,0.109551
121030272024,Pinellas,0.109983,0.110337,0.117348,0.107532,0.100050,0.102963
121030272025,Pinellas,0.106310,0.090904,0.117224,0.105492,0.100229,0.105426
121030272041,Pinellas,0.138768,0.170608,0.157984,0.122416,0.112186,0.107299
121030272042,Pinellas,0.142358,0.173476,0.155592,0.123161,0.116373,0.108642
121030272043,Pinellas,0.139598,0.171060,0.155610,0.122942,0.112921,0.107108
121030272061,Pinellas,0.106443,0.100381,0.113850,0.106658,0.099331,0.103921
121030272062,Pinellas,0.127859,0.154833,0.134549,0.114234,0.105147,0.103796
121030272063,Pinellas,0.114945,0.125753,0.123722,0.107479,0.102163,0.104334
121030272071,Pinellas,0.125036,0.146470,0.129304,0.114469,0.105383,0.102772
121030272072,Pinellas,0.122765,0.136304,0.126728,0.116500,0.107298,0.102879
121030272073,Pinellas,0.128806,0.153968,0.128947,0.120088,0.108864,0.101346
121030272074,Pinellas,0.128072,0.159439,0.127769,0.114792,0.105291,0.101321
121030272075,Pinellas,0.127322,0.159763,0.128929,0.108841,0.107461,0.101801
121030272081,Pinellas,0.114566,0.143769,0.113283,0.103829,0.094810,0.100983
121030272082,Pinellas,0.111963,0.132322,0.112141,0.102790,0.093881,0.100226
121030272083,Pinellas,0.104851,0.117433,0.105069,0.101477,0.091426,0.100803
121030272084,Pinellas,0.121551,0.152803,0.116084,0.106279,0.105469,0.101096
121030272091,Pinellas,0.096200,0.096421,0.098904,0.096245,0.090127,0.099697
121030272101,Pinellas,0.127560,0.144280,0.129762,0.121158,0.111154,0.101532
121030272102,Pinellas,0.102985,0.111954,0.103734,0.101277,0.090757,0.100368
121030272103,Pinellas,0.099735,0.104488,0.102455,0.097655,0.090923,0.099826
121030272104,Pinellas,0.101998,0.110649,0.102643,0.099263,0.089388,0.099721
121030272111,Pinellas,0.132508,0.160732,0.140452,0.117053,0.109394,0.106174
121030272112,Pinellas,0.125050,0.132182,0.138882,0.116097,0.110633,0.105175
121030272113,Pinellas,0.130098,0.135317,0.152466,0.118467,0.110904,0.107444
121030272121,Pinellas,0.138710,0.171077,0.148849,0.119691,0.112744,0.107390
121030272122,Pinellas,0.141033,0.168432,0.155163,0.123027,0.115202,0.108342
121030273081,Pinellas,0.145045,0.170042,0.167176,0.124582,0.121424,0.117426
121030273082,Pinellas,0.158127,0.203454,0.182635,0.141101,0.126680,0.120144
121030273091,Pinellas,0.110544,0.100344,0.131550,0.109178,0.093770,0.110382
121030273092,Pinellas,0.084259,0.090480,0.100469,0.076490,0.074705,0.105484
121030273141,Pinellas,0.112593,0.155187,0.113961,0.092197,0.096847,0.097849
121030273142,Pinellas,0.103097,0.115270,0.112928,0.094645,0.090867,0.100052
121030273161,Pinellas,0.120461,0.146559,0.126868,0.105565,0.103967,0.102836
121030273162,Pinellas,0.108862,0.112267,0.121856,0.102794,0.095589,0.103699
121030273163,Pinellas,0.121691,0.147009,0.130866,0.108959,0.098917,0.104210
121030273171,Pinellas,0.122639,0.162360,0.119801,0.103128,0.102889,0.099955
121030273172,Pinellas,0.111976,0.152851,0.112590,0.092206,0.095982,0.097607
121030273173,Pinellas,0.123535,0.155534,0.123864,0.106191,0.103635,0.101028
121030273181,Pinellas,0.110139,0.142903,0.108746,0.095443,0.096556,0.100713
121030273182,Pinellas,0.096810,0.119772,0.095931,0.083949,0.091303,0.097131
121030273191,Pinellas,0.090926,0.114572,0.089494,0.081677,0.082837,0.094812
121030273192,Pinellas,0.093028,0.121713,0.090157,0.080383,0.088298,0.095368
121030273193,Pinellas,0.086344,0.101198,0.083124,0.081029,0.082863,0.093648
121030273194,Pinellas,0.086773,0.104485,0.084334,0.079818,0.082458,0.094483
121030273201,Pinellas,0.083386,0.092329,0.081767,0.080805,0.078878,0.092607
121030273202,Pinellas,0.083874,0.063001,0.093738,0.078396,0.083649,0.092160
121030273203,Pinellas,0.086296,0.101662,0.083675,0.079090,0.083044,0.093412
121030273211,Pinellas,0.087885,0.092146,0.103124,0.077809,0.078384,0.106393
121030273231,Pinellas,0.095265,0.128610,0.092871,0.082879,0.094380,0.098117
121030273232,Pinellas,0.095602,0.126916,0.092326,0.083101,0.094311,0.097514
121030273241,Pinellas,0.093680,0.118512,0.104266,0.084473,0.086887,0.099649
121030273242,Pinellas,0.096517,0.115638,0.106430,0.088103,0.089073,0.100667
121030273251,Pinellas,0.093594,0.108869,0.108685,0.082455,0.086217,0.096954
121030273252,Pinellas,0.096728,0.132068,0.101761,0.081363,0.093160,0.097190
121030273261,Pinellas,0.094022,0.123378,0.090776,0.082580,0.084175,0.096192
121030273262,Pinellas,0.093958,0.124214,0.090833,0.081364,0.088108,0.096375
121030273271,Pinellas,0.096810,0.124982,0.101748,0.085411,0.088699,0.093508
121030273272,Pinellas,0.083194,0.089018,0.084029,0.079571,0.083323,0.092393
121030273281,Pinellas,0.105918,0.140342,0.119197,0.093462,0.092983,0.100894
121030273282,Pinellas,0.091897,0.095414,0.104452,0.084849,0.083483,0.105100
121030273291,Pinellas,0.091246,0.099248,0.101024,0.083044,0.086315,0.100533
121030273292,Pinellas,0.095732,0.125440,0.107227,0.086980,0.086307,0.102449
121030273301,Pinellas,0.121400,0.145064,0.124946,0.106133,0.105634,0.102742
121030273302,Pinellas,0.120304,0.145631,0.121507,0.105387,0.104959,0.101542
121030273311,Pinellas,0.113983,0.140395,0.116489,0.098578,0.101192,0.100036
121030273312,Pinellas,0.105464,0.125256,0.108902,0.095127,0.094830,0.098801
121030273321,Pinellas,0.083301,,0.089460,0.092456,0.073936,0.105814
121030273331,Pinellas,0.090285,0.094709,0.099762,0.082358,0.086352,0.101288
121030273332,Pinellas,0.091093,0.094817,0.103275,0.082501,0.083431,0.104287
121030274011,Pinellas,0.138655,0.150438,0.166577,0.122336,0.113396,0.113913
121030274012,Pinellas,0.136238,0.146235,0.163926,0.120670,0.112865,0.112646
121030274041,Pinellas,0.133620,0.135698,0.160812,0.121938,0.111808,0.111552
121030274042,Pinellas,0.139482,0.153690,0.160234,0.124134,0.115458,0.109887
121030274043,Pinellas,0.137816,0.146114,0.161467,0.124186,0.114912,0.110987
121030274044,Pinellas,0.136121,0.142142,0.162071,0.121995,0.111911,0.111688
121030274045,Pinellas,0.132535,0.133194,0.158461,0.120269,0.112397,0.111945
121030274046,Pinellas,0.131751,0.125357,0.155746,0.121964,0.114927,0.109651
121030275011,Pinellas,0.129811,0.067572,0.125971,0.149555,0.113707,0.118927
121030275012,Pinellas,0.121749,0.085803,0.140966,0.131101,0.108321,0.115638
121030275013,Pinellas,0.136000,0.149699,0.161491,0.121276,0.112611,0.114743
121030275031,Pinellas,0.122340,0.096313,0.147130,0.119643,0.110358,0.111798
121030275032,Pinellas,0.124720,0.102798,0.145820,0.123703,0.112749,0.110769
121030275033,Pinellas,0.124540,0.094269,0.146823,0.129270,0.109421,0.114553
121030275041,Pinellas,0.127924,0.113557,0.148673,0.122743,0.114143,0.109499
121030275042,Pinellas,0.127770,0.104803,0.155238,0.123011,0.113037,0.111533
121030276031,Pinellas,0.097508,0.081349,0.101754,0.103383,0.099331,0.094428
121030276032,Pinellas,0.096231,0.074230,0.096082,0.103518,0.098797,0.094521
121030276041,Pinellas,0.110736,0.129445,0.108518,0.103385,0.111820,0.095202
121030276042,Pinellas,0.112534,0.141546,0.109944,0.101582,0.112514,0.095326
121030276043,Pinellas,0.107736,0.110740,0.104444,0.108136,0.110578,0.095011
121030276051,Pinellas,0.095257,0.084106,0.097457,0.103967,0.093416,0.094637
121030276052,Pinellas,0.095408,0.082998,0.096738,0.102762,0.094264,0.094323
121030276061,Pinellas,0.122996,0.153390,0.121585,0.112717,0.105014,0.093631
121030276062,Pinellas,0.117155,0.128865,0.121763,0.113392,0.105655,0.094264
121030277011,Pinellas,0.086185,0.060461,0.096932,0.096008,0.062987,0.098090
121030277012,Pinellas,0.083470,0.060657,0.087082,0.098208,0.061549,0.098161
121030277013,Pinellas,0.087920,0.061499,0.098625,0.099125,0.063575,0.098124
121030277031,Pinellas,0.090518,0.076889,0.097822,0.100293,0.066248,0.095751
121030277032,Pinellas,0.100657,0.092630,0.102321,0.099568,0.101233,0.095630
121030277041,Pinellas,0.085748,0.066346,0.091029,0.097764,0.066143,0.097446
121030277042,Pinellas,0.085287,0.071830,0.090336,0.096257,0.065581,0.096457
121030277043,Pinellas,0.084742,0.075822,0.089046,0.095071,0.064806,0.095877
121030278011,Pinellas,0.094519,0.080868,0.110233,0.094082,0.063105,0.098742
121030278012,Pinellas,0.096098,0.083217,0.112374,0.094103,0.063320,0.098794
121030278021,Pinellas,0.112164,0.092610,0.139303,0.096987,0.066385,0.098929
121030278022,Pinellas,0.110450,0.079694,0.122559,0.128830,0.066413,0.098361
121030279011,Pinellas,0.130788,0.127608,0.163535,0.100161,0.076662,0.099267
121030279012,Pinellas,0.132516,0.139431,0.163396,0.099779,0.076137,0.099477
121030279013,Pinellas,0.136423,0.135055,0.177334,0.111682,0.084876,0.099022
121030279051,Pinellas,0.126188,0.109902,0.155691,0.103521,0.076904,0.099368
121030279052,Pinellas,0.129239,0.115421,0.163095,0.104720,0.078270,0.099355
121030279053,Pinellas,0.126578,0.103310,0.156384,0.106791,0.079415,0.099657
121030279054,Pinellas,0.135601,0.137653,0.173188,0.096671,0.076013,0.100020
121030280021,Pinellas,0.103096,0.098774,0.120351,0.104504,0.077101,0.096923
121030280022,Pinellas,0.100770,0.106301,0.117383,0.093830,0.075158,0.096202
121030280023,Pinellas,0.094134,0.081663,0.109279,0.095735,0.075692,0.095332
121030280024,Pinellas,0.096138,0.072702,0.113546,0.098763,0.077975,0.095001
121030280041,Pinellas,0.134336,0.130256,0.175345,0.106136,0.080848,0.099591
121030280042,Pinellas,0.133261,0.129786,0.167078,0.107805,0.081709,0.099326
121030280051,Pinellas,0.116442,0.104942,0.148491,0.105188,0.077073,0.098094
121030280052,Pinellas,0.129817,0.104037,0.170863,0.110005,0.082095,0.099010
121030280061,Pinellas,0.133592,0.118531,0.180014,0.108615,0.082006,0.099274
121030280062,Pinellas,0.124857,0.121989,0.157326,0.107173,0.082136,0.099050
121030281021,Pinellas,0.168409,0.229356,0.194741,0.105338,0.084213,0.100090
121030281022,Pinellas,0.168022,0.245552,0.194274,0.129986,0.082896,0.098187
121030281023,Pinellas,0.143447,0.164395,0.177677,0.111239,0.083345,0.100242
121030281031,Pinellas,0.143686,0.152686,0.186009,0.106641,0.078395,0.099981
121030281032,Pinellas,0.139191,0.163591,0.165506,0.104551,0.078539,0.100077
121030281041,Pinellas,0.145332,0.162974,0.182242,0.103130,0.077165,0.099778
121030281042,Pinellas,0.140493,0.142927,0.183894,0.107955,0.079188,0.099769
121030281043,Pinellas,0.139225,0.197411,0.145068,0.092161,0.076109,0.099838
121030282001,Pinellas,0.180693,0.251132,0.207874,0.105094,0.088556,0.099956
121030282002,Pinellas,0.169702,0.232584,0.197308,0.097336,0.085797,0.099955
121030282003,Pinellas,0.165408,0.229077,0.181695,0.112933,0.088623,0.099334
121030283001,Pinellas,0.175268,0.269127,0.177701,0.100134,0.079502,0.099189
121030283002,Pinellas,0.169244,0.237376,0.179928,0.110234,0.090724,0.099173
121030283003,Pinellas,0.154724,0.215257,0.170233,0.103559,0.085884,0.098245
121030283004,Pinellas,0.172337,0.244460,0.179227,0.107675,0.091366,0.099829
121030284031,Pinellas,0.168175,0.247182,0.194075,0.131173,0.083979,0.098254
121030284032,Pinellas,0.169524,0.245485,0.183177,0.117099,0.088457,0.098425
121030284033,Pinellas,0.161668,0.226748,0.178179,0.111699,0.087281,0.098246
121030285001,Pinellas,0.156013,0.218440,0.174135,0.106969,0.085692,0.097971
121030285002,Pinellas,0.130993,0.179568,0.143448,0.094064,0.082920,0.097317
121030286011,Pinellas,0.137560,0.240403,0.112117,0.067453,0.065178,0.095294
121030286012,Pinellas,0.126442,0.229719,0.110308,0.065948,0.064967,0.095212
121030286021,Pinellas,0.124000,0.197273,0.126891,0.076797,0.072206,0.095243
121030286022,Pinellas,0.125971,0.218710,0.119750,0.070234,0.067953,0.094870
121030287001,Pinellas,0.218078,0.392800,0.176431,0.109894,0.095471,0.095477
121030287002,Pinellas,0.116369,0.189323,0.102532,0.065317,0.064306,0.095489
121030287003,Pinellas,0.116012,0.186373,0.103867,0.066049,0.064870,0.095493
121039900000,Pinellas,0.097883,0.082427,0.101676,0.104523,0.099732,0.094491
121039901000,Pinellas,0.179967,0.359357,0.187051,0.114273,0.085192,0.095068
121010301011,Pasco,0.275150,0.349483,0.299661,0.249965,0.223341,0.186295
121010301012,Pasco,0.260885,0.323321,0.265407,0.242576,0.228132,0.188697
121010301021,Pasco,0.247812,0.259958,0.271855,0.238755,0.212392,0.187604
121010301022,Pasco,0.252943,0.311179,0.262821,0.240198,0.204712,0.176850
121010301023,Pasco,0.261214,0.321305,0.274694,0.245053,0.208624,0.177192
121010302021,Pasco,0.269034,0.329331,0.268894,0.254196,0.227681,0.169236
121010302022,Pasco,0.275754,0.324928,0.284355,0.265822,0.236109,0.176242
121010302023,Pasco,0.264252,0.295591,0.273249,0.260472,0.232331,0.175845
121010302031,Pasco,0.239107,0.293069,0.229876,0.223743,0.204044,0.163959
121010302032,Pasco,0.248447,0.298878,0.236424,0.234260,0.217450,0.164476
121010302033,Pasco,0.262570,0.341689,0.246219,0.244397,0.220065,0.166015
121010302041,Pasco,0.232348,0.309774,0.230028,0.220024,0.180764,0.160311
121010302051,Pasco,0.203408,0.244673,0.213393,0.197833,0.157898,0.148007
121010302052,Pasco,0.216908,0.259675,0.235491,0.196403,0.184080,0.153246
121010303031,Pasco,0.188803,0.182252,0.217556,0.187623,0.165435,0.134248
121010303032,Pasco,0.181275,0.168471,0.204525,0.184319,0.162876,0.133157
121010303041,Pasco,0.182290,0.167783,0.209181,0.185290,0.163214,0.134289
121010303042,Pasco,0.181256,0.160651,0.210765,0.184793,0.166708,0.142315
121010303043,Pasco,0.171391,0.142541,0.198210,0.180776,0.162583,0.140164
121010304041,Pasco,0.118356,0.063123,0.124632,0.134674,0.106295,0.117758
121010304042,Pasco,0.175384,0.237970,0.201949,0.177965,0.142034,0.125736
121010304051,Pasco,0.186659,0.222794,0.199879,0.177426,0.160103,0.129488
121010304052,Pasco,0.182517,0.207395,0.198499,0.175373,0.160333,0.128621
121010304061,Pasco,0.188715,0.216861,0.204313,0.179129,0.161477,0.130414
121010304062,Pasco,0.187345,0.216193,0.204362,0.181416,0.161195,0.130328
121010304063,Pasco,0.186617,0.227721,0.199861,0.171393,0.158214,0.127940
121010304071,Pasco,0.186056,0.233025,0.201250,0.174095,0.156752,0.128234
121010304072,Pasco,0.186087,0.239611,0.196683,0.167047,0.155445,0.127305
121010304081,Pasco,0.211124,0.328026,0.220022,0.185323,0.162737,0.127159
121010304082,Pasco,0.180596,0.239633,0.192524,0.160458,0.147446,0.125556
121010304091,Pasco,0.227833,0.390028,0.239927,0.189702,0.166182,0.126807
121010304092,Pasco,0.178170,0.259900,0.193632,0.153129,0.138466,0.123881
121010304101,Pasco,0.180086,0.250655,0.191648,0.152931,0.143879,0.124306
121010304102,Pasco,0.172902,0.247632,0.189024,0.142157,0.132485,0.122152
121010304111,Pasco,0.158480,0.214578,0.182263,0.138671,0.122227,0.121181
121010304112,Pasco,0.157329,0.213224,0.178596,0.132857,0.123068,0.121008
121010304113,Pasco,0.158194,0.213978,0.183255,0.141233,0.121800,0.121655
121010304121,Pasco,0.157144,0.213023,0.178597,0.132857,0.123068,0.120933
121010304122,Pasco,0.157757,0.214534,0.174975,0.128722,0.124905,0.120487
121010305011,Pasco,0.170192,0.233572,0.184244,0.142483,0.137915,0.123242
121010305012,Pasco,0.162713,0.224971,0.181156,0.134926,0.125929,0.121798
121010305021,Pasco,0.160831,0.214991,0.181504,0.129943,0.125816,0.120492
121010305022,Pasco,0.159678,0.212999,0.176330,0.134391,0.128553,0.120211
121010305023,Pasco,0.178187,0.230684,0.190290,0.162154,0.148008,0.123528
121010306011,Pasco,0.189176,0.235441,0.201763,0.175073,0.159694,0.128052
121010306012,Pasco,0.188188,0.231364,0.203225,0.174802,0.157124,0.127646
121010306021,Pasco,0.180586,0.244471,0.192754,0.157666,0.144952,0.125399
121010306022,Pasco,0.177507,0.231796,0.192093,0.156971,0.145111,0.124783
121010307001,Pasco,0.192759,0.234158,0.207268,0.179495,0.161872,0.128796
121010307002,Pasco,0.189106,0.228800,0.204169,0.173712,0.159960,0.128192
121010308001,Pasco,0.184228,0.174840,0.221973,0.187120,0.163859,0.135949
121010308002,Pasco,0.188315,0.203949,0.213214,0.180679,0.162427,0.132650
121010309011,Pasco,0.184495,0.179996,0.212092,0.185678,0.165669,0.142781
121010309012,Pasco,0.238216,0.341105,0.248042,0.209073,0.171541,0.145493
121010309051,Pasco,0.186273,0.260726,0.196247,0.168902,0.148285,0.137921
121010309052,Pasco,0.185314,0.244267,0.201566,0.166539,0.146118,0.138083
121010309061,Pasco,0.197271,0.239948,0.205084,0.193170,0.160075,0.145125
121010309062,Pasco,0.165774,0.174580,0.184238,0.164619,0.147252,0.141494
121010310031,Pasco,0.233357,0.289930,0.228854,0.220373,0.192174,0.163512
121010310032,Pasco,0.228366,0.276846,0.231615,0.219913,0.178101,0.161810
121010310033,Pasco,0.244328,0.328099,0.238911,0.220411,0.180621,0.157574
121010310051,Pasco,0.207256,0.237020,0.212031,0.207998,0.168020,0.152280
121010310052,Pasco,0.194276,0.230105,0.192315,0.191985,0.160930,0.151377
121010310061,Pasco,0.201890,0.255699,0.202022,0.191627,0.162352,0.148599
121010310071,Pasco,0.195047,0.225619,0.200297,0.194300,0.159905,0.151162
121010310072,Pasco,0.201948,0.246844,0.209798,0.194761,0.163784,0.145153
121010310073,Pasco,0.191691,0.216450,0.203209,0.190683,0.160886,0.149555
121010310081,Pasco,0.235441,0.328786,0.233121,0.230916,0.184162,0.154533
121010310082,Pasco,0.215181,0.292311,0.212694,0.198505,0.165696,0.152100
121010310091,Pasco,0.251349,0.315426,0.240726,0.234636,0.212483,0.163060
121010310092,Pasco,0.239873,0.289890,0.229176,0.227119,0.205535,0.162420
121010310101,Pasco,0.261763,0.362387,0.236058,0.236003,0.209291,0.162678
121010310102,Pasco,0.247234,0.337212,0.237029,0.227646,0.197253,0.160103
121010310111,Pasco,0.246174,0.338837,0.241086,0.226383,0.188222,0.157478
121010310112,Pasco,0.225869,0.291750,0.221882,0.211646,0.182355,0.159819
121010310121,Pasco,0.227584,0.292807,0.228706,0.206730,0.181113,0.159095
121010310122,Pasco,0.275605,0.418743,0.267943,0.227644,0.186853,0.155179
121010310123,Pasco,0.220164,0.309939,0.212172,0.198057,0.163680,0.150058
121010310131,Pasco,0.212434,0.250944,0.208416,0.214485,0.171576,0.159058
121010310132,Pasco,0.232567,0.317179,0.219848,0.219534,0.175810,0.155107
121010310141,Pasco,0.214534,0.261725,0.218657,0.203108,0.167896,0.154239
121010310142,Pasco,0.235859,0.323369,0.231821,0.212933,0.170758,0.152953
121010311011,Pasco,0.221412,0.228865,0.235875,0.230680,0.193276,0.172925
121010311012,Pasco,0.249737,0.280491,0.267359,0.244022,0.213438,0.168550
121010311031,Pasco,0.286165,0.401653,0.281453,0.254322,0.217067,0.163204
121010311041,Pasco,0.230006,0.274497,0.240332,0.225257,0.190500,0.164957
121010311042,Pasco,0.238245,0.302646,0.246596,0.226219,0.197090,0.167010
121010311043,Pasco,0.237304,0.276745,0.251151,0.231316,0.197118,0.167752
121010312031,Pasco,0.252900,0.291002,0.274071,0.241556,0.210492,0.178595
121010312032,Pasco,0.254008,0.295522,0.278351,0.245060,0.206818,0.174955
121010312041,Pasco,0.209597,0.197992,0.229233,0.218243,0.188690,0.167958
121010312042,Pasco,0.230174,0.216151,0.258780,0.236547,0.198236,0.171056
121010312051,Pasco,0.245226,0.279831,0.265054,0.241332,0.207277,0.170147
121010312052,Pasco,0.237539,0.255942,0.269739,0.237489,0.198018,0.164908
121010312053,Pasco,0.239850,0.328079,0.248889,0.234387,0.185734,0.155320
121010312061,Pasco,0.231542,0.285862,0.269951,0.228263,0.179088,0.163659
121010312062,Pasco,0.223768,0.301564,0.282584,0.214391,0.167066,0.147000
121010312071,Pasco,0.212184,0.304058,0.276722,0.214404,0.163290,0.154453
121010312072,Pasco,0.204494,0.239723,0.259733,0.204082,0.157257,0.143432
121010312081,Pasco,0.184043,0.284244,0.234502,0.201331,0.139643,0.141629
121010312082,Pasco,0.182685,0.302220,0.248951,0.172294,0.133060,0.133727
121010313011,Pasco,0.230295,0.298898,0.271911,0.221922,0.179677,0.149762
121010313012,Pasco,0.224383,0.305230,0.280436,0.215780,0.171934,0.144169
121010313013,Pasco,0.221862,0.298610,0.283216,0.218705,0.168169,0.144556
121010313021,Pasco,0.215787,0.231667,0.280071,0.221730,0.168329,0.146177
121010313022,Pasco,0.187696,0.179053,0.240856,0.192186,0.141210,0.151657
121010313023,Pasco,0.130658,0.151076,0.170524,0.132962,0.099764,0.133169
121010313024,Pasco,0.135965,0.135483,0.179093,0.145345,0.101796,0.135380
121010314011,Pasco,0.179437,0.192930,0.201497,0.179320,0.154169,0.136250
121010314012,Pasco,0.207975,0.232698,0.237127,0.198377,0.175630,0.135568
121010314013,Pasco,0.195708,0.244463,0.215192,0.180322,0.154330,0.137907
121010314014,Pasco,0.199085,0.239491,0.218110,0.185934,0.161416,0.138893
121010314041,Pasco,0.194223,0.225902,0.210367,0.186731,0.164696,0.130097
121010314042,Pasco,0.196721,0.258889,0.222423,0.176301,0.159904,0.128083
121010314061,Pasco,0.212036,0.280747,0.237846,0.188092,0.160063,0.134703
121010314062,Pasco,0.172246,0.194581,0.192793,0.160661,0.150800,0.136218
121010314071,Pasco,0.185509,0.236914,0.202155,0.167306,0.149953,0.137939
121010314072,Pasco,0.169871,0.210060,0.202063,0.154243,0.137832,0.133146
121010314101,Pasco,0.163035,0.170101,0.185807,0.160570,0.145840,0.129652
121010314102,Pasco,0.167798,0.203443,0.175957,0.161059,0.146282,0.125668
121010314111,Pasco,0.183388,0.234925,0.200770,0.170151,0.151081,0.125596
121010314121,Pasco,0.209996,0.260971,0.240680,0.191156,0.169266,0.132494
121010314122,Pasco,0.170120,0.184204,0.191172,0.163480,0.151842,0.131984
121010315031,Pasco,0.194141,0.254465,0.203816,0.178609,0.157956,0.127262
121010315032,Pasco,0.201656,0.274743,0.217366,0.180896,0.161233,0.127667
121010315041,Pasco,0.157637,0.265855,0.181781,0.141866,0.116644,0.120418
121010315051,Pasco,0.175982,0.246350,0.186706,0.157357,0.146768,0.124084
121010315052,Pasco,0.123002,0.202702,0.124699,0.104433,0.094103,0.119774
121010315061,Pasco,0.140404,0.197208,0.149673,0.126929,0.120298,0.120686
121010315062,Pasco,0.164605,0.194196,0.197060,0.155955,0.137246,0.123857
121010315063,Pasco,0.138619,0.191083,0.141733,0.126053,0.118334,0.120563
121010315071,Pasco,0.130400,0.178303,0.140092,0.116515,0.116904,0.118392
121010315072,Pasco,0.101215,0.110390,0.127147,0.090804,0.084910,0.114491
121010315073,Pasco,0.113934,0.126798,0.146300,0.101249,0.094203,0.117307
121010315081,Pasco,0.124735,0.155839,0.153634,0.117807,0.103544,0.113502
121010315082,Pasco,0.113876,0.110223,0.144115,0.105430,0.097356,0.114587
121010316011,Pasco,0.102707,0.087049,0.126050,0.101573,0.089931,0.111567
121010316012,Pasco,0.113309,0.143540,0.135599,0.103349,0.101510,0.108325
121010316021,Pasco,0.120967,0.105763,0.147277,0.114583,0.109081,0.106097
121010316022,Pasco,0.111923,0.133354,0.124570,0.103745,0.100879,0.104770
121010316023,Pasco,0.100587,0.121774,0.102350,0.099632,0.097037,0.102710
121010316031,Pasco,0.095785,0.079323,0.091074,0.100760,0.094006,0.101036
121010316032,Pasco,0.091088,0.066573,0.085051,0.096198,0.090017,0.101933
121010316033,Pasco,0.093255,0.084355,0.093399,0.096542,0.087110,0.102639
121010316041,Pasco,0.116351,0.093817,0.115969,0.114608,0.131185,0.099960
121010316042,Pasco,0.106686,0.092502,0.106387,0.109910,0.102425,0.100433
121010316043,Pasco,0.124953,0.137100,0.128348,0.120983,0.121842,0.098825
121010316044,Pasco,0.120326,0.120374,0.124636,0.119562,0.108815,0.100095
121010316051,Pasco,0.098800,0.103634,0.098697,0.100925,0.091257,0.101996
121010316052,Pasco,0.113796,0.106063,0.116418,0.113376,0.111604,0.099761
121010317011,Pasco,0.091614,0.138126,0.095895,0.093890,0.079893,0.100503
121010317031,Pasco,0.185611,0.253077,0.242364,0.174225,0.147721,0.139766
121010317032,Pasco,0.184586,0.184498,0.232902,0.180495,0.148128,0.139926
121010317033,Pasco,0.139791,0.133889,0.192073,0.150511,0.098995,0.135619
121010317041,Pasco,0.116184,0.137452,0.174453,0.101366,0.089255,0.129335
121010317042,Pasco,0.152052,0.213292,0.195347,0.132149,0.108939,0.139218
121010317051,Pasco,0.164399,0.184482,0.204118,0.153686,0.136402,0.126999
121010317052,Pasco,0.169285,0.188492,0.219324,0.156914,0.137424,0.125289
121010317061,Pasco,0.153662,0.211651,0.196065,0.133864,0.118757,0.119167
121010317062,Pasco,0.146295,0.192185,0.201068,0.129786,0.114120,0.116885
121010317071,Pasco,0.154923,0.179339,0.207179,0.150729,0.113002,0.134515
121010317072,Pasco,0.130190,0.122757,0.182581,0.119003,0.099963,0.126585
121010317081,Pasco,0.156510,0.186089,0.213874,0.140963,0.122449,0.126293
121010317082,Pasco,0.154044,0.178564,0.211962,0.138548,0.120403,0.122810
121010317083,Pasco,0.155132,0.183412,0.208613,0.140018,0.121987,0.124670
121010318041,Pasco,0.243018,0.220501,0.261257,0.229380,0.224886,0.192731
121010318042,Pasco,0.201853,0.118581,0.228222,0.199583,0.186435,0.182893
121010318043,Pasco,0.198841,0.102529,0.220832,0.200782,0.184640,0.181552
121010318044,Pasco,0.197471,0.112850,0.222681,0.201184,0.173949,0.174208
121010318051,Pasco,0.188806,0.078156,0.216616,0.201885,0.162341,0.177438
121010318052,Pasco,0.194160,0.193682,0.247844,0.200890,0.141177,0.156377
121010318061,Pasco,0.185914,0.269742,0.220597,0.187475,0.136525,0.151727
121010318062,Pasco,0.196628,0.152585,0.214728,0.239137,0.146882,0.144923
121010318071,Pasco,0.394893,0.733189,0.499189,0.352163,0.303216,0.190182
121010318072,Pasco,0.244819,0.272806,0.261678,0.237561,0.208385,0.177406
121010318073,Pasco,0.239871,0.262165,0.255326,0.238035,0.214985,0.175305
121010318081,Pasco,0.171570,0.177564,0.223177,0.189721,0.119202,0.144848
121010318082,Pasco,0.150106,0.202421,0.204495,0.154920,0.115045,0.130626
121010318091,Pasco,0.204059,0.105924,0.195775,0.233561,0.177304,0.141797
121010318092,Pasco,0.197355,,0.225146,0.222737,0.166354,0.130771
121010319011,Pasco,0.233507,,,,0.233507,0.403297
121010319021,Pasco,0.147193,0.142645,0.163739,0.148001,0.142872,0.110313
121010319022,Pasco,0.145042,0.174846,0.140662,0.147729,0.137595,0.110653
121010319023,Pasco,0.135431,0.138926,0.134210,0.136848,0.131154,0.107759
121010319031,Pasco,0.144876,0.112631,0.179085,0.158075,0.125360,0.116971
121010319032,Pasco,0.134302,0.133633,0.133610,0.137261,0.128881,0.108356
121010319033,Pasco,0.134557,0.113983,0.137271,0.145878,0.124523,0.111552
121010320011,Pasco,0.130236,0.133561,0.130463,0.126238,0.141406,0.102830
121010320012,Pasco,0.142560,0.154144,0.155051,0.139501,0.139515,0.105463
121010320013,Pasco,0.129241,0.130704,0.129599,0.125025,0.141786,0.102587
121010320014,Pasco,0.129981,0.154805,0.122323,0.123432,0.143397,0.103187
121010320051,Pasco,0.089366,0.105924,0.123524,0.083189,0.080610,0.097295
121010320052,Pasco,0.134310,0.105924,0.155650,0.134465,0.123654,0.105922
121010320053,Pasco,0.130462,0.122529,0.163252,0.124615,0.118316,0.107122
121010320061,Pasco,0.094955,0.189357,0.108497,0.079172,0.111641,0.097530
121010320062,Pasco,0.108607,0.106899,0.119902,0.099487,0.121599,0.097119
121010320063,Pasco,0.131491,0.177947,0.136343,0.117586,0.148443,0.097996
121010320071,Pasco,0.124242,0.121073,0.120465,0.120869,0.146479,0.101318
121010320072,Pasco,0.122705,0.127697,0.116992,0.118063,0.146765,0.100405
121010320081,Pasco,0.118191,0.113163,0.114539,0.117010,0.138172,0.100393
121010320082,Pasco,0.117702,0.132198,0.111614,0.112699,0.146577,0.098535
121010320091,Pasco,0.126840,0.139065,0.121872,0.122153,0.144636,0.101172
121010320092,Pasco,0.127599,0.141920,0.125383,0.119598,0.149102,0.101133
121010320093,Pasco,0.118819,0.135920,0.113997,0.112232,0.149823,0.099097
121010320094,Pasco,0.107544,0.121277,0.100404,0.102460,0.143480,0.097830
121010320101,Pasco,0.123989,0.147565,0.119295,0.118755,0.136860,0.096454
121010320111,Pasco,0.133527,0.156617,0.132431,0.124168,0.157943,0.097466
121010320112,Pasco,0.117696,0.137827,0.117005,0.105790,0.150837,0.097942
121010320121,Pasco,0.132590,0.164983,0.131622,0.115914,0.168074,0.098677
121010320122,Pasco,0.127906,0.146825,0.125534,0.120053,0.157609,0.096815
121010320131,Pasco,0.115666,0.124555,0.111479,0.113470,0.131414,0.098362
121010320132,Pasco,0.129462,0.184937,0.129774,0.119580,0.123731,0.098092
121010320133,Pasco,0.127077,0.137845,0.127211,0.123411,0.133536,0.098480
121010320141,Pasco,0.105332,0.115033,0.098805,0.103795,0.124594,0.097128
121010320142,Pasco,0.096150,0.093764,0.089874,0.095242,0.128740,0.096142
121010320143,Pasco,0.091342,0.085256,0.085067,0.091682,0.124311,0.095851
121010321031,Pasco,0.112888,0.062846,0.165952,0.095715,0.103403,0.106396
121010321032,Pasco,0.106903,0.089897,0.127126,0.090709,0.128117,0.100618
121010321033,Pasco,0.090649,0.091761,0.107130,0.070126,0.115532,0.103057
121010321041,Pasco,0.129290,0.150455,0.147850,0.113009,0.146606,0.101890
121010321051,Pasco,0.089347,0.073686,0.124680,0.070327,0.084616,0.104868
121010321052,Pasco,0.194588,0.263045,0.216485,0.192830,0.173614,0.107513
121010321053,Pasco,0.159322,0.196077,0.174521,0.147946,0.154436,0.104434
121010321061,Pasco,0.096931,0.103174,0.087903,0.089519,0.160220,0.096134
121010321062,Pasco,0.096896,0.124130,0.090700,0.084754,0.129088,0.097085
121010321071,Pasco,0.095456,0.119930,0.123468,0.075619,0.102828,0.101691
121010321072,Pasco,0.096057,0.101283,0.097219,0.085100,0.143584,0.098833
121010321073,Pasco,0.125189,0.134089,0.143956,0.108887,0.152208,0.099809
121010321074,Pasco,0.090964,0.088502,0.083952,0.084187,0.133569,0.098582
121010321081,Pasco,0.188236,0.227075,0.191801,0.193408,0.173397,0.108165
121010321082,Pasco,0.111512,0.154201,0.158663,0.093324,0.091757,0.104438
121010321083,Pasco,0.107077,0.150880,0.125927,0.094455,0.105670,0.103706
121010321091,Pasco,0.091312,0.084741,0.084549,0.090601,0.132458,0.096017
121010321101,Pasco,0.089592,0.085460,0.088170,0.086485,0.116109,0.095321
121010321111,Pasco,0.077657,0.038626,0.086508,0.072492,0.103974,0.097583
121010321112,Pasco,0.087942,0.064557,0.110238,0.077067,0.103556,0.099824
121010321121,Pasco,0.086766,0.069335,0.085058,0.083268,0.127044,0.095183
121010321131,Pasco,0.083275,0.071419,0.082351,0.077627,0.114943,0.095981
121010321132,Pasco,0.083724,0.079253,0.079553,0.079410,0.103310,0.095650
121010322001,Pasco,0.159205,0.205975,0.214263,0.165265,0.138344,0.116436
121010322002,Pasco,0.149777,0.110229,0.180066,0.171078,0.135341,0.111142
121010322003,Pasco,0.138229,0.155083,0.206715,0.117022,0.119943,0.113045
121010323001,Pasco,0.153466,0.225376,0.188557,0.169087,0.133990,0.117353
121010324011,Pasco,0.220592,0.287696,0.271089,0.224462,0.202422,0.143805
121010324012,Pasco,0.209252,0.209625,0.209923,0.222289,0.198184,0.135132
121010324021,Pasco,0.315469,0.454674,0.363528,0.256724,0.302063,0.166417
121010324022,Pasco,0.317084,0.414558,0.387778,0.266334,0.296679,0.169617
121010324023,Pasco,0.237336,,,0.191255,0.262670,0.188659
121010325001,Pasco,0.223905,0.240781,0.269399,0.213579,0.201586,0.141752
121010325002,Pasco,0.213043,0.295144,0.262197,0.194517,0.178944,0.135511
121010325003,Pasco,0.197428,0.265599,0.258666,0.172594,0.165281,0.132788
121010325004,Pasco,0.175860,0.149914,0.209340,0.184298,0.165441,0.119877
121010326011,Pasco,0.182505,0.169007,0.233733,0.181208,0.166009,0.130895
121010326012,Pasco,0.200555,0.241424,0.239635,0.195940,0.176433,0.135446
121010326021,Pasco,0.209297,0.258177,0.241032,0.200064,0.182800,0.132673
121010326022,Pasco,0.264057,0.302002,0.276461,0.265983,0.245304,0.133866
121010327001,Pasco,0.209262,0.207363,0.275480,0.188884,0.182842,0.137952
121010327002,Pasco,0.242444,0.167364,0.248504,0.247089,0.235495,0.142750
121010327003,Pasco,0.224535,0.203268,0.233726,0.241373,0.222583,0.136361
121010328021,Pasco,0.257072,0.272759,0.261501,0.262288,0.249767,0.139779
121010328022,Pasco,0.234736,0.190249,0.251736,0.235767,0.243543,0.130611
121010328041,Pasco,0.229975,0.201256,0.223680,0.230361,0.241113,0.121665
121010328042,Pasco,0.250555,0.234848,0.277340,0.249909,0.249765,0.122148
121010328051,Pasco,0.206049,0.189961,0.199476,0.200348,0.216518,0.128201
121010328052,Pasco,0.252119,0.260910,0.241026,0.252327,0.251258,0.126924
121010329011,Pasco,0.167263,0.233723,0.199022,0.156899,0.144633,0.111506
121010329012,Pasco,0.205585,0.249225,0.221880,0.184219,0.198173,0.116751
121010329013,Pasco,0.187269,0.241789,0.208380,0.171994,0.173836,0.115992
121010329021,Pasco,0.151574,0.228120,0.175116,0.139793,0.130927,0.111451
121010329022,Pasco,0.167325,0.249365,0.200704,0.160632,0.133553,0.110934
121010329051,Pasco,0.184969,0.247398,0.209343,0.172500,0.167381,0.113607
121010329052,Pasco,0.162090,0.228953,0.194031,0.158307,0.126284,0.108877
121010329053,Pasco,0.169536,0.221656,0.178073,0.179182,0.144274,0.109099
121010329054,Pasco,0.182583,0.220729,0.157892,0.194421,0.163891,0.107080
121010330051,Pasco,0.242388,0.210489,0.238003,0.250613,0.250473,0.126522
121010330052,Pasco,0.242644,0.191613,0.281421,0.249255,0.249231,0.123648
121010330053,Pasco,0.242895,0.212440,0.257139,0.247383,0.246080,0.126149
121010330061,Pasco,0.218814,0.192048,0.238224,0.217498,0.221329,0.119928
121010330062,Pasco,0.246738,0.222986,0.261873,0.252340,0.247323,0.119803
121010330071,Pasco,0.204794,0.239495,0.223491,0.185160,0.197964,0.116802
121010330072,Pasco,0.215207,0.240547,0.212782,0.206729,0.215567,0.115043
121010330081,Pasco,0.244874,0.204343,0.261827,0.253381,0.242094,0.117112
121010330082,Pasco,0.222413,0.213382,0.225060,0.227995,0.219779,0.115943
121010330091,Pasco,0.241280,0.168747,0.264293,0.252306,0.247727,0.121034
121010330092,Pasco,0.242756,0.200574,0.259110,0.250932,0.241766,0.118013
121010330093,Pasco,0.237540,0.150285,0.261274,0.251202,0.244937,0.119488
121010330101,Pasco,0.246157,0.195063,0.263041,0.252419,0.252788,0.120878
121010330102,Pasco,0.244582,0.196658,0.265949,0.252334,0.246139,0.118410
121010330111,Pasco,0.204501,0.233342,0.202715,0.201767,0.201764,0.114102
121010330112,Pasco,0.214574,0.194964,0.218892,0.222500,0.211766,0.115959
121010330121,Pasco,0.229655,0.203290,0.236898,0.237556,0.225895,0.114623
121010330122,Pasco,0.248421,0.225777,0.266529,0.254318,0.239050,0.113887
121010330131,Pasco,0.247987,0.212775,0.263747,0.255622,0.244142,0.115791
121010330132,Pasco,0.241818,0.184869,0.259795,0.252537,0.240324,0.116140
121010330133,Pasco,0.248989,0.227678,0.269533,0.254197,0.238867,0.113910
121010330141,Pasco,0.231007,0.366266,0.233626,0.226522,0.215609,0.111062
121010330142,Pasco,0.225005,0.237605,0.218007,0.228409,0.219918,0.111672
121010330143,Pasco,0.216492,0.266497,0.205229,0.220486,0.207056,0.111463
121010330144,Pasco,0.233740,0.284859,0.236859,0.232519,0.222272,0.111629
121010331011,Pasco,0.307920,0.380175,0.334254,0.305631,0.283271,0.150591
121010331012,Pasco,0.227711,,0.212012,0.225724,0.231960,0.120269
121010331021,Pasco,0.215795,0.231514,0.214484,0.204257,0.222881,0.113814
121019900000,Pasco,,,,,,
120530401011,Hernando,0.234010,,0.144231,0.244330,0.243038,0.171149
120530401012,Hernando,0.193324,0.124023,0.223664,0.229619,0.153640,0.154437
120530401013,Hernando,0.292677,0.312604,0.320791,0.296896,0.271491,0.161611
120530401021,Hernando,0.140969,0.229694,0.163260,0.155397,0.115006,0.141303
120530401022,Hernando,0.257473,0.224543,0.291547,0.288133,0.209035,0.163705
120530402011,Hernando,0.269948,0.018869,0.333103,0.276339,0.244067,0.171928
120530402012,Hernando,0.280698,0.062366,0.345973,0.260905,0.235143,0.174307
120530402021,Hernando,0.227925,0.196318,0.303379,0.203992,0.185095,0.145867
120530402022,Hernando,0.171656,0.147578,0.184244,0.184025,0.171764,0.150067
120530402023,Hernando,0.253436,,0.321900,0.230747,0.212936,0.143440
120530403011,Hernando,0.132423,0.168858,0.142009,0.147118,0.116761,0.124031
120530403021,Hernando,0.278289,0.296217,0.264237,0.263021,0.306002,0.156359
120530403022,Hernando,0.154579,0.123208,0.180936,0.154203,0.140299,0.131312
120530403023,Hernando,0.223600,0.213071,0.185259,0.239531,0.247839,0.145200
120530403031,Hernando,0.183018,0.126467,0.191225,0.198645,0.183798,0.142211
120530403032,Hernando,0.243161,,0.256812,0.261375,0.219218,0.154450
120530404001,Hernando,0.270036,0.373083,0.263268,0.244310,0.199837,0.162270
120530404002,Hernando,0.262683,0.448313,0.254054,0.237784,0.184067,0.160443
120530404003,Hernando,0.274207,0.390396,0.259216,0.254190,0.197625,0.161569
120530405011,Hernando,0.238557,0.300978,0.225761,0.230228,0.191561,0.161206
120530405012,Hernando,0.221518,0.253340,0.219445,0.234933,0.194616,0.159932
120530405021,Hernando,0.222785,0.273833,0.208751,0.223990,0.196026,0.167381
120530405022,Hernando,0.227321,0.299846,0.206440,0.221714,0.189576,0.166106
120530406011,Hernando,0.183077,,0.165391,0.190832,0.186721,0.171110
120530406012,Hernando,0.231651,0.295131,0.227064,0.204554,0.203183,0.167227
120530406021,Hernando,0.171226,0.113667,0.178752,0.200400,0.191025,0.169086
120530406022,Hernando,0.198463,0.110325,0.180786,0.220147,0.214992,0.174787
120530407011,Hernando,0.231455,0.217968,0.213573,0.243365,0.229059,0.193608
120530407012,Hernando,0.186407,0.093300,0.172333,0.247305,0.209429,0.182779
120530407013,Hernando,0.192693,0.074590,0.179178,0.230319,0.213247,0.180834
120530407021,Hernando,0.190011,0.156822,0.188715,0.215196,0.203390,0.179214
120530407022,Hernando,0.189788,0.136598,0.203404,0.238491,0.201899,0.186809
120530408011,Hernando,0.225168,0.222819,0.234082,0.240548,0.202337,0.175438
120530408012,Hernando,0.219178,0.196551,0.235900,0.246216,0.204872,0.177220
120530408013,Hernando,0.212316,0.177303,0.219557,0.250873,0.209302,0.183347
120530408021,Hernando,0.209126,0.232498,0.219437,0.216903,0.154520,0.168901
120530408022,Hernando,0.200617,0.174121,0.210173,0.222709,0.185333,0.170951
120530408023,Hernando,0.201704,0.174151,0.213369,0.222709,0.186588,0.170816
120530409011,Hernando,0.189655,0.229378,0.234322,0.182495,0.139023,0.159486
120530409012,Hernando,0.228756,0.329076,0.252650,0.204888,0.162772,0.166432
120530409013,Hernando,0.240397,0.258118,0.273180,0.243473,0.183547,0.172561
120530409014,Hernando,0.234359,0.289382,0.240536,0.239682,0.176559,0.168034
120530409061,Hernando,0.192279,0.235912,0.198043,0.210502,0.145192,0.158762
120530409062,Hernando,0.175714,0.178795,0.193105,0.198756,0.139980,0.154868
120530409063,Hernando,0.179551,0.225808,0.183745,0.200314,0.131394,0.156498
120530409064,Hernando,0.161063,0.146402,0.169756,0.200418,0.126673,0.146456
120530409071,Hernando,0.239287,0.276477,0.225011,0.266070,0.200058,0.168914
120530409072,Hernando,0.224185,0.252773,0.223903,0.254045,0.180888,0.163852
120530409081,Hernando,0.186555,0.166023,0.213820,0.223736,0.152330,0.157234
120530409082,Hernando,0.185797,0.181095,0.187199,0.230215,0.160392,0.158877
120530409083,Hernando,0.200004,0.208200,0.195303,0.223974,0.177277,0.168014
120530409091,Hernando,0.180670,0.154551,0.207712,0.197157,0.163380,0.164700
120530409092,Hernando,0.186159,0.166881,0.211108,0.204050,0.164350,0.165759
120530409101,Hernando,0.195716,0.180886,0.220283,0.207936,0.170193,0.164402
120530409102,Hernando,0.217256,0.180891,0.197559,0.247867,0.240244,0.162451
120530409111,Hernando,0.186529,0.151669,0.207785,0.208352,0.159203,0.144936
120530409112,Hernando,0.188145,0.183264,0.196444,0.218783,0.162975,0.156169
120530409113,Hernando,0.181475,0.155433,0.187022,0.213527,0.178639,0.157767
120530409121,Hernando,0.216638,0.256586,0.228614,0.244472,0.154337,0.162252
120530409122,Hernando,0.236419,0.295010,0.248279,0.243286,0.165064,0.168712
120530409131,Hernando,0.205628,0.278589,0.235233,0.196865,0.147675,0.159933
120530409132,Hernando,0.214442,0.273293,0.249298,0.220064,0.143992,0.160493
120530410031,Hernando,0.222416,0.228968,0.236781,0.226336,0.186628,0.175168
120530410032,Hernando,0.211698,0.185040,0.221088,0.246154,0.203625,0.185261
120530410041,Hernando,0.220846,0.216012,0.238720,0.241348,0.187769,0.176752
120530410042,Hernando,0.229037,0.214902,0.251349,0.243848,0.206076,0.183198
120530410043,Hernando,0.230292,0.218057,0.250221,0.245276,0.207113,0.183454
120530410051,Hernando,0.211545,0.205113,0.235538,0.221360,0.185435,0.172461
120530410052,Hernando,0.218439,0.216731,0.228193,0.234452,0.190094,0.174601
120530410061,Hernando,0.220200,0.216364,0.234765,0.243522,0.189619,0.175360
120530410062,Hernando,0.232538,0.238372,0.243002,0.239524,0.198641,0.179302
120530410063,Hernando,0.214574,0.204127,0.245506,0.241590,0.176077,0.174375
120530411031,Hernando,0.224732,0.213863,0.241554,0.238367,0.190647,0.192384
120530411032,Hernando,0.217371,0.196579,0.225602,0.237893,0.210012,0.189291
120530411041,Hernando,0.257219,0.276776,0.278197,0.251659,0.206734,0.182068
120530411042,Hernando,0.256564,0.267278,0.277434,0.256115,0.210471,0.182874
120530411051,Hernando,0.225616,0.221713,0.249684,0.239234,0.194067,0.176924
120530411052,Hernando,0.229804,0.211328,0.258774,0.251910,0.196617,0.177198
120530411053,Hernando,0.244780,0.276001,0.256764,0.252319,0.191182,0.175428
120530411061,Hernando,0.239246,0.260994,0.252725,0.251435,0.189827,0.172253
120530411062,Hernando,0.232920,0.247538,0.245898,0.250339,0.186689,0.172199
120530412011,Hernando,0.222419,0.189267,0.247618,0.252188,0.210632,0.190399
120530412012,Hernando,0.215461,0.175614,0.235613,0.259121,0.211572,0.189209
120530412013,Hernando,0.213940,0.177030,0.236909,0.258587,0.203764,0.186709
120530412031,Hernando,0.243174,0.233278,0.255900,0.252560,0.215973,0.196991
120530412032,Hernando,0.224662,0.191779,0.249230,0.255500,0.212313,0.191002
120530412041,Hernando,0.240627,0.266566,0.237229,0.248015,0.199419,0.196889
120530412042,Hernando,0.232736,0.249914,0.230668,0.243972,0.199854,0.197584
120530412043,Hernando,0.233141,0.217852,0.247055,0.243240,0.200070,0.197403
120530413021,Hernando,0.248984,0.294979,0.261807,0.223099,0.199645,0.191143
120530413022,Hernando,0.246679,0.261540,0.272575,0.234040,0.192600,0.186732
120530413031,Hernando,0.245647,0.271580,0.250710,0.245194,0.206050,0.196467
120530413032,Hernando,0.226811,0.202347,0.246838,0.234126,0.197810,0.196807
120530413033,Hernando,0.225582,0.214121,0.237527,0.239416,0.193574,0.193910
120530413041,Hernando,0.248943,0.292829,0.251514,0.241583,0.206041,0.196566
120530413042,Hernando,0.225983,0.207979,0.246680,0.232990,0.193947,0.193724
120530413051,Hernando,0.238525,0.194190,0.263884,0.242271,0.201168,0.197882
120530414011,Hernando,0.258931,0.318011,0.274453,0.225248,0.197205,0.189865
120530414012,Hernando,0.216034,0.246130,0.242665,0.197927,0.159430,0.178365
120530414013,Hernando,0.203331,0.120831,0.234508,0.202884,0.166717,0.181648
120530414021,Hernando,0.207054,0.226296,0.241292,0.197042,0.151671,0.177422
120530414022,Hernando,0.222904,0.219359,0.257908,0.207798,0.172023,0.181997
120530414023,Hernando,0.195085,0.194313,0.239528,0.193269,0.146148,0.170103
120530415011,Hernando,0.322385,0.491537,0.344949,0.304446,0.258459,0.200664
120530415012,Hernando,0.316120,,0.377022,0.306704,0.273327,0.208815
120530415021,Hernando,0.258361,,0.275858,0.245184,0.247711,0.207614
120530415022,Hernando,0.234124,0.205390,0.249951,0.255119,0.219864,0.195345
120530416011,Hernando,0.262238,0.312310,0.263410,0.263329,0.234800,0.193143
120530416012,Hernando,0.234802,,,,0.234802,0.192252
120530416013,Hernando,0.241649,0.221027,0.245764,0.267471,0.231995,0.195203
120530416021,Hernando,0.210869,0.163021,0.217552,0.253327,0.218868,0.192965
120530416022,Hernando,0.188007,0.117131,0.166655,0.195381,0.222306,0.197489
120530416023,Hernando,0.203104,0.147494,0.194797,0.251473,0.213924,0.193627
120539900000,Hernando,0.202249,0.233442,0.175641,0.207582,0.232704,0.200584
120174501031,Citrus,0.124651,0.120595,0.123445,0.124335,0.145684,0.142092
120174501032,Citrus,0.132683,0.120592,0.120281,0.132942,0.177279,0.143771
120174501041,Citrus,0.124153,0.114497,0.119943,0.132209,0.153009,0.146291
120174501042,Citrus,0.130172,0.123776,0.128274,0.130269,0.159479,0.142847
120174501051,Citrus,0.151946,0.175108,0.149076,0.137319,0.163977,0.147703
120174501052,Citrus,0.177271,0.218329,0.179256,0.165811,0.164200,0.149413
120174501061,Citrus,0.122790,0.099513,0.122259,0.122561,0.134189,0.147198
120174501062,Citrus,0.159683,0.186200,0.155281,0.164970,0.140483,0.150839
120174502011,Citrus,0.134444,0.127255,0.127790,0.133026,0.176072,0.143759
120174502012,Citrus,0.138453,0.133909,0.127696,0.130976,0.176940,0.145719
120174502013,Citrus,0.136803,0.130811,0.126821,0.135611,0.175755,0.145341
120174502021,Citrus,0.131948,0.128713,0.124748,0.129130,0.165418,0.143241
120174502022,Citrus,0.136858,0.131311,0.128635,0.133825,0.175002,0.144415
120174502023,Citrus,0.134345,0.129436,0.126702,0.133519,0.166912,0.144050
120174502024,Citrus,0.137720,0.134247,0.127294,0.133823,0.174759,0.145256
120174503051,Citrus,0.147994,0.142609,0.145697,0.141119,0.167406,0.159754
120174503052,Citrus,0.202864,0.297541,0.215070,0.173775,0.180371,0.165534
120174503061,Citrus,0.154507,0.137289,0.127647,0.182100,0.223888,0.154223
120174503062,Citrus,0.140892,0.100159,0.136650,0.142615,0.186403,0.153135
120174503071,Citrus,0.123218,0.130959,0.115763,0.125276,0.138298,0.143898
120174503072,Citrus,0.133442,0.139091,0.125683,0.127478,0.164593,0.144071
120174503073,Citrus,0.123815,0.121626,0.115750,0.121213,0.153911,0.144477
120174503074,Citrus,0.136204,0.139372,0.126362,0.128879,0.178759,0.145017
120174503081,Citrus,0.182755,0.116371,0.210757,0.177131,0.159727,0.151024
120174503082,Citrus,0.123180,0.094829,0.107550,0.120366,0.170741,0.146689
120174503083,Citrus,0.111230,0.055341,0.089943,0.112423,0.156315,0.147645
120174503091,Citrus,0.132594,0.081054,0.124363,0.140031,0.182042,0.144553
120174503092,Citrus,0.146044,0.083324,0.148414,0.139918,0.189182,0.144985
120174503093,Citrus,0.150622,0.142731,0.158915,0.137094,0.176144,0.144405
120174503101,Citrus,0.124395,0.070595,0.115978,0.128829,0.167011,0.145877
120174503102,Citrus,0.138472,0.074620,0.140325,0.143636,0.160457,0.147451
120174504011,Citrus,0.184922,0.171815,0.173815,0.182200,0.200964,0.151200
120174504012,Citrus,0.220286,0.212980,0.274894,0.221070,0.183603,0.158303
120174504021,Citrus,0.150004,,0.152442,0.150071,0.146562,0.147854
120174504022,Citrus,0.185925,0.262738,0.219531,0.175955,0.163041,0.153480
120174504023,Citrus,0.210905,,,0.238168,0.196479,0.130448
120174505011,Citrus,,,,,,
120174505012,Citrus,0.158185,0.164710,0.153013,0.135206,0.180191,0.161137
120174505021,Citrus,0.178808,,0.196725,0.188559,0.154810,0.157515
120174505022,Citrus,0.239799,,0.281104,0.223954,0.191286,0.167873
120174506011,Citrus,0.158617,0.189461,0.141496,0.149138,0.187530,0.155579
120174506012,Citrus,0.159240,0.226692,0.144231,0.142975,0.190380,0.155457
120174506013,Citrus,0.164072,0.144722,0.166604,0.154791,0.207876,0.166411
120174506021,Citrus,0.150129,0.149190,0.146069,0.132693,0.176209,0.160499
120174506022,Citrus,0.162524,0.177581,0.158077,0.137129,0.183077,0.162480
120174506023,Citrus,0.145788,0.129647,0.120439,0.191340,0.224093,0.152777
120174506024,Citrus,0.161003,0.143474,0.143454,0.183190,0.214428,0.154879
120174507031,Citrus,0.126950,0.108913,0.122760,0.133292,0.170894,0.143077
120174507032,Citrus,0.125847,0.099122,0.124962,0.131143,0.183508,0.143554
120174507033,Citrus,0.112889,0.085257,0.118898,0.119312,0.163434,0.142758
120174507041,Citrus,0.129070,0.113283,0.114264,0.144967,0.185091,0.147989
120174507042,Citrus,0.129137,0.110354,0.123641,0.142068,0.175778,0.147039
120174507051,Citrus,0.140390,0.146113,0.131175,0.123971,0.170006,0.145578
120174507052,Citrus,0.131376,0.114184,0.134516,0.120985,0.169743,0.144273
120174507053,Citrus,0.130541,0.099945,0.129141,0.122052,0.173186,0.144277
120174507061,Citrus,0.152775,0.159367,0.132771,0.145926,0.173049,0.147829
120174507062,Citrus,0.141840,0.108266,0.169290,0.147085,0.171865,0.147531
120174508001,Citrus,0.173044,0.246079,0.184334,0.164420,0.138687,0.153308
120174508002,Citrus,0.136416,,0.136625,0.131995,0.145836,0.145572
120174508003,Citrus,0.151075,0.163875,0.144576,0.133731,0.173636,0.146517
120174508004,Citrus,0.131612,0.115485,0.131702,0.141619,0.180406,0.146968
120174509011,Citrus,0.150944,0.164293,0.129641,0.134401,0.202891,0.152715
120174509021,Citrus,0.145981,0.117220,0.133879,0.174729,0.233354,0.149249
120174509022,Citrus,0.162359,0.157846,0.155577,0.160420,0.206367,0.151333
120174510011,Citrus,0.157640,0.131241,0.136309,0.198155,0.225397,0.150030
120174510012,Citrus,0.139839,0.106938,0.127967,0.194496,0.226037,0.150255
120174510021,Citrus,0.131256,,0.115472,0.125805,0.167928,0.151164
120174510022,Citrus,0.144721,0.165039,0.105635,0.158844,0.200464,0.155778
120174510023,Citrus,0.141221,0.088350,0.130689,0.189303,0.209149,0.152152
120174511011,Citrus,0.280406,0.284313,0.299886,0.287542,0.257667,0.164783
120174511031,Citrus,0.135244,0.094846,0.119937,0.195964,0.232540,0.150865
120174511032,Citrus,0.111152,0.063380,0.108350,0.156336,0.198249,0.152083
120174511041,Citrus,0.262075,0.306209,0.221831,0.241699,0.250005,0.160859
120174511042,Citrus,0.121204,0.052830,0.133840,0.165145,0.191741,0.152756
120174512001,Citrus,0.232857,,0.226056,0.245436,0.221709,0.160829
120174512002,Citrus,0.218030,0.193699,0.220198,0.219010,0.227636,0.156645
120174512003,Citrus,0.276245,0.318574,0.309214,0.252313,0.246756,0.160789
120174513001,Citrus,0.273850,0.207378,0.294693,0.263136,0.240230,0.168684
120174513002,Citrus,0.266960,0.115657,0.298412,0.268901,0.242367,0.166905
120174514001,Citrus,0.132115,0.096219,0.122645,0.155729,0.194782,0.151076
120174514002,Citrus,0.175302,,,0.151516,0.192604,0.161891
120174514003,Citrus,0.136078,0.116978,0.136683,0.147688,0.171569,0.147511
120174514004,Citrus,0.119880,,0.120654,0.118810,0.123106,0.142490
120174515011,Citrus,0.167896,0.146203,0.152525,0.188417,0.194089,0.150073
120174515012,Citrus,0.161093,0.116506,0.126902,0.172795,0.222147,0.153793
120174515021,Citrus,0.171620,0.166757,0.162384,0.166227,0.224927,0.167077
120174515022,Citrus,0.165248,0.179150,0.150290,0.148276,0.203147,0.158913
120174515023,Citrus,0.156899,0.125330,0.136414,0.162073,0.221235,0.165619
120174516031,Citrus,0.171714,0.140519,0.151644,0.173897,0.189676,0.170251
120174516032,Citrus,0.160061,,0.160045,0.153878,0.180540,0.167625
120174516041,Citrus,0.191252,0.131982,0.204658,0.160771,0.201853,0.165651
120174516042,Citrus,0.195864,0.146069,0.195608,0.191745,0.230080,0.177218
120174516043,Citrus,0.168774,0.122539,0.170107,0.167374,0.178134,0.170115
120174516051,Citrus,0.146717,0.117432,0.138704,0.141064,0.212139,0.166511
120174516061,Citrus,0.162631,0.055706,0.163722,0.158548,0.198546,0.171063
120174516062,Citrus,0.163924,0.042452,0.167386,0.175437,0.207926,0.171298
120174516063,Citrus,0.170633,0.060351,0.169710,0.179148,0.210214,0.171865
120174517011,Citrus,0.183923,0.105924,0.195314,0.169064,0.185540,0.165604
120174517012,Citrus,0.191313,0.217976,0.175287,0.172294,0.201461,0.167054
120174517021,Citrus,0.189012,0.234777,0.188825,0.167323,0.191933,0.165351
120174517022,Citrus,0.185166,0.105924,0.197382,0.170934,0.181938,0.163157
120179900000,Citrus,,,,,,
