GEOID20,county,r_route,r_band10,r_band20,r_band30,r_band40,r_proximity
120570001011,Hillsborough,0.091029,0.076778,0.094688,0.121908,0.081475,0.090808
120570001012,Hillsborough,0.097658,0.088125,0.099911,0.124037,0.083565,0.090670
120570001013,Hillsborough,0.091304,0.084721,0.090326,0.130816,0.073374,0.091035
120570001014,Hillsborough,0.092359,0.089349,0.091575,0.115336,0.080515,0.089807
120570001021,Hillsborough,0.101253,0.101166,0.100257,0.117744,0.083612,0.089595
120570001022,Hillsborough,0.093519,0.084151,0.097080,0.112370,0.081431,0.090393
120570001023,Hillsborough,0.100324,0.090378,0.104145,0.122145,0.083174,0.090679
120570001024,Hillsborough,0.103612,0.112637,0.104473,0.090608,0.084180,0.090742
120570002011,Hillsborough,0.106609,0.118232,0.103016,0.115029,0.083549,0.089820
120570002012,Hillsborough,0.097162,0.111265,0.090083,0.088979,0.078899,0.089837
120570002021,Hillsborough,0.106775,0.101846,0.110078,0.119585,0.087131,0.089792
120570002022,Hillsborough,0.083628,0.084993,0.079602,0.110725,0.072759,0.089986
120570002023,Hillsborough,0.091704,0.091632,0.089780,0.112482,0.078608,0.089711
120570003011,Hillsborough,0.092316,0.102896,0.087738,0.084593,0.077012,0.089705
120570003012,Hillsborough,0.090404,0.099917,0.087634,0.086849,0.078123,0.089531
120570003013,Hillsborough,0.089095,0.101547,0.082008,0.076726,0.075497,0.089620
120570003014,Hillsborough,0.092030,0.102687,0.086477,0.082838,0.076593,0.089614
120570003021,Hillsborough,0.093639,0.092813,0.092886,0.111151,0.079066,0.089562
120570003022,Hillsborough,0.093908,0.096002,0.096301,0.086427,0.080142,0.089569
120570004011,Hillsborough,0.088205,0.090378,0.089420,0.085087,0.076834,0.089995
120570004012,Hillsborough,0.097949,0.111132,0.092669,0.084743,0.080128,0.090142
120570004013,Hillsborough,0.089395,0.096635,0.087173,0.080701,0.076162,0.089915
120570004021,Hillsborough,0.089413,0.097275,0.088140,0.076630,0.073480,0.089744
120570004022,Hillsborough,0.089060,0.096423,0.086953,0.079911,0.075548,0.089627
120570004023,Hillsborough,0.092316,0.104207,0.087319,0.078585,0.076620,0.089640
120570005001,Hillsborough,0.097759,0.105140,0.098975,0.087985,0.080240,0.090132
120570005002,Hillsborough,0.093146,0.104555,0.091332,0.082922,0.079613,0.089853
120570005003,Hillsborough,0.091903,0.098375,0.090862,0.082000,0.079758,0.090134
120570005004,Hillsborough,0.089699,0.095748,0.089773,0.081015,0.079847,0.090292
120570006011,Hillsborough,0.096193,0.104199,0.098750,0.079978,0.081783,0.090177
120570006012,Hillsborough,0.092538,0.101927,0.087323,0.081109,0.081551,0.089950
120570006013,Hillsborough,0.098180,0.110251,0.096305,0.079788,0.082431,0.089985
120570006021,Hillsborough,0.091552,0.103681,0.085536,0.073169,0.075544,0.089718
120570006022,Hillsborough,0.089191,0.100877,0.083585,0.071063,0.075210,0.089642
120570007011,Hillsborough,0.084690,0.093780,0.079380,0.073785,0.075741,0.089572
120570007012,Hillsborough,0.084577,0.093706,0.079379,0.072288,0.076474,0.089540
120570007021,Hillsborough,0.107120,0.122146,0.103004,0.082259,0.084996,0.089374
120570007022,Hillsborough,0.107852,0.125257,0.102081,0.082733,0.084541,0.089299
120570008001,Hillsborough,0.084146,0.087944,0.083598,0.082332,0.075221,0.089752
120570008002,Hillsborough,0.103035,0.116555,0.100908,0.088046,0.085797,0.090364
120570009011,Hillsborough,0.099486,0.111073,0.098441,0.087542,0.080707,0.090453
120570009012,Hillsborough,0.099449,0.104877,0.101344,0.090120,0.082422,0.090597
120570009013,Hillsborough,0.100424,0.104233,0.103174,0.089673,0.086213,0.090349
120570009021,Hillsborough,0.105519,0.113170,0.107456,0.091956,0.084715,0.090641
120570009022,Hillsborough,0.105017,0.114625,0.105211,0.091645,0.087311,0.090377
120570009023,Hillsborough,0.108911,0.117806,0.111579,0.092734,0.084730,0.090529
120570009024,Hillsborough,0.108528,0.112456,0.113675,0.093421,0.087413,0.090467
120570010011,Hillsborough,0.093701,0.105011,0.093114,0.077925,0.074922,0.089274
120570010012,Hillsborough,0.097656,0.111110,0.095743,0.077161,0.079474,0.089267
120570010021,Hillsborough,0.101412,0.115634,0.097678,0.079296,0.079471,0.089785
120570010022,Hillsborough,0.101079,0.114338,0.097331,0.077342,0.081432,0.089831
120570010023,Hillsborough,0.101035,0.110479,0.098904,0.084276,0.082546,0.089842
120570010024,Hillsborough,0.098477,0.107966,0.095883,0.079565,0.082851,0.089899
120570011001,Hillsborough,0.102203,0.118589,0.091109,0.074354,0.082565,0.089277
120570011002,Hillsborough,0.084938,0.095196,0.080652,0.068028,0.078029,0.089204
120570011003,Hillsborough,0.084476,0.089993,0.085296,0.072438,0.075263,0.089074
120570012001,Hillsborough,0.095368,0.108285,0.086000,0.072738,0.079679,0.089373
120570012002,Hillsborough,0.093151,0.106508,0.083397,0.070173,0.078425,0.089199
120570013001,Hillsborough,0.090719,0.102005,0.084560,0.072491,0.075717,0.089642
120570013002,Hillsborough,0.085875,0.089233,0.087342,0.076476,0.079047,0.089658
120570013003,Hillsborough,0.084579,0.088579,0.085773,0.073076,0.080603,0.089180
120570013004,Hillsborough,0.081524,0.081703,0.085221,0.073597,0.079609,0.089478
120570013005,Hillsborough,0.087163,0.092912,0.087112,0.075084,0.078914,0.089190
120570014001,Hillsborough,0.078157,0.080398,0.080762,0.067177,0.075792,0.089144
120570014002,Hillsborough,0.079014,0.081785,0.081297,0.067712,0.076525,0.088951
120570014003,Hillsborough,0.084420,0.090336,0.083966,0.071066,0.077720,0.088774
120570014004,Hillsborough,0.083808,0.090791,0.081528,0.069145,0.077637,0.088930
120570015001,Hillsborough,0.098192,0.113363,0.093462,0.074002,0.080425,0.089031
120570015002,Hillsborough,0.097170,0.111549,0.091551,0.072094,0.079921,0.089011
120570015003,Hillsborough,0.094516,0.108576,0.089450,0.070767,0.077240,0.088987
120570016001,Hillsborough,0.092228,0.104484,0.083843,0.070678,0.079818,0.089117
120570016002,Hillsborough,0.096556,0.112646,0.086776,0.071378,0.081477,0.088988
120570017001,Hillsborough,0.100505,0.118565,0.087601,0.075095,0.083129,0.089098
120570017002,Hillsborough,0.096641,0.110255,0.091790,0.076038,0.083160,0.089209
120570017003,Hillsborough,0.097059,0.109948,0.094118,0.075757,0.081736,0.089213
120570017004,Hillsborough,0.089785,0.100177,0.085679,0.069852,0.079850,0.089050
120570017005,Hillsborough,0.096627,0.111829,0.090881,0.073087,0.080857,0.089134
120570018001,Hillsborough,0.100435,0.113725,0.096377,0.077772,0.081434,0.090043
120570018002,Hillsborough,0.101503,0.111165,0.100760,0.083325,0.082442,0.090036
120570018003,Hillsborough,0.112854,0.129768,0.107544,0.081183,0.087707,0.089674
120570018004,Hillsborough,0.100917,0.106329,0.103089,0.082727,0.086644,0.089893
120570019001,Hillsborough,0.106468,0.122297,0.103164,0.078520,0.081988,0.089693
120570019002,Hillsborough,0.114012,0.134558,0.111530,0.077217,0.083707,0.089296
120570019003,Hillsborough,0.112894,0.131949,0.109605,0.074947,0.083298,0.089242
120570020001,Hillsborough,0.096242,0.107231,0.094048,0.073693,0.080877,0.089307
120570020002,Hillsborough,0.107821,0.125341,0.100554,0.076668,0.084469,0.089120
120570020003,Hillsborough,0.101979,0.118264,0.094694,0.071511,0.082301,0.088987
120570021001,Hillsborough,0.089707,0.102616,0.082488,0.068371,0.079299,0.089084
120570021002,Hillsborough,0.102455,0.124486,0.088520,0.072766,0.083466,0.088967
120570021003,Hillsborough,0.095781,0.114345,0.080919,0.068383,0.081167,0.088785
120570022001,Hillsborough,0.100842,0.120064,0.087399,0.071338,0.083017,0.088884
120570023001,Hillsborough,0.112243,0.138408,0.094701,0.082433,0.087132,0.088691
120570023002,Hillsborough,0.118928,0.150595,0.093119,0.082570,0.089203,0.088620
120570023003,Hillsborough,0.114706,0.145112,0.090009,0.081058,0.086191,0.088541
120570024001,Hillsborough,0.087607,0.097711,0.082487,0.071478,0.079107,0.088412
120570024002,Hillsborough,0.087116,0.097612,0.081725,0.069465,0.078383,0.088917
120570024003,Hillsborough,0.098290,0.119139,0.085862,0.070568,0.078219,0.088605
120570024004,Hillsborough,0.088268,0.097978,0.084083,0.071140,0.080123,0.088262
120570025001,Hillsborough,0.089761,0.100277,0.084744,0.074650,0.080975,0.088478
120570025002,Hillsborough,0.086384,0.093605,0.082369,0.074008,0.080774,0.088728
120570025003,Hillsborough,0.087828,0.096478,0.085750,0.074408,0.080442,0.088152
120570025004,Hillsborough,0.090560,0.099797,0.088639,0.072232,0.080834,0.088147
120570026001,Hillsborough,0.099683,0.120704,0.089181,0.076075,0.080654,0.088272
120570026002,Hillsborough,0.075748,0.081994,0.072275,0.068810,0.073812,0.087371
120570027011,Hillsborough,0.082955,0.088312,0.082989,0.069559,0.077121,0.087841
120570027012,Hillsborough,0.090439,0.102229,0.083039,0.073457,0.082011,0.087546
120570027013,Hillsborough,0.086523,0.096810,0.080453,0.070541,0.079399,0.087355
120570027021,Hillsborough,0.078936,0.086737,0.072908,0.069110,0.078243,0.087433
120570027022,Hillsborough,0.080914,0.088529,0.076023,0.070036,0.077878,0.087308
120570028001,Hillsborough,0.103468,0.129618,0.086978,0.069950,0.079212,0.088238
120570028002,Hillsborough,0.101695,0.126329,0.086328,0.069707,0.078984,0.087766
120570028003,Hillsborough,0.101958,0.128734,0.083595,0.069481,0.081267,0.087324
120570028004,Hillsborough,0.102080,0.129165,0.081934,0.069983,0.079336,0.087371
120570029001,Hillsborough,0.115392,0.149071,0.088648,0.078120,0.083913,0.088121
120570029002,Hillsborough,0.113451,0.145871,0.088081,0.076630,0.086045,0.087886
120570029003,Hillsborough,0.105952,0.134595,0.081192,0.072902,0.083810,0.087601
120570030001,Hillsborough,0.083828,0.094328,0.077602,0.065066,0.079179,0.088775
120570030002,Hillsborough,0.108176,0.131908,0.087839,0.080020,0.088031,0.088580
120570030003,Hillsborough,0.102392,0.129300,0.078246,0.072434,0.085005,0.087997
120570031001,Hillsborough,0.096879,0.116082,0.083703,0.069435,0.081867,0.088619
120570031002,Hillsborough,0.102945,0.122054,0.094408,0.071698,0.083054,0.088619
120570031003,Hillsborough,0.122266,0.154603,0.101815,0.080746,0.088921,0.088848
120570031004,Hillsborough,0.123246,0.158563,0.099783,0.077601,0.086317,0.088855
120570032001,Hillsborough,0.100519,0.117253,0.090487,0.074957,0.084183,0.088395
120570032002,Hillsborough,0.091698,0.106740,0.076305,0.071872,0.083092,0.088169
120570032003,Hillsborough,0.094897,0.109956,0.082407,0.072401,0.082911,0.088337
120570033001,Hillsborough,0.123067,0.157608,0.095804,0.076677,0.085962,0.088620
120570033002,Hillsborough,0.124494,0.159493,0.094721,0.077185,0.087516,0.088549
120570033003,Hillsborough,0.107934,0.130347,0.091187,0.071321,0.083239,0.088425
120570034001,Hillsborough,0.123901,0.155050,0.104499,0.080473,0.089239,0.088837
120570034002,Hillsborough,0.113203,0.127448,0.110061,0.085625,0.091103,0.089486
120570034003,Hillsborough,0.130077,0.166820,0.113779,0.082753,0.089257,0.089227
120570035001,Hillsborough,0.122654,0.156432,0.096844,0.076427,0.086939,0.088515
120570035002,Hillsborough,0.117627,0.141422,0.107562,0.074644,0.085372,0.088618
120570035003,Hillsborough,0.139414,0.180882,0.122068,0.083631,0.090393,0.088749
120570035004,Hillsborough,0.110259,0.125242,0.106498,0.081260,0.087854,0.089058
120570036001,Hillsborough,0.103294,0.108852,0.105776,0.085720,0.089952,0.089656
120570036002,Hillsborough,0.096594,0.105275,0.098830,0.070557,0.077146,0.090057
120570036003,Hillsborough,0.110246,0.131103,0.102688,0.072771,0.082142,0.089793
120570036004,Hillsborough,0.111587,0.124573,0.109027,0.085216,0.090644,0.089372
120570037001,Hillsborough,0.091274,0.093594,0.098862,0.069915,0.077370,0.090151
120570038001,Hillsborough,0.097537,0.105565,0.098947,0.071339,0.083490,0.089014
120570041001,Hillsborough,0.102131,0.128943,0.078350,0.071961,0.084246,0.087897
120570041002,Hillsborough,0.096855,0.120905,0.075930,0.067315,0.081244,0.087723
120570042001,Hillsborough,0.118915,0.158776,0.086613,0.073957,0.084293,0.087284
120570043001,Hillsborough,0.105708,0.140103,0.075975,0.072256,0.082095,0.086979
120570043002,Hillsborough,0.107102,0.135023,0.086756,0.075980,0.083652,0.086868
120570043003,Hillsborough,0.095966,0.114299,0.080119,0.075641,0.083863,0.086747
120570044001,Hillsborough,0.081045,0.092408,0.071820,0.067972,0.079575,0.087200
120570044002,Hillsborough,0.097473,0.118549,0.084678,0.068608,0.080466,0.086954
120570044003,Hillsborough,0.089576,0.109023,0.073224,0.068421,0.078935,0.086991
120570045001,Hillsborough,0.076045,0.080916,0.073839,0.067776,0.075836,0.087068
120570045002,Hillsborough,0.077290,0.084466,0.072654,0.066719,0.077628,0.087361
120570045003,Hillsborough,0.069859,0.074462,0.065820,0.064586,0.075146,0.087138
120570045004,Hillsborough,0.072499,0.076674,0.069752,0.065797,0.077399,0.087263
120570045005,Hillsborough,0.071605,0.077463,0.066869,0.063656,0.076045,0.087179
120570046011,Hillsborough,0.068527,0.071656,0.065484,0.065551,0.075838,0.087134
120570046012,Hillsborough,0.066020,0.066614,0.064391,0.066725,0.074448,0.087077
120570046021,Hillsborough,0.067559,0.072739,0.061824,0.068523,0.069118,0.086650
120570047001,Hillsborough,0.068770,0.073802,0.062876,0.068655,0.073155,0.086322
120570047002,Hillsborough,0.070911,0.075277,0.066120,0.068882,0.075181,0.086398
120570047003,Hillsborough,0.065247,0.067022,0.062218,0.066012,0.076239,0.086659
120570048001,Hillsborough,0.072287,0.079977,0.065557,0.064170,0.076004,0.086848
120570048002,Hillsborough,0.075337,0.084446,0.067923,0.063883,0.075689,0.086857
120570048003,Hillsborough,0.074731,0.083677,0.068157,0.064507,0.075673,0.086618
120570048004,Hillsborough,0.078112,0.082894,0.074140,0.073209,0.080099,0.086632
120570048005,Hillsborough,0.079405,0.090806,0.069771,0.069439,0.076980,0.086561
120570048006,Hillsborough,0.083148,0.095108,0.073381,0.071893,0.079132,0.086637
120570049011,Hillsborough,0.086081,0.098999,0.076470,0.068409,0.080602,0.086639
120570049012,Hillsborough,0.078019,0.088683,0.068439,0.065637,0.078043,0.086914
120570049021,Hillsborough,0.077086,0.083661,0.070722,0.069841,0.079785,0.086791
120570049022,Hillsborough,0.075959,0.080573,0.070820,0.071821,0.080867,0.086705
120570049023,Hillsborough,0.077487,0.081851,0.073161,0.073487,0.080928,0.086776
120570050001,Hillsborough,0.092880,0.116297,0.072695,0.064677,0.078845,0.086840
120570050002,Hillsborough,0.117813,0.160148,0.079837,0.065660,0.081284,0.087107
120570050003,Hillsborough,0.079288,0.093686,0.065993,0.063225,0.078186,0.087009
120570051011,Hillsborough,0.089612,0.110655,0.069718,0.064387,0.078176,0.087646
120570051012,Hillsborough,0.082377,0.098050,0.072547,0.064585,0.080070,0.087613
120570051021,Hillsborough,0.085502,0.104891,0.072898,0.061558,0.074335,0.087502
120570051022,Hillsborough,0.086103,0.105077,0.072602,0.061427,0.076923,0.087600
120570051023,Hillsborough,0.087427,0.106687,0.074089,0.062364,0.076912,0.087583
120570053011,Hillsborough,0.085790,0.100237,0.075593,0.064480,0.079955,0.087637
120570053012,Hillsborough,0.083298,0.094080,0.075122,0.065029,0.082754,0.088005
120570053013,Hillsborough,0.085659,0.098434,0.075918,0.064389,0.082497,0.087933
120570053021,Hillsborough,0.093821,0.107908,0.094001,0.071182,0.077392,0.089244
120570053022,Hillsborough,0.088120,0.091230,0.095695,0.066790,0.075126,0.089126
120570054011,Hillsborough,0.106749,0.142894,0.100324,0.084945,0.081615,0.086538
120570054012,Hillsborough,0.108027,0.142025,0.097032,0.081837,0.084271,0.086850
120570054013,Hillsborough,0.152761,0.240722,0.115844,0.089274,0.092271,0.086979
120570054014,Hillsborough,0.080123,0.091799,0.072007,0.066880,0.078803,0.087113
120570054015,Hillsborough,0.138499,0.212147,0.104110,0.082283,0.089756,0.087036
120570054016,Hillsborough,0.163562,0.255603,0.123811,0.092960,0.096893,0.087019
120570055001,Hillsborough,0.107003,0.140181,0.078086,0.072225,0.085270,0.087193
120570055002,Hillsborough,0.086031,0.103450,0.071445,0.065870,0.080917,0.087325
120570055003,Hillsborough,0.077766,0.088544,0.068810,0.064209,0.078614,0.086914
120570057001,Hillsborough,0.072157,0.075917,0.069013,0.067889,0.076208,0.086513
120570057002,Hillsborough,0.071485,0.074583,0.068855,0.067808,0.076410,0.086612
120570057003,Hillsborough,0.071760,0.074552,0.069374,0.068046,0.076992,0.086746
120570057004,Hillsborough,0.072938,0.078756,0.067641,0.067506,0.076051,0.086454
120570058001,Hillsborough,0.070655,0.074937,0.065940,0.069282,0.074847,0.086204
120570058002,Hillsborough,0.071428,0.075506,0.067454,0.067734,0.076062,0.086449
120570058003,Hillsborough,0.073535,0.081189,0.066715,0.067669,0.073801,0.085968
120570058004,Hillsborough,0.071057,0.077620,0.065493,0.066204,0.071947,0.085702
120570058005,Hillsborough,0.076149,0.085255,0.068239,0.070109,0.074060,0.085709
120570059001,Hillsborough,0.073479,0.082731,0.065435,0.070015,0.071078,0.086384
120570059002,Hillsborough,0.069803,0.075676,0.063462,0.068990,0.072801,0.086440
120570059003,Hillsborough,0.070248,0.076902,0.064374,0.066226,0.069875,0.085642
120570059004,Hillsborough,0.068051,0.072545,0.064661,0.064840,0.067811,0.085695
120570059005,Hillsborough,0.067307,0.071214,0.064633,0.064965,0.067794,0.085574
120570059006,Hillsborough,0.076824,0.089039,0.068981,0.068035,0.070748,0.085574
120570060001,Hillsborough,0.077173,0.082870,0.073995,0.069160,0.077195,0.086160
120570060002,Hillsborough,0.072333,0.077091,0.068683,0.066658,0.075777,0.086406
120570060003,Hillsborough,0.065316,0.064687,0.065678,0.064655,0.074136,0.086251
120570060004,Hillsborough,0.071282,0.074395,0.068445,0.068602,0.074299,0.085809
120570060005,Hillsborough,0.056543,0.049954,0.060186,0.062519,0.072812,0.086012
120570060006,Hillsborough,0.065228,0.064700,0.065555,0.064146,0.074345,0.086017
120570060007,Hillsborough,0.070107,0.071975,0.068562,0.067931,0.073615,0.085764
120570061011,Hillsborough,0.075575,0.080821,0.070996,0.070286,0.079662,0.086518
120570061012,Hillsborough,0.072244,0.075502,0.069884,0.067507,0.077546,0.086527
120570061013,Hillsborough,0.076914,0.087911,0.070134,0.062583,0.076928,0.086660
120570061014,Hillsborough,0.073430,0.075842,0.072478,0.068505,0.078121,0.086275
120570061031,Hillsborough,0.058348,0.050938,0.061728,0.065294,0.074208,0.086112
120570061032,Hillsborough,0.068721,0.067109,0.070287,0.067628,0.077667,0.086110
120570061033,Hillsborough,0.058721,0.054200,0.061116,0.060887,0.072009,0.085699
120570061034,Hillsborough,0.064369,0.064212,0.064069,0.063319,0.074159,0.085998
120570062001,Hillsborough,0.063154,0.062820,0.061997,0.064488,0.072781,0.085976
120570062002,Hillsborough,0.057690,0.051203,0.060931,0.063661,0.074114,0.086204
120570062003,Hillsborough,0.064375,0.066450,0.062590,0.061604,0.071976,0.085861
120570062004,Hillsborough,0.060857,0.060193,0.060092,0.061986,0.069926,0.085617
120570063001,Hillsborough,0.067892,0.069464,0.065302,0.068136,0.071135,0.085773
120570063002,Hillsborough,0.061773,0.059449,0.061943,0.064860,0.071231,0.085916
120570063003,Hillsborough,0.075812,0.085022,0.069917,0.069369,0.071707,0.085406
120570063004,Hillsborough,0.061290,0.060623,0.060226,0.063034,0.069371,0.085509
120570064001,Hillsborough,0.069376,0.075451,0.064859,0.066178,0.067888,0.085644
120570064002,Hillsborough,0.068467,0.072617,0.064685,0.067251,0.068741,0.085631
120570064003,Hillsborough,0.069772,0.076414,0.064687,0.066611,0.068972,0.085437
120570064004,Hillsborough,0.073083,0.082813,0.066565,0.068365,0.069460,0.085256
120570065011,Hillsborough,0.069511,0.078102,0.064852,0.066902,0.068637,0.084983
120570065012,Hillsborough,0.070920,0.081906,0.062594,0.067856,0.069873,0.085105
120570065013,Hillsborough,0.068369,0.075609,0.062194,0.067458,0.068793,0.085118
120570065031,Hillsborough,0.068532,0.075808,0.064571,0.067634,0.069592,0.084818
120570065032,Hillsborough,0.062598,0.062491,0.061250,0.064128,0.067589,0.084919
120570065033,Hillsborough,0.062511,0.063259,0.059734,0.065145,0.067124,0.085107
120570065041,Hillsborough,0.066072,0.070625,0.062139,0.067374,0.067582,0.084933
120570065042,Hillsborough,0.065501,0.068286,0.063060,0.066602,0.065103,0.085017
120570066001,Hillsborough,0.059878,0.056027,0.060243,0.064660,0.068774,0.085438
120570066002,Hillsborough,0.071825,0.080355,0.067411,0.068551,0.070559,0.085065
120570066003,Hillsborough,0.067175,0.068964,0.064137,0.068671,0.069971,0.085229
120570067001,Hillsborough,0.058260,0.053437,0.059757,0.062326,0.069683,0.085496
120570067002,Hillsborough,0.053915,0.044674,0.057879,0.059255,0.067478,0.085321
120570067003,Hillsborough,0.057933,0.052913,0.059329,0.062693,0.068522,0.085274
120570067004,Hillsborough,0.051717,0.040594,0.054456,0.060056,0.065206,0.085081
120570067005,Hillsborough,0.056404,0.050233,0.057391,0.061761,0.067369,0.085051
120570067006,Hillsborough,0.055729,0.050148,0.056238,0.061576,0.065442,0.085058
120570068011,Hillsborough,0.055359,0.051323,0.055234,0.061082,0.065275,0.085172
120570068012,Hillsborough,0.055650,0.049146,0.055818,0.062354,0.064998,0.085077
120570068013,Hillsborough,0.057355,0.053163,0.057307,0.062204,0.065903,0.085171
120570068014,Hillsborough,0.058684,0.053311,0.059398,0.062560,0.065670,0.085077
120570068015,Hillsborough,0.060460,0.058470,0.059245,0.064038,0.066286,0.085225
120570068021,Hillsborough,0.056985,0.048113,0.058988,0.061530,0.064460,0.085017
120570068022,Hillsborough,0.055875,0.049172,0.056392,0.061664,0.064693,0.084992
120570068023,Hillsborough,0.050644,0.039309,0.052654,0.058168,0.062258,0.084956
120570069001,Hillsborough,0.052232,0.045245,0.049276,0.056945,0.062038,0.084728
120570069002,Hillsborough,0.060896,0.069044,0.057829,0.061863,0.065309,0.084611
120570069003,Hillsborough,0.050070,0.036565,0.051183,0.057171,0.062100,0.084763
120570069004,Hillsborough,0.063458,0.062216,0.063050,0.064824,0.066533,0.085171
120570069005,Hillsborough,0.060143,0.055823,0.060379,0.062190,0.065526,0.084818
120570069006,Hillsborough,0.053527,0.042437,0.055171,0.058875,0.062656,0.084705
120570070011,Hillsborough,0.060805,0.060927,0.058337,0.064060,0.066055,0.085174
120570070012,Hillsborough,0.062488,0.059757,0.061874,0.066220,0.067252,0.085110
120570070013,Hillsborough,0.065627,0.063663,0.065495,0.067555,0.069056,0.085128
120570070014,Hillsborough,0.066571,0.067357,0.065704,0.066802,0.068503,0.084842
120570070021,Hillsborough,0.065936,0.065756,0.065617,0.065929,0.068321,0.084842
120570070022,Hillsborough,0.069071,0.097763,0.065747,0.066663,0.068883,0.084714
120570070023,Hillsborough,0.064452,0.064195,0.064321,0.064211,0.066903,0.084869
120570071021,Hillsborough,0.089772,0.141176,0.090228,0.077269,0.075230,0.084471
120570071022,Hillsborough,0.077863,0.116268,0.074099,0.070174,0.070113,0.084524
120570071031,Hillsborough,0.068914,0.078286,0.063500,0.066428,0.066740,0.084961
120570071032,Hillsborough,0.076714,0.088220,0.073135,0.071288,0.070235,0.084866
120570071033,Hillsborough,0.079405,0.114747,0.075957,0.072280,0.071708,0.084586
120570072001,Hillsborough,0.085626,0.127308,0.085619,0.076268,0.074575,0.084395
120570072002,Hillsborough,0.080056,0.113274,0.084296,0.074929,0.074485,0.083795
120570072003,Hillsborough,0.073786,0.103223,0.070056,0.072423,0.072394,0.084641
120570073001,Hillsborough,0.060657,0.036895,0.056320,0.061577,0.065963,0.082838
120570073002,Hillsborough,0.060929,0.059973,0.059423,0.061164,0.065527,0.083945
120570073003,Hillsborough,0.056850,0.055900,0.052878,0.057887,0.062804,0.083416
120570101051,Hillsborough,0.101694,0.085546,0.104352,0.101910,0.089764,0.094762
120570101052,Hillsborough,0.083392,0.067792,0.083958,0.083950,0.084742,0.094899
120570101053,Hillsborough,0.131179,0.113434,0.147093,0.127501,0.102868,0.093202
120570101061,Hillsborough,0.081144,0.063674,0.080797,0.083293,0.077007,0.095580
120570101062,Hillsborough,0.076122,0.070383,0.073050,0.076952,0.078925,0.098169
120570101063,Hillsborough,0.078519,0.061681,0.077175,0.081239,0.076923,0.093806
120570101064,Hillsborough,0.082078,0.068575,0.081793,0.084511,0.078928,0.095604
120570101071,Hillsborough,0.108339,0.105821,0.105216,0.111787,0.105615,0.100319
120570101072,Hillsborough,0.088328,0.085756,0.090525,0.088996,0.082089,0.097338
120570101073,Hillsborough,0.088036,0.080519,0.095005,0.089589,0.078585,0.095669
120570101081,Hillsborough,0.107747,,0.118621,0.108547,0.105752,0.106762
120570101082,Hillsborough,0.088504,0.101381,0.105042,0.088206,0.082868,0.096863
120570102031,Hillsborough,0.095942,0.096513,0.099500,0.089937,0.076389,0.092169
120570102032,Hillsborough,0.106609,0.103161,0.106327,0.122289,0.080438,0.092758
120570102041,Hillsborough,0.089740,0.089082,0.092930,0.084503,0.075058,0.091438
120570102042,Hillsborough,0.108369,0.093096,0.111138,0.132811,0.087950,0.091813
120570102043,Hillsborough,0.101107,0.105943,0.104778,0.090171,0.082473,0.091231
120570102101,Hillsborough,0.093536,0.053419,0.076303,0.105055,0.091778,0.093706
120570102102,Hillsborough,0.069011,0.047774,0.057644,0.069570,0.091852,0.092370
120570102111,Hillsborough,0.073269,0.054090,0.063565,0.084649,0.076206,0.091841
120570102112,Hillsborough,0.072911,0.048360,0.063119,0.086007,0.076250,0.091052
120570102113,Hillsborough,0.072475,0.037668,0.063094,0.085873,0.075824,0.090838
120570102121,Hillsborough,0.069089,0.045091,0.060442,0.074829,0.081065,0.092437
120570102122,Hillsborough,0.069045,0.043869,0.060895,0.075047,0.080018,0.092466
120570102131,Hillsborough,0.097084,0.088279,0.096713,0.108975,0.075203,0.091802
120570102151,Hillsborough,0.057758,0.023465,0.052670,0.057356,0.077286,0.095172
120570102152,Hillsborough,0.098771,0.079724,0.086040,0.102450,0.108253,0.097440
120570102161,Hillsborough,0.076636,0.071444,0.068841,0.084995,0.079452,0.094728
120570102162,Hillsborough,0.071738,0.048064,0.066340,0.077960,0.082540,0.094231
120570102171,Hillsborough,0.067784,0.041218,0.061688,0.078211,0.075548,0.092331
120570102172,Hillsborough,0.065533,0.034137,0.058373,0.076179,0.069523,0.092213
120570102181,Hillsborough,0.066210,0.040427,0.059125,0.077380,0.072611,0.092234
120570102182,Hillsborough,0.073615,0.055168,0.065047,0.084208,0.076712,0.093035
120570102183,Hillsborough,0.071870,0.049504,0.063928,0.089127,0.076236,0.092389
120570102184,Hillsborough,0.071720,0.055268,0.063430,0.086293,0.076657,0.093322
120570103031,Hillsborough,0.121168,0.136608,0.125528,0.113012,0.099985,0.093202
120570103032,Hillsborough,0.107931,0.115212,0.112678,0.100943,0.084788,0.093201
120570103033,Hillsborough,0.103653,0.110260,0.106909,0.099388,0.084116,0.092844
120570103041,Hillsborough,0.091295,0.099642,0.100768,0.079714,0.071220,0.091902
120570103042,Hillsborough,0.104174,0.108107,0.112153,0.090053,0.075579,0.092981
120570103043,Hillsborough,0.128743,0.145314,0.131863,0.127942,0.110963,0.094444
120570103051,Hillsborough,0.105123,0.116651,0.108233,0.099129,0.082536,0.092625
120570103052,Hillsborough,0.108413,0.105838,0.116373,0.095425,0.085333,0.091406
120570103053,Hillsborough,0.101846,0.114213,0.106383,0.086900,0.077858,0.089808
120570104011,Hillsborough,0.104529,0.113073,0.107518,0.089259,0.081387,0.090771
120570104012,Hillsborough,0.103849,0.111501,0.106407,0.091087,0.080492,0.090950
120570104013,Hillsborough,0.104475,0.112059,0.108694,0.090081,0.080408,0.091390
120570104021,Hillsborough,0.106280,0.107542,0.112252,0.089935,0.086425,0.090194
120570104022,Hillsborough,0.108041,0.109290,0.114712,0.089052,0.086715,0.090153
120570104023,Hillsborough,0.100493,0.111635,0.100881,0.078532,0.077563,0.090339
120570104024,Hillsborough,0.099268,0.104106,0.103415,0.087539,0.075042,0.091411
120570105011,Hillsborough,0.106131,0.107911,0.111617,0.090404,0.087336,0.090293
120570105012,Hillsborough,0.101049,0.110331,0.101971,0.088093,0.084230,0.090075
120570105013,Hillsborough,0.101881,0.110079,0.101300,0.087493,0.083608,0.089863
120570105021,Hillsborough,0.105948,0.107771,0.111294,0.090066,0.086822,0.090262
120570105022,Hillsborough,0.109429,0.118568,0.110344,0.087961,0.087424,0.090098
120570106001,Hillsborough,0.105018,0.107890,0.108473,0.092262,0.087706,0.090619
120570106002,Hillsborough,0.105700,0.108924,0.109914,0.092487,0.087730,0.090598
120570106003,Hillsborough,0.105478,0.106133,0.111279,0.092915,0.088443,0.090363
120570107011,Hillsborough,0.096314,0.093490,0.103185,0.090159,0.070386,0.091798
120570107012,Hillsborough,0.104104,0.094403,0.110611,0.106510,0.086394,0.091587
120570107013,Hillsborough,0.107905,0.095697,0.110303,0.139225,0.090786,0.090781
120570107014,Hillsborough,0.106687,0.094569,0.110154,0.137546,0.090125,0.091179
120570107021,Hillsborough,0.107932,0.102838,0.109276,0.132618,0.090082,0.090811
120570107022,Hillsborough,0.108320,0.099224,0.109226,0.136763,0.090216,0.090724
120570108051,Hillsborough,0.089820,0.105047,0.083292,0.084137,0.077621,0.090237
120570108052,Hillsborough,0.102908,0.120856,0.092930,0.117591,0.083231,0.090056
120570108053,Hillsborough,0.086433,0.099542,0.077003,0.107388,0.076345,0.090015
120570108081,Hillsborough,0.079108,0.076933,0.073976,0.110695,0.075959,0.089788
120570108082,Hillsborough,0.083208,0.081844,0.079155,0.111505,0.077677,0.089709
120570108091,Hillsborough,0.095004,0.087239,0.096114,0.121260,0.077581,0.090688
120570108092,Hillsborough,0.092196,0.090917,0.089340,0.129442,0.073326,0.091175
120570108101,Hillsborough,0.088141,0.071797,0.095883,0.087644,0.064201,0.091543
120570108102,Hillsborough,0.086700,0.076677,0.093813,0.085145,0.068876,0.091393
120570108111,Hillsborough,0.095914,0.086897,0.097469,0.129390,0.073479,0.090992
120570108112,Hillsborough,0.100431,0.094757,0.107518,0.102153,0.074747,0.091889
120570108113,Hillsborough,0.093197,0.085197,0.092663,0.123088,0.077233,0.090807
120570108114,Hillsborough,0.092171,0.080565,0.093640,0.122556,0.077170,0.091202
120570108115,Hillsborough,0.098924,0.089704,0.100780,0.125096,0.074473,0.091298
120570108141,Hillsborough,0.092179,0.105976,0.082601,0.115412,0.078321,0.089895
120570108142,Hillsborough,0.084775,0.083616,0.081247,0.118134,0.074122,0.089936
120570108151,Hillsborough,0.086478,0.096674,0.077431,0.111057,0.077267,0.089976
120570108152,Hillsborough,0.087610,0.093125,0.080635,0.117647,0.077520,0.089926
120570108161,Hillsborough,0.084281,0.091960,0.077636,0.109799,0.073071,0.089796
120570108162,Hillsborough,0.090682,0.102640,0.082224,0.114535,0.077356,0.089877
120570108163,Hillsborough,0.108830,0.126617,0.099584,0.125984,0.085860,0.089855
120570108171,Hillsborough,0.081407,0.076808,0.079743,0.106474,0.072852,0.090047
120570108172,Hillsborough,0.086986,0.096498,0.078681,0.108108,0.078248,0.089991
120570108173,Hillsborough,0.092198,0.112580,0.084799,0.085965,0.076449,0.090637
120570108191,Hillsborough,0.081430,0.077067,0.078435,0.113809,0.071568,0.089705
120570108192,Hillsborough,0.084944,0.083138,0.080308,0.117769,0.076995,0.089741
120570108201,Hillsborough,0.081694,0.078611,0.078263,0.110191,0.077264,0.089729
120570108202,Hillsborough,0.083157,0.081774,0.078781,0.113350,0.077894,0.089657
120570108211,Hillsborough,0.084221,0.091053,0.076593,0.109834,0.077203,0.089972
120570108212,Hillsborough,0.082990,0.086633,0.076441,0.110435,0.076678,0.090147
120570108221,Hillsborough,0.090360,0.110233,0.081844,0.087637,0.079322,0.090317
120570108222,Hillsborough,0.085582,0.095927,0.075890,0.111849,0.076627,0.090182
120570108231,Hillsborough,0.083314,0.080055,0.079256,0.116532,0.076680,0.089806
120570108241,Hillsborough,0.085428,0.086803,0.079815,0.117243,0.077127,0.089797
120570108242,Hillsborough,0.084890,0.082610,0.081552,0.113621,0.077039,0.089883
120570108243,Hillsborough,0.085332,0.084151,0.081278,0.117917,0.076997,0.090070
120570109001,Hillsborough,0.089287,0.093744,0.083853,0.111388,0.077714,0.090192
120570110031,Hillsborough,0.075204,0.077802,0.070718,0.089804,0.068909,0.089296
120570110032,Hillsborough,0.073489,0.077039,0.067360,0.097496,0.067736,0.090168
120570110033,Hillsborough,0.072397,0.082152,0.067095,0.076175,0.068073,0.090883
120570110034,Hillsborough,0.081423,0.077802,0.079631,0.109698,0.073039,0.090106
120570110051,Hillsborough,0.086161,0.084764,0.084862,0.081176,0.108635,0.093896
120570110061,Hillsborough,0.083871,0.080326,0.085643,0.078116,0.099572,0.092978
120570110062,Hillsborough,0.067686,0.088140,0.067499,0.064489,0.068744,0.091008
120570110063,Hillsborough,0.074243,0.086245,0.072224,0.070776,0.083249,0.090567
120570110071,Hillsborough,0.084661,0.115567,0.082776,0.078918,0.073646,0.092021
120570110072,Hillsborough,0.072649,0.085924,0.069353,0.073954,0.067085,0.091449
120570110073,Hillsborough,0.073351,0.078202,0.069203,0.082298,0.071688,0.090591
120570110081,Hillsborough,0.077498,0.046107,0.069014,0.095391,0.075369,0.089699
120570110082,Hillsborough,0.079010,0.055793,0.078536,0.097785,0.072836,0.090980
120570110083,Hillsborough,0.077841,0.054872,0.077226,0.099201,0.072069,0.090598
120570110084,Hillsborough,0.077289,0.063162,0.075375,0.098516,0.069333,0.088758
120570110085,Hillsborough,0.077628,0.062264,0.076166,0.098492,0.069889,0.089201
120570110086,Hillsborough,0.073460,0.061017,0.071946,0.105374,0.068842,0.089117
120570110101,Hillsborough,0.078010,0.070407,0.074988,0.102340,0.071127,0.088774
120570110102,Hillsborough,0.079051,0.073464,0.075845,0.108069,0.071720,0.089321
120570110131,Hillsborough,0.071000,0.045581,0.066676,0.084002,0.072939,0.091073
120570110132,Hillsborough,0.073441,0.044873,0.070022,0.087884,0.073849,0.090876
120570110161,Hillsborough,0.074739,0.049771,0.070952,0.098028,0.070984,0.089846
120570110162,Hillsborough,0.071563,0.049593,0.069221,0.095250,0.068256,0.088906
120570110163,Hillsborough,0.070743,0.051165,0.066162,0.097993,0.067056,0.088215
120570110171,Hillsborough,0.088954,0.073094,0.088873,0.108380,0.069718,0.091127
120570110172,Hillsborough,0.069847,0.047127,0.064066,0.093914,0.068887,0.087801
120570110173,Hillsborough,0.072684,0.046177,0.059763,0.072007,0.104466,0.085209
120570110181,Hillsborough,0.073105,0.060599,0.069361,0.105296,0.068810,0.088579
120570110182,Hillsborough,0.079437,0.071910,0.077559,0.109351,0.071411,0.089566
120570110191,Hillsborough,0.070542,0.053748,0.061729,0.080495,0.077163,0.091491
120570110192,Hillsborough,0.073182,0.061576,0.064685,0.086487,0.077399,0.093672
120570110193,Hillsborough,0.073384,0.075860,0.070560,0.068344,0.100157,0.094023
120570111031,Hillsborough,0.082370,0.096538,0.085473,0.079366,0.063119,0.094454
120570111032,Hillsborough,0.080509,0.074039,0.085451,0.079589,0.069512,0.095444
120570111061,Hillsborough,0.077634,0.082822,0.078080,0.074762,0.075512,0.092627
120570111071,Hillsborough,0.072029,0.076469,0.070264,0.071740,0.075503,0.090312
120570111072,Hillsborough,0.075753,0.079718,0.076138,0.072775,0.074723,0.091773
120570111073,Hillsborough,0.076983,0.092856,0.075773,0.073782,0.069398,0.090423
120570111081,Hillsborough,0.073432,0.080181,0.071663,0.072657,0.069148,0.091165
120570111091,Hillsborough,0.067117,0.066305,0.067230,0.066542,0.068511,0.092133
120570111092,Hillsborough,0.076041,0.077946,0.079537,0.070987,0.074857,0.091764
120570112031,Hillsborough,0.086513,0.110110,0.082774,0.079984,0.078954,0.090583
120570112032,Hillsborough,0.095550,0.114657,0.092133,0.086262,0.079400,0.090444
120570112033,Hillsborough,0.097003,0.116670,0.094410,0.086267,0.079351,0.090504
120570112041,Hillsborough,0.080202,0.108454,0.074019,0.072953,0.065253,0.090683
120570112042,Hillsborough,0.071025,0.073952,0.069707,0.074054,0.068028,0.090700
120570112043,Hillsborough,0.073383,0.076449,0.070495,0.079964,0.072250,0.090315
120570112044,Hillsborough,0.097314,0.122874,0.093309,0.086086,0.074786,0.090332
120570112045,Hillsborough,0.075870,0.082254,0.071451,0.083408,0.072024,0.090263
120570112051,Hillsborough,0.098815,0.122692,0.094970,0.088632,0.075302,0.090368
120570112052,Hillsborough,0.095739,0.112202,0.091114,0.088886,0.080592,0.090278
120570112053,Hillsborough,0.093760,0.110260,0.091388,0.084994,0.079075,0.090355
120570112061,Hillsborough,0.081609,0.090469,0.077800,0.083500,0.072156,0.090153
120570112062,Hillsborough,0.083002,0.097662,0.075783,0.083881,0.074081,0.090203
120570112063,Hillsborough,0.079674,0.088660,0.075212,0.081923,0.072842,0.090087
120570113011,Hillsborough,0.091111,0.099436,0.091933,0.085845,0.076454,0.090897
120570113012,Hillsborough,0.096232,0.112741,0.095297,0.089737,0.079807,0.090576
120570113031,Hillsborough,0.095269,0.111219,0.094006,0.084153,0.078238,0.090713
120570113032,Hillsborough,0.093161,0.105365,0.093806,0.084586,0.077222,0.090402
120570113041,Hillsborough,0.093246,0.109685,0.093377,0.082619,0.077013,0.089908
120570113042,Hillsborough,0.091782,0.100459,0.093938,0.079847,0.080049,0.090096
120570113043,Hillsborough,0.091978,0.101611,0.094630,0.077836,0.077953,0.090294
120570114071,Hillsborough,0.085688,0.087151,0.089262,0.079924,0.075688,0.091215
120570114072,Hillsborough,0.085425,0.085160,0.089941,0.079208,0.075311,0.091225
120570114081,Hillsborough,0.085992,0.094306,0.090761,0.076868,0.065898,0.090626
120570114082,Hillsborough,0.086536,0.091922,0.091313,0.077232,0.068775,0.090670
120570114083,Hillsborough,0.085864,0.092888,0.090928,0.073430,0.068181,0.090652
120570114091,Hillsborough,0.088161,0.094989,0.092147,0.080931,0.068626,0.090916
120570114092,Hillsborough,0.090280,0.098521,0.091766,0.080292,0.078454,0.090226
120570114101,Hillsborough,0.069634,0.089749,0.068751,0.069392,0.065879,0.091849
120570114102,Hillsborough,0.067729,0.065439,0.066703,0.072433,0.060128,0.092441
120570114103,Hillsborough,0.060255,0.055983,0.058962,0.063078,0.059638,0.091569
120570114111,Hillsborough,0.066611,0.060270,0.068761,0.068378,0.059221,0.091812
120570114121,Hillsborough,0.063150,0.063972,0.060203,0.067552,0.064930,0.091321
120570114122,Hillsborough,0.074115,0.082893,0.074171,0.070858,0.068750,0.090394
120570114131,Hillsborough,0.071848,0.071070,0.075614,0.068355,0.061902,0.091157
120570114132,Hillsborough,0.066576,0.061241,0.068722,0.068027,0.060445,0.091661
120570114133,Hillsborough,0.079442,0.081331,0.083196,0.074419,0.069612,0.091628
120570114134,Hillsborough,0.080170,0.083099,0.085074,0.072422,0.068928,0.090945
120570114141,Hillsborough,0.077867,0.084305,0.080311,0.073367,0.067796,0.090676
120570114142,Hillsborough,0.077129,0.081613,0.080418,0.071593,0.066847,0.090768
120570114143,Hillsborough,0.078586,0.091075,0.078140,0.072853,0.070685,0.090327
120570114151,Hillsborough,0.076732,0.087071,0.076690,0.071954,0.069745,0.090482
120570114152,Hillsborough,0.084563,0.094237,0.088828,0.074017,0.071344,0.090525
120570114153,Hillsborough,0.080775,0.092601,0.077714,0.072826,0.074308,0.090314
120570114161,Hillsborough,0.086791,0.095479,0.092502,0.072627,0.071673,0.090461
120570114162,Hillsborough,0.086789,0.095561,0.091892,0.074293,0.070159,0.090475
120570114163,Hillsborough,0.090749,0.101360,0.097161,0.074530,0.072410,0.090388
120570114164,Hillsborough,0.092179,0.103887,0.096536,0.075504,0.073920,0.090545
120570114171,Hillsborough,0.081926,0.073179,0.088886,0.077691,0.070756,0.092186
120570114172,Hillsborough,0.084741,0.091402,0.091239,0.072450,0.068234,0.090709
120570114173,Hillsborough,0.086025,0.093748,0.092198,0.073737,0.068173,0.090614
120570114181,Hillsborough,0.074655,0.073950,0.076739,0.071199,0.072414,0.091305
120570114182,Hillsborough,0.070607,0.065370,0.073622,0.069193,0.067263,0.092019
120570114183,Hillsborough,0.083238,0.084894,0.089668,0.075965,0.064990,0.091107
120570115041,Hillsborough,0.071264,0.056838,0.076418,0.071097,0.067824,0.098873
120570115042,Hillsborough,0.073611,0.123363,0.075101,0.072506,0.069783,0.093561
120570115061,Hillsborough,0.066009,0.070738,0.064108,0.067887,0.063015,0.090743
120570115062,Hillsborough,0.066155,0.068289,0.064680,0.068150,0.063115,0.090449
120570115063,Hillsborough,0.070206,0.065637,0.072160,0.069629,0.068317,0.090525
120570115064,Hillsborough,0.062599,0.050512,0.064320,0.061512,0.066811,0.090598
120570115091,Hillsborough,0.063010,0.056882,0.062551,0.063707,0.063262,0.094453
120570115092,Hillsborough,0.067894,0.059669,0.070052,0.067862,0.065817,0.098874
120570115093,Hillsborough,0.068706,0.084482,0.073033,0.063835,0.070637,0.099908
120570115094,Hillsborough,,,,,,0.100275
120570115101,Hillsborough,0.075044,0.063600,0.077117,0.076338,0.071153,0.097662
120570115102,Hillsborough,0.076543,0.053994,0.080100,0.077040,0.076962,0.096371
120570115121,Hillsborough,0.064918,0.072596,0.065217,0.064870,0.061567,0.095777
120570115122,Hillsborough,0.068074,0.101402,0.069010,0.066894,0.065791,0.093764
120570115123,Hillsborough,0.056517,0.037784,0.058880,0.058864,0.054739,0.094501
120570115141,Hillsborough,0.065857,0.058831,0.064726,0.071902,0.059074,0.092896
120570115142,Hillsborough,0.060790,0.047009,0.062930,0.064261,0.056486,0.092320
120570115143,Hillsborough,0.068391,0.062923,0.068898,0.069162,0.070038,0.091667
120570115144,Hillsborough,0.061661,0.057234,0.064772,0.060843,0.057709,0.092918
120570115151,Hillsborough,0.067348,0.058241,0.069777,0.067589,0.067538,0.092419
120570115152,Hillsborough,0.070666,0.068030,0.073234,0.068021,0.066430,0.091598
120570115161,Hillsborough,0.072823,0.072988,0.073620,0.070354,0.073414,0.091283
120570115162,Hillsborough,0.072386,0.072798,0.072803,0.071094,0.071921,0.091545
120570115181,Hillsborough,0.069224,0.071830,0.072878,0.067426,0.067803,0.094677
120570115182,Hillsborough,0.069323,0.087572,0.071886,0.067602,0.067016,0.095246
120570115183,Hillsborough,0.065654,0.067231,0.064821,0.065921,0.066459,0.091337
120570115191,Hillsborough,0.069718,0.053355,0.073124,0.070600,0.067865,0.091233
120570115192,Hillsborough,0.078807,0.082820,0.079136,0.079717,0.070431,0.090025
120570115201,Hillsborough,0.071567,0.073549,0.072404,0.071436,0.067273,0.089813
120570115202,Hillsborough,0.072770,0.078200,0.072585,0.070348,0.068494,0.090342
120570115211,Hillsborough,0.059523,0.067435,0.057749,0.060570,0.058815,0.094031
120570115212,Hillsborough,0.059157,0.045942,0.060421,0.060770,0.058358,0.095872
120570115213,Hillsborough,0.067393,0.048871,0.065649,0.072359,0.060626,0.094186
120570115221,Hillsborough,0.076814,0.079260,0.082841,0.075836,0.063437,0.095456
120570115222,Hillsborough,0.072888,0.069952,0.078379,0.070809,0.060522,0.094232
120570115223,Hillsborough,0.073594,0.067092,0.076272,0.072056,0.072386,0.094307
120570115231,Hillsborough,0.069304,0.063277,0.072352,0.070950,0.058868,0.094132
120570115241,Hillsborough,0.077544,0.084492,0.077666,0.073825,0.075399,0.091755
120570115242,Hillsborough,0.068018,0.058836,0.070104,0.066152,0.071514,0.091096
120570115243,Hillsborough,0.077544,0.083893,0.078193,0.073666,0.075601,0.091787
120570115244,Hillsborough,0.074920,0.076426,0.075621,0.072125,0.074318,0.091790
120570115251,Hillsborough,0.069771,0.064981,0.071786,0.069589,0.068409,0.091449
120570115252,Hillsborough,0.072178,0.074190,0.070102,0.075448,0.068519,0.090104
120570115253,Hillsborough,0.071540,0.070861,0.071783,0.072636,0.067476,0.089765
120570115261,Hillsborough,0.073911,0.083018,0.074046,0.072692,0.066098,0.090394
120570115262,Hillsborough,0.073786,0.083167,0.072869,0.070730,0.068836,0.090580
120570115271,Hillsborough,0.057365,0.037128,0.057914,0.055877,0.062278,0.096413
120570115272,Hillsborough,0.068435,0.070911,0.070420,0.067147,0.067528,0.092665
120570115281,Hillsborough,0.068490,0.056879,0.070929,0.068416,0.068072,0.091344
120570115282,Hillsborough,0.061579,0.047705,0.062591,0.061332,0.065988,0.091294
120570115283,Hillsborough,0.064726,0.054409,0.066892,0.064945,0.066100,0.090913
120570116031,Hillsborough,0.078228,0.089935,0.077517,0.069511,0.073154,0.089787
120570116032,Hillsborough,0.079686,0.084161,0.083212,0.071171,0.073384,0.089495
120570116033,Hillsborough,0.076467,0.083906,0.077202,0.068381,0.071945,0.089810
120570116051,Hillsborough,0.085769,0.101250,0.081694,0.079600,0.077445,0.088879
120570116052,Hillsborough,0.077482,0.092573,0.074044,0.067740,0.072634,0.088748
120570116053,Hillsborough,0.078214,0.087484,0.078733,0.067915,0.073526,0.089385
120570116054,Hillsborough,0.077651,0.090533,0.074080,0.069529,0.073759,0.088855
120570116055,Hillsborough,0.085758,0.100007,0.083381,0.074920,0.079286,0.088933
120570116101,Hillsborough,0.082743,0.089555,0.084195,0.077610,0.075088,0.089846
120570116102,Hillsborough,0.074138,0.091934,0.072247,0.067717,0.067660,0.090131
120570116103,Hillsborough,0.081673,0.099568,0.080027,0.073317,0.073491,0.089881
120570116104,Hillsborough,0.083566,0.099673,0.080816,0.081153,0.075845,0.089460
120570116111,Hillsborough,0.083688,0.095665,0.085349,0.070689,0.074370,0.090078
120570116112,Hillsborough,0.080045,0.093043,0.079134,0.070426,0.073321,0.089697
120570116113,Hillsborough,0.080146,0.097086,0.077425,0.072169,0.072970,0.090152
120570116121,Hillsborough,0.085927,0.096962,0.087371,0.080525,0.077555,0.088985
120570116122,Hillsborough,0.085215,0.100451,0.085602,0.076824,0.077158,0.089281
120570116123,Hillsborough,0.086427,0.102680,0.086037,0.076232,0.076839,0.089557
120570116124,Hillsborough,0.083771,0.101519,0.083094,0.073690,0.074443,0.089812
120570116131,Hillsborough,0.085032,0.101548,0.080772,0.079237,0.077808,0.088930
120570116132,Hillsborough,0.081695,0.095023,0.080231,0.075459,0.076459,0.088581
120570116133,Hillsborough,0.081683,0.097755,0.078826,0.074553,0.075490,0.088620
120570116134,Hillsborough,0.079436,0.092483,0.076111,0.072469,0.075789,0.088724
120570116141,Hillsborough,0.080971,0.091625,0.081292,0.077806,0.070620,0.089245
120570116142,Hillsborough,0.082755,0.091831,0.083143,0.079235,0.074752,0.089008
120570116143,Hillsborough,0.082212,0.090453,0.083067,0.080238,0.074773,0.088424
120570116144,Hillsborough,0.081583,0.088213,0.082707,0.078338,0.072627,0.088975
120570116151,Hillsborough,0.082204,0.090604,0.083019,0.080046,0.074754,0.088580
120570116152,Hillsborough,0.079366,0.090532,0.076298,0.073890,0.074349,0.088700
120570116153,Hillsborough,0.078537,0.093821,0.078231,0.071390,0.073073,0.088360
120570116154,Hillsborough,0.080662,0.093319,0.078652,0.077907,0.074550,0.088670
120570116161,Hillsborough,0.083079,0.090835,0.086078,0.079958,0.074669,0.088881
120570116162,Hillsborough,0.084999,0.094547,0.084838,0.084503,0.075522,0.089216
120570116163,Hillsborough,0.074337,0.086233,0.072923,0.070375,0.068744,0.090003
120570116164,Hillsborough,0.082027,0.086925,0.084420,0.080321,0.074403,0.089077
120570116165,Hillsborough,0.082765,0.090896,0.082239,0.081865,0.074729,0.089645
120570116171,Hillsborough,0.078960,0.079501,0.080432,0.076937,0.075113,0.089522
120570116172,Hillsborough,0.081160,0.088080,0.082586,0.076779,0.073708,0.088577
120570116173,Hillsborough,0.079835,0.094135,0.080037,0.072399,0.073493,0.088583
120570117081,Hillsborough,0.070778,0.085064,0.065211,0.064709,0.067712,0.087938
120570117082,Hillsborough,0.067224,0.071796,0.064271,0.063624,0.069118,0.087503
120570117083,Hillsborough,0.070493,0.085147,0.067863,0.062829,0.069456,0.087599
120570117121,Hillsborough,0.080311,0.092764,0.077196,0.073625,0.076237,0.088442
120570117122,Hillsborough,0.076240,0.094930,0.076001,0.066375,0.070414,0.087464
120570117123,Hillsborough,0.078158,0.092407,0.075909,0.068957,0.074950,0.088174
120570117124,Hillsborough,0.076258,0.093632,0.076039,0.066816,0.072035,0.087556
120570117131,Hillsborough,0.079304,0.084375,0.082428,0.073192,0.072642,0.088240
120570117132,Hillsborough,0.077641,0.078357,0.080171,0.073966,0.073574,0.088744
120570117133,Hillsborough,0.078738,0.082859,0.081611,0.072601,0.073307,0.088461
120570117134,Hillsborough,0.079278,0.084106,0.082344,0.072900,0.073204,0.088363
120570117141,Hillsborough,0.080042,0.094399,0.080709,0.073243,0.073210,0.088195
120570117151,Hillsborough,0.078648,0.095290,0.075725,0.067932,0.073491,0.088038
120570117152,Hillsborough,0.079549,0.098718,0.075126,0.067933,0.074562,0.088079
120570117161,Hillsborough,0.077256,0.088674,0.074443,0.070924,0.074133,0.088568
120570117162,Hillsborough,0.074256,0.082452,0.072217,0.066789,0.073902,0.088727
120570117163,Hillsborough,0.071617,0.083591,0.068008,0.063776,0.067203,0.088192
120570118021,Hillsborough,0.098617,0.118461,0.086944,0.076712,0.080162,0.088962
120570118022,Hillsborough,0.084036,0.092105,0.082614,0.073077,0.078683,0.089153
120570118023,Hillsborough,0.094805,0.123712,0.087411,0.070672,0.074491,0.089211
120570118024,Hillsborough,0.103894,0.136595,0.096775,0.072084,0.076194,0.089542
120570118041,Hillsborough,0.092976,0.104005,0.095272,0.076731,0.076959,0.089949
120570118042,Hillsborough,0.088388,0.098361,0.088860,0.073599,0.078807,0.089542
120570118043,Hillsborough,0.086934,0.093034,0.088040,0.074497,0.079978,0.089345
120570118044,Hillsborough,0.101660,0.136101,0.098275,0.074961,0.073076,0.089792
120570118051,Hillsborough,0.094562,0.107061,0.095329,0.082651,0.080987,0.089594
120570118052,Hillsborough,0.093628,0.108493,0.096375,0.075779,0.074628,0.089867
120570118053,Hillsborough,0.092793,0.107004,0.094836,0.073761,0.073589,0.089991
120570118061,Hillsborough,0.094916,0.106658,0.094120,0.080381,0.081542,0.090082
120570118062,Hillsborough,0.093785,0.108585,0.096509,0.073136,0.074829,0.090065
120570118063,Hillsborough,0.093403,0.103315,0.095054,0.077306,0.079395,0.089995
120570119051,Hillsborough,0.089828,0.098066,0.088548,0.073156,0.080762,0.088818
120570119071,Hillsborough,0.092206,0.096985,0.096028,0.077594,0.081410,0.090053
120570119072,Hillsborough,0.093530,0.102083,0.097501,0.077284,0.079610,0.090110
120570119081,Hillsborough,0.090370,0.099580,0.091241,0.076562,0.080061,0.090223
120570119082,Hillsborough,0.093767,0.100722,0.097538,0.076583,0.079232,0.089997
120570119091,Hillsborough,0.097193,0.106057,0.101112,0.077698,0.080959,0.089978
120570119092,Hillsborough,0.085693,0.094307,0.085650,0.073837,0.079078,0.089756
120570119093,Hillsborough,0.088475,0.095960,0.089700,0.073917,0.080333,0.089238
120570119101,Hillsborough,0.086453,0.088923,0.090176,0.074754,0.080855,0.089448
120570119102,Hillsborough,0.084421,0.091473,0.085220,0.073089,0.079187,0.089455
120570119103,Hillsborough,0.085435,0.094977,0.085047,0.072093,0.079457,0.089263
120570119111,Hillsborough,0.085236,0.090330,0.086604,0.071866,0.079683,0.089063
120570119112,Hillsborough,0.088224,0.095908,0.089564,0.073311,0.079980,0.088990
120570119113,Hillsborough,0.085257,0.091790,0.083926,0.072483,0.079885,0.088709
120570120011,Hillsborough,0.099910,0.112245,0.101184,0.076231,0.073202,0.090234
120570120012,Hillsborough,0.113969,0.132068,0.109996,0.083444,0.088403,0.090015
120570120021,Hillsborough,0.120176,0.145018,0.116662,0.080643,0.076947,0.090485
120570120022,Hillsborough,0.118787,0.143909,0.114823,0.083931,0.074850,0.091068
120570120023,Hillsborough,0.118110,0.145261,0.107290,0.081267,0.078542,0.090810
120570121031,Hillsborough,0.120207,0.122318,0.132661,0.086096,0.081654,0.091452
120570121032,Hillsborough,0.103665,0.120423,0.099292,0.080640,0.074502,0.090975
120570121033,Hillsborough,0.110289,0.122440,0.117365,0.081075,0.077124,0.091203
120570121061,Hillsborough,0.108742,0.115231,0.116033,0.094226,0.082797,0.092093
120570121062,Hillsborough,0.107925,0.116930,0.115459,0.091640,0.080876,0.091679
120570121063,Hillsborough,0.108908,0.115231,0.123792,0.089100,0.079742,0.091867
120570121071,Hillsborough,0.103429,0.121975,0.104899,0.083296,0.072222,0.091604
120570121072,Hillsborough,0.106770,0.135529,0.103721,0.086595,0.080102,0.092445
120570121073,Hillsborough,0.105392,0.127960,0.102212,0.084366,0.080977,0.092425
120570121081,Hillsborough,0.100243,0.122344,0.103820,0.081305,0.072747,0.092486
120570121082,Hillsborough,0.105273,0.120777,0.110957,0.086701,0.077260,0.091491
120570121091,Hillsborough,0.112524,0.114623,0.121102,0.090313,0.085036,0.091701
120570121092,Hillsborough,0.108879,0.115370,0.114942,0.086282,0.079488,0.091940
120570121101,Hillsborough,0.105918,0.121818,0.106620,0.085147,0.080738,0.092157
120570121102,Hillsborough,0.105010,0.125813,0.100976,0.086417,0.080381,0.092090
120570122061,Hillsborough,0.110261,0.138738,0.104751,0.085850,0.080715,0.092093
120570122062,Hillsborough,0.116620,0.164570,0.108256,0.086594,0.080708,0.092684
120570122063,Hillsborough,0.121119,0.181769,0.111060,0.089141,0.082242,0.092761
120570122064,Hillsborough,0.111978,0.161377,0.097363,0.088862,0.080809,0.092626
120570122071,Hillsborough,0.110425,0.152275,0.104983,0.085986,0.081222,0.092676
120570122072,Hillsborough,0.108223,0.123492,0.116418,0.088891,0.083835,0.092388
120570122073,Hillsborough,0.114619,0.164704,0.111423,0.085200,0.082285,0.092741
120570122074,Hillsborough,0.103368,0.141461,0.099720,0.083618,0.080355,0.092674
120570122075,Hillsborough,0.117233,0.174053,0.107462,0.086903,0.081542,0.093154
120570122081,Hillsborough,0.100576,0.116227,0.113528,0.080821,0.078885,0.092738
120570122082,Hillsborough,0.131899,0.264269,0.111418,0.080998,0.074211,0.093166
120570122083,Hillsborough,0.132473,0.282428,0.117525,0.081737,0.076909,0.093059
120570122091,Hillsborough,0.117206,0.095045,0.135900,0.100511,0.092966,0.092650
120570122092,Hillsborough,0.100915,0.058576,0.126999,0.085642,0.084856,0.093992
120570122101,Hillsborough,0.114364,0.185013,0.112362,0.083319,0.077023,0.094218
120570122102,Hillsborough,0.114327,0.189822,0.110418,0.081252,0.074503,0.094043
120570122111,Hillsborough,0.099616,0.122940,0.091910,0.092076,0.088566,0.091862
120570122121,Hillsborough,0.108711,0.163910,0.097799,0.063564,0.059876,0.093056
120570122122,Hillsborough,0.109105,0.160429,0.101128,0.064436,0.060403,0.093220
120570122131,Hillsborough,0.115603,0.134645,0.118634,0.085525,0.078217,0.091945
120570122132,Hillsborough,0.122903,0.162485,0.121368,0.083663,0.075127,0.092642
120570123011,Hillsborough,0.183201,0.399524,0.102497,0.069111,0.064096,0.093272
120570123012,Hillsborough,0.128138,0.252719,0.101039,0.077974,0.072287,0.093506
120570123013,Hillsborough,0.157128,0.324767,0.088218,0.074793,0.068679,0.093934
120570123014,Hillsborough,0.137677,0.285043,0.079369,0.067097,0.062635,0.093578
120570123031,Hillsborough,0.122951,0.206782,0.096898,0.080890,0.073164,0.093680
120570123032,Hillsborough,0.129611,0.231451,0.094817,0.078557,0.072194,0.094016
120570123033,Hillsborough,0.136807,0.283610,0.093412,0.075996,0.069467,0.094103
120570123041,Hillsborough,0.130611,0.262778,0.099474,0.078397,0.071800,0.093893
120570123042,Hillsborough,0.132636,0.281166,0.099374,0.078377,0.071757,0.093952
120570123043,Hillsborough,0.120566,0.228230,0.099404,0.078508,0.071359,0.094082
120570124011,Hillsborough,0.138225,0.158405,0.154638,0.119901,0.100954,0.092041
120570124012,Hillsborough,0.122697,0.141946,0.136563,0.106596,0.093619,0.091877
120570124013,Hillsborough,0.105196,0.125118,0.129647,0.087726,0.081948,0.093756
120570124014,Hillsborough,0.117233,0.117596,0.132149,0.102279,0.095019,0.093219
120570124021,Hillsborough,0.112913,0.104742,0.127388,0.100523,0.093576,0.093080
120570124022,Hillsborough,0.120080,0.120448,0.139861,0.108756,0.097690,0.094457
120570124031,Hillsborough,0.110749,0.142003,0.137773,0.088866,0.081792,0.095948
120570124032,Hillsborough,0.107717,0.107506,0.136981,0.094794,0.085877,0.097399
120570124033,Hillsborough,0.108818,0.123083,0.138719,0.095512,0.086921,0.097918
120570125011,Hillsborough,0.093828,0.117376,0.101172,0.086884,0.077237,0.093085
120570125012,Hillsborough,0.124816,0.112200,0.138246,0.126958,0.106421,0.097189
120570125013,Hillsborough,0.127478,0.127260,0.137875,0.126721,0.100647,0.094744
120570125031,Hillsborough,0.124610,0.101527,0.146545,0.130295,0.109667,0.097092
120570125032,Hillsborough,0.097336,0.094873,0.107533,0.097151,0.083011,0.096207
120570125033,Hillsborough,0.104691,0.117115,0.121074,0.106363,0.084825,0.097893
120570125041,Hillsborough,0.119411,0.118631,0.138961,0.114891,0.104269,0.097624
120570126001,Hillsborough,0.102218,0.115113,0.111504,0.099845,0.085357,0.095940
120570126002,Hillsborough,0.100787,0.102845,0.110066,0.099447,0.084695,0.095627
120570126003,Hillsborough,0.100914,0.108843,0.109808,0.099825,0.083775,0.095920
120570126004,Hillsborough,0.099289,0.098947,0.114506,0.098700,0.082898,0.096315
120570127011,Hillsborough,0.093415,0.097527,0.101603,0.090259,0.078208,0.094541
120570127012,Hillsborough,0.095645,0.122563,0.105505,0.087306,0.079135,0.094830
120570127013,Hillsborough,0.139955,0.122849,0.157528,0.136588,0.104640,0.093482
120570127014,Hillsborough,0.145127,0.144615,0.166411,0.139004,0.107911,0.094181
120570127021,Hillsborough,0.095422,0.103633,0.100636,0.094605,0.080707,0.096020
120570127022,Hillsborough,0.108735,0.119492,0.116991,0.107659,0.089331,0.095856
120570127023,Hillsborough,0.103178,0.114097,0.112711,0.098760,0.088310,0.095495
120570128001,Hillsborough,0.091910,0.098935,0.094746,0.092268,0.081148,0.095453
120570128002,Hillsborough,0.112535,0.124398,0.120401,0.111976,0.092968,0.095502
120570129001,Hillsborough,0.111324,0.131378,0.118617,0.109901,0.090202,0.095622
120570129002,Hillsborough,0.094365,0.118585,0.097274,0.097825,0.078919,0.096322
120570130011,Hillsborough,0.093593,0.076748,0.098907,0.108430,0.085211,0.091352
120570130021,Hillsborough,0.093988,0.111657,0.098250,0.098115,0.079740,0.096088
120570130022,Hillsborough,0.093005,0.095690,0.098216,0.101237,0.080579,0.097791
120570130023,Hillsborough,0.109342,0.127225,0.119152,0.112918,0.093781,0.097266
120570130031,Hillsborough,0.107112,0.136658,0.134824,0.104373,0.086481,0.098068
120570130032,Hillsborough,0.113867,0.143304,0.141288,0.101304,0.091712,0.100128
120570130041,Hillsborough,0.111790,0.119549,0.131222,0.111246,0.095624,0.100738
120570130042,Hillsborough,0.103457,0.130549,0.112776,0.113190,0.087242,0.100297
120570130043,Hillsborough,0.116729,0.147781,0.124191,0.125925,0.100073,0.099937
120570131001,Hillsborough,0.114413,,0.123856,0.131968,0.097793,0.101289
120570131002,Hillsborough,0.120367,,0.140881,0.136337,0.105124,0.102948
120570132031,Hillsborough,0.107189,0.168847,0.100819,0.080447,0.072863,0.094121
120570132032,Hillsborough,0.109037,0.158671,0.111415,0.083523,0.075415,0.094374
120570132041,Hillsborough,0.108700,0.153099,0.112237,0.084503,0.077734,0.094348
120570132051,Hillsborough,0.113424,0.189881,0.106303,0.082675,0.072925,0.094477
120570132052,Hillsborough,0.112896,0.205383,0.110782,0.084144,0.074711,0.094531
120570132053,Hillsborough,0.111181,0.185011,0.114243,0.083413,0.075736,0.094530
120570132054,Hillsborough,0.097781,0.133240,0.112270,0.082620,0.075652,0.095699
120570132061,Hillsborough,,,,,,
120570132062,Hillsborough,0.102105,0.149346,0.116312,0.084258,0.074248,0.095453
120570132063,Hillsborough,0.101395,0.142136,0.114961,0.084301,0.074233,0.096280
120570132064,Hillsborough,,,,,,
120570132071,Hillsborough,0.101360,0.068627,0.133176,0.090685,0.080133,0.096552
120570132072,Hillsborough,0.097665,0.070596,0.128087,0.089534,0.078427,0.096366
120570132081,Hillsborough,0.100268,0.133942,0.114956,0.085592,0.074973,0.096342
120570132082,Hillsborough,0.109553,0.101593,0.142109,0.098968,0.085173,0.096711
120570133051,Hillsborough,0.113415,0.187055,0.099695,0.081052,0.071470,0.094458
120570133052,Hillsborough,0.118323,0.212206,0.107406,0.084598,0.072819,0.095944
120570133071,Hillsborough,0.130185,0.258948,0.075272,0.065064,0.063721,0.093698
120570133072,Hillsborough,0.526062,1.271653,0.351868,0.222934,0.162867,0.094207
120570133073,Hillsborough,0.140574,0.346086,0.072060,0.079447,0.057967,0.094170
120570133101,Hillsborough,0.089671,0.159720,0.073540,0.067666,0.057542,0.094760
120570133102,Hillsborough,0.098489,0.202092,0.068928,0.068164,0.057136,0.094842
120570133111,Hillsborough,0.228322,0.419330,0.186528,0.140965,0.114542,0.094084
120570133112,Hillsborough,0.120901,0.215920,0.099053,0.079650,0.071967,0.094353
120570133113,Hillsborough,0.118262,0.208910,0.098794,0.079689,0.072097,0.094273
120570133121,Hillsborough,0.118334,0.219061,0.099286,0.078547,0.072187,0.093959
120570133122,Hillsborough,0.112268,0.195682,0.101846,0.080083,0.070960,0.094044
120570133123,Hillsborough,0.111545,0.187856,0.098403,0.078951,0.070743,0.094270
120570133131,Hillsborough,0.252183,0.403148,0.244621,0.170529,0.095535,0.094776
120570133132,Hillsborough,0.858159,1.846541,0.666140,0.415958,0.255943,0.094932
120570133133,Hillsborough,0.225128,0.332686,0.229973,0.160540,0.091399,0.094620
120570133141,Hillsborough,0.251013,0.381315,0.253955,0.170953,0.106987,0.095914
120570133142,Hillsborough,0.109019,0.179813,0.098377,0.080772,0.070896,0.095812
120570133151,Hillsborough,0.085846,0.101127,0.085503,0.057987,0.054748,0.092655
120570133152,Hillsborough,0.093452,0.109882,0.092361,0.059067,0.058673,0.092848
120570133161,Hillsborough,0.101936,0.176613,0.069837,0.064094,0.060610,0.093855
120570133162,Hillsborough,0.098663,0.168708,0.072247,0.061885,0.059915,0.093624
120570133171,Hillsborough,0.086638,0.113266,0.070639,0.063041,0.060150,0.093542
120570133172,Hillsborough,0.078800,0.098203,0.064263,0.060209,0.057281,0.093813
120570133191,Hillsborough,0.087766,0.153392,0.073751,0.063582,0.059757,0.095040
120570133192,Hillsborough,,,,,,
120570133193,Hillsborough,0.078189,0.116860,0.067337,0.067242,0.057866,0.094057
120570133201,Hillsborough,0.088046,0.153505,0.071884,0.066183,0.057817,0.095261
120570133221,Hillsborough,0.091734,0.156541,0.076059,0.068184,0.059448,0.095476
120570133222,Hillsborough,0.982212,1.977475,0.818131,0.518040,0.336353,0.095426
120570133223,Hillsborough,0.233902,0.619803,0.125109,0.098621,0.067451,0.096144
120570133224,Hillsborough,1.084278,1.975972,1.004309,0.639795,0.453547,0.095764
120570133231,Hillsborough,0.141610,0.297776,0.073248,0.075383,0.058059,0.094280
120570133232,Hillsborough,0.120310,0.276298,0.071600,0.078601,0.058284,0.094468
120570133233,Hillsborough,0.714723,1.635396,0.549521,0.316459,0.193451,0.094566
120570133234,Hillsborough,0.083620,0.125188,0.066105,0.063527,0.060585,0.094145
120570133235,Hillsborough,0.129063,0.302442,0.084150,0.077592,0.058757,0.094528
120570134061,Hillsborough,0.775304,2.136654,0.434905,0.277986,0.181734,0.096028
120570134071,Hillsborough,0.741069,1.905271,0.614226,0.291003,0.189685,0.095851
120570134072,Hillsborough,0.321489,0.821705,0.311979,0.080987,0.069729,0.095892
120570134073,Hillsborough,0.308415,0.587943,0.407929,0.083177,0.071792,0.096937
120570134074,Hillsborough,0.300978,0.628509,0.421008,0.101572,0.083715,0.095798
120570134091,Hillsborough,0.115306,0.192865,0.110742,0.089914,0.077050,0.096006
120570134092,Hillsborough,0.107481,0.162549,0.108711,0.088844,0.077235,0.096254
120570134093,Hillsborough,0.112402,0.162280,0.130549,0.094764,0.080906,0.096322
120570134101,Hillsborough,0.092870,0.161792,0.078928,0.064358,0.061265,0.096649
120570134102,Hillsborough,0.084140,0.141731,0.070861,0.062387,0.058652,0.095559
120570134111,Hillsborough,0.101822,0.178313,0.089533,0.070216,0.064298,0.096530
120570134121,Hillsborough,0.087222,0.103091,0.101609,0.071867,0.064687,0.097623
120570134122,Hillsborough,0.086273,0.099657,0.097227,0.068250,0.063398,0.098082
120570134131,Hillsborough,0.086827,0.104282,0.099719,0.068796,0.063217,0.097504
120570134141,Hillsborough,0.259563,0.561110,0.279449,0.078705,0.069623,0.096128
120570134142,Hillsborough,0.261828,0.464047,0.345091,0.081585,0.069851,0.096225
120570134143,Hillsborough,0.114794,0.208000,0.124404,0.090813,0.078105,0.096727
120570134144,Hillsborough,0.254716,0.433822,0.347794,0.077937,0.068487,0.096723
120570134151,Hillsborough,0.259399,0.118521,0.629306,0.082530,0.070438,0.097449
120570134152,Hillsborough,0.255323,0.336557,0.523051,0.079337,0.069043,0.097454
120570135011,Hillsborough,0.088532,0.096383,0.092060,0.066698,0.069364,0.090750
120570135012,Hillsborough,0.095610,0.108347,0.098205,0.068738,0.067758,0.090870
120570135031,Hillsborough,0.099177,0.116988,0.095824,0.072839,0.069131,0.091294
120570135032,Hillsborough,0.074450,0.087033,0.068819,0.058971,0.057429,0.091628
120570135033,Hillsborough,0.100404,0.118503,0.096802,0.073579,0.069911,0.091758
120570135041,Hillsborough,0.117085,0.140543,0.117368,0.080390,0.077984,0.092159
120570135042,Hillsborough,0.086104,0.104736,0.082285,0.064140,0.059119,0.092579
120570135043,Hillsborough,0.081027,0.098589,0.074580,0.061599,0.059866,0.092885
120570135051,Hillsborough,0.066815,0.078642,0.057834,0.053201,0.055652,0.092770
120570135052,Hillsborough,0.077148,0.091764,0.071249,0.061671,0.058413,0.092066
120570135053,Hillsborough,0.078834,0.094139,0.072954,0.061192,0.059430,0.092406
120570136021,Hillsborough,0.099205,0.105390,0.105383,0.080327,0.075328,0.092362
120570136022,Hillsborough,0.099025,0.112960,0.102922,0.087715,0.074530,0.093713
120570136041,Hillsborough,0.097901,0.098176,0.105547,0.082852,0.075276,0.093171
120570137021,Hillsborough,0.112335,0.120252,0.121430,0.094115,0.083898,0.094636
120570137022,Hillsborough,0.100617,0.136520,0.098065,0.086085,0.076198,0.094746
120570137023,Hillsborough,0.080273,0.101041,0.085654,0.066609,0.057389,0.095132
120570137024,Hillsborough,0.103562,0.101524,0.112755,0.095507,0.078567,0.096309
120570137031,Hillsborough,0.076247,0.119278,0.061792,0.060023,0.055690,0.093406
120570137032,Hillsborough,0.075170,0.112871,0.062221,0.059963,0.056509,0.093848
120570137033,Hillsborough,0.080098,0.111736,0.082526,0.063812,0.054658,0.094847
120570137051,Hillsborough,0.083262,0.137523,0.076272,0.060925,0.058057,0.096036
120570137052,Hillsborough,0.086364,0.110746,0.095510,0.063889,0.059760,0.096908
120570137053,Hillsborough,0.083228,0.125829,0.082815,0.061295,0.057961,0.096019
120570137054,Hillsborough,0.082179,0.138943,0.069428,0.061575,0.058343,0.095061
120570137061,Hillsborough,0.082290,0.142233,0.070105,0.062179,0.058257,0.095047
120570137062,Hillsborough,0.080987,0.122688,0.065985,0.059297,0.057598,0.095208
120570138011,Hillsborough,0.109712,0.109418,0.117726,0.107128,0.087799,0.098282
120570138012,Hillsborough,0.103966,0.117386,0.108353,0.100613,0.080400,0.097040
120570138021,Hillsborough,0.100889,0.110576,0.106908,0.091482,0.079238,0.097045
120570138022,Hillsborough,0.080599,0.104362,0.084813,0.062497,0.058300,0.098238
120570138031,Hillsborough,0.100930,0.111813,0.106955,0.091373,0.079255,0.096959
120570138041,Hillsborough,0.093635,0.104115,0.091743,0.096851,0.079572,0.100948
120570138042,Hillsborough,0.106158,0.124338,0.113797,0.097560,0.082450,0.096873
120570138043,Hillsborough,0.105714,0.134203,0.114643,0.093338,0.083555,0.096573
120570138061,Hillsborough,0.079301,0.101966,0.086921,0.062222,0.058222,0.097987
120570138071,Hillsborough,0.093679,0.106410,0.105398,0.077818,0.071498,0.100807
120570138072,Hillsborough,0.093673,0.106278,0.106118,0.078712,0.071776,0.100688
120570139031,Hillsborough,0.131966,,0.165507,0.144756,0.112850,0.108784
120570139032,Hillsborough,0.120914,,,0.127252,0.120845,0.170655
120570139071,Hillsborough,0.135997,,0.172761,0.142819,0.122739,0.123907
120570139072,Hillsborough,0.121394,,0.127784,0.124132,0.119047,0.132681
120570139121,Hillsborough,0.096060,0.108253,0.117860,0.086626,0.076395,0.101030
120570139122,Hillsborough,0.094801,0.089244,0.105646,0.097305,0.079437,0.103611
120570139131,Hillsborough,0.100860,0.066620,0.121418,0.105720,0.084348,0.109839
120570139132,Hillsborough,0.105642,0.128681,0.118622,0.110244,0.087416,0.115727
120570139133,Hillsborough,0.099812,0.124252,0.110793,0.104773,0.080491,0.113068
120570139141,Hillsborough,0.104065,0.127071,0.120902,0.113821,0.090559,0.116493
120570139142,Hillsborough,0.104089,0.133569,0.115929,0.108072,0.087047,0.115779
120570139151,Hillsborough,0.092947,0.095112,0.111061,0.081339,0.072929,0.102373
120570139152,Hillsborough,0.094861,0.109227,0.113519,0.081453,0.073290,0.100383
120570139153,Hillsborough,0.093325,0.092648,0.116029,0.084783,0.074496,0.103230
120570139161,Hillsborough,0.093183,0.100873,0.116650,0.084603,0.072469,0.103957
120570139162,Hillsborough,0.085389,0.066835,0.101532,0.080566,0.069270,0.104165
120570139163,Hillsborough,0.083198,0.044363,0.103115,0.081752,0.070891,0.104557
120570139171,Hillsborough,0.099257,0.109581,0.118720,0.091905,0.080384,0.103575
120570139172,Hillsborough,0.093453,0.093865,0.116490,0.085401,0.074795,0.103680
120570139173,Hillsborough,0.088995,0.089582,0.105570,0.080266,0.072894,0.102253
120570139181,Hillsborough,,,,,,0.092259
120570139182,Hillsborough,0.093745,0.111307,0.110623,0.080967,0.072507,0.099930
120570139191,Hillsborough,0.096344,0.100037,0.115097,0.073599,0.067656,0.098666
120570139192,Hillsborough,0.101149,0.089651,0.126145,0.076007,0.068782,0.098541
120570139193,Hillsborough,0.171075,0.091765,0.349030,0.082750,0.072287,0.099636
120570139194,Hillsborough,0.172937,0.093202,0.343362,0.080984,0.070174,0.099318
120570139221,Hillsborough,0.154807,0.096683,0.308279,0.088517,0.074710,0.100158
120570139222,Hillsborough,0.109919,0.107785,0.133302,0.103905,0.088075,0.099354
120570139223,Hillsborough,0.154852,0.097483,0.308338,0.088980,0.074827,0.100450
120570139231,Hillsborough,0.111117,0.105247,0.133556,0.110390,0.091437,0.100753
120570139232,Hillsborough,0.157979,0.094076,0.321338,0.090682,0.079161,0.100779
120570139241,Hillsborough,0.093065,0.107313,0.106052,0.077445,0.071371,0.100366
120570139251,Hillsborough,0.089633,0.107445,0.100769,0.069390,0.064174,0.098219
120570139252,Hillsborough,0.092002,0.108502,0.103853,0.072420,0.067482,0.098506
120570139253,Hillsborough,0.093240,0.112782,0.104376,0.076159,0.069603,0.098523
120570139261,Hillsborough,0.132800,,0.128740,0.170826,0.117165,0.113333
120570139262,Hillsborough,0.115105,0.114311,0.137379,0.111504,0.092117,0.100737
120570139263,Hillsborough,0.111819,0.115310,0.139464,0.101886,0.086588,0.097926
120570140021,Hillsborough,0.099601,0.105924,0.129965,0.111420,0.094152,0.121888
120570140022,Hillsborough,0.096605,0.146081,0.117536,0.101128,0.090264,0.112381
120570140031,Hillsborough,0.105515,0.122361,0.123126,0.118826,0.094568,0.119888
120570140071,Hillsborough,0.099115,,0.117346,0.104426,0.080777,0.107591
120570140081,Hillsborough,0.109317,0.171912,0.127543,0.109085,0.087214,0.118512
120570140082,Hillsborough,0.097611,0.174075,0.127731,0.094510,0.072964,0.116041
120570140091,Hillsborough,0.087351,0.157284,0.108029,0.085965,0.066731,0.109101
120570140101,Hillsborough,0.089110,0.152914,0.107849,0.086216,0.067743,0.113237
120570140102,Hillsborough,0.093484,0.156377,0.115381,0.091629,0.070407,0.114709
120570140111,Hillsborough,0.088752,0.135392,0.114393,0.088368,0.069158,0.113007
120570140112,Hillsborough,0.091818,0.164120,0.117436,0.089252,0.070264,0.112771
120570140113,Hillsborough,0.092032,0.168898,0.117524,0.089793,0.070786,0.113004
120570140121,Hillsborough,0.093657,0.166685,0.129847,0.089793,0.070783,0.112756
120570140122,Hillsborough,0.149949,0.491957,0.241422,0.133603,0.099864,0.110600
120570140131,Hillsborough,0.181705,0.659006,0.262489,0.149232,0.117036,0.105849
120570140141,Hillsborough,0.088018,0.138737,0.113117,0.087179,0.068183,0.112414
120570140142,Hillsborough,0.090347,0.134311,0.115167,0.090481,0.069704,0.114220
120570140171,Hillsborough,0.101271,0.141076,0.116275,0.104551,0.082798,0.116613
120570141041,Hillsborough,0.134867,0.267548,0.192674,0.139113,0.121377,0.114652
120570141061,Hillsborough,0.096572,0.097473,0.089687,0.100533,0.090855,0.099906
120570141062,Hillsborough,0.098267,0.090121,0.102787,0.100894,0.084450,0.101840
120570141081,Hillsborough,0.094460,0.125040,0.095712,0.094091,0.088777,0.108772
120570141082,Hillsborough,0.098726,0.125767,0.105435,0.099857,0.088981,0.109345
120570141083,Hillsborough,0.097846,0.125311,0.105179,0.099715,0.087102,0.109411
120570141091,Hillsborough,0.085019,0.134134,0.099600,0.085440,0.065648,0.108123
120570141092,Hillsborough,0.098481,0.133029,0.110565,0.101157,0.087339,0.110533
120570141093,Hillsborough,0.103964,0.173494,0.134866,0.101111,0.089565,0.109403
120570141171,Hillsborough,0.104558,0.128288,0.112191,0.103830,0.094833,0.101215
120570141172,Hillsborough,0.104335,0.127587,0.111932,0.103675,0.094567,0.101270
120570141181,Hillsborough,0.094340,0.086217,0.088905,0.099151,0.087686,0.102036
120570141182,Hillsborough,0.096096,0.095068,0.092436,0.097462,0.095285,0.102740
120570141191,Hillsborough,0.093362,0.104470,0.095309,0.093630,0.077869,0.101074
120570141192,Hillsborough,0.097694,0.194677,0.080196,0.096362,0.082145,0.103057
120570141211,Hillsborough,0.091916,0.116739,0.090853,0.091922,0.087406,0.107953
120570141212,Hillsborough,0.090289,0.071921,0.094144,0.091615,0.088006,0.106387
120570141221,Hillsborough,0.095892,0.102169,0.124111,0.093451,0.088251,0.108446
120570141222,Hillsborough,0.085168,0.116647,0.100070,0.089423,0.067272,0.108702
120570142001,Hillsborough,0.093802,0.113009,0.075159,0.066082,0.082401,0.087955
120570142002,Hillsborough,0.090590,0.112946,0.071357,0.066178,0.082568,0.087893
120570142003,Hillsborough,0.106808,0.129547,0.086704,0.077779,0.087915,0.088134
120570142004,Hillsborough,0.082908,0.090363,0.080684,0.063243,0.078755,0.088443
120570143001,Hillsborough,0.123452,,0.127522,0.122030,0.124501,0.104918
120570143002,Hillsborough,0.090292,0.082805,0.092660,0.092017,0.084385,0.099399
120570143003,Hillsborough,0.101412,0.091669,0.110594,0.102317,0.088580,0.095460
120570144001,Hillsborough,0.070819,0.062238,0.074810,0.069398,0.069416,0.091430
120570144002,Hillsborough,0.075570,0.065451,0.078031,0.076205,0.072542,0.090565
120579801001,Hillsborough,0.064167,0.060230,0.065073,0.062020,0.067228,0.089256
120579802001,Hillsborough,0.062792,0.146864,0.058476,0.063382,0.061780,0.084614
120579803001,Hillsborough,,,,,,
120579804001,Hillsborough,0.123097,,0.126220,0.124466,0.118789,0.104331
120579805001,Hillsborough,0.079318,0.084630,0.082204,0.074492,0.072640,0.088188
120579806001,Hillsborough,,,,,,0.216592
120579807001,Hillsborough,0.077880,0.080869,0.080845,0.073537,0.075704,0.092795
120579900000,Hillsborough,0.060756,0.105924,0.057080,0.059803,0.063005,0.082768
120579901000,Hillsborough,0.074964,0.182028,0.076901,0.074426,0.071014,0.085838
121030201051,Pinellas,0.063681,0.073519,0.067752,0.056546,0.055352,0.095175
121030201052,Pinellas,0.071211,0.086143,0.076390,0.061195,0.058172,0.095099
121030201053,Pinellas,0.080279,0.101572,0.089562,0.065792,0.061583,0.095085
121030201061,Pinellas,0.071938,0.086022,0.077948,0.073013,0.058821,0.093474
121030201062,Pinellas,0.087985,,0.097047,0.088906,0.085744,0.085447
121030201063,Pinellas,0.064636,0.062873,0.068749,0.069919,0.056875,0.092347
121030201071,Pinellas,0.068602,0.089571,0.070402,0.061397,0.057097,0.094378
121030201072,Pinellas,0.069591,0.083730,0.074149,0.060013,0.057792,0.094472
121030201081,Pinellas,0.073222,0.089783,0.079585,0.071370,0.057366,0.094020
121030201082,Pinellas,0.074588,0.095937,0.081344,0.068023,0.056574,0.094032
121030201083,Pinellas,0.073463,0.090257,0.080093,0.068876,0.057202,0.093904
121030201091,Pinellas,0.078211,0.099695,0.083481,0.060663,0.057554,0.095879
121030201092,Pinellas,0.079864,0.101769,0.087476,0.062953,0.059368,0.095327
121030201093,Pinellas,0.082048,0.104037,0.086146,0.065071,0.058963,0.096503
121030201101,Pinellas,0.088081,0.105850,0.097718,0.071204,0.063144,0.097423
121030202011,Pinellas,0.084165,0.118812,0.089984,0.066377,0.060514,0.095103
121030202012,Pinellas,0.081071,0.106714,0.088576,0.065071,0.060380,0.095046
121030202013,Pinellas,0.078199,0.099127,0.084236,0.062810,0.059428,0.094576
121030202021,Pinellas,0.097906,0.120697,0.109831,0.091185,0.073309,0.095819
121030202022,Pinellas,0.100351,0.130438,0.110236,0.087979,0.070499,0.095556
121030202023,Pinellas,0.099492,0.123317,0.112112,0.091740,0.073151,0.095471
121030202061,Pinellas,0.072475,0.087514,0.078190,0.062101,0.058977,0.095303
121030202062,Pinellas,0.074036,0.091476,0.079826,0.062548,0.059856,0.095595
121030202071,Pinellas,0.059196,0.059062,0.065143,0.055785,0.054774,0.094324
121030202072,Pinellas,0.064539,0.072669,0.069905,0.057724,0.056118,0.095725
121030202081,Pinellas,0.080833,0.115017,0.084831,0.063944,0.059992,0.095215
121030202082,Pinellas,0.100908,0.132089,0.110738,0.088136,0.070599,0.095564
121030202091,Pinellas,0.072700,0.096863,0.081806,0.063995,0.053371,0.095248
121030202092,Pinellas,0.081096,0.114833,0.085768,0.066488,0.060675,0.095433
121030202093,Pinellas,0.086330,0.123801,0.094171,0.070600,0.058672,0.095452
121030202094,Pinellas,0.083062,0.113356,0.094056,0.072522,0.058612,0.095341
121030202095,Pinellas,0.083588,0.113203,0.094629,0.073051,0.058850,0.095715
121030203011,Pinellas,0.093700,0.130487,0.099104,0.071369,0.065213,0.095478
121030203012,Pinellas,0.094522,0.128506,0.100862,0.077535,0.068353,0.095502
121030203013,Pinellas,0.100291,0.134155,0.108900,0.080248,0.071760,0.095535
121030203014,Pinellas,0.099279,0.138685,0.104365,0.074882,0.068179,0.095618
121030203015,Pinellas,0.099717,0.136247,0.105859,0.076875,0.069375,0.095719
121030203021,Pinellas,0.095507,0.131871,0.107384,0.084770,0.064676,0.094873
121030203022,Pinellas,0.094601,0.131049,0.105545,0.080642,0.063991,0.095129
121030203023,Pinellas,0.093989,0.131499,0.101913,0.074924,0.065620,0.095278
121030204001,Pinellas,0.095587,0.145025,0.097878,0.067338,0.062522,0.095246
121030204002,Pinellas,0.095668,0.145205,0.097059,0.065602,0.061419,0.094922
121030204003,Pinellas,0.095208,0.142266,0.096435,0.065954,0.061918,0.095272
121030205001,Pinellas,0.097816,0.150236,0.099364,0.063759,0.059940,0.095154
121030205002,Pinellas,0.107019,0.166191,0.106592,0.071175,0.065291,0.095449
121030205003,Pinellas,0.092657,0.134155,0.094433,0.066663,0.062215,0.095511
121030205004,Pinellas,0.098762,0.138733,0.103045,0.073238,0.067038,0.095539
121030206001,Pinellas,0.099521,0.147765,0.099083,0.068887,0.063858,0.095860
121030206002,Pinellas,0.097211,0.148537,0.093438,0.067254,0.062866,0.095775
121030206003,Pinellas,0.101932,0.146706,0.104475,0.073649,0.067354,0.095705
121030206004,Pinellas,0.093957,0.143841,0.088118,0.064690,0.060987,0.095925
121030207001,Pinellas,0.078654,0.100610,0.084260,0.059696,0.056949,0.095732
121030207002,Pinellas,0.090490,0.135388,0.086146,0.061465,0.058161,0.095650
121030207003,Pinellas,0.082618,0.113847,0.083654,0.062010,0.058877,0.095575
121030207004,Pinellas,0.079905,0.107431,0.082121,0.060405,0.057762,0.095628
121030208001,Pinellas,0.097139,0.123372,0.102303,0.073026,0.065387,0.098864
121030208002,Pinellas,0.090016,0.113663,0.101481,0.066740,0.060654,0.097540
121030208003,Pinellas,0.098655,0.129985,0.103702,0.073138,0.065034,0.097736
121030208004,Pinellas,0.103691,0.135769,0.107203,0.078254,0.069504,0.098429
121030208005,Pinellas,0.098646,0.129682,0.104975,0.073174,0.063798,0.097952
121030208006,Pinellas,0.094396,0.121312,0.106785,0.069533,0.061463,0.096752
121030212001,Pinellas,0.108611,0.173159,0.102118,0.067811,0.062630,0.095531
121030212002,Pinellas,0.101620,0.155716,0.095211,0.065598,0.061205,0.095548
121030212003,Pinellas,0.101196,0.154920,0.099914,0.066882,0.062290,0.095634
121030212004,Pinellas,0.111493,0.169198,0.113777,0.075165,0.068164,0.095644
121030215011,Pinellas,0.101559,0.165965,0.100903,0.065934,0.061350,0.094758
121030215012,Pinellas,0.106485,0.166446,0.100244,0.066762,0.061951,0.095185
121030215021,Pinellas,0.103302,0.163806,0.092553,0.061615,0.058427,0.095241
121030215022,Pinellas,0.102173,0.160781,0.090579,0.061901,0.057727,0.094985
121030216001,Pinellas,0.098249,0.149634,0.086691,0.060033,0.057771,0.094982
121030216002,Pinellas,0.089397,0.127767,0.088141,0.061255,0.058513,0.095154
121030218001,Pinellas,0.080136,0.106979,0.079900,0.058950,0.056299,0.095523
121030218002,Pinellas,0.088683,0.123670,0.084255,0.060189,0.057850,0.095674
121030218003,Pinellas,0.084319,0.117109,0.078831,0.057305,0.056132,0.094953
121030219001,Pinellas,0.089129,0.114432,0.092940,0.064385,0.060112,0.096759
121030219002,Pinellas,0.087206,0.111530,0.095381,0.064727,0.057674,0.096360
121030219003,Pinellas,0.091608,0.121223,0.094114,0.063203,0.058235,0.096694
121030220001,Pinellas,0.093075,0.113009,0.101010,0.070765,0.063556,0.098829
121030220002,Pinellas,0.095449,0.118840,0.101827,0.070832,0.063752,0.098301
121030220003,Pinellas,0.091054,0.115191,0.097371,0.068264,0.061120,0.097268
121030220004,Pinellas,0.094636,0.121124,0.099921,0.071098,0.062777,0.097902
121030221011,Pinellas,0.091044,0.113372,0.098011,0.065046,0.059971,0.098324
121030221012,Pinellas,0.089083,0.114074,0.093025,0.063725,0.058545,0.097477
121030221021,Pinellas,0.086297,0.108581,0.090068,0.063349,0.059484,0.097454
121030221022,Pinellas,0.087657,0.109617,0.093308,0.064117,0.059413,0.097939
121030221023,Pinellas,0.090792,0.112999,0.097517,0.066233,0.059981,0.098366
121030222001,Pinellas,0.093451,0.117035,0.098059,0.066650,0.059994,0.098880
121030222002,Pinellas,0.096138,0.121369,0.098836,0.068608,0.061150,0.099047
121030222003,Pinellas,0.093371,0.116745,0.098155,0.068252,0.061619,0.098828
121030222004,Pinellas,0.095376,0.120268,0.099887,0.070171,0.062830,0.098951
121030223011,Pinellas,0.099909,0.125449,0.104203,0.073546,0.065994,0.099847
121030223012,Pinellas,0.104865,0.132983,0.109982,0.078946,0.068325,0.099998
121030223013,Pinellas,0.098981,0.122255,0.102488,0.074217,0.067271,0.100089
121030223021,Pinellas,0.093841,0.112849,0.098878,0.071961,0.065387,0.099874
121030223022,Pinellas,0.091591,0.109774,0.096240,0.070303,0.063582,0.099584
121030223023,Pinellas,0.094508,0.115785,0.100633,0.070447,0.062763,0.099418
121030224011,Pinellas,0.098241,0.112212,0.106874,0.086234,0.070678,0.100063
121030224012,Pinellas,0.092211,0.107141,0.098782,0.073871,0.067224,0.099700
121030224013,Pinellas,0.101039,0.124819,0.104238,0.082039,0.067454,0.099961
121030224021,Pinellas,0.105573,0.127279,0.111957,0.082123,0.075533,0.099214
121030224022,Pinellas,0.098450,0.109921,0.107487,0.079066,0.072403,0.099456
121030224023,Pinellas,0.095899,0.100294,0.107476,0.078849,0.072440,0.099185
121030224024,Pinellas,0.100769,0.114360,0.106771,0.088359,0.073982,0.099548
121030224025,Pinellas,0.103001,0.122214,0.109242,0.080728,0.074019,0.099593
121030225011,Pinellas,0.103666,0.130285,0.106824,0.076686,0.069129,0.099109
121030225012,Pinellas,0.098664,0.118014,0.103882,0.075487,0.069590,0.099810
121030225013,Pinellas,0.098117,0.115746,0.105151,0.075488,0.070154,0.099461
121030225021,Pinellas,0.097000,0.111173,0.103453,0.077291,0.071941,0.098673
121030225022,Pinellas,0.098541,0.118456,0.103626,0.076290,0.070425,0.098454
121030225023,Pinellas,0.098433,0.117818,0.105168,0.074508,0.069431,0.098843
121030225031,Pinellas,0.095477,0.118310,0.103391,0.070941,0.064935,0.097857
121030225032,Pinellas,0.101670,0.127967,0.108903,0.072620,0.066267,0.098834
121030225033,Pinellas,0.095008,0.112493,0.102467,0.072240,0.067216,0.098617
121030226011,Pinellas,0.099566,0.127731,0.101894,0.071788,0.065363,0.098404
121030226012,Pinellas,0.105139,0.137603,0.105840,0.074232,0.067164,0.098360
121030226013,Pinellas,0.102303,0.129021,0.105310,0.074899,0.067396,0.099107
121030226021,Pinellas,0.092290,0.117461,0.095357,0.065947,0.062272,0.097280
121030226022,Pinellas,0.104778,0.138253,0.103449,0.072012,0.065555,0.097967
121030226023,Pinellas,0.096342,0.123141,0.101357,0.068189,0.063153,0.097655
121030227001,Pinellas,0.092805,0.124386,0.097162,0.062074,0.057988,0.096857
121030227002,Pinellas,0.098406,0.128798,0.103526,0.068116,0.061623,0.097558
121030227003,Pinellas,0.099013,0.127063,0.102441,0.070093,0.063914,0.098301
121030228011,Pinellas,0.086187,0.111287,0.085536,0.059520,0.057387,0.095124
121030228012,Pinellas,0.091574,0.119403,0.092765,0.062279,0.059631,0.096557
121030228013,Pinellas,0.088077,0.113150,0.093005,0.061397,0.058296,0.095781
121030228021,Pinellas,0.093224,0.122685,0.096674,0.062176,0.058691,0.096015
121030228022,Pinellas,0.097102,0.131148,0.100666,0.064577,0.060509,0.097043
121030228023,Pinellas,0.099811,0.133656,0.100117,0.066575,0.061204,0.097614
121030229011,Pinellas,0.087645,0.116185,0.091445,0.059471,0.055270,0.095051
121030229012,Pinellas,0.092807,0.130085,0.088804,0.062080,0.058481,0.095581
121030229021,Pinellas,0.086735,0.113331,0.088411,0.057869,0.056481,0.094904
121030229022,Pinellas,0.087419,0.113872,0.092939,0.059082,0.055529,0.094730
121030229023,Pinellas,0.090563,0.118048,0.094028,0.061009,0.057648,0.095535
121030230001,Pinellas,0.081323,0.101541,0.083685,0.055611,0.056350,0.093685
121030230002,Pinellas,0.084506,0.109622,0.088860,0.057021,0.054588,0.093610
121030231001,Pinellas,0.080701,0.108556,0.079266,0.054614,0.053736,0.093650
121030231002,Pinellas,0.076532,0.094742,0.080331,0.054624,0.055228,0.092622
121030231003,Pinellas,0.079689,0.102106,0.082201,0.055521,0.054156,0.093045
121030232001,Pinellas,0.078941,0.103312,0.080078,0.055905,0.054659,0.092824
121030232002,Pinellas,0.084211,0.114586,0.082514,0.059278,0.056550,0.093319
121030232003,Pinellas,0.081446,0.111884,0.078469,0.055914,0.054273,0.093722
121030233001,Pinellas,0.084163,0.118851,0.079614,0.056234,0.054425,0.093769
121030233002,Pinellas,0.082927,0.118822,0.076193,0.054862,0.053715,0.093806
121030233003,Pinellas,0.087674,0.126325,0.084326,0.056933,0.055725,0.094397
121030234001,Pinellas,0.088538,0.125772,0.084520,0.058482,0.056730,0.094863
121030234002,Pinellas,0.089119,0.126421,0.081185,0.059381,0.057534,0.094750
121030235011,Pinellas,0.091339,0.133101,0.086958,0.058710,0.056884,0.094518
121030235012,Pinellas,0.090236,0.127928,0.086515,0.061434,0.057384,0.095175
121030235021,Pinellas,0.097381,0.130422,0.097118,0.074305,0.068219,0.094577
121030236011,Pinellas,0.090918,0.119273,0.098747,0.071481,0.063858,0.094623
121030236012,Pinellas,0.096254,0.131089,0.097609,0.070269,0.063286,0.095022
121030236013,Pinellas,0.094782,0.133761,0.094846,0.064689,0.059801,0.095090
121030236021,Pinellas,0.097869,0.128610,0.098663,0.076051,0.069079,0.094880
121030236022,Pinellas,0.095769,0.123349,0.100098,0.076514,0.069587,0.094706
121030237001,Pinellas,0.096015,0.126802,0.097379,0.073948,0.068574,0.094288
121030237002,Pinellas,0.086896,0.104640,0.093938,0.075485,0.069389,0.093279
121030237003,Pinellas,0.092598,0.120338,0.095601,0.072951,0.066997,0.093708
121030238001,Pinellas,0.093045,0.115470,0.103000,0.074001,0.067329,0.092744
121030238002,Pinellas,0.092366,0.114395,0.097467,0.074162,0.067049,0.093059
121030238003,Pinellas,0.090847,0.122465,0.090697,0.065749,0.061243,0.093956
121030239001,Pinellas,0.086611,0.101560,0.092104,0.071588,0.066406,0.091787
121030239002,Pinellas,0.088365,0.105002,0.094907,0.071900,0.066912,0.092181
121030240011,Pinellas,0.079816,0.086562,0.088167,0.073857,0.067973,0.092863
121030240012,Pinellas,0.083714,0.096970,0.091247,0.074182,0.067944,0.093437
121030240021,Pinellas,0.083342,0.093105,0.093429,0.073108,0.066963,0.091652
121030240022,Pinellas,0.085900,0.100071,0.093569,0.071656,0.066501,0.091509
121030240023,Pinellas,0.093853,0.120807,0.099163,0.072271,0.067230,0.090702
121030240024,Pinellas,0.094297,0.120394,0.109256,0.077746,0.068846,0.091043
121030240041,Pinellas,0.085521,0.091415,0.097353,0.079341,0.070155,0.089843
121030240042,Pinellas,0.087688,0.098093,0.101196,0.079931,0.070552,0.089892
121030240043,Pinellas,0.084088,0.083147,0.093912,0.080526,0.071602,0.090119
121030240051,Pinellas,0.084985,0.085854,0.096986,0.079880,0.071121,0.090679
121030240052,Pinellas,0.079288,0.080411,0.089910,0.075023,0.069083,0.091508
121030241001,Pinellas,0.090765,0.112439,0.094179,0.072669,0.066321,0.091969
121030241002,Pinellas,0.090520,0.110663,0.095088,0.071994,0.066715,0.091127
121030241003,Pinellas,0.089941,0.112428,0.094124,0.070017,0.065627,0.090908
121030242011,Pinellas,0.081246,0.104430,0.080635,0.056333,0.057734,0.092104
121030242012,Pinellas,0.081316,0.104371,0.083347,0.055970,0.056635,0.092433
121030242013,Pinellas,0.080372,0.100974,0.084185,0.056217,0.056045,0.092724
121030242021,Pinellas,0.086071,0.107313,0.089275,0.064637,0.062009,0.092215
121030242022,Pinellas,0.080848,0.101070,0.086517,0.057942,0.055384,0.093007
121030243011,Pinellas,0.088199,0.114717,0.085283,0.069192,0.064919,0.088954
121030243012,Pinellas,0.090106,0.116218,0.090547,0.066379,0.064324,0.090753
121030243013,Pinellas,0.087917,0.112928,0.090665,0.063700,0.061557,0.091648
121030243021,Pinellas,0.090023,0.115590,0.093708,0.066714,0.064156,0.090554
121030243022,Pinellas,0.085591,0.117483,0.088314,0.055864,0.055551,0.091595
121030243023,Pinellas,0.080759,0.106825,0.073176,0.059482,0.057111,0.091648
121030243024,Pinellas,0.084639,0.112817,0.087571,0.056767,0.056239,0.091995
121030244031,Pinellas,0.089331,0.116584,0.085093,0.069337,0.065287,0.089912
121030244032,Pinellas,0.086003,0.113231,0.080734,0.069096,0.064853,0.088315
121030244033,Pinellas,0.090567,0.116706,0.085782,0.070986,0.064426,0.090721
121030244061,Pinellas,0.073542,0.088381,0.073133,0.062824,0.061901,0.085896
121030244062,Pinellas,0.080005,0.102472,0.075785,0.065999,0.062550,0.086600
121030244063,Pinellas,0.068491,0.073475,0.069532,0.062913,0.061655,0.085613
121030244081,Pinellas,0.092155,0.119798,0.097019,0.070036,0.065414,0.089775
121030244082,Pinellas,0.085055,0.111064,0.079983,0.068757,0.065731,0.088071
121030244083,Pinellas,0.089660,0.115209,0.084747,0.071117,0.066200,0.089747
121030244091,Pinellas,0.087330,0.112656,0.087955,0.071643,0.064177,0.088202
121030244092,Pinellas,0.093567,0.118186,0.111688,0.078582,0.068701,0.089265
121030244101,Pinellas,0.081090,0.103879,0.078744,0.066779,0.064468,0.087376
121030244102,Pinellas,0.070400,0.083796,0.068073,0.060964,0.060618,0.087021
121030244111,Pinellas,0.078124,0.097586,0.077369,0.066825,0.062832,0.086841
121030244112,Pinellas,0.080311,0.103299,0.076033,0.067429,0.062899,0.087260
121030244113,Pinellas,0.073104,0.091628,0.070330,0.063049,0.062386,0.086838
121030244114,Pinellas,0.069029,0.088309,0.073521,0.063775,0.060177,0.085681
121030244121,Pinellas,0.059403,0.057025,0.059868,0.060332,0.060863,0.086495
121030244122,Pinellas,0.072008,0.088755,0.070006,0.065420,0.063669,0.085192
121030244123,Pinellas,0.069867,0.084832,0.068471,0.063922,0.062758,0.087270
121030244131,Pinellas,0.088335,0.114963,0.088244,0.067775,0.065236,0.087334
121030244132,Pinellas,0.107713,0.161755,0.103090,0.077884,0.069571,0.088412
121030244133,Pinellas,0.070828,0.078492,0.071356,0.061413,0.062679,0.088130
121030244134,Pinellas,0.085918,0.111305,0.082666,0.068996,0.065328,0.088082
121030245051,Pinellas,0.089653,0.097291,0.092422,0.080073,0.072216,0.092814
121030245052,Pinellas,0.075874,0.086029,0.080372,0.059378,0.060384,0.092286
121030245053,Pinellas,0.079430,0.094263,0.083463,0.059586,0.062807,0.092296
121030245054,Pinellas,0.081704,0.096025,0.086175,0.060578,0.058985,0.093223
121030245071,Pinellas,0.084755,0.106221,0.080968,0.077160,0.069870,0.091080
121030245072,Pinellas,0.094220,0.107301,0.096211,0.082946,0.075984,0.094066
121030245073,Pinellas,0.083976,0.089776,0.088910,0.073552,0.069915,0.094755
121030245081,Pinellas,0.079185,0.100916,0.071983,0.070867,0.066914,0.090691
121030245082,Pinellas,0.086693,0.111137,0.080073,0.076794,0.070220,0.091110
121030245083,Pinellas,0.089783,0.100861,0.089700,0.078040,0.070468,0.093036
121030245091,Pinellas,0.074639,0.087003,0.073253,0.066883,0.064285,0.088139
121030245092,Pinellas,0.070701,0.075989,0.071576,0.067136,0.064365,0.087331
121030245101,Pinellas,0.081551,0.100944,0.077324,0.070839,0.066642,0.090686
121030245102,Pinellas,0.082026,0.102789,0.075079,0.071364,0.067819,0.090955
121030245103,Pinellas,0.072871,0.084315,0.069502,0.070636,0.066696,0.089568
121030245104,Pinellas,0.075872,0.091811,0.070381,0.072024,0.068217,0.089927
121030245121,Pinellas,0.076014,0.089040,0.083600,0.055381,0.056521,0.091305
121030245122,Pinellas,0.077104,0.092129,0.076375,0.062709,0.062138,0.090723
121030245141,Pinellas,0.112950,0.143263,0.111678,0.080957,0.073515,0.092215
121030245142,Pinellas,0.096309,0.114721,0.094463,0.078005,0.073340,0.091523
121030245143,Pinellas,0.092141,0.099960,0.091009,0.086064,0.076926,0.092593
121030245151,Pinellas,0.077354,0.099681,0.070942,0.058003,0.056008,0.091395
121030245152,Pinellas,0.071886,0.090605,0.065424,0.056763,0.058887,0.090196
121030245161,Pinellas,0.078199,0.094153,0.083047,0.056822,0.057769,0.091913
121030245162,Pinellas,0.075372,0.090247,0.084539,0.051954,0.053698,0.091215
121030245171,Pinellas,0.071740,0.082668,0.072713,0.064429,0.062474,0.085566
121030245172,Pinellas,0.060724,0.070182,0.059048,0.058623,0.058637,0.084888
121030245181,Pinellas,0.071739,0.084057,0.071861,0.063424,0.061924,0.085648
121030245182,Pinellas,0.068448,0.073353,0.069496,0.062847,0.061989,0.085600
121030245191,Pinellas,0.073420,0.093966,0.069390,0.062915,0.062112,0.086393
121030245192,Pinellas,0.066881,0.078991,0.064969,0.062615,0.061065,0.086714
121030246011,Pinellas,0.084172,0.111478,0.087176,0.056704,0.056210,0.092565
121030246012,Pinellas,0.084167,0.111312,0.083186,0.056279,0.056527,0.092580
121030246013,Pinellas,0.078306,0.102977,0.068109,0.058485,0.057724,0.091310
121030246014,Pinellas,0.071654,0.087842,0.066854,0.058188,0.058967,0.090107
121030246031,Pinellas,0.083739,0.111473,0.079831,0.054992,0.057322,0.092793
121030246032,Pinellas,0.081943,0.104641,0.083100,0.056640,0.055788,0.093396
121030246041,Pinellas,0.085001,0.111488,0.081227,0.056625,0.057748,0.093336
121030246042,Pinellas,0.084807,0.111347,0.081794,0.056683,0.057570,0.093189
121030246043,Pinellas,0.084372,0.107582,0.084274,0.058678,0.057692,0.093853
121030247011,Pinellas,0.085171,0.111665,0.082573,0.057708,0.056714,0.093700
121030247012,Pinellas,0.087328,0.114467,0.087003,0.057980,0.057226,0.094751
121030247013,Pinellas,0.086003,0.112900,0.081140,0.057875,0.057688,0.094017
121030247021,Pinellas,0.090046,0.115046,0.090669,0.064019,0.061008,0.096223
121030247022,Pinellas,0.089950,0.116432,0.091564,0.063366,0.061163,0.095488
121030247031,Pinellas,0.093614,0.125645,0.087069,0.062209,0.059933,0.094167
121030247032,Pinellas,0.091729,0.117092,0.093393,0.066313,0.062716,0.095677
121030247033,Pinellas,0.090757,0.117737,0.090494,0.063143,0.059142,0.095039
121030248011,Pinellas,0.091581,0.116717,0.092869,0.064473,0.061441,0.095770
121030248012,Pinellas,0.092195,0.116503,0.096047,0.066403,0.062918,0.096579
121030248031,Pinellas,0.090083,0.109029,0.098673,0.063995,0.060810,0.096700
121030248032,Pinellas,0.092281,0.113925,0.098680,0.066184,0.063002,0.096278
121030248041,Pinellas,0.094700,0.113583,0.101515,0.071432,0.066714,0.097898
121030248051,Pinellas,0.094562,0.117399,0.101101,0.067804,0.063527,0.096915
121030248052,Pinellas,0.094638,0.118789,0.101070,0.069773,0.064696,0.097176
121030249011,Pinellas,0.083658,0.106390,0.085128,0.057174,0.057326,0.093377
121030249012,Pinellas,0.088581,0.107632,0.096979,0.063546,0.060466,0.094630
121030249013,Pinellas,0.087623,0.110187,0.092967,0.060875,0.058825,0.094590
121030249041,Pinellas,0.086803,0.105041,0.093959,0.063426,0.060984,0.094378
121030249042,Pinellas,0.082973,0.097845,0.088497,0.063476,0.060177,0.093916
121030249043,Pinellas,0.084834,0.103697,0.092665,0.063692,0.061065,0.094410
121030249051,Pinellas,0.080588,0.098357,0.082999,0.058961,0.059385,0.093040
121030249052,Pinellas,0.082301,0.099161,0.083724,0.063488,0.063046,0.093221
121030249053,Pinellas,0.078930,0.095589,0.081806,0.059131,0.059867,0.092741
121030249054,Pinellas,0.081294,0.097154,0.083165,0.063550,0.062910,0.092546
121030249055,Pinellas,0.081631,0.098110,0.082793,0.063514,0.062976,0.092680
121030249061,Pinellas,0.082949,0.101373,0.085355,0.060455,0.060540,0.092993
121030249062,Pinellas,0.083833,0.104999,0.087944,0.058189,0.057927,0.092940
121030249063,Pinellas,0.082607,0.104090,0.083432,0.056894,0.057914,0.092970
121030249071,Pinellas,0.079920,0.102136,0.080240,0.054361,0.056227,0.092615
121030249072,Pinellas,0.081797,0.106553,0.076891,0.055221,0.057456,0.092023
121030249081,Pinellas,0.080362,0.104680,0.075987,0.053990,0.057276,0.092183
121030249082,Pinellas,0.082599,0.107216,0.081710,0.056153,0.058006,0.092441
121030250041,Pinellas,0.083020,0.098022,0.088996,0.063577,0.059905,0.094064
121030250042,Pinellas,0.086873,0.102097,0.096780,0.064003,0.060629,0.095138
121030250043,Pinellas,0.086421,0.102737,0.094526,0.062287,0.061175,0.094798
121030250071,Pinellas,0.091269,0.103952,0.100445,0.069151,0.064316,0.095911
121030250072,Pinellas,0.090802,0.103277,0.100261,0.069473,0.064523,0.096162
121030250073,Pinellas,0.085921,0.091303,0.098994,0.065876,0.062787,0.096068
121030250091,Pinellas,0.083226,0.098632,0.089250,0.060774,0.059175,0.093672
121030250092,Pinellas,0.080201,0.094490,0.084218,0.060720,0.058874,0.093147
121030250111,Pinellas,0.087485,0.105498,0.093864,0.064262,0.060800,0.095184
121030250112,Pinellas,0.083146,0.098032,0.092184,0.061028,0.058366,0.094455
121030250113,Pinellas,0.094600,0.123262,0.099626,0.068074,0.062097,0.094773
121030250121,Pinellas,0.090380,0.103068,0.099730,0.070283,0.064049,0.095731
121030250122,Pinellas,0.090673,,0.109145,0.095915,0.067549,0.094627
121030250123,Pinellas,0.090194,0.102946,0.099405,0.070228,0.064006,0.095682
121030250124,Pinellas,0.090872,0.105685,0.099470,0.069614,0.063322,0.095574
121030250131,Pinellas,0.088625,0.098287,0.100562,0.066287,0.063098,0.096067
121030250132,Pinellas,0.091225,0.101887,0.101667,0.069507,0.065140,0.096077
121030250133,Pinellas,0.090181,0.099423,0.101501,0.069095,0.065533,0.096008
121030250141,Pinellas,0.090333,0.106034,0.099203,0.067128,0.063308,0.095713
121030250142,Pinellas,0.098024,0.111276,0.109251,0.076447,0.069734,0.097762
121030250151,Pinellas,0.091617,0.103261,0.102942,0.068780,0.065014,0.097685
121030250152,Pinellas,0.097424,0.110026,0.107684,0.077053,0.070363,0.097585
121030250161,Pinellas,0.085889,0.094241,0.097898,0.065920,0.062783,0.096107
121030250171,Pinellas,0.097754,0.117658,0.105308,0.074509,0.068873,0.097207
121030250172,Pinellas,0.097801,0.107877,0.107904,0.078538,0.071775,0.098482
121030250173,Pinellas,0.097870,0.107884,0.108192,0.078799,0.071945,0.098462
121030250181,Pinellas,0.096064,0.113682,0.104462,0.070923,0.066122,0.097255
121030250182,Pinellas,0.096121,0.113322,0.102913,0.073172,0.067837,0.097821
121030250191,Pinellas,0.098270,0.109649,0.108607,0.078657,0.071757,0.098359
121030250192,Pinellas,0.098734,0.117047,0.106962,0.076550,0.070455,0.097776
121030250201,Pinellas,0.088385,0.094396,0.091616,0.079922,0.071878,0.092960
121030250202,Pinellas,0.084928,0.088174,0.087802,0.078912,0.072562,0.092579
121030250211,Pinellas,0.087224,0.092209,0.092515,0.078353,0.070942,0.094630
121030250212,Pinellas,0.087653,0.094796,0.091694,0.078009,0.070449,0.094258
121030251061,Pinellas,0.096003,0.092263,0.106334,0.090247,0.074793,0.098862
121030251062,Pinellas,0.096840,0.096941,0.107687,0.087133,0.073010,0.098676
121030251071,Pinellas,0.087304,0.087928,0.100893,0.069549,0.063355,0.096655
121030251072,Pinellas,0.086096,0.084308,0.100358,0.073651,0.059374,0.097439
121030251073,Pinellas,0.085304,0.076251,0.097339,0.083511,0.060116,0.096451
121030251081,Pinellas,0.090628,0.091568,0.100866,0.084090,0.062760,0.098718
121030251082,Pinellas,0.090761,0.094984,0.101702,0.080504,0.059851,0.098618
121030251091,Pinellas,0.087811,0.095848,0.098943,0.069432,0.062311,0.096295
121030251092,Pinellas,0.084803,0.085325,0.098256,0.068182,0.062988,0.096592
121030251093,Pinellas,0.091955,0.093020,0.104709,0.081460,0.061888,0.097703
121030251101,Pinellas,0.084990,0.106315,0.088956,0.081502,0.060926,0.096196
121030251102,Pinellas,0.083296,0.087076,0.093031,0.077542,0.059004,0.096214
121030251103,Pinellas,0.092994,0.095996,0.103608,0.087606,0.063067,0.097440
121030251104,Pinellas,0.098299,0.116020,0.107522,0.086928,0.063105,0.096766
121030251111,Pinellas,0.087243,0.093473,0.097896,0.068496,0.067713,0.096350
121030251112,Pinellas,0.087196,0.094031,0.096972,0.068687,0.068531,0.096077
121030251113,Pinellas,0.088324,0.094639,0.097565,0.071772,0.068540,0.096090
121030251114,Pinellas,0.088890,0.096891,0.097608,0.072526,0.067384,0.096446
121030251121,Pinellas,0.090073,0.102632,0.094908,0.073385,0.067929,0.096168
121030251122,Pinellas,0.092741,0.109678,0.095615,0.074554,0.067824,0.095902
121030251131,Pinellas,0.096164,0.114072,0.101885,0.079640,0.072620,0.096712
121030251132,Pinellas,0.094592,0.106276,0.101617,0.077612,0.071768,0.096545
121030251133,Pinellas,0.091413,0.098608,0.099182,0.078933,0.071953,0.096480
121030251141,Pinellas,0.095960,0.116130,0.097606,0.078846,0.069268,0.095917
121030251142,Pinellas,0.098298,0.120695,0.099628,0.079596,0.069848,0.095810
121030251151,Pinellas,0.095359,0.112441,0.096846,0.083563,0.074327,0.095132
121030251152,Pinellas,0.095333,0.112568,0.095027,0.082670,0.074454,0.095046
121030251161,Pinellas,0.097487,0.116436,0.098215,0.082893,0.074703,0.095567
121030251162,Pinellas,0.096615,0.113411,0.096641,0.083244,0.074981,0.095437
121030251191,Pinellas,0.094732,0.111989,0.100396,0.082677,0.073261,0.095776
121030251192,Pinellas,0.088687,0.096717,0.092791,0.082475,0.076701,0.094618
121030251193,Pinellas,0.086061,0.092855,0.089859,0.080422,0.074833,0.094966
121030251201,Pinellas,0.094456,0.108298,0.100185,0.083226,0.074513,0.095751
121030251202,Pinellas,0.082957,0.086805,0.086584,0.078179,0.074818,0.095892
121030251203,Pinellas,0.090909,0.103875,0.096465,0.080669,0.072489,0.096013
121030251211,Pinellas,0.080862,0.083724,0.084237,0.077564,0.072127,0.096428
121030251212,Pinellas,0.083512,0.081514,0.092892,0.080753,0.064819,0.096277
121030251221,Pinellas,0.081525,0.089408,0.084464,0.082526,0.068445,0.096545
121030251222,Pinellas,0.083545,0.091354,0.085111,0.082580,0.076237,0.096572
121030251223,Pinellas,0.094729,0.117639,0.094893,0.087149,0.080338,0.095922
121030251231,Pinellas,0.083690,0.092489,0.085175,0.079584,0.075223,0.096100
121030251232,Pinellas,0.086460,0.097109,0.088347,0.080811,0.076373,0.095699
121030252041,Pinellas,0.096602,0.104542,0.098681,0.091924,0.080111,0.095214
121030252042,Pinellas,0.085251,0.087324,0.086495,0.086438,0.076854,0.095202
121030252051,Pinellas,0.097626,0.117359,0.097593,0.090075,0.084944,0.094812
121030252052,Pinellas,0.087922,0.097475,0.089118,0.084054,0.078953,0.094725
121030252053,Pinellas,0.105128,0.137359,0.104334,0.093505,0.085585,0.094044
121030252054,Pinellas,0.091910,0.114227,0.088325,0.084975,0.079820,0.094319
121030252071,Pinellas,0.086770,0.080868,0.094487,0.085791,0.077285,0.094880
121030252072,Pinellas,0.088060,0.098931,0.089811,0.080943,0.073272,0.094312
121030252073,Pinellas,0.083717,0.090470,0.084891,0.079394,0.072707,0.094163
121030252074,Pinellas,0.080991,0.072566,0.090129,0.080446,0.073022,0.094476
121030252081,Pinellas,0.078807,0.068591,0.082359,0.082738,0.077512,0.094265
121030252082,Pinellas,0.084754,0.095405,0.083962,0.081463,0.076704,0.094136
121030252091,Pinellas,0.070344,0.050793,0.076384,0.078149,0.073029,0.094259
121030252092,Pinellas,0.085893,0.092658,0.086605,0.082796,0.077521,0.094054
121030252093,Pinellas,0.086171,0.095773,0.086270,0.082097,0.075266,0.094131
121030252094,Pinellas,0.089618,0.100487,0.092455,0.082352,0.075565,0.094433
121030252101,Pinellas,0.071687,0.053659,0.079355,0.080172,0.072632,0.094755
121030252102,Pinellas,0.074183,0.052762,0.081458,0.082043,0.076216,0.094249
121030252111,Pinellas,0.089388,0.086601,0.094740,0.090630,0.078930,0.095116
121030252112,Pinellas,0.082616,0.072761,0.092157,0.083652,0.075369,0.095054
121030253031,Pinellas,0.091399,0.104120,0.093272,0.079694,0.071238,0.094469
121030253032,Pinellas,0.099147,0.116610,0.098235,0.084781,0.074478,0.095112
121030253033,Pinellas,0.093541,0.100806,0.096703,0.085777,0.075367,0.095096
121030253051,Pinellas,0.087255,0.092946,0.091172,0.079237,0.071321,0.094642
121030253052,Pinellas,0.092352,0.101236,0.095960,0.082617,0.073452,0.094467
121030253071,Pinellas,0.087600,0.097920,0.088951,0.079466,0.071698,0.094292
121030253072,Pinellas,0.088202,0.097647,0.089910,0.079089,0.071559,0.094381
121030253091,Pinellas,0.086658,0.080544,0.096402,0.084827,0.076232,0.094918
121030253092,Pinellas,0.093126,0.103695,0.095647,0.082701,0.073024,0.094673
121030253101,Pinellas,0.091022,0.103933,0.092373,0.080081,0.072315,0.094352
121030253111,Pinellas,0.089853,0.098363,0.092791,0.080774,0.072864,0.094440
121030253112,Pinellas,0.089211,0.097624,0.091496,0.080384,0.072373,0.094360
121030253113,Pinellas,0.093039,0.106027,0.094141,0.082124,0.073835,0.094617
121030254011,Pinellas,0.099358,0.118564,0.097784,0.081956,0.075231,0.095841
121030254012,Pinellas,0.095159,0.115051,0.094389,0.077369,0.072050,0.095677
121030254013,Pinellas,0.095982,0.111348,0.096275,0.079334,0.074175,0.095322
121030254071,Pinellas,0.101566,0.115460,0.103459,0.087301,0.076379,0.095174
121030254072,Pinellas,0.096614,0.114939,0.093947,0.081595,0.073028,0.094645
121030254073,Pinellas,0.100335,0.119373,0.099092,0.086374,0.075116,0.095240
121030254111,Pinellas,0.084630,0.088154,0.088177,0.078392,0.070920,0.093583
121030254121,Pinellas,0.088005,0.100554,0.090428,0.073749,0.069628,0.095295
121030254122,Pinellas,0.097089,0.114292,0.096772,0.082466,0.077793,0.094967
121030254123,Pinellas,0.090145,0.103621,0.091407,0.075494,0.070999,0.095610
121030254131,Pinellas,0.093081,0.111776,0.092903,0.077230,0.070407,0.095783
121030254132,Pinellas,0.082747,0.092306,0.084574,0.073352,0.068425,0.094784
121030254133,Pinellas,0.077616,0.076898,0.082290,0.073050,0.071452,0.094212
121030254141,Pinellas,0.087686,0.097719,0.088045,0.078380,0.070440,0.093286
121030254142,Pinellas,0.097610,0.114848,0.097707,0.085758,0.075835,0.094556
121030254151,Pinellas,0.087493,0.095407,0.089272,0.078012,0.070908,0.093002
121030254152,Pinellas,0.096649,0.111904,0.094816,0.082832,0.073589,0.094165
121030254153,Pinellas,0.090581,0.104499,0.089616,0.079331,0.070952,0.093887
121030254161,Pinellas,0.096144,0.114586,0.093499,0.081202,0.072678,0.094440
121030254162,Pinellas,0.098545,0.117165,0.096722,0.083583,0.074056,0.094870
121030254171,Pinellas,0.095710,0.109813,0.096253,0.082914,0.073556,0.094057
121030254172,Pinellas,0.094223,0.105876,0.097407,0.081602,0.072324,0.094806
121030254181,Pinellas,0.084974,0.088252,0.087803,0.079603,0.071889,0.092633
121030254182,Pinellas,0.086166,0.090303,0.089732,0.078816,0.071806,0.092733
121030254191,Pinellas,0.091341,0.103540,0.091400,0.079479,0.071853,0.093461
121030254192,Pinellas,0.085533,0.088800,0.088595,0.079798,0.072351,0.092942
121030254193,Pinellas,0.085672,0.088878,0.089096,0.079595,0.071962,0.093098
121030254201,Pinellas,0.078598,0.081394,0.082171,0.071645,0.067791,0.094542
121030254202,Pinellas,0.063597,0.070655,0.064170,0.059098,0.064150,0.090841
121030254211,Pinellas,0.081024,0.089466,0.083455,0.074233,0.068939,0.094855
121030254212,Pinellas,0.076273,0.078350,0.078819,0.074213,0.069552,0.094180
121030255011,Pinellas,0.093776,0.106051,0.097493,0.081055,0.073051,0.096107
121030255012,Pinellas,0.094260,0.105690,0.098232,0.082214,0.074702,0.096040
121030255013,Pinellas,0.096432,0.108095,0.099603,0.083992,0.076601,0.095990
121030255051,Pinellas,0.097493,0.111465,0.095950,0.085890,0.077554,0.096372
121030255052,Pinellas,0.098314,0.113380,0.094639,0.088719,0.079508,0.096259
121030255071,Pinellas,0.093545,0.106529,0.093762,0.082383,0.077358,0.095852
121030255072,Pinellas,0.098620,0.116839,0.098310,0.085155,0.074525,0.095158
121030255081,Pinellas,0.102490,0.118301,0.102359,0.087029,0.076849,0.095330
121030255082,Pinellas,0.099670,0.115853,0.099680,0.085131,0.075393,0.095173
121030255091,Pinellas,0.105110,0.128506,0.102437,0.087319,0.076827,0.095486
121030255092,Pinellas,0.107821,0.125313,0.105850,0.093832,0.082612,0.096002
121030255101,Pinellas,0.098913,0.111880,0.100813,0.086437,0.078495,0.096359
121030255102,Pinellas,0.099795,0.114385,0.100050,0.085948,0.080123,0.096242
121030255103,Pinellas,0.111696,0.137969,0.106495,0.091515,0.081286,0.095705
121030256021,Pinellas,0.101618,0.121524,0.097411,0.090796,0.083247,0.096183
121030256022,Pinellas,0.101736,0.123272,0.096484,0.088197,0.077656,0.095953
121030256023,Pinellas,0.100516,0.121266,0.095442,0.086601,0.075982,0.095587
121030256031,Pinellas,0.093178,0.106201,0.095604,0.082753,0.073549,0.095309
121030256032,Pinellas,0.098745,0.114075,0.097718,0.086768,0.074481,0.095506
121030256041,Pinellas,0.103312,0.126407,0.098665,0.087913,0.076386,0.095283
121030257001,Pinellas,,,,,,
121030257002,Pinellas,0.115164,0.150549,0.107310,0.098960,0.086378,0.095631
121030257003,Pinellas,0.090130,0.099941,0.090295,0.085799,0.072650,0.096353
121030258001,Pinellas,0.093138,0.107463,0.093444,0.080602,0.072382,0.096259
121030258002,Pinellas,0.094531,0.108374,0.092243,0.084883,0.076029,0.096552
121030258003,Pinellas,0.093195,0.106954,0.091452,0.084748,0.075491,0.096562
121030259011,Pinellas,0.090477,0.105884,0.085130,0.082874,0.076702,0.096137
121030259012,Pinellas,0.090266,0.102110,0.087606,0.083708,0.075078,0.096508
121030259013,Pinellas,0.090624,0.101270,0.089496,0.084428,0.075385,0.096456
121030259021,Pinellas,0.088033,0.095680,0.088282,0.083608,0.074648,0.096601
121030259022,Pinellas,0.090982,0.104417,0.085942,0.085684,0.078611,0.096226
121030260011,Pinellas,0.093585,0.084007,0.102701,0.091249,0.086488,0.095780
121030260012,Pinellas,0.102477,0.115880,0.106822,0.094813,0.086661,0.095879
121030260013,Pinellas,0.106733,0.124240,0.110419,0.095246,0.084900,0.096121
121030260031,Pinellas,0.109367,0.148279,0.112379,0.096310,0.088894,0.095708
121030260032,Pinellas,0.125670,0.185439,0.132249,0.107594,0.099899,0.095664
121030260041,Pinellas,0.109392,0.136133,0.116684,0.101252,0.094013,0.095767
121030261011,Pinellas,0.092113,0.108878,0.092751,0.077628,0.073646,0.096809
121030261012,Pinellas,0.095539,0.117282,0.093288,0.077433,0.073939,0.096856
121030261021,Pinellas,0.101976,0.112027,0.105417,0.093745,0.083047,0.097966
121030262001,Pinellas,0.102781,0.128907,0.100627,0.082387,0.076416,0.096463
121030262002,Pinellas,0.093111,0.113404,0.091658,0.075849,0.072499,0.096734
121030263001,Pinellas,0.101465,0.119222,0.101675,0.087013,0.079395,0.098198
121030263002,Pinellas,0.100162,0.115425,0.106005,0.084615,0.077597,0.098096
121030263003,Pinellas,0.094856,0.112458,0.097588,0.079520,0.073631,0.097773
121030263004,Pinellas,0.104698,0.129049,0.103175,0.084656,0.076618,0.097670
121030263005,Pinellas,0.091942,0.107540,0.093224,0.078090,0.072965,0.096202
121030263006,Pinellas,0.081731,0.094072,0.086601,0.067718,0.066204,0.096263
121030264011,Pinellas,0.092558,0.108434,0.090173,0.080915,0.074408,0.096080
121030264012,Pinellas,0.088569,0.096929,0.090921,0.081297,0.074145,0.096244
121030264013,Pinellas,0.087953,0.096025,0.090113,0.080039,0.074854,0.096171
121030264021,Pinellas,0.092394,0.109222,0.088569,0.080132,0.073766,0.095965
121030264022,Pinellas,0.082553,0.089529,0.080986,0.077354,0.073552,0.096402
121030264023,Pinellas,0.099480,0.105558,0.102387,0.094374,0.082743,0.096130
121030265011,Pinellas,0.087785,0.094343,0.092195,0.079469,0.072644,0.096162
121030265012,Pinellas,0.089684,0.102370,0.088592,0.079101,0.072732,0.096709
121030265021,Pinellas,0.088497,0.096974,0.092828,0.078844,0.071849,0.097214
121030265022,Pinellas,0.090882,0.102222,0.093356,0.080827,0.073192,0.097171
121030265023,Pinellas,0.074972,0.075980,0.078257,0.072339,0.068499,0.096687
121030266011,Pinellas,0.098002,0.118702,0.095248,0.082149,0.074655,0.096558
121030266012,Pinellas,0.095484,0.116063,0.094669,0.077417,0.070729,0.096042
121030266013,Pinellas,0.092457,0.111756,0.089787,0.078087,0.071816,0.096362
121030266021,Pinellas,0.088904,0.096648,0.093836,0.080438,0.073422,0.096636
121030266022,Pinellas,0.087552,0.097393,0.088962,0.078113,0.071279,0.096639
121030267011,Pinellas,0.099139,0.114310,0.106592,0.082271,0.076714,0.098094
121030267012,Pinellas,0.095658,0.108027,0.102904,0.080244,0.076142,0.097867
121030267013,Pinellas,0.104818,0.129413,0.107103,0.083105,0.078068,0.097503
121030267014,Pinellas,0.092975,0.106180,0.094541,0.080868,0.076904,0.097687
121030267031,Pinellas,0.086758,0.090852,0.093479,0.078489,0.071204,0.096466
121030267032,Pinellas,0.074224,0.074217,0.077400,0.071475,0.066940,0.095660
121030267033,Pinellas,0.078907,0.081521,0.082454,0.071974,0.067884,0.094800
121030267034,Pinellas,0.087398,0.100061,0.087169,0.076085,0.070248,0.095899
121030267035,Pinellas,0.080862,0.086405,0.083978,0.073654,0.067925,0.095573
121030267041,Pinellas,0.082515,0.089184,0.086084,0.074845,0.068137,0.096246
121030267042,Pinellas,0.078505,0.084383,0.080507,0.073111,0.068764,0.096343
121030267043,Pinellas,0.068598,0.069289,0.071764,0.065566,0.061189,0.095747
121030267051,Pinellas,0.093998,0.106136,0.101144,0.078551,0.075021,0.097394
121030267052,Pinellas,0.092966,0.107065,0.099250,0.076577,0.073713,0.096717
121030267053,Pinellas,0.092144,0.102627,0.095506,0.081988,0.075543,0.097000
121030268041,Pinellas,0.069842,0.083169,0.069883,0.060377,0.064152,0.094195
121030268042,Pinellas,0.067023,0.066061,0.069667,0.066095,0.061421,0.094787
121030268043,Pinellas,0.061027,0.060840,0.062841,0.058467,0.061974,0.093644
121030268091,Pinellas,0.064837,0.072246,0.063426,0.062063,0.065516,0.090840
121030268092,Pinellas,0.062850,0.062221,0.064295,0.060429,0.063003,0.091960
121030268111,Pinellas,0.085971,0.100308,0.081532,0.079405,0.081762,0.097873
121030268112,Pinellas,0.074908,0.084036,0.074456,0.066997,0.077385,0.096168
121030268113,Pinellas,0.076693,0.083413,0.076278,0.071806,0.079146,0.096386
121030268114,Pinellas,0.081872,0.097026,0.077738,0.073298,0.074655,0.096873
121030268121,Pinellas,0.080099,0.096599,0.075911,0.071357,0.073057,0.096590
121030268122,Pinellas,0.072594,0.088591,0.067840,0.064074,0.069181,0.095080
121030268123,Pinellas,0.069720,0.084133,0.065107,0.062756,0.068067,0.094629
121030268124,Pinellas,0.084009,0.102967,0.078687,0.073094,0.073874,0.096949
121030268131,Pinellas,0.070860,0.092997,0.069212,0.062467,0.071208,0.094248
121030268132,Pinellas,0.073750,0.089821,0.073024,0.062468,0.066933,0.094806
121030268141,Pinellas,0.072196,0.083758,0.069507,0.066507,0.071002,0.093679
121030268142,Pinellas,0.077274,0.089517,0.072641,0.071760,0.080440,0.095599
121030268151,Pinellas,0.072822,0.088048,0.068500,0.065808,0.073492,0.094035
121030268152,Pinellas,0.071917,0.090803,0.068065,0.062464,0.070438,0.094049
121030268153,Pinellas,0.069863,0.078675,0.068476,0.064717,0.073150,0.093585
121030268161,Pinellas,0.066517,0.072868,0.065225,0.064160,0.067665,0.092505
121030268162,Pinellas,0.065603,0.072124,0.064910,0.063081,0.064604,0.092663
121030268163,Pinellas,0.063043,0.069903,0.061346,0.058994,0.065578,0.093207
121030268164,Pinellas,0.065816,0.073552,0.063833,0.062962,0.067329,0.092755
121030268171,Pinellas,0.072120,0.093319,0.068877,0.063352,0.070961,0.093936
121030268172,Pinellas,0.069389,0.087567,0.066780,0.061109,0.067400,0.093010
121030268173,Pinellas,0.066882,0.074634,0.065074,0.063804,0.069692,0.092707
121030268181,Pinellas,0.065826,0.066610,0.068596,0.061630,0.064250,0.093284
121030268182,Pinellas,0.074452,0.077657,0.076312,0.069971,0.065708,0.094568
121030268183,Pinellas,0.062625,0.060979,0.063765,0.061292,0.065277,0.091978
121030268191,Pinellas,0.076000,0.094108,0.073799,0.064446,0.066730,0.092361
121030268192,Pinellas,0.078859,0.095765,0.076148,0.066576,0.068159,0.093935
121030268201,Pinellas,0.086377,0.106916,0.080633,0.075426,0.075064,0.097993
121030268202,Pinellas,0.085491,0.108181,0.075697,0.075727,0.076176,0.099384
121030268203,Pinellas,0.088121,0.105872,0.082114,0.080155,0.082492,0.099369
121030268204,Pinellas,0.091320,0.110838,0.085761,0.082931,0.084803,0.100396
121030268211,Pinellas,0.084676,0.102116,0.081655,0.075341,0.080364,0.097642
121030268212,Pinellas,0.089293,0.108544,0.082194,0.080680,0.082995,0.099481
121030269041,Pinellas,0.080896,0.088787,0.082411,0.073668,0.074241,0.099071
121030269042,Pinellas,0.100181,0.134282,0.090813,0.080952,0.078434,0.097863
121030269043,Pinellas,0.084246,0.100762,0.080736,0.075632,0.073876,0.099170
121030269081,Pinellas,0.084162,0.089088,0.085231,0.079550,0.082378,0.099766
121030269082,Pinellas,0.087154,0.096490,0.091918,0.080295,0.073722,0.099914
121030269083,Pinellas,0.087832,0.098960,0.093481,0.079248,0.074088,0.099178
121030269084,Pinellas,0.082196,0.089646,0.086315,0.073532,0.072984,0.098781
121030269091,Pinellas,0.081621,0.085688,0.086863,0.076408,0.070653,0.099128
121030269092,Pinellas,0.082550,0.096051,0.082840,0.072033,0.074119,0.098070
121030269093,Pinellas,0.081153,0.087472,0.085274,0.073159,0.071799,0.097962
121030269111,Pinellas,0.093572,0.103262,0.101830,0.081547,0.075874,0.097976
121030269112,Pinellas,0.086430,0.093600,0.091634,0.077424,0.072969,0.096810
121030269113,Pinellas,0.093457,0.103383,0.101648,0.080073,0.075395,0.097581
121030269121,Pinellas,0.079181,0.086510,0.080247,0.073063,0.069321,0.096362
121030269122,Pinellas,0.086353,0.094370,0.091196,0.076993,0.072562,0.096822
121030269123,Pinellas,0.082916,0.091120,0.087012,0.073404,0.068752,0.096363
121030269131,Pinellas,0.088243,0.100942,0.090273,0.078009,0.074263,0.097073
121030269132,Pinellas,0.087522,0.110215,0.083859,0.075238,0.072718,0.096704
121030269133,Pinellas,0.088011,0.098557,0.091889,0.077608,0.073174,0.096862
121030269141,Pinellas,0.098929,0.119292,0.103231,0.084014,0.076138,0.098617
121030269142,Pinellas,0.089206,0.102298,0.093907,0.075720,0.073398,0.098746
121030269151,Pinellas,0.093850,0.102804,0.101471,0.081040,0.076320,0.098157
121030269152,Pinellas,0.093468,0.100746,0.102779,0.081370,0.077089,0.098160
121030269161,Pinellas,0.086051,0.093219,0.093723,0.075297,0.072700,0.097851
121030269162,Pinellas,0.085402,0.092925,0.090994,0.074622,0.073056,0.097609
121030269163,Pinellas,0.095447,0.115848,0.098544,0.078102,0.075313,0.098174
121030269164,Pinellas,0.093297,0.102555,0.101293,0.080130,0.074442,0.097955
121030269171,Pinellas,0.086015,0.111590,0.080139,0.073187,0.073372,0.096986
121030270001,Pinellas,0.096379,0.118996,0.101592,0.077071,0.070956,0.098872
121030270002,Pinellas,0.100283,0.117070,0.105191,0.087705,0.077618,0.098465
121030270003,Pinellas,0.110871,0.135176,0.108263,0.099093,0.088539,0.098817
121030271051,Pinellas,0.090912,0.102954,0.094347,0.083005,0.076837,0.099223
121030271052,Pinellas,0.085567,0.093556,0.091875,0.077939,0.072895,0.099126
121030271061,Pinellas,,,,,,0.077225
121030271062,Pinellas,0.099981,0.122364,0.100341,0.089453,0.089317,0.099772
121030271063,Pinellas,,,,,,
121030271071,Pinellas,0.081848,0.088786,0.086970,0.074842,0.069720,0.098373
121030271081,Pinellas,0.089460,0.104228,0.094941,0.076406,0.070383,0.098420
121030271082,Pinellas,0.086949,0.096413,0.092427,0.078322,0.072304,0.098435
121030272021,Pinellas,0.097652,0.091582,0.107909,0.094592,0.090513,0.106690
121030272022,Pinellas,0.104635,0.123285,0.111773,0.097941,0.091659,0.101482
121030272023,Pinellas,0.095531,0.090326,0.104352,0.093372,0.089889,0.109551
121030272024,Pinellas,0.087087,0.089775,0.092681,0.082677,0.081026,0.102963
121030272025,Pinellas,0.086012,0.085148,0.090907,0.084684,0.080973,0.105426
121030272041,Pinellas,0.098357,0.115228,0.107513,0.088703,0.087649,0.107299
121030272042,Pinellas,0.099450,0.117116,0.102993,0.089428,0.089501,0.108642
121030272043,Pinellas,0.098615,0.115918,0.105564,0.088896,0.088105,0.107108
121030272061,Pinellas,0.085732,0.086624,0.088980,0.084765,0.080833,0.103921
121030272062,Pinellas,0.094755,0.112191,0.095749,0.086344,0.085384,0.103796
121030272063,Pinellas,0.086918,0.094552,0.090161,0.081678,0.082596,0.104334
121030272071,Pinellas,0.092179,0.104466,0.093629,0.085532,0.084451,0.102772
121030272072,Pinellas,0.092383,0.100158,0.095418,0.087183,0.085170,0.102879
121030272073,Pinellas,0.097696,0.115843,0.097841,0.089909,0.086254,0.101346
121030272074,Pinellas,0.094638,0.113032,0.093988,0.086211,0.083910,0.101321
121030272075,Pinellas,0.092252,0.110285,0.090174,0.083106,0.086094,0.101801
121030272081,Pinellas,0.090811,0.108909,0.089032,0.083493,0.082289,0.100983
121030272082,Pinellas,0.090144,0.103285,0.089450,0.083756,0.081599,0.100226
121030272083,Pinellas,0.088750,0.098783,0.088895,0.084371,0.081692,0.100803
121030272084,Pinellas,0.091579,0.111168,0.086315,0.082634,0.085079,0.101096
121030272091,Pinellas,0.084177,0.086796,0.087417,0.081043,0.079786,0.099697
121030272101,Pinellas,0.099522,0.113857,0.101684,0.092158,0.088482,0.101532
121030272102,Pinellas,0.088305,0.097576,0.088912,0.084074,0.081218,0.100368
121030272103,Pinellas,0.086190,0.092050,0.088243,0.082381,0.080843,0.099826
121030272104,Pinellas,0.086859,0.094653,0.086859,0.083008,0.080397,0.099721
121030272111,Pinellas,0.097090,0.116116,0.098008,0.087510,0.087447,0.106174
121030272112,Pinellas,0.099428,0.110314,0.106321,0.092297,0.090126,0.105175
121030272113,Pinellas,0.096291,0.106428,0.106476,0.088134,0.087432,0.107444
121030272121,Pinellas,0.098447,0.117428,0.100281,0.088193,0.088503,0.107390
121030272122,Pinellas,0.099425,0.116766,0.102916,0.089443,0.089383,0.108342
121030273081,Pinellas,0.098859,0.109285,0.107502,0.090204,0.089894,0.117426
121030273082,Pinellas,0.112417,0.149893,0.120988,0.102514,0.095986,0.120144
121030273091,Pinellas,0.089419,0.092730,0.099691,0.086933,0.080482,0.110382
121030273092,Pinellas,0.075050,0.089846,0.084350,0.070625,0.067303,0.105484
121030273141,Pinellas,0.085611,0.108203,0.085332,0.074932,0.079768,0.097849
121030273142,Pinellas,0.077417,0.081929,0.081180,0.073672,0.074571,0.100052
121030273161,Pinellas,0.089476,0.104951,0.090446,0.081131,0.084226,0.102836
121030273162,Pinellas,0.080998,0.080856,0.086659,0.077882,0.077502,0.103699
121030273163,Pinellas,0.090261,0.105466,0.092980,0.082673,0.081315,0.104210
121030273171,Pinellas,0.090462,0.112563,0.087003,0.080349,0.083047,0.099955
121030273172,Pinellas,0.085358,0.107243,0.084696,0.074883,0.079386,0.097607
121030273173,Pinellas,0.090428,0.108648,0.087973,0.081630,0.083584,0.101028
121030273181,Pinellas,0.088861,0.109605,0.086235,0.080201,0.083189,0.100713
121030273182,Pinellas,0.082581,0.100615,0.080181,0.073667,0.079676,0.097131
121030273191,Pinellas,0.078515,0.093661,0.078212,0.072461,0.071479,0.094812
121030273192,Pinellas,0.080218,0.100421,0.078413,0.071228,0.076530,0.095368
121030273193,Pinellas,0.072394,0.079527,0.070777,0.069869,0.070972,0.093648
121030273194,Pinellas,0.073051,0.083233,0.071607,0.069139,0.070376,0.094483
121030273201,Pinellas,0.070373,0.072950,0.070197,0.069525,0.067907,0.092607
121030273202,Pinellas,0.070214,0.061721,0.073850,0.068267,0.070189,0.092160
121030273203,Pinellas,0.070936,0.075797,0.069933,0.068679,0.070814,0.093412
121030273211,Pinellas,0.077696,0.090081,0.085625,0.071346,0.070820,0.106393
121030273231,Pinellas,0.080371,0.100445,0.078605,0.072801,0.081198,0.098117
121030273232,Pinellas,0.078505,0.094589,0.076791,0.071468,0.080249,0.097514
121030273241,Pinellas,0.083300,0.113330,0.090510,0.075889,0.077807,0.099649
121030273242,Pinellas,0.085539,0.109051,0.091919,0.078904,0.079546,0.100667
121030273251,Pinellas,0.082237,0.101367,0.091020,0.074366,0.076320,0.096954
121030273252,Pinellas,0.081884,0.106826,0.084246,0.071836,0.079892,0.097190
121030273261,Pinellas,0.079017,0.096580,0.077441,0.072042,0.072343,0.096192
121030273262,Pinellas,0.078945,0.096854,0.077695,0.070893,0.075890,0.096375
121030273271,Pinellas,0.084229,0.111971,0.086098,0.075541,0.075250,0.093508
121030273272,Pinellas,0.070887,0.072549,0.071911,0.069253,0.069896,0.092393
121030273281,Pinellas,0.094805,0.132926,0.103927,0.084523,0.083500,0.100894
121030273282,Pinellas,0.081617,0.094991,0.089016,0.076468,0.075516,0.105100
121030273291,Pinellas,0.078940,0.089202,0.083819,0.073720,0.076234,0.100533
121030273292,Pinellas,0.085144,0.123299,0.092669,0.078398,0.077591,0.102449
121030273301,Pinellas,0.089399,0.102877,0.088784,0.081524,0.085452,0.102742
121030273302,Pinellas,0.088152,0.101738,0.086186,0.081003,0.084867,0.101542
121030273311,Pinellas,0.085204,0.099771,0.084388,0.077659,0.081590,0.100036
121030273312,Pinellas,0.079290,0.087742,0.080038,0.074669,0.077356,0.098801
121030273321,Pinellas,0.075780,,0.088986,0.081028,0.069071,0.105814
121030273331,Pinellas,0.078107,0.085614,0.082790,0.073069,0.076117,0.101288
121030273332,Pinellas,0.079958,0.091424,0.086388,0.073880,0.074759,0.104287
121030274011,Pinellas,0.101410,0.113972,0.111743,0.092437,0.090194,0.113913
121030274012,Pinellas,0.099425,0.111269,0.109457,0.090743,0.089203,0.112646
121030274041,Pinellas,0.097682,0.105278,0.108249,0.090466,0.088435,0.111552
121030274042,Pinellas,0.099281,0.112158,0.106974,0.090179,0.088983,0.109887
121030274043,Pinellas,0.098567,0.108025,0.107426,0.090459,0.089046,0.110987
121030274044,Pinellas,0.098093,0.105376,0.108003,0.090284,0.088211,0.111688
121030274045,Pinellas,0.097070,0.103184,0.106863,0.089807,0.088443,0.111945
121030274046,Pinellas,0.095835,0.099319,0.105279,0.089569,0.088425,0.109651
121030275011,Pinellas,0.093963,0.067572,0.094829,0.101390,0.086758,0.118927
121030275012,Pinellas,0.089790,0.078892,0.096357,0.092594,0.085091,0.115638
121030275013,Pinellas,0.099605,0.112922,0.108691,0.091353,0.089402,0.114743
121030275031,Pinellas,0.089891,0.076785,0.100375,0.088333,0.086444,0.111798
121030275032,Pinellas,0.093669,0.090269,0.102296,0.091180,0.088140,0.110769
121030275033,Pinellas,0.091266,0.082569,0.099438,0.092258,0.085568,0.114553
121030275041,Pinellas,0.095899,0.097350,0.104996,0.090906,0.088744,0.109499
121030275042,Pinellas,0.093519,0.084902,0.104978,0.090440,0.088003,0.111533
121030276031,Pinellas,0.089571,0.080557,0.094989,0.091372,0.087018,0.094428
121030276032,Pinellas,0.088487,0.074215,0.090791,0.092070,0.086650,0.094521
121030276041,Pinellas,0.101114,0.129132,0.103570,0.090930,0.092146,0.095202
121030276042,Pinellas,0.102965,0.141208,0.105035,0.091017,0.092801,0.095326
121030276043,Pinellas,0.098394,0.110518,0.099083,0.096620,0.091911,0.095011
121030276051,Pinellas,0.085175,0.082621,0.088685,0.087471,0.078850,0.094637
121030276052,Pinellas,0.085872,0.082376,0.089620,0.087889,0.080120,0.094323
121030276061,Pinellas,0.112461,0.144539,0.112647,0.100433,0.091606,0.093631
121030276062,Pinellas,0.107188,0.126381,0.112921,0.101084,0.092296,0.094264
121030277011,Pinellas,0.073303,0.057288,0.079642,0.080771,0.058432,0.098090
121030277012,Pinellas,0.072521,0.059648,0.075365,0.081258,0.057527,0.098161
121030277013,Pinellas,0.074519,0.058010,0.080460,0.083592,0.058664,0.098124
121030277031,Pinellas,0.081485,0.074748,0.087406,0.087384,0.062205,0.095751
121030277032,Pinellas,0.092447,0.092091,0.095841,0.088558,0.089216,0.095630
121030277041,Pinellas,0.075327,0.065755,0.078419,0.082859,0.062121,0.097446
121030277042,Pinellas,0.075262,0.070517,0.078367,0.081721,0.061440,0.096457
121030277043,Pinellas,0.074957,0.074033,0.077590,0.081006,0.060667,0.095877
121030278011,Pinellas,0.079157,0.071477,0.088895,0.079114,0.058703,0.098742
121030278012,Pinellas,0.080106,0.073207,0.089814,0.079995,0.058885,0.098794
121030278021,Pinellas,0.085454,0.087146,0.093694,0.082802,0.061795,0.098929
121030278022,Pinellas,0.084836,0.077769,0.091037,0.091927,0.061589,0.098361
121030279011,Pinellas,0.099099,0.116430,0.105511,0.091559,0.073018,0.099267
121030279012,Pinellas,0.100063,0.118965,0.106645,0.091182,0.072670,0.099477
121030279013,Pinellas,0.109702,0.133972,0.120905,0.101929,0.080913,0.099022
121030279051,Pinellas,0.096609,0.104991,0.103577,0.094166,0.073480,0.099368
121030279052,Pinellas,0.098182,0.110031,0.106085,0.094644,0.074590,0.099355
121030279053,Pinellas,0.096779,0.101103,0.104772,0.095355,0.075673,0.099657
121030279054,Pinellas,0.098751,0.113174,0.107428,0.087688,0.072133,0.100020
121030280021,Pinellas,0.090131,0.094816,0.099126,0.094862,0.069899,0.096923
121030280022,Pinellas,0.087367,0.098878,0.095917,0.085221,0.067793,0.096202
121030280023,Pinellas,0.081850,0.078372,0.089801,0.086074,0.068754,0.095332
121030280024,Pinellas,0.083329,0.072609,0.092186,0.087575,0.071662,0.095001
121030280041,Pinellas,0.106523,0.122202,0.117862,0.097144,0.077137,0.099591
121030280042,Pinellas,0.107086,0.123869,0.115942,0.098621,0.077909,0.099326
121030280051,Pinellas,0.095715,0.101311,0.108038,0.095405,0.069658,0.098094
121030280052,Pinellas,0.103457,0.101211,0.117901,0.100537,0.078090,0.099010
121030280061,Pinellas,0.105310,0.111969,0.119555,0.099268,0.077696,0.099274
121030280062,Pinellas,0.103370,0.114545,0.114566,0.098170,0.077234,0.099050
121030281021,Pinellas,0.105070,0.129276,0.113266,0.089053,0.067268,0.100090
121030281022,Pinellas,0.126875,0.201481,0.129723,0.109482,0.068688,0.098187
121030281023,Pinellas,0.112461,0.141188,0.122076,0.099525,0.077833,0.100242
121030281031,Pinellas,0.108238,0.127521,0.120136,0.095718,0.074137,0.099981
121030281032,Pinellas,0.109879,0.133525,0.119094,0.094251,0.073468,0.100077
121030281041,Pinellas,0.108197,0.128681,0.118119,0.093000,0.072711,0.099778
121030281042,Pinellas,0.107084,0.123337,0.119138,0.096771,0.074991,0.099769
121030281043,Pinellas,0.103022,0.126689,0.107355,0.085329,0.070904,0.099838
121030282001,Pinellas,0.124956,0.160699,0.134423,0.092302,0.078341,0.099956
121030282002,Pinellas,0.116597,0.149246,0.123839,0.086881,0.077397,0.099955
121030282003,Pinellas,0.124351,0.164177,0.133705,0.094434,0.072551,0.099334
121030283001,Pinellas,0.107692,0.142715,0.114971,0.076975,0.063811,0.099189
121030283002,Pinellas,0.124858,0.166894,0.132195,0.088224,0.075273,0.099173
121030283003,Pinellas,0.105514,0.134410,0.117289,0.079775,0.066296,0.098245
121030283004,Pinellas,0.133864,0.181075,0.136813,0.094076,0.079422,0.099829
121030284031,Pinellas,0.126984,0.203180,0.129456,0.110358,0.069715,0.098254
121030284032,Pinellas,0.129282,0.177661,0.137142,0.099396,0.073005,0.098425
121030284033,Pinellas,0.119095,0.153761,0.130319,0.094234,0.071132,0.098246
121030285001,Pinellas,0.112819,0.147289,0.127364,0.084404,0.067198,0.097971
121030285002,Pinellas,0.091400,0.114585,0.100525,0.072260,0.064860,0.097317
121030286011,Pinellas,0.105878,0.167986,0.094373,0.062400,0.058082,0.095294
121030286012,Pinellas,0.104197,0.180202,0.091275,0.060961,0.057704,0.095212
121030286021,Pinellas,0.112871,0.184009,0.108253,0.071627,0.065281,0.095243
121030286022,Pinellas,0.110847,0.193782,0.100141,0.064318,0.060305,0.094870
121030287001,Pinellas,0.098675,0.147280,0.093550,0.065439,0.061042,0.095477
121030287002,Pinellas,0.086753,0.123099,0.083992,0.060106,0.056870,0.095489
121030287003,Pinellas,0.086253,0.120557,0.084884,0.060514,0.057126,0.095493
121039900000,Pinellas,0.089979,0.081674,0.095002,0.092295,0.087379,0.094491
121039901000,Pinellas,0.094579,0.131033,0.105611,0.080644,0.063988,0.095068
121010301011,Pasco,0.122410,0.124737,0.130495,0.118716,0.111655,0.186295
121010301012,Pasco,0.145708,0.240397,0.136019,0.128302,0.121577,0.188697
121010301021,Pasco,0.143283,0.187948,0.153887,0.128584,0.121858,0.187604
121010301022,Pasco,0.126315,0.143031,0.131676,0.120396,0.111890,0.176850
121010301023,Pasco,0.120295,0.125390,0.127697,0.117778,0.109527,0.177192
121010302021,Pasco,0.117154,0.125209,0.121572,0.114820,0.108125,0.169236
121010302022,Pasco,0.128255,0.149037,0.132679,0.121443,0.113505,0.176242
121010302023,Pasco,0.119160,0.124950,0.124302,0.117038,0.110660,0.175845
121010302031,Pasco,0.120546,0.145022,0.116911,0.112175,0.105446,0.163959
121010302032,Pasco,0.119545,0.139089,0.116949,0.113162,0.106283,0.164476
121010302033,Pasco,0.116192,0.125672,0.119689,0.113249,0.106820,0.166015
121010302041,Pasco,0.128483,0.179700,0.118626,0.115695,0.106768,0.160311
121010302051,Pasco,0.118306,0.138001,0.117406,0.113960,0.102645,0.148007
121010302052,Pasco,0.116552,0.134618,0.118277,0.112114,0.104433,0.153246
121010303031,Pasco,0.111608,0.120968,0.118968,0.110822,0.101632,0.134248
121010303032,Pasco,0.110075,0.116197,0.116691,0.110669,0.101540,0.133157
121010303041,Pasco,0.112311,0.121548,0.119248,0.111715,0.102774,0.134289
121010303042,Pasco,0.111440,0.113587,0.119200,0.111392,0.103399,0.142315
121010303043,Pasco,0.105251,0.100141,0.111770,0.108085,0.101296,0.140164
121010304041,Pasco,0.087607,0.063123,0.089826,0.094164,0.083350,0.117758
121010304042,Pasco,0.143684,0.235246,0.172028,0.138445,0.113467,0.125736
121010304051,Pasco,0.110714,0.126164,0.115387,0.106519,0.100350,0.129488
121010304052,Pasco,0.114282,0.133849,0.119975,0.108829,0.102793,0.128621
121010304061,Pasco,0.110025,0.121443,0.114515,0.105933,0.100653,0.130414
121010304062,Pasco,0.111139,0.125530,0.115592,0.108691,0.100985,0.130328
121010304063,Pasco,0.109642,0.124705,0.114269,0.103357,0.099976,0.127940
121010304071,Pasco,0.110229,0.127196,0.116328,0.105112,0.099633,0.128234
121010304072,Pasco,0.109215,0.124969,0.114683,0.102094,0.099314,0.127305
121010304081,Pasco,0.139611,0.225167,0.137424,0.122818,0.110716,0.127159
121010304082,Pasco,0.106819,0.121044,0.113070,0.100381,0.096891,0.125556
121010304091,Pasco,0.156213,0.282666,0.158563,0.127242,0.114370,0.126807
121010304092,Pasco,0.104519,0.121606,0.111831,0.097559,0.093579,0.123881
121010304101,Pasco,0.105046,0.119407,0.112111,0.096734,0.095282,0.124306
121010304102,Pasco,0.103338,0.119459,0.111412,0.093831,0.091947,0.122152
121010304111,Pasco,0.107536,0.145843,0.112939,0.097500,0.091362,0.121181
121010304112,Pasco,0.105966,0.135264,0.112353,0.094950,0.091763,0.121008
121010304113,Pasco,0.106347,0.139410,0.112808,0.098792,0.091150,0.121655
121010304121,Pasco,0.105641,0.133715,0.112353,0.094950,0.091763,0.120933
121010304122,Pasco,0.105211,0.129309,0.111584,0.092987,0.092297,0.120487
121010305011,Pasco,0.103872,0.118605,0.111356,0.094636,0.094550,0.123242
121010305012,Pasco,0.101836,0.115296,0.110718,0.092793,0.090941,0.121798
121010305021,Pasco,0.101893,0.117142,0.110337,0.091029,0.090926,0.120492
121010305022,Pasco,0.102664,0.117793,0.110875,0.092914,0.092353,0.120211
121010305023,Pasco,0.106557,0.120850,0.113407,0.100330,0.096846,0.123528
121010306011,Pasco,0.111190,0.128228,0.116108,0.105126,0.100728,0.128052
121010306012,Pasco,0.111261,0.130454,0.115820,0.105290,0.099258,0.127646
121010306021,Pasco,0.104822,0.118152,0.111429,0.097638,0.095275,0.125399
121010306022,Pasco,0.104913,0.118608,0.111656,0.097543,0.095663,0.124783
121010307001,Pasco,0.110373,0.123834,0.115124,0.106544,0.099892,0.128796
121010307002,Pasco,0.111003,0.127321,0.115194,0.104395,0.100974,0.128192
121010308001,Pasco,0.114854,0.127744,0.121240,0.112716,0.102712,0.135949
121010308002,Pasco,0.112413,0.126493,0.116777,0.107600,0.100913,0.132650
121010309011,Pasco,0.112095,0.119853,0.116385,0.111184,0.103251,0.142781
121010309012,Pasco,0.167546,0.272989,0.158358,0.134436,0.115263,0.145493
121010309051,Pasco,0.108101,0.123577,0.111462,0.106804,0.097726,0.137921
121010309052,Pasco,0.107567,0.120582,0.112149,0.105828,0.096459,0.138083
121010309061,Pasco,0.109204,0.120197,0.110266,0.110080,0.098808,0.145125
121010309062,Pasco,0.105344,0.111391,0.109567,0.105231,0.097072,0.141494
121010310031,Pasco,0.119768,0.136039,0.121618,0.113837,0.106539,0.163512
121010310032,Pasco,0.125557,0.147464,0.127529,0.114367,0.109161,0.161810
121010310033,Pasco,0.168613,0.261729,0.152870,0.126887,0.118968,0.157574
121010310051,Pasco,0.118775,0.142679,0.110751,0.113585,0.102419,0.152280
121010310052,Pasco,0.112634,0.126515,0.110596,0.111777,0.100665,0.151377
121010310061,Pasco,0.117124,0.145697,0.110889,0.112129,0.100177,0.148599
121010310071,Pasco,0.114832,0.126544,0.115558,0.111943,0.104496,0.151162
121010310072,Pasco,0.119645,0.146120,0.115347,0.115744,0.102256,0.145153
121010310073,Pasco,0.118833,0.139750,0.118617,0.113165,0.104481,0.149555
121010310081,Pasco,0.115378,0.141993,0.118748,0.112715,0.099060,0.154533
121010310082,Pasco,0.130400,0.190285,0.116734,0.112739,0.103185,0.152100
121010310091,Pasco,0.116607,0.126769,0.120774,0.113856,0.105074,0.163060
121010310092,Pasco,0.116983,0.128446,0.119185,0.113162,0.105126,0.162420
121010310101,Pasco,0.117126,0.131188,0.119826,0.113596,0.103910,0.162678
121010310102,Pasco,0.132516,0.169665,0.138231,0.119310,0.106961,0.160103
121010310111,Pasco,0.120626,0.145301,0.123228,0.114870,0.102627,0.157478
121010310112,Pasco,0.134222,0.195318,0.123512,0.115278,0.103728,0.159819
121010310121,Pasco,0.149544,0.217873,0.142990,0.123058,0.110837,0.159095
121010310122,Pasco,0.211856,0.370665,0.191852,0.150738,0.128106,0.155179
121010310123,Pasco,0.138993,0.218369,0.116300,0.116115,0.102636,0.150058
121010310131,Pasco,0.122162,0.154229,0.112869,0.112029,0.103687,0.159058
121010310132,Pasco,0.124539,0.169878,0.110058,0.114554,0.103774,0.155107
121010310141,Pasco,0.139145,0.195336,0.123454,0.116967,0.107057,0.154239
121010310142,Pasco,0.152905,0.228077,0.140717,0.126064,0.109604,0.152953
121010311011,Pasco,0.117860,0.122602,0.125251,0.117695,0.107124,0.172925
121010311012,Pasco,0.116669,0.122674,0.123843,0.115644,0.106347,0.168550
121010311031,Pasco,0.116353,0.125033,0.122583,0.114280,0.105275,0.163204
121010311041,Pasco,0.116988,0.125465,0.126128,0.116299,0.103785,0.164957
121010311042,Pasco,0.117207,0.124565,0.125739,0.117016,0.105062,0.167010
121010311043,Pasco,0.117296,0.122206,0.126470,0.116847,0.106128,0.167752
121010312031,Pasco,0.128736,0.145997,0.135849,0.123684,0.113246,0.178595
121010312032,Pasco,0.119305,0.125120,0.125645,0.118425,0.108632,0.174955
121010312041,Pasco,0.117362,0.122866,0.125384,0.117479,0.105889,0.167958
121010312042,Pasco,0.118526,0.122879,0.126142,0.118776,0.106898,0.171056
121010312051,Pasco,0.119883,0.127348,0.128021,0.119198,0.107201,0.170147
121010312052,Pasco,0.117753,0.126444,0.127457,0.117821,0.104277,0.164908
121010312053,Pasco,0.113982,0.127160,0.124915,0.113296,0.099484,0.155320
121010312061,Pasco,0.115612,0.127630,0.128367,0.115692,0.099582,0.163659
121010312062,Pasco,0.109190,0.124405,0.127766,0.105303,0.094157,0.147000
121010312071,Pasco,0.109076,0.122623,0.122354,0.116251,0.092923,0.154453
121010312072,Pasco,0.105314,0.115162,0.119717,0.105213,0.092906,0.143432
121010312081,Pasco,0.101488,0.118129,0.118437,0.106562,0.087321,0.141629
121010312082,Pasco,0.098635,0.121846,0.118443,0.096685,0.083837,0.133727
121010313011,Pasco,0.110496,0.125241,0.122788,0.107964,0.097584,0.149762
121010313012,Pasco,0.108184,0.121881,0.123528,0.105698,0.095834,0.144169
121010313013,Pasco,0.107926,0.120772,0.124667,0.107855,0.094180,0.144556
121010313021,Pasco,0.109988,0.105640,0.133794,0.112065,0.093853,0.146177
121010313022,Pasco,0.117164,0.106197,0.153805,0.112775,0.092284,0.151657
121010313023,Pasco,0.091248,0.120490,0.111296,0.089268,0.074415,0.133169
121010313024,Pasco,0.094087,0.120166,0.115960,0.096344,0.076141,0.135380
121010314011,Pasco,0.114535,0.133561,0.115681,0.111117,0.100240,0.136250
121010314012,Pasco,0.121103,0.143831,0.124478,0.116312,0.103218,0.135568
121010314013,Pasco,0.124466,0.166043,0.122746,0.112200,0.099830,0.137907
121010314014,Pasco,0.122200,0.154272,0.120061,0.112915,0.101884,0.138893
121010314041,Pasco,0.111089,0.125819,0.114699,0.109050,0.098935,0.130097
121010314042,Pasco,0.108765,0.123520,0.115203,0.106483,0.097405,0.128083
121010314061,Pasco,0.150970,0.234695,0.151530,0.123138,0.105891,0.134703
121010314062,Pasco,0.113895,0.143001,0.111420,0.105462,0.098343,0.136218
121010314071,Pasco,0.107200,0.120122,0.111928,0.104262,0.096607,0.137939
121010314072,Pasco,0.108976,0.127672,0.116148,0.106178,0.095734,0.133146
121010314101,Pasco,0.103740,0.116301,0.105729,0.102828,0.094280,0.129652
121010314102,Pasco,0.102882,0.113802,0.105516,0.103025,0.094230,0.125668
121010314111,Pasco,0.105078,0.120062,0.107723,0.103952,0.094611,0.125596
121010314121,Pasco,0.115863,0.137306,0.121628,0.111429,0.100681,0.132494
121010314122,Pasco,0.111834,0.128212,0.117907,0.108053,0.099551,0.131984
121010315031,Pasco,0.111849,0.130552,0.116151,0.108532,0.098232,0.127262
121010315032,Pasco,0.112710,0.130206,0.118811,0.109749,0.099308,0.127667
121010315041,Pasco,0.094978,0.111330,0.103774,0.093549,0.083934,0.120418
121010315051,Pasco,0.103598,0.121035,0.107366,0.100864,0.093797,0.124084
121010315052,Pasco,0.088708,0.105426,0.095177,0.085134,0.077405,0.119774
121010315061,Pasco,0.097039,0.114470,0.102634,0.094532,0.087316,0.120686
121010315062,Pasco,0.100512,0.105903,0.108401,0.101658,0.091565,0.123857
121010315063,Pasco,0.096565,0.113764,0.100162,0.094164,0.086473,0.120563
121010315071,Pasco,0.092002,0.103051,0.098907,0.088307,0.085345,0.118392
121010315072,Pasco,0.083141,0.089824,0.092452,0.080790,0.075061,0.114491
121010315073,Pasco,0.088646,0.092455,0.100476,0.086034,0.079879,0.117307
121010315081,Pasco,0.091814,0.097390,0.101357,0.092725,0.081972,0.113502
121010315082,Pasco,0.090640,0.088854,0.103876,0.089202,0.081168,0.114587
121010316011,Pasco,0.082155,0.076401,0.094395,0.082454,0.073702,0.111567
121010316012,Pasco,0.085251,0.088241,0.092086,0.082981,0.081849,0.108325
121010316021,Pasco,0.094175,0.081688,0.106487,0.091848,0.088499,0.106097
121010316022,Pasco,0.085892,0.101344,0.089997,0.081647,0.083683,0.104770
121010316023,Pasco,0.078851,0.096249,0.078608,0.077133,0.080560,0.102710
121010316031,Pasco,0.077409,0.069248,0.074062,0.079106,0.080900,0.101036
121010316032,Pasco,0.073731,0.062219,0.069428,0.075706,0.076203,0.101933
121010316033,Pasco,0.075285,0.073829,0.073714,0.076538,0.075682,0.102639
121010316041,Pasco,0.093781,0.081500,0.096042,0.090329,0.105425,0.099960
121010316042,Pasco,0.086121,0.081150,0.085205,0.087037,0.087816,0.100433
121010316043,Pasco,0.097952,0.104771,0.101452,0.093587,0.099478,0.098825
121010316044,Pasco,0.095505,0.099058,0.100049,0.092175,0.092182,0.100095
121010316051,Pasco,0.078724,0.084179,0.078632,0.078462,0.077821,0.101996
121010316052,Pasco,0.090758,0.084114,0.093846,0.088209,0.095205,0.099761
121010317011,Pasco,0.073509,0.103739,0.076159,0.073703,0.068388,0.100503
121010317031,Pasco,0.104270,0.120909,0.122578,0.100259,0.092523,0.139766
121010317032,Pasco,0.113560,0.116112,0.146310,0.104429,0.092931,0.139926
121010317033,Pasco,0.091807,0.119243,0.114776,0.093967,0.073102,0.135619
121010317041,Pasco,0.082707,0.101519,0.113042,0.072669,0.068421,0.129335
121010317042,Pasco,0.096995,0.121609,0.113805,0.090174,0.079326,0.139218
121010317051,Pasco,0.104481,0.116493,0.113543,0.102930,0.092598,0.126999
121010317052,Pasco,0.102083,0.108771,0.113286,0.101420,0.091594,0.125289
121010317061,Pasco,0.099653,0.109928,0.114536,0.097346,0.086389,0.119167
121010317062,Pasco,0.096535,0.101159,0.110646,0.096574,0.085849,0.116885
121010317071,Pasco,0.101536,0.122457,0.119391,0.101466,0.084314,0.134515
121010317072,Pasco,0.091912,0.104150,0.109105,0.090023,0.077460,0.126585
121010317081,Pasco,0.103883,0.123027,0.117031,0.100243,0.089024,0.126293
121010317082,Pasco,0.098965,0.105811,0.114735,0.097770,0.086833,0.122810
121010317083,Pasco,0.102228,0.116591,0.116776,0.099270,0.088509,0.124670
121010318041,Pasco,0.120201,0.107153,0.127669,0.115316,0.112582,0.192731
121010318042,Pasco,0.105286,0.069608,0.113609,0.107550,0.101746,0.182893
121010318043,Pasco,0.103839,0.062189,0.109843,0.107793,0.102461,0.181552
121010318044,Pasco,0.111916,0.092045,0.112847,0.115584,0.111426,0.174208
121010318051,Pasco,0.098833,0.052302,0.103812,0.105324,0.097877,0.177438
121010318052,Pasco,0.113697,0.097167,0.123295,0.121801,0.101239,0.156377
121010318061,Pasco,0.109731,0.114203,0.116310,0.111978,0.101493,0.151727
121010318062,Pasco,0.116458,0.109577,0.115930,0.130792,0.103431,0.144923
121010318071,Pasco,0.125094,0.107696,0.132557,0.121282,0.120086,0.190182
121010318072,Pasco,0.118278,0.115286,0.126897,0.117352,0.108481,0.177406
121010318073,Pasco,0.142626,0.180430,0.158576,0.134568,0.120513,0.175305
121010318081,Pasco,0.116069,0.136439,0.143960,0.123199,0.088357,0.144848
121010318082,Pasco,0.094331,0.098256,0.116099,0.093103,0.083397,0.130626
121010318091,Pasco,0.118463,0.105924,0.110910,0.130242,0.109580,0.141797
121010318092,Pasco,0.113803,,0.120228,0.119362,0.106898,0.130771
121010319011,Pasco,0.116016,,,,0.116016,0.403297
121010319021,Pasco,0.122818,0.142645,0.160982,0.122311,0.114263,0.110313
121010319022,Pasco,0.119411,0.174846,0.126399,0.116794,0.109821,0.110653
121010319023,Pasco,0.110734,0.130552,0.114621,0.105618,0.110350,0.107759
121010319031,Pasco,0.110031,0.112518,0.120311,0.112237,0.103490,0.116971
121010319032,Pasco,0.106597,0.130609,0.113093,0.104922,0.104144,0.108356
121010319033,Pasco,0.108213,0.113665,0.114881,0.108571,0.103564,0.111552
121010320011,Pasco,0.105221,0.118587,0.108250,0.098782,0.113111,0.102830
121010320012,Pasco,0.122014,0.154128,0.144755,0.118393,0.114067,0.105463
121010320013,Pasco,0.105047,0.117629,0.108198,0.098632,0.112923,0.102587
121010320014,Pasco,0.108929,0.147091,0.106818,0.101194,0.114440,0.103187
121010320051,Pasco,0.072894,0.105924,0.085863,0.070211,0.068978,0.097295
121010320052,Pasco,0.095090,0.105924,0.102276,0.094124,0.092466,0.105922
121010320053,Pasco,0.093367,0.069475,0.104080,0.089005,0.092961,0.107122
121010320061,Pasco,0.077741,0.123170,0.078670,0.068151,0.095342,0.097530
121010320062,Pasco,0.083207,0.072709,0.085908,0.078015,0.097568,0.097119
121010320063,Pasco,0.099192,0.116127,0.099323,0.091992,0.116948,0.097996
121010320071,Pasco,0.102383,0.110514,0.102205,0.096920,0.117087,0.101318
121010320072,Pasco,0.100100,0.107929,0.100335,0.094356,0.116161,0.100405
121010320081,Pasco,0.097630,0.101063,0.096389,0.094972,0.109135,0.100393
121010320082,Pasco,0.102095,0.114698,0.100764,0.098155,0.113752,0.098535
121010320091,Pasco,0.107184,0.127400,0.109457,0.100965,0.116018,0.101172
121010320092,Pasco,0.113501,0.133773,0.116104,0.107399,0.121283,0.101133
121010320093,Pasco,0.103323,0.119152,0.102665,0.098521,0.118041,0.099097
121010320094,Pasco,0.093063,0.105376,0.090540,0.088069,0.113495,0.097830
121010320101,Pasco,0.100804,0.114484,0.099406,0.098327,0.100906,0.096454
121010320111,Pasco,0.100166,0.107295,0.100019,0.094431,0.119551,0.097466
121010320112,Pasco,0.088744,0.091113,0.086751,0.083164,0.113904,0.097942
121010320121,Pasco,0.097734,0.110082,0.096585,0.088684,0.125430,0.098677
121010320122,Pasco,0.098422,0.105551,0.097589,0.093234,0.120305,0.096815
121010320131,Pasco,0.099547,0.106403,0.098931,0.097103,0.105649,0.098362
121010320132,Pasco,0.096195,0.107206,0.098587,0.091073,0.098214,0.098092
121010320133,Pasco,0.100874,0.112384,0.101762,0.097026,0.104959,0.098480
121010320141,Pasco,0.091315,0.100882,0.089381,0.089751,0.093905,0.097128
121010320142,Pasco,0.081780,0.079896,0.078965,0.081998,0.094372,0.096142
121010320143,Pasco,0.078025,0.073659,0.074908,0.079207,0.091248,0.095851
121010321031,Pasco,0.089584,0.061884,0.114258,0.081185,0.085863,0.106396
121010321032,Pasco,0.085579,0.062382,0.091587,0.078546,0.102806,0.100618
121010321033,Pasco,0.074311,0.068179,0.078015,0.062776,0.094810,0.103057
121010321041,Pasco,0.098079,0.097438,0.103716,0.090490,0.114327,0.101890
121010321051,Pasco,0.072676,0.070184,0.088151,0.062235,0.071605,0.104868
121010321052,Pasco,0.108115,0.131568,0.109804,0.107794,0.104501,0.107513
121010321053,Pasco,0.101690,0.100381,0.103332,0.097063,0.111013,0.104434
121010321061,Pasco,0.082408,0.088625,0.077175,0.076743,0.122943,0.096134
121010321062,Pasco,0.080545,0.096851,0.075992,0.073225,0.101744,0.097085
121010321071,Pasco,0.075373,0.079157,0.084504,0.065556,0.086574,0.101691
121010321072,Pasco,0.079996,0.085617,0.077923,0.073334,0.113196,0.098833
121010321073,Pasco,0.096875,0.098081,0.101939,0.088367,0.121054,0.099809
121010321074,Pasco,0.073537,0.069958,0.066153,0.070158,0.104672,0.098582
121010321081,Pasco,0.108070,0.126865,0.106562,0.108961,0.104922,0.108165
121010321082,Pasco,0.083372,0.094167,0.097521,0.075744,0.079925,0.104438
121010321083,Pasco,0.082815,0.098452,0.088817,0.074708,0.091850,0.103706
121010321091,Pasco,0.078507,0.075679,0.074327,0.079468,0.094644,0.096017
121010321101,Pasco,0.075456,0.074533,0.071981,0.075431,0.087575,0.095321
121010321111,Pasco,0.065118,0.036352,0.066543,0.062978,0.086853,0.097583
121010321112,Pasco,0.072283,0.061406,0.078129,0.066699,0.086249,0.099824
121010321121,Pasco,0.073009,0.061012,0.069726,0.071533,0.101682,0.095183
121010321131,Pasco,0.070274,0.066686,0.065579,0.066893,0.093923,0.095981
121010321132,Pasco,0.071369,0.075182,0.064757,0.068208,0.087010,0.095650
121010322001,Pasco,0.101965,0.109429,0.107024,0.111843,0.094670,0.116436
121010322002,Pasco,0.107413,0.110229,0.128502,0.119786,0.097194,0.111142
121010322003,Pasco,0.093332,0.107544,0.121795,0.085158,0.084356,0.113045
121010323001,Pasco,0.100453,0.114970,0.105778,0.110669,0.092799,0.117353
121010324011,Pasco,0.149217,0.287696,0.158511,0.144781,0.149067,0.143805
121010324012,Pasco,0.113194,0.125079,0.119799,0.117193,0.106910,0.135132
121010324021,Pasco,0.155546,0.209462,0.168905,0.147193,0.141732,0.166417
121010324022,Pasco,0.159144,0.330328,0.176198,0.148623,0.141536,0.169617
121010324023,Pasco,0.128037,,,0.113419,0.136072,0.188659
121010325001,Pasco,0.145683,0.137826,0.139033,0.151547,0.147608,0.141752
121010325002,Pasco,0.157022,0.247689,0.151456,0.145613,0.139525,0.135511
121010325003,Pasco,0.148339,0.226961,0.155624,0.133207,0.130335,0.132788
121010325004,Pasco,0.130742,0.108777,0.125390,0.143115,0.130030,0.119877
121010326011,Pasco,0.128340,0.120115,0.123576,0.137404,0.127768,0.130895
121010326012,Pasco,0.128054,0.125053,0.123429,0.134669,0.127479,0.135446
121010326021,Pasco,0.129137,0.121381,0.125193,0.138379,0.129326,0.132673
121010326022,Pasco,0.128386,0.128775,0.133134,0.132424,0.125178,0.133866
121010327001,Pasco,0.125946,0.114109,0.125099,0.130142,0.127326,0.137952
121010327002,Pasco,0.131220,0.167364,0.128023,0.135901,0.132167,0.142750
121010327003,Pasco,0.128562,0.122262,0.132842,0.135895,0.126523,0.136361
121010328021,Pasco,0.130992,0.121750,0.135748,0.133412,0.130594,0.139779
121010328022,Pasco,0.137677,0.161802,0.143839,0.131586,0.131237,0.130611
121010328041,Pasco,0.127192,0.134705,0.120044,0.123333,0.128327,0.121665
121010328042,Pasco,0.134132,0.144772,0.131681,0.131953,0.132758,0.122148
121010328051,Pasco,0.129935,0.126241,0.137245,0.130657,0.128005,0.128201
121010328052,Pasco,0.132276,0.135695,0.132142,0.132207,0.131376,0.126924
121010329011,Pasco,0.103777,0.142672,0.111455,0.100878,0.094367,0.111506
121010329012,Pasco,0.120819,0.153708,0.119766,0.112622,0.116537,0.116751
121010329013,Pasco,0.106199,0.131380,0.108672,0.103655,0.101280,0.115992
121010329021,Pasco,0.098215,0.127882,0.104201,0.094523,0.091444,0.111451
121010329022,Pasco,0.102783,0.143018,0.109112,0.101981,0.090838,0.110934
121010329051,Pasco,0.109714,0.157248,0.113847,0.105391,0.101014,0.113607
121010329052,Pasco,0.104145,0.135008,0.110989,0.103746,0.091360,0.108877
121010329053,Pasco,0.112517,0.162564,0.123789,0.112177,0.096693,0.109099
121010329054,Pasco,0.107858,0.119093,0.098388,0.112216,0.102459,0.107080
121010330051,Pasco,0.143434,0.159012,0.139432,0.144297,0.138267,0.126522
121010330052,Pasco,0.121581,0.123149,0.125559,0.117954,0.122178,0.123648
121010330053,Pasco,0.138370,0.174385,0.149574,0.133293,0.128701,0.126149
121010330061,Pasco,0.121027,0.126775,0.120797,0.119623,0.120093,0.119928
121010330062,Pasco,0.130600,0.143144,0.125256,0.128617,0.128888,0.119803
121010330071,Pasco,0.119531,0.138665,0.120555,0.113715,0.116847,0.116802
121010330072,Pasco,0.126140,0.193323,0.118096,0.115284,0.118494,0.115043
121010330081,Pasco,0.129133,0.167419,0.126551,0.123307,0.123379,0.117112
121010330082,Pasco,0.128084,0.171418,0.129882,0.122209,0.119771,0.115943
121010330091,Pasco,0.127959,0.130201,0.132550,0.126852,0.126863,0.121034
121010330092,Pasco,0.126292,0.160677,0.123853,0.120548,0.121806,0.118013
121010330093,Pasco,0.121149,0.119945,0.121695,0.120551,0.121854,0.119488
121010330101,Pasco,0.133392,0.160610,0.132322,0.128941,0.128923,0.120878
121010330102,Pasco,0.129875,0.160291,0.128476,0.124746,0.125028,0.118410
121010330111,Pasco,0.131443,0.190003,0.141916,0.123348,0.121755,0.114102
121010330112,Pasco,0.129188,0.163512,0.129104,0.124452,0.122916,0.115959
121010330121,Pasco,0.132447,0.172464,0.133674,0.126061,0.126425,0.114623
121010330122,Pasco,0.124799,0.163438,0.119610,0.120029,0.121362,0.113887
121010330131,Pasco,0.129902,0.177449,0.128093,0.122436,0.123102,0.115791
121010330132,Pasco,0.123797,0.152160,0.120152,0.119693,0.120697,0.116140
121010330133,Pasco,0.124344,0.162747,0.117663,0.119986,0.121367,0.113910
121010330141,Pasco,0.143608,0.267867,0.170293,0.131812,0.127584,0.111062
121010330142,Pasco,0.122334,0.173284,0.112363,0.117962,0.119739,0.111672
121010330143,Pasco,0.123857,0.152920,0.127637,0.120579,0.119595,0.111463
121010330144,Pasco,0.121069,0.144822,0.117682,0.119293,0.120439,0.111629
121010331011,Pasco,0.125973,0.142105,0.126202,0.134469,0.122807,0.150591
121010331012,Pasco,0.115485,,0.114996,0.110457,0.117461,0.120269
121010331021,Pasco,0.123051,0.176239,0.142336,0.112818,0.122020,0.113814
121019900000,Pasco,,,,,,
120530401011,Hernando,0.122609,,0.088707,0.128036,0.124955,0.171149
120530401012,Hernando,0.117596,0.092256,0.128699,0.125465,0.107775,0.154437
120530401013,Hernando,0.146942,0.165606,0.147042,0.143739,0.146598,0.161611
120530401021,Hernando,0.097541,0.178395,0.108292,0.100125,0.088758,0.141303
120530401022,Hernando,0.156890,0.178082,0.155526,0.147832,0.161933,0.163705
120530402011,Hernando,0.168302,0.018869,0.208828,0.170112,0.153269,0.171928
120530402012,Hernando,0.171610,0.062366,0.210171,0.157559,0.148530,0.174307
120530402021,Hernando,0.117422,0.091993,0.115954,0.119321,0.117558,0.145867
120530402022,Hernando,0.115574,0.107786,0.119843,0.117666,0.116520,0.150067
120530402023,Hernando,0.117788,,0.115919,0.119846,0.118126,0.143440
120530403011,Hernando,0.107195,0.168605,0.114318,0.109961,0.101115,0.124031
120530403021,Hernando,0.123779,0.108642,0.121396,0.125035,0.126149,0.156359
120530403022,Hernando,0.116007,0.120512,0.125400,0.118297,0.108249,0.131312
120530403023,Hernando,0.126498,0.122024,0.139181,0.124900,0.115808,0.145200
120530403031,Hernando,0.134482,0.126138,0.134473,0.135897,0.135905,0.142211
120530403032,Hernando,0.124029,,0.124522,0.123373,0.124029,0.154450
120530404001,Hernando,0.182185,0.297882,0.153695,0.146997,0.126365,0.162270
120530404002,Hernando,0.132108,0.180160,0.123014,0.132776,0.113897,0.160443
120530404003,Hernando,0.128972,0.145628,0.122571,0.139522,0.114451,0.161569
120530405011,Hernando,0.167158,0.250198,0.144146,0.138922,0.124954,0.161206
120530405012,Hernando,0.138474,0.196591,0.128236,0.131123,0.116558,0.159932
120530405021,Hernando,0.151317,0.235262,0.128566,0.126571,0.120814,0.167381
120530405022,Hernando,0.163280,0.266762,0.135186,0.132461,0.121852,0.166106
120530406011,Hernando,0.105307,,0.110185,0.103114,0.104412,0.171110
120530406012,Hernando,0.173177,0.250108,0.167609,0.140728,0.138237,0.167227
120530406021,Hernando,0.105896,0.105798,0.103225,0.107541,0.108431,0.169086
120530406022,Hernando,0.126934,0.110325,0.129662,0.128390,0.119229,0.174787
120530407011,Hernando,0.118231,0.122361,0.113854,0.124615,0.110529,0.193608
120530407012,Hernando,0.102559,0.071899,0.098809,0.122771,0.108061,0.182779
120530407013,Hernando,0.107752,0.074590,0.099417,0.126306,0.111783,0.180834
120530407021,Hernando,0.112445,0.106647,0.110868,0.124287,0.110109,0.179214
120530407022,Hernando,0.110511,0.095144,0.121146,0.116774,0.109406,0.186809
120530408011,Hernando,0.120672,0.118936,0.130668,0.117874,0.110577,0.175438
120530408012,Hernando,0.120266,0.116808,0.131052,0.117880,0.110777,0.177220
120530408013,Hernando,0.122589,0.119249,0.130656,0.120970,0.112834,0.183347
120530408021,Hernando,0.116063,0.121640,0.128832,0.113635,0.095728,0.168901
120530408022,Hernando,0.114711,0.097299,0.122426,0.123001,0.106814,0.170951
120530408023,Hernando,0.115168,0.099054,0.123558,0.122902,0.107067,0.170816
120530409011,Hernando,0.105967,0.092574,0.113897,0.110707,0.099941,0.159486
120530409012,Hernando,0.114218,0.119864,0.126358,0.108554,0.103202,0.166432
120530409013,Hernando,0.122317,0.118265,0.137084,0.121135,0.110127,0.172561
120530409014,Hernando,0.120135,0.120598,0.130516,0.121542,0.107710,0.168034
120530409061,Hernando,0.109906,0.117409,0.119993,0.113636,0.092128,0.158762
120530409062,Hernando,0.108344,0.115547,0.117488,0.111089,0.093491,0.154868
120530409063,Hernando,0.106733,0.117940,0.114186,0.112380,0.088162,0.156498
120530409064,Hernando,0.101447,0.108985,0.111105,0.110152,0.084786,0.146456
120530409071,Hernando,0.118337,0.120473,0.127616,0.120894,0.101944,0.168914
120530409072,Hernando,0.113594,0.118797,0.123229,0.116964,0.095744,0.163852
120530409081,Hernando,0.110387,0.117766,0.125605,0.112908,0.089432,0.157234
120530409082,Hernando,0.109602,0.116645,0.114363,0.119034,0.093003,0.158877
120530409083,Hernando,0.116036,0.119622,0.117614,0.124303,0.103224,0.168014
120530409091,Hernando,0.117068,0.121042,0.127732,0.114573,0.102035,0.164700
120530409092,Hernando,0.118283,0.122743,0.124196,0.120836,0.104102,0.165759
120530409101,Hernando,0.118052,0.120166,0.124583,0.119789,0.106455,0.164402
120530409102,Hernando,0.126210,0.130711,0.124513,0.126467,0.126238,0.162451
120530409111,Hernando,0.105289,0.098182,0.117480,0.107654,0.093217,0.144936
120530409112,Hernando,0.111993,0.127997,0.117191,0.115346,0.095533,0.156169
120530409113,Hernando,0.113767,0.117228,0.112343,0.119580,0.108655,0.157767
120530409121,Hernando,0.112538,0.119291,0.123299,0.116715,0.092447,0.162252
120530409122,Hernando,0.116501,0.119892,0.127425,0.119695,0.097443,0.168712
120530409131,Hernando,0.108019,0.114455,0.121685,0.106807,0.092565,0.159933
120530409132,Hernando,0.110580,0.120832,0.127603,0.109407,0.088713,0.160493
120530410031,Hernando,0.118514,0.118639,0.129733,0.115513,0.106046,0.175168
120530410032,Hernando,0.121898,0.118307,0.129096,0.119071,0.115629,0.185261
120530410041,Hernando,0.119166,0.118226,0.130449,0.119337,0.106161,0.176752
120530410042,Hernando,0.122521,0.119615,0.132004,0.121002,0.115330,0.183198
120530410043,Hernando,0.123242,0.120449,0.133054,0.121463,0.115779,0.183454
120530410051,Hernando,0.117451,0.117390,0.128707,0.115111,0.105335,0.172461
120530410052,Hernando,0.119399,0.121017,0.130138,0.115681,0.105184,0.174601
120530410061,Hernando,0.121153,0.123901,0.128981,0.123226,0.105446,0.175360
120530410062,Hernando,0.122735,0.122388,0.130680,0.121327,0.113415,0.179302
120530410063,Hernando,0.117718,0.119264,0.128923,0.118830,0.101213,0.174375
120530411031,Hernando,0.128798,0.125469,0.144643,0.121120,0.112196,0.192384
120530411032,Hernando,0.137616,0.132213,0.154305,0.130508,0.121964,0.189291
120530411041,Hernando,0.126271,0.120624,0.142108,0.121808,0.113080,0.182068
120530411042,Hernando,0.126101,0.120382,0.139649,0.123953,0.113053,0.182874
120530411051,Hernando,0.124042,0.126356,0.132883,0.121739,0.113247,0.176924
120530411052,Hernando,0.125241,0.125544,0.135842,0.122978,0.112975,0.177198
120530411053,Hernando,0.123279,0.121818,0.134263,0.121487,0.111016,0.175428
120530411061,Hernando,0.122369,0.123768,0.131730,0.122011,0.111211,0.172253
120530411062,Hernando,0.121564,0.123175,0.128423,0.122614,0.111518,0.172199
120530412011,Hernando,0.124469,0.120170,0.135296,0.120907,0.116500,0.190399
120530412012,Hernando,0.124681,0.121227,0.134939,0.120695,0.117835,0.189209
120530412013,Hernando,0.122027,0.116488,0.134080,0.120376,0.114658,0.186709
120530412031,Hernando,0.131140,0.131366,0.140889,0.120989,0.119294,0.196991
120530412032,Hernando,0.125064,0.120575,0.136881,0.120668,0.118030,0.191002
120530412041,Hernando,0.141379,0.180697,0.137847,0.121517,0.114359,0.196889
120530412042,Hernando,0.131113,0.178710,0.120571,0.120137,0.113844,0.197584
120530412043,Hernando,0.131754,0.135338,0.143488,0.119959,0.113834,0.197403
120530413021,Hernando,0.132297,0.209786,0.120162,0.117926,0.109958,0.191143
120530413022,Hernando,0.124960,0.159189,0.120235,0.118143,0.107907,0.186732
120530413031,Hernando,0.130593,0.193599,0.119425,0.119091,0.112841,0.196467
120530413032,Hernando,0.131897,0.124490,0.150805,0.121212,0.114115,0.196807
120530413033,Hernando,0.135037,0.129127,0.156713,0.120449,0.113714,0.193910
120530413041,Hernando,0.131419,0.192632,0.120684,0.118998,0.112803,0.196566
120530413042,Hernando,0.135136,0.126930,0.158254,0.120493,0.113731,0.193724
120530413051,Hernando,0.131176,0.117387,0.148874,0.120231,0.114084,0.197882
120530414011,Hernando,0.129248,0.180178,0.120324,0.118197,0.109216,0.189865
120530414012,Hernando,0.115576,0.146208,0.111533,0.110272,0.099185,0.178365
120530414013,Hernando,0.104980,0.066798,0.113830,0.109239,0.097128,0.181648
120530414021,Hernando,0.113292,0.109586,0.131125,0.105665,0.098088,0.177422
120530414022,Hernando,0.114547,0.095082,0.131773,0.109359,0.100040,0.181997
120530414023,Hernando,0.109844,0.103839,0.125964,0.106279,0.099017,0.170103
120530415011,Hernando,0.225595,0.445736,0.251512,0.194203,0.165366,0.200664
120530415012,Hernando,0.169448,,0.205563,0.161596,0.149291,0.208815
120530415021,Hernando,0.131594,,0.144593,0.124290,0.119895,0.207614
120530415022,Hernando,0.124634,0.116761,0.135125,0.120361,0.118294,0.195345
120530416011,Hernando,0.122282,0.114593,0.124823,0.123173,0.117278,0.193143
120530416012,Hernando,0.112476,,,,0.112476,0.192252
120530416013,Hernando,0.121706,0.112595,0.129376,0.121516,0.118940,0.195203
120530416021,Hernando,0.124253,0.118935,0.132484,0.120502,0.118652,0.192965
120530416022,Hernando,0.120915,0.117131,0.121442,0.120987,0.119697,0.197489
120530416023,Hernando,0.123888,0.117147,0.128849,0.120168,0.119222,0.193627
120539900000,Hernando,0.148339,0.233442,0.154582,0.148131,0.136709,0.200584
120174501031,Citrus,0.119573,0.120595,0.120192,0.116035,0.125666,0.142092
120174501032,Citrus,0.117144,0.115949,0.116045,0.118742,0.118846,0.143771
120174501041,Citrus,0.115485,0.108224,0.114927,0.115798,0.125709,0.146291
120174501042,Citrus,0.123480,0.123497,0.123601,0.115663,0.133754,0.142847
120174501051,Citrus,0.124570,0.132270,0.123647,0.118809,0.128992,0.147703
120174501052,Citrus,0.123602,0.122774,0.123852,0.123095,0.122542,0.149413
120174501061,Citrus,0.107491,0.085619,0.106172,0.109038,0.113977,0.147198
120174501062,Citrus,0.121424,0.122361,0.119839,0.123036,0.116894,0.150839
120174502011,Citrus,0.121013,0.123728,0.120260,0.118888,0.119113,0.143759
120174502012,Citrus,0.119074,0.124378,0.117029,0.113455,0.119283,0.145719
120174502013,Citrus,0.121294,0.124404,0.120445,0.118608,0.119387,0.145341
120174502021,Citrus,0.122460,0.127529,0.121106,0.115268,0.122040,0.143241
120174502022,Citrus,0.122830,0.128033,0.121338,0.119369,0.120428,0.144415
120174502023,Citrus,0.121266,0.125397,0.118883,0.120851,0.118912,0.144050
120174502024,Citrus,0.123203,0.128887,0.121023,0.119339,0.120244,0.145256
120174503051,Citrus,0.106213,0.092863,0.112805,0.114167,0.099268,0.159754
120174503052,Citrus,0.114003,0.121322,0.111491,0.116478,0.104478,0.165534
120174503061,Citrus,0.112241,0.112679,0.109429,0.113396,0.119822,0.154223
120174503062,Citrus,0.107064,0.083259,0.113314,0.117844,0.103924,0.153135
120174503071,Citrus,0.103051,0.090984,0.101283,0.108577,0.105015,0.143898
120174503072,Citrus,0.116694,0.119480,0.116715,0.111573,0.123077,0.144071
120174503073,Citrus,0.106426,0.106045,0.108740,0.105754,0.101726,0.144477
120174503074,Citrus,0.116403,0.123103,0.116902,0.112725,0.118761,0.145017
120174503081,Citrus,0.100794,0.061341,0.095541,0.104698,0.111476,0.151024
120174503082,Citrus,0.101172,0.093617,0.098225,0.104877,0.104411,0.146689
120174503083,Citrus,0.090728,0.055341,0.083357,0.096408,0.096436,0.147645
120174503091,Citrus,0.100757,0.065726,0.102882,0.102647,0.106725,0.144553
120174503092,Citrus,0.097514,0.058136,0.094414,0.102713,0.110872,0.144985
120174503093,Citrus,0.102491,0.087433,0.103237,0.105398,0.108523,0.144405
120174503101,Citrus,0.094473,0.060252,0.093816,0.098791,0.096220,0.145877
120174503102,Citrus,0.108567,0.063867,0.113786,0.108142,0.108259,0.147451
120174504011,Citrus,0.117245,0.115720,0.102026,0.117969,0.123539,0.151200
120174504012,Citrus,0.114378,0.122361,0.112655,0.109933,0.122090,0.158303
120174504021,Citrus,0.094395,,0.084689,0.097241,0.103320,0.147854
120174504022,Citrus,0.109316,0.120039,0.108572,0.107403,0.113481,0.153480
120174504023,Citrus,0.116105,,,0.119465,0.114327,0.130448
120174505011,Citrus,,,,,,
120174505012,Citrus,0.112462,0.105246,0.121879,0.106180,0.107711,0.161137
120174505021,Citrus,0.165932,,0.191514,0.172206,0.141024,0.157515
120174505022,Citrus,0.119266,,0.116776,0.124562,0.110795,0.167873
120174506011,Citrus,0.135563,0.185390,0.134572,0.131131,0.113394,0.155579
120174506012,Citrus,0.135134,0.208667,0.136553,0.125053,0.115013,0.155457
120174506013,Citrus,0.123393,0.127769,0.139972,0.109661,0.124202,0.166411
120174506021,Citrus,0.111564,0.103068,0.122479,0.106324,0.105773,0.160499
120174506022,Citrus,0.115692,0.118470,0.120347,0.105766,0.113329,0.162480
120174506023,Citrus,0.108535,0.112069,0.105512,0.110716,0.113917,0.152777
120174506024,Citrus,0.125338,0.127084,0.123803,0.128064,0.122717,0.154879
120174507031,Citrus,0.116073,0.108865,0.118920,0.114547,0.118671,0.143077
120174507032,Citrus,0.108086,0.099111,0.112733,0.106976,0.115642,0.143554
120174507033,Citrus,0.102343,0.085132,0.111007,0.104595,0.117942,0.142758
120174507041,Citrus,0.108624,0.105412,0.106815,0.118930,0.112041,0.147989
120174507042,Citrus,0.112126,0.107784,0.111937,0.118071,0.117675,0.147039
120174507051,Citrus,0.121653,0.130112,0.115100,0.107423,0.133997,0.145578
120174507052,Citrus,0.117604,0.107586,0.121281,0.109654,0.133728,0.144273
120174507053,Citrus,0.113842,0.094469,0.116087,0.104873,0.131302,0.144277
120174507061,Citrus,0.134608,0.146682,0.117796,0.122112,0.131589,0.147829
120174507062,Citrus,0.128253,0.108140,0.153892,0.122405,0.134628,0.147531
120174508001,Citrus,0.122886,0.122361,0.122827,0.125342,0.113005,0.153308
120174508002,Citrus,0.131191,,0.136243,0.124707,0.128895,0.145572
120174508003,Citrus,0.142256,0.156207,0.139893,0.123809,0.140298,0.146517
120174508004,Citrus,0.122808,0.113160,0.124155,0.128091,0.147818,0.146968
120174509011,Citrus,0.136326,0.164293,0.122318,0.124775,0.143539,0.152715
120174509021,Citrus,0.121303,0.110886,0.118771,0.130314,0.150918,0.149249
120174509022,Citrus,0.147562,0.157123,0.137709,0.133188,0.147264,0.151333
120174510011,Citrus,0.128532,0.121846,0.121268,0.139943,0.146744,0.150030
120174510012,Citrus,0.113539,0.099080,0.112993,0.136153,0.145514,0.150255
120174510021,Citrus,0.120716,,0.114787,0.115408,0.137707,0.151164
120174510022,Citrus,0.127327,0.165039,0.103409,0.133082,0.147859,0.155778
120174510023,Citrus,0.115502,0.086794,0.122155,0.139826,0.138407,0.152152
120174511011,Citrus,0.152876,0.134196,0.135036,0.167070,0.152098,0.164783
120174511031,Citrus,0.106627,0.086419,0.106512,0.136312,0.145133,0.150865
120174511032,Citrus,0.092440,0.058152,0.097150,0.127391,0.138640,0.152083
120174511041,Citrus,0.144095,0.132454,0.133643,0.157941,0.151614,0.160859
120174511042,Citrus,0.098851,0.052830,0.108976,0.133807,0.136185,0.152756
120174512001,Citrus,0.146805,,0.131158,0.149390,0.149061,0.160829
120174512002,Citrus,0.132773,0.102799,0.122256,0.148924,0.143211,0.156645
120174512003,Citrus,0.156618,0.155646,0.150364,0.165403,0.153321,0.160789
120174513001,Citrus,0.167386,0.134696,0.177191,0.162524,0.151368,0.168684
120174513002,Citrus,0.168183,0.115657,0.172008,0.178290,0.155922,0.166905
120174514001,Citrus,0.109222,0.084797,0.107448,0.128000,0.138793,0.151076
120174514002,Citrus,0.129164,,,0.119619,0.136108,0.161891
120174514003,Citrus,0.119242,0.110467,0.120130,0.123414,0.135511,0.147511
120174514004,Citrus,0.111313,,0.120172,0.109102,0.106085,0.142490
120174515011,Citrus,0.116315,0.120648,0.116827,0.119652,0.109879,0.150073
120174515012,Citrus,0.110468,0.105781,0.107172,0.110006,0.123284,0.153793
120174515021,Citrus,0.121778,0.125228,0.135876,0.113951,0.122824,0.167077
120174515022,Citrus,0.123810,0.145277,0.123633,0.119005,0.114851,0.158913
120174515023,Citrus,0.111568,0.108801,0.115384,0.109083,0.120191,0.165619
120174516031,Citrus,0.110753,0.140464,0.115695,0.107108,0.105469,0.170251
120174516032,Citrus,0.118528,,0.101610,0.120167,0.124912,0.167625
120174516041,Citrus,0.106425,0.111887,0.110892,0.093124,0.113432,0.165651
120174516042,Citrus,0.111044,0.099869,0.118049,0.106911,0.111842,0.177218
120174516043,Citrus,0.101290,0.095517,0.103650,0.099410,0.099622,0.170115
120174516051,Citrus,0.093000,0.088600,0.105448,0.084865,0.110343,0.166511
120174516061,Citrus,0.098189,0.043698,0.117734,0.093379,0.104746,0.171063
120174516062,Citrus,0.100185,0.034040,0.120294,0.104721,0.110533,0.171298
120174516063,Citrus,0.103215,0.045986,0.122148,0.104650,0.107654,0.171865
120174517011,Citrus,0.153383,0.105924,0.184414,0.140530,0.136074,0.165604
120174517012,Citrus,0.157629,0.213664,0.151385,0.140439,0.134771,0.167054
120174517021,Citrus,0.157871,0.234777,0.172450,0.145358,0.137121,0.165351
120174517022,Citrus,0.154787,0.105924,0.186216,0.143450,0.135909,0.163157
120179900000,Citrus,,,,,,
