GEOID20,county,r_route,r_band10,r_band20,r_band30,r_band40,r_proximity
120570001011,Hillsborough,0.100366,0.084380,0.104965,0.131854,0.090317,0.090808
120570001012,Hillsborough,0.106710,0.092761,0.111286,0.134146,0.092385,0.090670
120570001013,Hillsborough,0.096632,0.089180,0.095400,0.140998,0.077576,0.091035
120570001014,Hillsborough,0.102244,0.095442,0.103921,0.120872,0.092667,0.089807
120570001021,Hillsborough,0.113761,0.112234,0.115456,0.123046,0.095244,0.089595
120570001022,Hillsborough,0.106393,0.093954,0.113281,0.118097,0.094034,0.090393
120570001023,Hillsborough,0.112142,0.099112,0.118443,0.132515,0.092670,0.090679
120570001024,Hillsborough,0.129046,0.144403,0.130183,0.104035,0.101333,0.090742
120570002011,Hillsborough,0.109609,0.119275,0.106155,0.118131,0.091441,0.089820
120570002012,Hillsborough,0.101656,0.113054,0.096713,0.092625,0.086201,0.089837
120570002021,Hillsborough,0.110456,0.103203,0.114310,0.122769,0.095168,0.089792
120570002022,Hillsborough,0.087685,0.089410,0.082850,0.113963,0.081103,0.089986
120570002023,Hillsborough,0.103017,0.098873,0.104328,0.118814,0.090856,0.089711
120570003011,Hillsborough,0.097969,0.105611,0.096250,0.088161,0.084643,0.089705
120570003012,Hillsborough,0.095703,0.104539,0.093297,0.090354,0.086236,0.089531
120570003013,Hillsborough,0.101094,0.116314,0.093145,0.083116,0.085368,0.089620
120570003014,Hillsborough,0.108472,0.122292,0.102719,0.092177,0.088081,0.089614
120570003021,Hillsborough,0.105792,0.101566,0.108210,0.117457,0.091454,0.089562
120570003022,Hillsborough,0.110022,0.110889,0.115308,0.095267,0.092054,0.089569
120570004011,Hillsborough,0.092519,0.092425,0.094731,0.088589,0.084100,0.089995
120570004012,Hillsborough,0.101867,0.112885,0.097884,0.088411,0.088137,0.090142
120570004013,Hillsborough,0.094748,0.098986,0.095570,0.084367,0.083678,0.089915
120570004021,Hillsborough,0.095083,0.100204,0.096544,0.081030,0.081597,0.089744
120570004022,Hillsborough,0.095147,0.099399,0.096169,0.084386,0.084033,0.089627
120570004023,Hillsborough,0.098150,0.107192,0.095872,0.083198,0.085039,0.089640
120570005001,Hillsborough,0.102066,0.107094,0.104803,0.090956,0.085593,0.090132
120570005002,Hillsborough,0.098285,0.107947,0.097678,0.086616,0.085803,0.089853
120570005003,Hillsborough,0.098905,0.104303,0.100212,0.085607,0.086498,0.090134
120570005004,Hillsborough,0.095981,0.101769,0.097045,0.084577,0.086466,0.090292
120570006011,Hillsborough,0.102762,0.109243,0.107446,0.083189,0.088946,0.090177
120570006012,Hillsborough,0.099570,0.106838,0.098492,0.084396,0.089150,0.089950
120570006013,Hillsborough,0.105008,0.114019,0.107805,0.082979,0.090175,0.089985
120570006021,Hillsborough,0.099065,0.111201,0.093717,0.077924,0.084952,0.089718
120570006022,Hillsborough,0.097830,0.109645,0.093095,0.076223,0.085178,0.089642
120570007011,Hillsborough,0.091865,0.102499,0.085269,0.078484,0.084919,0.089572
120570007012,Hillsborough,0.091380,0.100820,0.086164,0.076916,0.085848,0.089540
120570007021,Hillsborough,0.112897,0.126870,0.109869,0.086586,0.093807,0.089374
120570007022,Hillsborough,0.113753,0.130153,0.109026,0.087127,0.093199,0.089299
120570008001,Hillsborough,0.092326,0.099631,0.090033,0.088771,0.083533,0.089752
120570008002,Hillsborough,0.116605,0.133650,0.113185,0.098999,0.097650,0.090364
120570009011,Hillsborough,0.115669,0.128746,0.116017,0.096862,0.092088,0.090453
120570009012,Hillsborough,0.117954,0.126185,0.120601,0.102354,0.095194,0.090597
120570009013,Hillsborough,0.113916,0.120248,0.116316,0.098678,0.099625,0.090349
120570009021,Hillsborough,0.132283,0.152411,0.131004,0.106478,0.103334,0.090641
120570009022,Hillsborough,0.117177,0.128292,0.117020,0.101805,0.098857,0.090377
120570009023,Hillsborough,0.131664,0.152338,0.130756,0.105621,0.101713,0.090529
120570009024,Hillsborough,0.124408,0.131129,0.129475,0.104334,0.102269,0.090467
120570010011,Hillsborough,0.101781,0.115847,0.100289,0.082240,0.082709,0.089274
120570010012,Hillsborough,0.135988,0.171389,0.125029,0.094558,0.097820,0.089267
120570010021,Hillsborough,0.130170,0.158375,0.119451,0.092606,0.093578,0.089785
120570010022,Hillsborough,0.127058,0.150972,0.116546,0.092213,0.095793,0.089831
120570010023,Hillsborough,0.125777,0.144475,0.117995,0.098486,0.097355,0.089842
120570010024,Hillsborough,0.117173,0.130942,0.111457,0.094051,0.096842,0.089899
120570011001,Hillsborough,0.110311,0.126663,0.100305,0.080559,0.089944,0.089277
120570011002,Hillsborough,0.092777,0.104306,0.087909,0.073718,0.085505,0.089204
120570011003,Hillsborough,0.091132,0.096514,0.092532,0.076889,0.084023,0.089074
120570012001,Hillsborough,0.103306,0.115659,0.095925,0.078776,0.086797,0.089373
120570012002,Hillsborough,0.101871,0.115315,0.093433,0.076510,0.085245,0.089199
120570013001,Hillsborough,0.102544,0.115099,0.098058,0.076972,0.085061,0.089642
120570013002,Hillsborough,0.102039,0.104660,0.105046,0.090106,0.096883,0.089658
120570013003,Hillsborough,0.105214,0.112094,0.105296,0.089188,0.099567,0.089180
120570013004,Hillsborough,0.098620,0.098405,0.103225,0.089335,0.097869,0.089478
120570013005,Hillsborough,0.103137,0.109308,0.102752,0.089701,0.097539,0.089190
120570014001,Hillsborough,0.086883,0.089663,0.090800,0.071457,0.085140,0.089144
120570014002,Hillsborough,0.087267,0.089459,0.092133,0.072439,0.086066,0.088951
120570014003,Hillsborough,0.091885,0.095776,0.095252,0.076853,0.087816,0.088774
120570014004,Hillsborough,0.090326,0.095367,0.092006,0.074788,0.082966,0.088930
120570015001,Hillsborough,0.107179,0.122188,0.104580,0.079421,0.087180,0.089031
120570015002,Hillsborough,0.105508,0.118989,0.102542,0.077726,0.086557,0.089011
120570015003,Hillsborough,0.102209,0.114481,0.100554,0.076387,0.083324,0.088987
120570016001,Hillsborough,0.101125,0.113401,0.093989,0.077318,0.086964,0.089117
120570016002,Hillsborough,0.104835,0.119789,0.097523,0.077885,0.088366,0.088988
120570017001,Hillsborough,0.110172,0.129734,0.097002,0.081218,0.090049,0.089098
120570017002,Hillsborough,0.115329,0.135596,0.107245,0.087220,0.094443,0.089209
120570017003,Hillsborough,0.131604,0.162372,0.120011,0.091782,0.096811,0.089213
120570017004,Hillsborough,0.098801,0.110060,0.095199,0.075674,0.086862,0.089050
120570017005,Hillsborough,0.122052,0.148995,0.109758,0.085500,0.092593,0.089134
120570018001,Hillsborough,0.124275,0.148119,0.112813,0.092812,0.095763,0.090043
120570018002,Hillsborough,0.131063,0.150040,0.125930,0.104086,0.099742,0.090036
120570018003,Hillsborough,0.121315,0.140406,0.114220,0.087252,0.095539,0.089674
120570018004,Hillsborough,0.111815,0.120436,0.111282,0.090862,0.094675,0.089893
120570019001,Hillsborough,0.129357,0.154493,0.120061,0.093136,0.096275,0.089693
120570019002,Hillsborough,0.124096,0.145759,0.121614,0.084908,0.092252,0.089296
120570019003,Hillsborough,0.118939,0.138905,0.114788,0.080426,0.089598,0.089242
120570020001,Hillsborough,0.125705,0.150835,0.114179,0.088033,0.094566,0.089307
120570020002,Hillsborough,0.116624,0.134531,0.109798,0.083651,0.092470,0.089120
120570020003,Hillsborough,0.108626,0.125344,0.101083,0.077099,0.089646,0.088987
120570021001,Hillsborough,0.098581,0.111522,0.092846,0.074410,0.086475,0.089084
120570021002,Hillsborough,0.108088,0.128491,0.096107,0.078817,0.089802,0.088967
120570021003,Hillsborough,0.100869,0.119181,0.086019,0.074060,0.087030,0.088785
120570022001,Hillsborough,0.106593,0.123961,0.095639,0.077778,0.089642,0.088884
120570023001,Hillsborough,0.119219,0.145079,0.102524,0.088727,0.093279,0.088691
120570023002,Hillsborough,0.124664,0.154828,0.101175,0.088188,0.095309,0.088620
120570023003,Hillsborough,0.123416,0.153688,0.099960,0.088223,0.092858,0.088541
120570024001,Hillsborough,0.096318,0.105626,0.093281,0.078329,0.089969,0.088412
120570024002,Hillsborough,0.094204,0.103015,0.092140,0.075411,0.083938,0.088917
120570024003,Hillsborough,0.107155,0.127682,0.096287,0.077822,0.084984,0.088605
120570024004,Hillsborough,0.096491,0.105717,0.093467,0.078827,0.087228,0.088262
120570025001,Hillsborough,0.094884,0.102516,0.094100,0.079101,0.090016,0.088478
120570025002,Hillsborough,0.092387,0.097994,0.091849,0.078255,0.090175,0.088728
120570025003,Hillsborough,0.094854,0.101664,0.095826,0.079914,0.089610,0.088152
120570025004,Hillsborough,0.099712,0.107595,0.100541,0.079565,0.092318,0.088147
120570026001,Hillsborough,0.104971,0.124384,0.096745,0.080703,0.088663,0.088272
120570026002,Hillsborough,0.080795,0.087154,0.076949,0.073965,0.080583,0.087371
120570027011,Hillsborough,0.088516,0.091880,0.091431,0.074979,0.087021,0.087841
120570027012,Hillsborough,0.095069,0.105619,0.089025,0.078534,0.089673,0.087546
120570027013,Hillsborough,0.091358,0.100717,0.086236,0.075776,0.086920,0.087355
120570027021,Hillsborough,0.083844,0.090639,0.078610,0.075373,0.082433,0.087433
120570027022,Hillsborough,0.086182,0.092784,0.082249,0.076326,0.082466,0.087308
120570028001,Hillsborough,0.111184,0.135916,0.097197,0.077021,0.084827,0.088238
120570028002,Hillsborough,0.108084,0.131035,0.095006,0.076528,0.084246,0.087766
120570028003,Hillsborough,0.107717,0.133158,0.090811,0.076211,0.086150,0.087324
120570028004,Hillsborough,0.107016,0.132355,0.088377,0.076747,0.084820,0.087371
120570029001,Hillsborough,0.122190,0.154392,0.097738,0.084825,0.089673,0.088121
120570029002,Hillsborough,0.117711,0.148044,0.094258,0.082836,0.091368,0.087886
120570029003,Hillsborough,0.110299,0.136560,0.087786,0.079712,0.089606,0.087601
120570030001,Hillsborough,0.089006,0.098371,0.084203,0.070744,0.085192,0.088775
120570030002,Hillsborough,0.113462,0.135914,0.094649,0.086119,0.093725,0.088580
120570030003,Hillsborough,0.106739,0.131423,0.084799,0.078850,0.090835,0.087997
120570031001,Hillsborough,0.101804,0.119268,0.090463,0.075534,0.088339,0.088619
120570031002,Hillsborough,0.108128,0.125285,0.101821,0.077423,0.089458,0.088619
120570031003,Hillsborough,0.127523,0.160395,0.106362,0.085658,0.095157,0.088848
120570031004,Hillsborough,0.127873,0.162765,0.104534,0.083001,0.091821,0.088855
120570032001,Hillsborough,0.104886,0.118810,0.098122,0.080765,0.090134,0.088395
120570032002,Hillsborough,0.095795,0.109486,0.081458,0.078133,0.089052,0.088169
120570032003,Hillsborough,0.099369,0.112659,0.088921,0.078454,0.088847,0.088337
120570033001,Hillsborough,0.127069,0.160494,0.100664,0.082163,0.091394,0.088620
120570033002,Hillsborough,0.128517,0.162882,0.099009,0.082518,0.092486,0.088549
120570033003,Hillsborough,0.111915,0.133923,0.095002,0.076713,0.088142,0.088425
120570034001,Hillsborough,0.129321,0.160868,0.109465,0.085399,0.095471,0.088837
120570034002,Hillsborough,0.119488,0.135887,0.114099,0.090941,0.097327,0.089486
120570034003,Hillsborough,0.136361,0.173509,0.119912,0.088328,0.095402,0.089227
120570035001,Hillsborough,0.126734,0.159988,0.101034,0.081685,0.091966,0.088515
120570035002,Hillsborough,0.122686,0.145550,0.113824,0.080117,0.090430,0.088618
120570035003,Hillsborough,0.144488,0.185521,0.127539,0.088995,0.095232,0.088749
120570035004,Hillsborough,0.115928,0.131965,0.111034,0.086707,0.093041,0.089058
120570036001,Hillsborough,0.113817,0.123537,0.113545,0.093754,0.097596,0.089656
120570036002,Hillsborough,0.109046,0.123152,0.107253,0.079226,0.084585,0.090057
120570036003,Hillsborough,0.121760,0.146888,0.110686,0.080916,0.089607,0.089793
120570036004,Hillsborough,0.120555,0.134526,0.117533,0.093165,0.097479,0.089372
120570037001,Hillsborough,0.101102,0.110252,0.103708,0.076549,0.082509,0.090151
120570038001,Hillsborough,0.117167,0.131524,0.113944,0.083273,0.093989,0.089014
120570041001,Hillsborough,0.106375,0.130737,0.084821,0.078823,0.090339,0.087897
120570041002,Hillsborough,0.100364,0.122564,0.081049,0.073159,0.085536,0.087723
120570042001,Hillsborough,0.123007,0.160463,0.092632,0.080846,0.090251,0.087284
120570043001,Hillsborough,0.108824,0.141305,0.080567,0.077673,0.085829,0.086979
120570043002,Hillsborough,0.111071,0.136429,0.092691,0.082796,0.088671,0.086868
120570043003,Hillsborough,0.098979,0.115426,0.084767,0.080924,0.086947,0.086747
120570044001,Hillsborough,0.085352,0.094478,0.077909,0.074877,0.084495,0.087200
120570044002,Hillsborough,0.101728,0.120374,0.090840,0.075572,0.085437,0.086954
120570044003,Hillsborough,0.092668,0.110289,0.077864,0.073637,0.081817,0.086991
120570045001,Hillsborough,0.080320,0.082723,0.080107,0.073866,0.085229,0.087068
120570045002,Hillsborough,0.082337,0.088221,0.078742,0.073396,0.081822,0.087361
120570045003,Hillsborough,0.072849,0.075306,0.070783,0.069521,0.077945,0.087138
120570045004,Hillsborough,0.076631,0.078359,0.075918,0.072629,0.081556,0.087263
120570045005,Hillsborough,0.074626,0.078502,0.071705,0.068771,0.078987,0.087179
120570046011,Hillsborough,0.071925,0.073142,0.070552,0.070588,0.078955,0.087134
120570046012,Hillsborough,0.072547,0.074081,0.070506,0.071242,0.081942,0.087077
120570046021,Hillsborough,0.074114,0.080563,0.067916,0.073100,0.075099,0.086650
120570047001,Hillsborough,0.071622,0.074071,0.067740,0.073256,0.080241,0.086322
120570047002,Hillsborough,0.073694,0.075665,0.070912,0.073192,0.082140,0.086398
120570047003,Hillsborough,0.069867,0.071401,0.067042,0.071029,0.079406,0.086659
120570048001,Hillsborough,0.074939,0.080477,0.070100,0.069000,0.078132,0.086848
120570048002,Hillsborough,0.078175,0.085398,0.072506,0.068720,0.078367,0.086857
120570048003,Hillsborough,0.077470,0.084227,0.072733,0.069313,0.077987,0.086618
120570048004,Hillsborough,0.080764,0.083446,0.078590,0.077787,0.082684,0.086632
120570048005,Hillsborough,0.081939,0.091316,0.073822,0.074316,0.078841,0.086561
120570048006,Hillsborough,0.085855,0.095630,0.077981,0.076543,0.081805,0.086637
120570049011,Hillsborough,0.088825,0.099939,0.080574,0.073640,0.083768,0.086639
120570049012,Hillsborough,0.080956,0.089712,0.072996,0.070968,0.081017,0.086914
120570049021,Hillsborough,0.079810,0.084537,0.075106,0.074681,0.082774,0.086791
120570049022,Hillsborough,0.078642,0.081361,0.075179,0.076647,0.083821,0.086705
120570049023,Hillsborough,0.080067,0.082464,0.077377,0.078222,0.083658,0.086776
120570050001,Hillsborough,0.095694,0.117334,0.076937,0.069933,0.082018,0.086840
120570050002,Hillsborough,0.120687,0.161288,0.084109,0.071020,0.085337,0.087107
120570050003,Hillsborough,0.081906,0.094668,0.069824,0.068100,0.081771,0.087009
120570051011,Hillsborough,0.092966,0.112160,0.074718,0.070272,0.081570,0.087646
120570051012,Hillsborough,0.085941,0.100033,0.076938,0.070177,0.084383,0.087613
120570051021,Hillsborough,0.088277,0.105737,0.077079,0.066375,0.078373,0.087502
120570051022,Hillsborough,0.088894,0.105949,0.076917,0.066286,0.081220,0.087600
120570051023,Hillsborough,0.090169,0.107538,0.078310,0.067143,0.081128,0.087583
120570053011,Hillsborough,0.088416,0.101151,0.079488,0.069317,0.084198,0.087637
120570053012,Hillsborough,0.086274,0.095164,0.079702,0.070572,0.087343,0.088005
120570053013,Hillsborough,0.088596,0.099646,0.080174,0.069948,0.087050,0.087933
120570053021,Hillsborough,0.096672,0.109060,0.097382,0.075179,0.082251,0.089244
120570053022,Hillsborough,0.095132,0.099714,0.101595,0.072623,0.080429,0.089126
120570054011,Hillsborough,0.108948,0.142894,0.103097,0.087535,0.086579,0.086538
120570054012,Hillsborough,0.110286,0.142037,0.100419,0.084884,0.088161,0.086850
120570054013,Hillsborough,0.155257,0.240790,0.119739,0.092745,0.096144,0.086979
120570054014,Hillsborough,0.082870,0.092600,0.076456,0.071004,0.082499,0.087113
120570054015,Hillsborough,0.141043,0.212355,0.107991,0.085962,0.094010,0.087036
120570054016,Hillsborough,0.166017,0.255733,0.127606,0.096476,0.100791,0.087019
120570055001,Hillsborough,0.109857,0.141205,0.082463,0.077174,0.089193,0.087193
120570055002,Hillsborough,0.088912,0.104460,0.075940,0.070731,0.084761,0.087325
120570055003,Hillsborough,0.080489,0.089422,0.073022,0.069185,0.082116,0.086914
120570057001,Hillsborough,0.074622,0.076339,0.073040,0.072680,0.078543,0.086513
120570057002,Hillsborough,0.073977,0.075020,0.073008,0.072428,0.078950,0.086612
120570057003,Hillsborough,0.074309,0.075098,0.073564,0.072859,0.079608,0.086746
120570057004,Hillsborough,0.075576,0.079259,0.072193,0.072147,0.077901,0.086454
120570058001,Hillsborough,0.073477,0.075370,0.070682,0.073612,0.081943,0.086204
120570058002,Hillsborough,0.074155,0.075987,0.072220,0.072455,0.078562,0.086449
120570058003,Hillsborough,0.076312,0.081792,0.071301,0.071781,0.080095,0.085968
120570058004,Hillsborough,0.074203,0.079138,0.069893,0.070333,0.077623,0.085702
120570058005,Hillsborough,0.080257,0.088167,0.073016,0.075363,0.080226,0.085709
120570059001,Hillsborough,0.076434,0.082838,0.070387,0.074777,0.076212,0.086384
120570059002,Hillsborough,0.072648,0.075889,0.068290,0.073651,0.079715,0.086440
120570059003,Hillsborough,0.073229,0.077809,0.069006,0.070394,0.075177,0.085642
120570059004,Hillsborough,0.070726,0.073128,0.068762,0.069011,0.071903,0.085695
120570059005,Hillsborough,0.070377,0.073379,0.067766,0.069129,0.071932,0.085574
120570059006,Hillsborough,0.081389,0.093637,0.073575,0.072439,0.075687,0.085574
120570060001,Hillsborough,0.079629,0.083380,0.077952,0.073564,0.079663,0.086160
120570060002,Hillsborough,0.074901,0.077575,0.072860,0.071438,0.078385,0.086406
120570060003,Hillsborough,0.067671,0.065014,0.069541,0.069200,0.076604,0.086251
120570060004,Hillsborough,0.073557,0.074669,0.072078,0.072441,0.080578,0.085809
120570060005,Hillsborough,0.058697,0.050060,0.063727,0.066796,0.075940,0.086012
120570060006,Hillsborough,0.067499,0.064860,0.069164,0.068699,0.077848,0.086017
120570060007,Hillsborough,0.072435,0.072072,0.072548,0.071810,0.079722,0.085764
120570061011,Hillsborough,0.078109,0.081180,0.075251,0.074910,0.082867,0.086518
120570061012,Hillsborough,0.074857,0.075870,0.074274,0.072165,0.081143,0.086527
120570061013,Hillsborough,0.079397,0.088222,0.074304,0.066957,0.080517,0.086660
120570061014,Hillsborough,0.075930,0.076056,0.076625,0.073143,0.081471,0.086275
120570061031,Hillsborough,0.060519,0.051033,0.065049,0.069718,0.077245,0.086112
120570061032,Hillsborough,0.070973,0.067302,0.073823,0.071976,0.080839,0.086110
120570061033,Hillsborough,0.060595,0.054281,0.064090,0.064273,0.074522,0.085699
120570061034,Hillsborough,0.066594,0.064360,0.067497,0.067610,0.077760,0.085998
120570062001,Hillsborough,0.065282,0.062887,0.065444,0.068991,0.074871,0.085976
120570062002,Hillsborough,0.059880,0.051286,0.064357,0.068247,0.077073,0.086204
120570062003,Hillsborough,0.066220,0.066534,0.065844,0.064771,0.074245,0.085861
120570062004,Hillsborough,0.062750,0.060303,0.062951,0.064923,0.075996,0.085617
120570063001,Hillsborough,0.071417,0.071326,0.069828,0.073162,0.076604,0.085773
120570063002,Hillsborough,0.064018,0.059564,0.065622,0.068709,0.077256,0.085916
120570063003,Hillsborough,0.079703,0.088347,0.074258,0.073382,0.076568,0.085406
120570063004,Hillsborough,0.063224,0.060736,0.063422,0.066138,0.074299,0.085509
120570064001,Hillsborough,0.073044,0.078673,0.068693,0.070232,0.072263,0.085644
120570064002,Hillsborough,0.071925,0.075107,0.068474,0.071661,0.073177,0.085631
120570064003,Hillsborough,0.073498,0.080200,0.068366,0.070160,0.073562,0.085437
120570064004,Hillsborough,0.075847,0.084674,0.069641,0.071868,0.073749,0.085256
120570065011,Hillsborough,0.073286,0.081469,0.068534,0.071320,0.072959,0.084983
120570065012,Hillsborough,0.075433,0.087150,0.066465,0.072320,0.074378,0.085105
120570065013,Hillsborough,0.072821,0.080926,0.066021,0.071584,0.073397,0.085118
120570065031,Hillsborough,0.070959,0.077016,0.067045,0.071187,0.073008,0.084818
120570065032,Hillsborough,0.065272,0.063967,0.063982,0.067880,0.071369,0.084919
120570065033,Hillsborough,0.065163,0.064860,0.062611,0.068776,0.071138,0.085107
120570065041,Hillsborough,0.068725,0.071608,0.064884,0.071801,0.071930,0.084933
120570065042,Hillsborough,0.068852,0.070195,0.066601,0.071300,0.070210,0.085017
120570066001,Hillsborough,0.062386,0.056748,0.063539,0.068649,0.073615,0.085438
120570066002,Hillsborough,0.076591,0.085519,0.072144,0.072870,0.075033,0.085065
120570066003,Hillsborough,0.069595,0.069513,0.067355,0.072589,0.074576,0.085229
120570067001,Hillsborough,0.060223,0.053481,0.062727,0.065394,0.075197,0.085496
120570067002,Hillsborough,0.055720,0.044704,0.060349,0.062148,0.072366,0.085321
120570067003,Hillsborough,0.059884,0.052956,0.062265,0.065892,0.073632,0.085274
120570067004,Hillsborough,0.053530,0.040631,0.056751,0.063062,0.069440,0.085081
120570067005,Hillsborough,0.058240,0.050287,0.059694,0.064990,0.071628,0.085051
120570067006,Hillsborough,0.057639,0.050225,0.058512,0.065184,0.069812,0.085058
120570068011,Hillsborough,0.057346,0.051412,0.057973,0.064690,0.069899,0.085172
120570068012,Hillsborough,0.057528,0.049221,0.057894,0.065892,0.069136,0.085077
120570068013,Hillsborough,0.059286,0.053245,0.059607,0.065810,0.070301,0.085171
120570068014,Hillsborough,0.060560,0.053387,0.061394,0.065889,0.070016,0.085077
120570068015,Hillsborough,0.062318,0.058541,0.061270,0.067549,0.070382,0.085225
120570068021,Hillsborough,0.058780,0.048170,0.060762,0.064559,0.068761,0.085017
120570068022,Hillsborough,0.057705,0.049235,0.058430,0.064883,0.068953,0.084992
120570068023,Hillsborough,0.052414,0.039365,0.054476,0.061283,0.066380,0.084956
120570069001,Hillsborough,0.053852,0.045330,0.050257,0.059530,0.066013,0.084728
120570069002,Hillsborough,0.062685,0.069216,0.058533,0.065151,0.069508,0.084611
120570069003,Hillsborough,0.051824,0.036632,0.052544,0.060354,0.066258,0.084763
120570069004,Hillsborough,0.065213,0.062271,0.064888,0.067945,0.070653,0.085171
120570069005,Hillsborough,0.061980,0.055910,0.061823,0.065528,0.069788,0.084818
120570069006,Hillsborough,0.055214,0.042487,0.056520,0.061896,0.066798,0.084705
120570070011,Hillsborough,0.063372,0.061766,0.061102,0.068233,0.071127,0.085174
120570070012,Hillsborough,0.064964,0.060247,0.064644,0.070287,0.072222,0.085110
120570070013,Hillsborough,0.067970,0.063955,0.068036,0.071570,0.073986,0.085128
120570070014,Hillsborough,0.069031,0.068150,0.067796,0.070778,0.073256,0.084842
120570070021,Hillsborough,0.067847,0.065915,0.067020,0.069304,0.072916,0.084842
120570070022,Hillsborough,0.071441,0.099476,0.066983,0.070469,0.073487,0.084714
120570070023,Hillsborough,0.066158,0.064258,0.065628,0.067259,0.070944,0.084869
120570071021,Hillsborough,0.092729,0.143938,0.092537,0.081214,0.079079,0.084471
120570071022,Hillsborough,0.081157,0.120174,0.076781,0.074332,0.074241,0.084524
120570071031,Hillsborough,0.072498,0.081012,0.067219,0.070802,0.071197,0.084961
120570071032,Hillsborough,0.080067,0.090921,0.076223,0.075652,0.074582,0.084866
120570071033,Hillsborough,0.082666,0.118734,0.078624,0.076201,0.075931,0.084586
120570072001,Hillsborough,0.088612,0.130149,0.087954,0.080183,0.078543,0.084395
120570072002,Hillsborough,0.082555,0.113510,0.086035,0.077954,0.078434,0.083795
120570072003,Hillsborough,0.075728,0.104528,0.070774,0.075920,0.076484,0.084641
120570073001,Hillsborough,0.062261,0.036895,0.056370,0.063443,0.069320,0.082838
120570073002,Hillsborough,0.062640,0.060144,0.059597,0.063941,0.069568,0.083945
120570073003,Hillsborough,0.058378,0.055900,0.052923,0.060084,0.066076,0.083416
120570101051,Hillsborough,0.120872,0.102069,0.133203,0.111422,0.121598,0.094762
120570101052,Hillsborough,0.095338,0.069323,0.105357,0.091331,0.101873,0.094899
120570101053,Hillsborough,0.149987,0.124470,0.182146,0.136170,0.122107,0.093202
120570101061,Hillsborough,0.094118,0.065584,0.106491,0.090756,0.095626,0.095580
120570101062,Hillsborough,0.086662,0.070383,0.091744,0.084641,0.095277,0.098169
120570101063,Hillsborough,0.090992,0.063215,0.098856,0.087930,0.097436,0.093806
120570101064,Hillsborough,0.096930,0.070698,0.108968,0.092154,0.103822,0.095604
120570101071,Hillsborough,0.117838,0.105821,0.107217,0.124312,0.114068,0.100319
120570101072,Hillsborough,0.102396,0.085910,0.121278,0.097017,0.104353,0.097338
120570101073,Hillsborough,0.101312,0.080519,0.129196,0.097652,0.095278,0.095669
120570101081,Hillsborough,0.116637,,0.127944,0.122415,0.112412,0.106762
120570101082,Hillsborough,0.095854,0.101381,0.108605,0.097624,0.088864,0.096863
120570102031,Hillsborough,0.112304,0.121803,0.112365,0.112829,0.083518,0.092169
120570102032,Hillsborough,0.151452,0.163391,0.151318,0.160659,0.106358,0.092758
120570102041,Hillsborough,0.108659,0.126909,0.105830,0.103664,0.083840,0.091438
120570102042,Hillsborough,0.122287,0.104141,0.125113,0.153561,0.096887,0.091813
120570102043,Hillsborough,0.143507,0.157549,0.150104,0.114336,0.110133,0.091231
120570102101,Hillsborough,0.118134,0.057764,0.092481,0.136366,0.111141,0.093706
120570102102,Hillsborough,0.073054,0.048027,0.059514,0.074397,0.097800,0.092370
120570102111,Hillsborough,0.078537,0.054159,0.069906,0.088241,0.090187,0.091841
120570102112,Hillsborough,0.078197,0.048425,0.069375,0.089467,0.092215,0.091052
120570102113,Hillsborough,0.077562,0.037668,0.069384,0.088676,0.091412,0.090838
120570102121,Hillsborough,0.073157,0.045213,0.064170,0.078837,0.088982,0.092437
120570102122,Hillsborough,0.073114,0.043994,0.064795,0.078922,0.088168,0.092466
120570102131,Hillsborough,0.122330,0.116937,0.124302,0.129583,0.088736,0.091802
120570102151,Hillsborough,0.061062,0.023465,0.054697,0.061616,0.081002,0.095172
120570102152,Hillsborough,0.125771,0.092372,0.105626,0.134047,0.133238,0.097440
120570102161,Hillsborough,0.081077,0.072441,0.074158,0.088358,0.089903,0.094728
120570102162,Hillsborough,0.076328,0.048544,0.071355,0.082415,0.090461,0.094231
120570102171,Hillsborough,0.071772,0.041357,0.066753,0.081270,0.085264,0.092331
120570102172,Hillsborough,0.069446,0.034231,0.062176,0.080042,0.077502,0.092213
120570102181,Hillsborough,0.070016,0.040548,0.063995,0.080302,0.081438,0.092234
120570102182,Hillsborough,0.078423,0.055325,0.069875,0.088688,0.088514,0.093035
120570102183,Hillsborough,0.076806,0.049784,0.069773,0.092414,0.091654,0.092389
120570102184,Hillsborough,0.076233,0.055852,0.068881,0.089281,0.090457,0.093322
120570103031,Hillsborough,0.136860,0.167985,0.141757,0.123785,0.116185,0.093202
120570103032,Hillsborough,0.138369,0.172679,0.143832,0.126354,0.101773,0.093201
120570103033,Hillsborough,0.156594,0.182652,0.161662,0.146579,0.122268,0.092844
120570103041,Hillsborough,0.109012,0.165879,0.116968,0.094454,0.081177,0.091902
120570103042,Hillsborough,0.128633,0.171398,0.135683,0.111718,0.086241,0.092981
120570103043,Hillsborough,0.140785,0.146081,0.147621,0.135880,0.126041,0.094444
120570103051,Hillsborough,0.158606,0.200917,0.163504,0.141902,0.116842,0.092625
120570103052,Hillsborough,0.138367,0.160756,0.143577,0.120264,0.104090,0.091406
120570103053,Hillsborough,0.114604,0.140264,0.116213,0.102268,0.085735,0.089808
120570104011,Hillsborough,0.160972,0.183772,0.168046,0.117688,0.108404,0.090771
120570104012,Hillsborough,0.159990,0.180485,0.166245,0.121188,0.107792,0.090950
120570104013,Hillsborough,0.168276,0.203704,0.174547,0.123181,0.115306,0.091390
120570104021,Hillsborough,0.126418,0.138127,0.128649,0.104336,0.096600,0.090194
120570104022,Hillsborough,0.129263,0.142046,0.131910,0.103742,0.097128,0.090153
120570104023,Hillsborough,0.134885,0.163635,0.127325,0.098566,0.093149,0.090339
120570104024,Hillsborough,0.112447,0.128542,0.113971,0.100874,0.081109,0.091411
120570105011,Hillsborough,0.126155,0.138449,0.129494,0.104727,0.097965,0.090293
120570105012,Hillsborough,0.125097,0.145202,0.122981,0.106121,0.100882,0.090075
120570105013,Hillsborough,0.132561,0.152063,0.127191,0.104681,0.099757,0.089863
120570105021,Hillsborough,0.125955,0.138153,0.127598,0.104268,0.096652,0.090262
120570105022,Hillsborough,0.134186,0.153473,0.130328,0.102973,0.098395,0.090098
120570106001,Hillsborough,0.125141,0.138664,0.124172,0.106650,0.097301,0.090619
120570106002,Hillsborough,0.124663,0.139207,0.126019,0.102758,0.101010,0.090598
120570106003,Hillsborough,0.125600,0.136604,0.130599,0.104996,0.101541,0.090363
120570107011,Hillsborough,0.106464,0.103345,0.112659,0.104198,0.077053,0.091798
120570107012,Hillsborough,0.112185,0.101201,0.118587,0.119093,0.092676,0.091587
120570107013,Hillsborough,0.121691,0.106771,0.125261,0.156254,0.101360,0.090781
120570107014,Hillsborough,0.119052,0.104824,0.123452,0.153202,0.099812,0.091179
120570107021,Hillsborough,0.123154,0.119514,0.124656,0.146633,0.100408,0.090811
120570107022,Hillsborough,0.122489,0.116028,0.122528,0.153061,0.099801,0.090724
120570108051,Hillsborough,0.093308,0.106306,0.087507,0.087872,0.085086,0.090237
120570108052,Hillsborough,0.105634,0.121641,0.095935,0.120655,0.090210,0.090056
120570108053,Hillsborough,0.089473,0.100772,0.080162,0.110567,0.084567,0.090015
120570108081,Hillsborough,0.081607,0.077158,0.076841,0.113412,0.082595,0.089788
120570108082,Hillsborough,0.085844,0.082268,0.082134,0.113913,0.084972,0.089709
120570108091,Hillsborough,0.100332,0.090722,0.102058,0.128824,0.082176,0.090688
120570108092,Hillsborough,0.097234,0.094983,0.094030,0.140058,0.077606,0.091175
120570108101,Hillsborough,0.096522,0.081076,0.102841,0.102343,0.067989,0.091543
120570108102,Hillsborough,0.092896,0.079419,0.100425,0.095782,0.072788,0.091393
120570108111,Hillsborough,0.101969,0.091172,0.103993,0.139237,0.077615,0.090992
120570108112,Hillsborough,0.107391,0.103424,0.112182,0.116823,0.078416,0.091889
120570108113,Hillsborough,0.098846,0.088414,0.099013,0.131914,0.081685,0.090807
120570108114,Hillsborough,0.097946,0.083733,0.100000,0.132915,0.081310,0.091202
120570108115,Hillsborough,0.105569,0.094240,0.107901,0.135745,0.078481,0.091298
120570108141,Hillsborough,0.094853,0.106310,0.085692,0.118149,0.085514,0.089895
120570108142,Hillsborough,0.087858,0.084774,0.084468,0.121278,0.082170,0.089936
120570108151,Hillsborough,0.089019,0.097174,0.080300,0.113819,0.084321,0.089976
120570108152,Hillsborough,0.090279,0.093834,0.083563,0.120454,0.084722,0.089926
120570108161,Hillsborough,0.087310,0.092698,0.080887,0.112924,0.081170,0.089796
120570108162,Hillsborough,0.093345,0.103055,0.085230,0.117284,0.084462,0.089877
120570108163,Hillsborough,0.111366,0.127071,0.102433,0.128801,0.092664,0.089855
120570108171,Hillsborough,0.083810,0.076947,0.082472,0.109265,0.079205,0.090047
120570108172,Hillsborough,0.089559,0.096806,0.081623,0.110879,0.084818,0.089991
120570108173,Hillsborough,0.095198,0.113097,0.088604,0.088752,0.082961,0.090637
120570108191,Hillsborough,0.084461,0.077535,0.081930,0.116489,0.079620,0.089705
120570108192,Hillsborough,0.088058,0.083778,0.083833,0.120436,0.085253,0.089741
120570108201,Hillsborough,0.084230,0.078884,0.081148,0.112887,0.084163,0.089729
120570108202,Hillsborough,0.085919,0.082213,0.081869,0.115869,0.085700,0.089657
120570108211,Hillsborough,0.086754,0.091488,0.079473,0.112572,0.084232,0.089972
120570108212,Hillsborough,0.085575,0.087057,0.079389,0.113245,0.083838,0.090147
120570108221,Hillsborough,0.093434,0.110795,0.085723,0.090464,0.085946,0.090317
120570108222,Hillsborough,0.088222,0.096465,0.078813,0.114849,0.083543,0.090182
120570108231,Hillsborough,0.086402,0.080668,0.082762,0.119190,0.084942,0.089806
120570108241,Hillsborough,0.088263,0.087418,0.083005,0.119870,0.084951,0.089797
120570108242,Hillsborough,0.088003,0.083226,0.085116,0.116345,0.085326,0.089883
120570108243,Hillsborough,0.088509,0.085730,0.084512,0.120620,0.085519,0.090070
120570109001,Hillsborough,0.093009,0.096258,0.087492,0.117215,0.082131,0.090192
120570110031,Hillsborough,0.077389,0.077879,0.072965,0.092001,0.074678,0.089296
120570110032,Hillsborough,0.075953,0.077214,0.070299,0.099952,0.074081,0.090168
120570110033,Hillsborough,0.075344,0.082763,0.070639,0.079862,0.073811,0.090883
120570110034,Hillsborough,0.083828,0.077994,0.082479,0.112230,0.079462,0.090106
120570110051,Hillsborough,0.089562,0.091012,0.086840,0.084999,0.114249,0.093896
120570110061,Hillsborough,0.085410,0.080432,0.086246,0.080060,0.103462,0.092978
120570110062,Hillsborough,0.070342,0.091229,0.068782,0.068658,0.073266,0.091008
120570110063,Hillsborough,0.076621,0.087728,0.073711,0.073732,0.088778,0.090567
120570110071,Hillsborough,0.087721,0.118016,0.085347,0.082686,0.078373,0.092021
120570110072,Hillsborough,0.075638,0.086557,0.072405,0.077655,0.072127,0.091449
120570110073,Hillsborough,0.075637,0.078671,0.071308,0.084899,0.077055,0.090591
120570110081,Hillsborough,0.082426,0.046107,0.074734,0.097566,0.094817,0.089699
120570110082,Hillsborough,0.084715,0.057076,0.085158,0.100057,0.092911,0.090980
120570110083,Hillsborough,0.083101,0.055923,0.083296,0.101227,0.090828,0.090598
120570110084,Hillsborough,0.080435,0.063270,0.078820,0.100733,0.079187,0.088758
120570110085,Hillsborough,0.080943,0.062368,0.079782,0.100622,0.080491,0.089201
120570110086,Hillsborough,0.076508,0.061224,0.075487,0.107853,0.078146,0.089117
120570110101,Hillsborough,0.080629,0.070645,0.077977,0.104659,0.078052,0.088774
120570110102,Hillsborough,0.081578,0.073716,0.078698,0.110501,0.078414,0.089321
120570110131,Hillsborough,0.075803,0.045672,0.072741,0.086159,0.091136,0.091073
120570110132,Hillsborough,0.078888,0.045400,0.076770,0.090121,0.095375,0.090876
120570110161,Hillsborough,0.079442,0.050292,0.076369,0.099981,0.088287,0.089846
120570110162,Hillsborough,0.075117,0.049641,0.073120,0.097287,0.080469,0.088906
120570110163,Hillsborough,0.073904,0.051202,0.069524,0.100380,0.077343,0.088215
120570110171,Hillsborough,0.097020,0.077557,0.096798,0.120772,0.074696,0.091127
120570110172,Hillsborough,0.073075,0.047127,0.067521,0.096055,0.080714,0.087801
120570110173,Hillsborough,0.075093,0.046177,0.060258,0.075330,0.107132,0.085209
120570110181,Hillsborough,0.075944,0.060817,0.072270,0.107824,0.076786,0.088579
120570110182,Hillsborough,0.082263,0.072339,0.080839,0.111781,0.079208,0.089566
120570110191,Hillsborough,0.074646,0.053837,0.067002,0.083247,0.089051,0.091491
120570110192,Hillsborough,0.077778,0.062318,0.070224,0.089373,0.090610,0.093672
120570110193,Hillsborough,0.076524,0.076145,0.071739,0.072591,0.105991,0.094023
120570111031,Hillsborough,0.086391,0.104486,0.088563,0.083824,0.066844,0.094454
120570111032,Hillsborough,0.082774,0.074420,0.086748,0.083253,0.072880,0.095444
120570111061,Hillsborough,0.079285,0.082822,0.078821,0.078738,0.078625,0.092627
120570111071,Hillsborough,0.074377,0.076481,0.072262,0.076231,0.079231,0.090312
120570111072,Hillsborough,0.077469,0.079719,0.077394,0.076056,0.077843,0.091773
120570111073,Hillsborough,0.079799,0.092875,0.078205,0.078601,0.074172,0.090423
120570111081,Hillsborough,0.076229,0.080677,0.074802,0.075603,0.075027,0.091165
120570111091,Hillsborough,0.069583,0.069002,0.069225,0.069864,0.071256,0.092133
120570111092,Hillsborough,0.077724,0.077946,0.080343,0.074049,0.077431,0.091764
120570112031,Hillsborough,0.088487,0.110142,0.084421,0.083577,0.083029,0.090583
120570112032,Hillsborough,0.098115,0.115087,0.095426,0.088405,0.084069,0.090444
120570112033,Hillsborough,0.099530,0.116916,0.097691,0.088506,0.083909,0.090504
120570112041,Hillsborough,0.082632,0.108560,0.076825,0.075784,0.069991,0.090683
120570112042,Hillsborough,0.073857,0.074420,0.072983,0.076947,0.073765,0.090700
120570112043,Hillsborough,0.076302,0.076961,0.074134,0.083055,0.078021,0.090315
120570112044,Hillsborough,0.100013,0.123323,0.096612,0.088416,0.079972,0.090332
120570112045,Hillsborough,0.078871,0.082838,0.075055,0.087076,0.077936,0.090263
120570112051,Hillsborough,0.101931,0.123458,0.098852,0.091098,0.080750,0.090368
120570112052,Hillsborough,0.099229,0.113484,0.095740,0.091674,0.085554,0.090278
120570112053,Hillsborough,0.096773,0.111129,0.095278,0.087372,0.083645,0.090355
120570112061,Hillsborough,0.084724,0.091495,0.081638,0.086295,0.078369,0.090153
120570112062,Hillsborough,0.086610,0.098959,0.080183,0.087350,0.081242,0.090203
120570112063,Hillsborough,0.083656,0.090221,0.080231,0.085405,0.079574,0.090087
120570113011,Hillsborough,0.093189,0.099559,0.094152,0.088862,0.080727,0.090897
120570113012,Hillsborough,0.098190,0.112772,0.096991,0.093363,0.083953,0.090576
120570113031,Hillsborough,0.097659,0.111615,0.097137,0.086037,0.082840,0.090713
120570113032,Hillsborough,0.096595,0.106230,0.097246,0.090219,0.082172,0.090402
120570113041,Hillsborough,0.096680,0.110340,0.097030,0.087724,0.082044,0.089908
120570113042,Hillsborough,0.096704,0.103875,0.099930,0.082875,0.085643,0.090096
120570113043,Hillsborough,0.097074,0.102847,0.102795,0.080975,0.084626,0.090294
120570114071,Hillsborough,0.087772,0.087475,0.091077,0.083260,0.079943,0.091215
120570114072,Hillsborough,0.087384,0.085342,0.091698,0.082330,0.078823,0.091225
120570114081,Hillsborough,0.088743,0.094626,0.093383,0.081460,0.069725,0.090626
120570114082,Hillsborough,0.090307,0.092849,0.095533,0.082300,0.073650,0.090670
120570114083,Hillsborough,0.090081,0.093914,0.096845,0.078307,0.073706,0.090652
120570114091,Hillsborough,0.091053,0.095583,0.094885,0.085842,0.072459,0.090916
120570114092,Hillsborough,0.094743,0.099511,0.097948,0.085417,0.085001,0.090226
120570114101,Hillsborough,0.071420,0.089749,0.069166,0.072137,0.069455,0.091849
120570114102,Hillsborough,0.069694,0.065439,0.067259,0.076361,0.063199,0.092441
120570114103,Hillsborough,0.061983,0.055983,0.059684,0.066098,0.062478,0.091569
120570114111,Hillsborough,0.068750,0.060271,0.069854,0.073137,0.062223,0.091812
120570114121,Hillsborough,0.065628,0.064047,0.061835,0.072650,0.068666,0.091321
120570114122,Hillsborough,0.076112,0.083037,0.075525,0.074892,0.071525,0.090394
120570114131,Hillsborough,0.074781,0.071151,0.078362,0.073072,0.065669,0.091157
120570114132,Hillsborough,0.068822,0.061243,0.069996,0.073000,0.063515,0.091661
120570114133,Hillsborough,0.082169,0.081403,0.085679,0.078890,0.073518,0.091628
120570114134,Hillsborough,0.083324,0.083296,0.088228,0.077104,0.072979,0.090945
120570114141,Hillsborough,0.080852,0.084390,0.082580,0.078844,0.071415,0.090676
120570114142,Hillsborough,0.080109,0.081697,0.083249,0.076325,0.070592,0.090768
120570114143,Hillsborough,0.081520,0.091339,0.080979,0.077568,0.074607,0.090327
120570114151,Hillsborough,0.079486,0.087275,0.079153,0.076576,0.073659,0.090482
120570114152,Hillsborough,0.088071,0.094849,0.092282,0.079039,0.076403,0.090525
120570114153,Hillsborough,0.084058,0.093480,0.081237,0.078021,0.080727,0.090314
120570114161,Hillsborough,0.090829,0.096789,0.096687,0.078091,0.078258,0.090461
120570114162,Hillsborough,0.091004,0.096815,0.096670,0.079492,0.075618,0.090475
120570114163,Hillsborough,0.094915,0.102673,0.101953,0.079559,0.078330,0.090388
120570114164,Hillsborough,0.096621,0.105114,0.102789,0.080327,0.080118,0.090545
120570114171,Hillsborough,0.083583,0.073181,0.089618,0.081484,0.073677,0.092186
120570114172,Hillsborough,0.088129,0.091939,0.094750,0.077321,0.073372,0.090709
120570114173,Hillsborough,0.089595,0.094461,0.095845,0.078888,0.073494,0.090614
120570114181,Hillsborough,0.076231,0.074034,0.077904,0.074277,0.075243,0.091305
120570114182,Hillsborough,0.072099,0.065371,0.074218,0.072684,0.070306,0.092019
120570114183,Hillsborough,0.085890,0.085023,0.091879,0.080785,0.068097,0.091107
120570115041,Hillsborough,0.072919,0.056838,0.078819,0.071897,0.070142,0.098873
120570115042,Hillsborough,0.075258,0.123363,0.075208,0.074384,0.073350,0.093561
120570115061,Hillsborough,0.068059,0.070738,0.064742,0.071328,0.066135,0.090743
120570115062,Hillsborough,0.068401,0.068289,0.065461,0.072019,0.066372,0.090449
120570115063,Hillsborough,0.071602,0.065637,0.072687,0.071763,0.071672,0.090525
120570115064,Hillsborough,0.064284,0.050512,0.064584,0.063657,0.070638,0.090598
120570115091,Hillsborough,0.064842,0.056882,0.062955,0.065628,0.067973,0.094453
120570115092,Hillsborough,0.069725,0.060739,0.070954,0.069734,0.069518,0.098874
120570115093,Hillsborough,0.071126,0.088234,0.074944,0.065397,0.076069,0.099908
120570115094,Hillsborough,,,,,,0.100275
120570115101,Hillsborough,0.076873,0.064042,0.078077,0.078705,0.074204,0.097662
120570115102,Hillsborough,0.078498,0.054159,0.081140,0.079798,0.079834,0.096371
120570115121,Hillsborough,0.066644,0.072725,0.065577,0.067092,0.066154,0.095777
120570115122,Hillsborough,0.069496,0.101402,0.069149,0.068459,0.069303,0.093764
120570115123,Hillsborough,0.057892,0.037784,0.059247,0.061203,0.057455,0.094501
120570115141,Hillsborough,0.067764,0.058831,0.065335,0.075790,0.062033,0.092896
120570115142,Hillsborough,0.062195,0.047009,0.063327,0.067588,0.059206,0.092320
120570115143,Hillsborough,0.070003,0.062924,0.069560,0.073110,0.072717,0.091667
120570115144,Hillsborough,0.063136,0.057234,0.065383,0.063565,0.060863,0.092918
120570115151,Hillsborough,0.068788,0.058241,0.070219,0.070935,0.070501,0.092419
120570115152,Hillsborough,0.072156,0.068032,0.074279,0.071022,0.069293,0.091598
120570115161,Hillsborough,0.074568,0.073049,0.074950,0.073625,0.076869,0.091283
120570115162,Hillsborough,0.074114,0.072879,0.074252,0.074265,0.075493,0.091545
120570115181,Hillsborough,0.071002,0.071830,0.073459,0.069067,0.071974,0.094677
120570115182,Hillsborough,0.071109,0.087572,0.072934,0.069315,0.070677,0.095246
120570115183,Hillsborough,0.067503,0.067231,0.065393,0.068849,0.070483,0.091337
120570115191,Hillsborough,0.071831,0.053355,0.074744,0.073056,0.071967,0.091233
120570115192,Hillsborough,0.080251,0.082821,0.079870,0.082246,0.072535,0.090025
120570115201,Hillsborough,0.073046,0.073549,0.073026,0.074113,0.069373,0.089813
120570115202,Hillsborough,0.074571,0.078315,0.073944,0.074227,0.070753,0.090342
120570115211,Hillsborough,0.060989,0.067435,0.058033,0.062145,0.061965,0.094031
120570115212,Hillsborough,0.060688,0.046223,0.061019,0.062863,0.061636,0.095872
120570115213,Hillsborough,0.068728,0.048871,0.065866,0.074115,0.063180,0.094186
120570115221,Hillsborough,0.078479,0.079260,0.083326,0.078396,0.066433,0.095456
120570115222,Hillsborough,0.074284,0.069952,0.078760,0.073476,0.063468,0.094232
120570115223,Hillsborough,0.075020,0.067092,0.076692,0.074769,0.075279,0.094307
120570115231,Hillsborough,0.070680,0.063277,0.072679,0.073251,0.061415,0.094132
120570115241,Hillsborough,0.079178,0.084493,0.078859,0.076981,0.078429,0.091755
120570115242,Hillsborough,0.069599,0.058836,0.070852,0.069005,0.073737,0.091096
120570115243,Hillsborough,0.079179,0.083894,0.078940,0.077602,0.078585,0.091787
120570115244,Hillsborough,0.076652,0.076427,0.076937,0.075540,0.077567,0.091790
120570115251,Hillsborough,0.071296,0.064981,0.072412,0.072597,0.070731,0.091449
120570115252,Hillsborough,0.073911,0.074306,0.071015,0.079215,0.071044,0.090104
120570115253,Hillsborough,0.073157,0.070861,0.072596,0.075665,0.069590,0.089765
120570115261,Hillsborough,0.075818,0.083018,0.075061,0.076135,0.068627,0.090394
120570115262,Hillsborough,0.075733,0.083285,0.074223,0.074932,0.071422,0.090580
120570115271,Hillsborough,0.058962,0.037128,0.059023,0.057005,0.065970,0.096413
120570115272,Hillsborough,0.070017,0.070911,0.070735,0.069061,0.071202,0.092665
120570115281,Hillsborough,0.069928,0.056879,0.071387,0.070393,0.071666,0.091344
120570115282,Hillsborough,0.063251,0.047705,0.062876,0.063497,0.069910,0.091294
120570115283,Hillsborough,0.066117,0.054409,0.067243,0.066998,0.069926,0.090913
120570116031,Hillsborough,0.081140,0.091039,0.080358,0.073769,0.078415,0.089787
120570116032,Hillsborough,0.083399,0.085435,0.087114,0.076497,0.078974,0.089495
120570116033,Hillsborough,0.079308,0.085187,0.079770,0.072751,0.077782,0.089810
120570116051,Hillsborough,0.089721,0.103080,0.085770,0.084958,0.082865,0.088879
120570116052,Hillsborough,0.084571,0.094352,0.084298,0.074799,0.081287,0.088748
120570116053,Hillsborough,0.086230,0.092610,0.089204,0.075137,0.082069,0.089385
120570116054,Hillsborough,0.082009,0.093611,0.078451,0.075089,0.080175,0.088855
120570116055,Hillsborough,0.089460,0.102242,0.087036,0.080027,0.085240,0.088933
120570116101,Hillsborough,0.084902,0.090023,0.085652,0.082221,0.077753,0.089846
120570116102,Hillsborough,0.076403,0.092057,0.074307,0.071603,0.070895,0.090131
120570116103,Hillsborough,0.084104,0.099849,0.082245,0.077500,0.077206,0.089881
120570116104,Hillsborough,0.085615,0.099898,0.081752,0.085734,0.078794,0.089460
120570116111,Hillsborough,0.086661,0.096522,0.088440,0.075129,0.080208,0.090078
120570116112,Hillsborough,0.082690,0.093676,0.081707,0.074593,0.078637,0.089697
120570116113,Hillsborough,0.082726,0.097548,0.079868,0.076390,0.077892,0.090152
120570116121,Hillsborough,0.090844,0.102271,0.091433,0.086714,0.082168,0.088985
120570116122,Hillsborough,0.089137,0.103306,0.089252,0.082018,0.080932,0.089281
120570116123,Hillsborough,0.089388,0.104514,0.088362,0.080885,0.081797,0.089557
120570116124,Hillsborough,0.086259,0.102379,0.085168,0.077675,0.079137,0.089812
120570116131,Hillsborough,0.088512,0.103843,0.083682,0.084230,0.082716,0.088930
120570116132,Hillsborough,0.087209,0.103446,0.084035,0.081665,0.081476,0.088581
120570116133,Hillsborough,0.088792,0.109589,0.083767,0.081527,0.080921,0.088620
120570116134,Hillsborough,0.083702,0.096473,0.079894,0.077507,0.081555,0.088724
120570116141,Hillsborough,0.084804,0.094910,0.084474,0.083246,0.073475,0.089245
120570116142,Hillsborough,0.086123,0.093240,0.086459,0.083856,0.077832,0.089008
120570116143,Hillsborough,0.086082,0.095331,0.085941,0.085550,0.077775,0.088424
120570116144,Hillsborough,0.085363,0.092135,0.086213,0.082827,0.075370,0.088975
120570116151,Hillsborough,0.086074,0.095607,0.085815,0.085417,0.077837,0.088580
120570116152,Hillsborough,0.085243,0.099153,0.080276,0.080090,0.079790,0.088700
120570116153,Hillsborough,0.084809,0.102993,0.083858,0.077483,0.077855,0.088360
120570116154,Hillsborough,0.085033,0.098125,0.082617,0.082899,0.078069,0.088670
120570116161,Hillsborough,0.085352,0.091188,0.088078,0.083024,0.077135,0.088881
120570116162,Hillsborough,0.086647,0.095038,0.085503,0.088094,0.077624,0.089216
120570116163,Hillsborough,0.076443,0.086642,0.074433,0.074828,0.071340,0.090003
120570116164,Hillsborough,0.083723,0.087328,0.085213,0.083270,0.076633,0.089077
120570116165,Hillsborough,0.084926,0.091410,0.083325,0.086263,0.077690,0.089645
120570116171,Hillsborough,0.082224,0.082366,0.083065,0.081698,0.077603,0.089522
120570116172,Hillsborough,0.085087,0.092972,0.086088,0.081313,0.076572,0.088577
120570116173,Hillsborough,0.085601,0.101745,0.085278,0.078293,0.078090,0.088583
120570117081,Hillsborough,0.075430,0.092922,0.068194,0.068762,0.072065,0.087938
120570117082,Hillsborough,0.071881,0.078487,0.067720,0.066719,0.073328,0.087503
120570117083,Hillsborough,0.074875,0.093420,0.070557,0.066695,0.073235,0.087599
120570117121,Hillsborough,0.086061,0.100620,0.081499,0.079582,0.082491,0.088442
120570117122,Hillsborough,0.080277,0.097836,0.080681,0.070140,0.073913,0.087464
120570117123,Hillsborough,0.083349,0.100399,0.079720,0.073709,0.080287,0.088174
120570117124,Hillsborough,0.080158,0.096448,0.080511,0.070517,0.075463,0.087556
120570117131,Hillsborough,0.084118,0.089746,0.087111,0.078432,0.075844,0.088240
120570117132,Hillsborough,0.081945,0.082041,0.084038,0.079514,0.076854,0.088744
120570117133,Hillsborough,0.083408,0.088585,0.085974,0.077682,0.076751,0.088461
120570117134,Hillsborough,0.084091,0.089560,0.086990,0.078117,0.076560,0.088363
120570117141,Hillsborough,0.085609,0.101720,0.085822,0.079177,0.076985,0.088195
120570117151,Hillsborough,0.084410,0.103730,0.080234,0.073097,0.079103,0.088038
120570117152,Hillsborough,0.084093,0.103405,0.079123,0.072988,0.080522,0.088079
120570117161,Hillsborough,0.081665,0.092331,0.078531,0.076361,0.079766,0.088568
120570117162,Hillsborough,0.078571,0.085053,0.077724,0.070723,0.080619,0.088727
120570117163,Hillsborough,0.074802,0.085558,0.071575,0.067548,0.072075,0.088192
120570118021,Hillsborough,0.105024,0.124008,0.095830,0.080848,0.088411,0.088962
120570118022,Hillsborough,0.094749,0.102486,0.096059,0.079212,0.087325,0.089153
120570118023,Hillsborough,0.100412,0.128385,0.094591,0.074520,0.081883,0.089211
120570118024,Hillsborough,0.113332,0.144403,0.109959,0.077583,0.084441,0.089542
120570118041,Hillsborough,0.096919,0.104617,0.101922,0.079592,0.082850,0.089949
120570118042,Hillsborough,0.094233,0.105015,0.094913,0.077563,0.085903,0.089542
120570118043,Hillsborough,0.092741,0.099259,0.094149,0.078596,0.087393,0.089345
120570118044,Hillsborough,0.104983,0.137277,0.102141,0.079306,0.078558,0.089792
120570118051,Hillsborough,0.098903,0.107966,0.101068,0.087645,0.087686,0.089594
120570118052,Hillsborough,0.096867,0.108863,0.100579,0.080158,0.081074,0.089867
120570118053,Hillsborough,0.096815,0.107903,0.101522,0.076625,0.079667,0.089991
120570118061,Hillsborough,0.099258,0.108559,0.100856,0.083276,0.088859,0.090082
120570118062,Hillsborough,0.097204,0.109169,0.101986,0.075892,0.081633,0.090065
120570118063,Hillsborough,0.097228,0.104821,0.101163,0.080006,0.086140,0.089995
120570119051,Hillsborough,0.101397,0.111361,0.100733,0.079560,0.091271,0.088818
120570119071,Hillsborough,0.098256,0.100568,0.104493,0.080735,0.089282,0.090053
120570119072,Hillsborough,0.098415,0.103973,0.104955,0.080410,0.086844,0.090110
120570119081,Hillsborough,0.096228,0.101955,0.100646,0.080102,0.087723,0.090223
120570119082,Hillsborough,0.098672,0.103224,0.105066,0.079791,0.086577,0.089997
120570119091,Hillsborough,0.102170,0.107440,0.109088,0.080351,0.088256,0.089978
120570119092,Hillsborough,0.094554,0.098849,0.099277,0.077848,0.087202,0.089756
120570119093,Hillsborough,0.099393,0.107740,0.102462,0.080039,0.088915,0.089238
120570119101,Hillsborough,0.103878,0.109479,0.106253,0.087609,0.096203,0.089448
120570119102,Hillsborough,0.093594,0.096390,0.098727,0.077472,0.087155,0.089455
120570119103,Hillsborough,0.105103,0.114197,0.111365,0.079795,0.089603,0.089263
120570119111,Hillsborough,0.099102,0.105640,0.103653,0.077356,0.089592,0.089063
120570119112,Hillsborough,0.100057,0.109419,0.102994,0.079494,0.088652,0.088990
120570119113,Hillsborough,0.090969,0.094665,0.094284,0.076774,0.089219,0.088709
120570120011,Hillsborough,0.125063,0.147912,0.122592,0.093567,0.083345,0.090234
120570120012,Hillsborough,0.143959,0.174877,0.134243,0.099911,0.102335,0.090015
120570120021,Hillsborough,0.137298,0.176778,0.123498,0.090857,0.082212,0.090485
120570120022,Hillsborough,0.154625,0.197602,0.142773,0.105268,0.089768,0.091068
120570120023,Hillsborough,0.142740,0.185632,0.121172,0.094285,0.085920,0.090810
120570121031,Hillsborough,0.140481,0.151259,0.147874,0.113572,0.090798,0.091452
120570121032,Hillsborough,0.130804,0.156995,0.120814,0.104180,0.086040,0.090975
120570121033,Hillsborough,0.137166,0.159340,0.141862,0.108549,0.091195,0.091203
120570121061,Hillsborough,0.164054,0.203072,0.171768,0.136343,0.113907,0.092093
120570121062,Hillsborough,0.159829,0.211155,0.166366,0.129983,0.107551,0.091679
120570121063,Hillsborough,0.140388,0.162530,0.156446,0.118274,0.099912,0.091867
120570121071,Hillsborough,0.142016,0.200719,0.132406,0.109050,0.085588,0.091604
120570121072,Hillsborough,0.137147,0.173861,0.132839,0.115020,0.098191,0.092445
120570121073,Hillsborough,0.135045,0.165881,0.128962,0.114186,0.099689,0.092425
120570121081,Hillsborough,0.129944,0.167978,0.132249,0.106317,0.088062,0.092486
120570121082,Hillsborough,0.149219,0.201896,0.151527,0.118541,0.097685,0.091491
120570121091,Hillsborough,0.162339,0.186280,0.167134,0.126750,0.110294,0.091701
120570121092,Hillsborough,0.136279,0.145067,0.140013,0.125144,0.097235,0.091940
120570121101,Hillsborough,0.139238,0.165617,0.135956,0.120788,0.100463,0.092157
120570121102,Hillsborough,0.136866,0.164974,0.129224,0.123887,0.099530,0.092090
120570122061,Hillsborough,0.140726,0.177925,0.132338,0.114920,0.099404,0.092093
120570122062,Hillsborough,0.146955,0.208779,0.134670,0.113267,0.098016,0.092684
120570122063,Hillsborough,0.153700,0.233305,0.138741,0.116915,0.100464,0.092761
120570122064,Hillsborough,0.132885,0.187501,0.114946,0.111746,0.098390,0.092626
120570122071,Hillsborough,0.139524,0.191885,0.132208,0.111486,0.100235,0.092676
120570122072,Hillsborough,0.129911,0.150679,0.137249,0.110786,0.100259,0.092388
120570122073,Hillsborough,0.139450,0.193795,0.136735,0.107575,0.100511,0.092741
120570122074,Hillsborough,0.128663,0.173848,0.123809,0.107436,0.098836,0.092674
120570122075,Hillsborough,0.139431,0.201633,0.128616,0.106906,0.098803,0.093154
120570122081,Hillsborough,0.119041,0.124887,0.132827,0.101808,0.095411,0.092738
120570122082,Hillsborough,0.153264,0.289712,0.135429,0.097989,0.084983,0.093166
120570122083,Hillsborough,0.153969,0.305941,0.143326,0.098805,0.088414,0.093059
120570122091,Hillsborough,0.132810,0.110601,0.151330,0.116933,0.106578,0.092650
120570122092,Hillsborough,0.110880,0.061915,0.137652,0.094837,0.097651,0.093992
120570122101,Hillsborough,0.122434,0.187960,0.123734,0.090393,0.082802,0.094218
120570122102,Hillsborough,0.122631,0.193235,0.121917,0.088690,0.080640,0.094043
120570122111,Hillsborough,0.111871,0.138687,0.101230,0.109367,0.099856,0.091862
120570122121,Hillsborough,0.117456,0.169371,0.106754,0.080014,0.066903,0.093056
120570122122,Hillsborough,0.118880,0.170177,0.110148,0.079181,0.067291,0.093220
120570122131,Hillsborough,0.136056,0.150406,0.140589,0.113321,0.094436,0.091945
120570122132,Hillsborough,0.138792,0.177706,0.136483,0.103506,0.089334,0.092642
120570123011,Hillsborough,0.197094,0.416888,0.115504,0.082296,0.071582,0.093272
120570123012,Hillsborough,0.151956,0.293217,0.124175,0.091689,0.083366,0.093506
120570123013,Hillsborough,0.169997,0.341667,0.100106,0.085606,0.076402,0.093934
120570123014,Hillsborough,0.149860,0.301418,0.089320,0.081531,0.069811,0.093578
120570123031,Hillsborough,0.150622,0.247552,0.122386,0.101099,0.086779,0.093680
120570123032,Hillsborough,0.155828,0.271659,0.118006,0.096674,0.084548,0.094016
120570123033,Hillsborough,0.154212,0.304858,0.112753,0.087618,0.078292,0.094103
120570123041,Hillsborough,0.150404,0.284744,0.122001,0.094552,0.082777,0.093893
120570123042,Hillsborough,0.154197,0.307302,0.123145,0.095959,0.083301,0.093952
120570123043,Hillsborough,0.129592,0.233626,0.111717,0.086378,0.077775,0.094082
120570124011,Hillsborough,0.156584,0.201440,0.177790,0.126750,0.118220,0.092041
120570124012,Hillsborough,0.140776,0.182425,0.159876,0.113280,0.110211,0.091877
120570124013,Hillsborough,0.129630,0.153071,0.169322,0.100779,0.099783,0.093756
120570124014,Hillsborough,0.143844,0.151991,0.161684,0.124916,0.113347,0.093219
120570124021,Hillsborough,0.137561,0.128609,0.155447,0.122545,0.111284,0.093080
120570124022,Hillsborough,0.146343,0.153459,0.164275,0.135963,0.122341,0.094457
120570124031,Hillsborough,0.119157,0.148692,0.149103,0.095977,0.087219,0.095948
120570124032,Hillsborough,0.113892,0.108242,0.144238,0.100688,0.091947,0.097399
120570124033,Hillsborough,0.114905,0.126048,0.145764,0.101542,0.092624,0.097918
120570125011,Hillsborough,0.111822,0.125440,0.127216,0.095305,0.105683,0.093085
120570125012,Hillsborough,0.135007,0.135806,0.148606,0.135992,0.114882,0.097189
120570125013,Hillsborough,0.142920,0.132548,0.168741,0.133857,0.114138,0.094744
120570125031,Hillsborough,0.138833,0.102187,0.176862,0.145390,0.118007,0.097092
120570125032,Hillsborough,0.107312,0.095702,0.130117,0.103265,0.097239,0.096207
120570125033,Hillsborough,0.112472,0.117523,0.135507,0.113849,0.093430,0.097893
120570125041,Hillsborough,0.128986,0.130400,0.146953,0.125201,0.113288,0.097624
120570126001,Hillsborough,0.113218,0.115937,0.137660,0.105990,0.101875,0.095940
120570126002,Hillsborough,0.113492,0.104312,0.137442,0.106435,0.101921,0.095627
120570126003,Hillsborough,0.111791,0.109802,0.134737,0.106316,0.099047,0.095920
120570126004,Hillsborough,0.109309,0.099114,0.136399,0.106032,0.093722,0.096315
120570127011,Hillsborough,0.108788,0.100573,0.130272,0.097022,0.103841,0.094541
120570127012,Hillsborough,0.109399,0.125372,0.130965,0.094029,0.100569,0.094830
120570127013,Hillsborough,0.154118,0.130748,0.182131,0.143317,0.123803,0.093482
120570127014,Hillsborough,0.156946,0.148298,0.187904,0.145239,0.125280,0.094181
120570127021,Hillsborough,0.112405,0.105621,0.136509,0.103085,0.106843,0.096020
120570127022,Hillsborough,0.119649,0.120230,0.141596,0.113887,0.105543,0.095856
120570127023,Hillsborough,0.115564,0.115529,0.137306,0.104930,0.109196,0.095495
120570128001,Hillsborough,0.105440,0.099388,0.129026,0.100054,0.100669,0.095453
120570128002,Hillsborough,0.121926,0.124618,0.142436,0.117716,0.107501,0.095502
120570129001,Hillsborough,0.121726,0.131611,0.145427,0.115779,0.106392,0.095622
120570129002,Hillsborough,0.103820,0.118601,0.110939,0.108985,0.087730,0.096322
120570130011,Hillsborough,0.101715,0.076748,0.099091,0.126471,0.090474,0.091352
120570130021,Hillsborough,0.102117,0.111670,0.112415,0.108654,0.086076,0.096088
120570130022,Hillsborough,0.101686,0.095749,0.109104,0.114055,0.086288,0.097791
120570130023,Hillsborough,0.118827,0.127315,0.136641,0.123692,0.101147,0.097266
120570130031,Hillsborough,0.118503,0.136727,0.158253,0.115966,0.094953,0.098068
120570130032,Hillsborough,0.124894,0.148251,0.155166,0.113399,0.100158,0.100128
120570130041,Hillsborough,0.126799,0.122046,0.147093,0.128366,0.109295,0.100738
120570130042,Hillsborough,0.116085,0.130698,0.125203,0.130762,0.098128,0.100297
120570130043,Hillsborough,0.129471,0.148151,0.137835,0.143248,0.111162,0.099937
120570131001,Hillsborough,0.129090,,0.134523,0.149331,0.111884,0.101289
120570131002,Hillsborough,0.137655,,0.148147,0.155212,0.122642,0.102948
120570132031,Hillsborough,0.114841,0.171096,0.111873,0.087711,0.078708,0.094121
120570132032,Hillsborough,0.116736,0.160725,0.122701,0.090778,0.080741,0.094374
120570132041,Hillsborough,0.116400,0.155226,0.123611,0.091584,0.083077,0.094348
120570132051,Hillsborough,0.117807,0.190764,0.113460,0.086189,0.074555,0.094477
120570132052,Hillsborough,0.117353,0.205976,0.117690,0.087508,0.076845,0.094531
120570132053,Hillsborough,0.115749,0.185756,0.121336,0.086778,0.078105,0.094530
120570132054,Hillsborough,0.102100,0.133656,0.120075,0.085731,0.077660,0.095699
120570132061,Hillsborough,,,,,,
120570132062,Hillsborough,0.106215,0.149653,0.123847,0.087258,0.075828,0.095453
120570132063,Hillsborough,0.105531,0.142386,0.122508,0.087473,0.075473,0.096280
120570132064,Hillsborough,,,,,,
120570132071,Hillsborough,0.105476,0.068663,0.139186,0.093850,0.084167,0.096552
120570132072,Hillsborough,0.101287,0.070605,0.132264,0.094030,0.079839,0.096366
120570132081,Hillsborough,0.103952,0.134066,0.121173,0.088667,0.075874,0.096342
120570132082,Hillsborough,0.112991,0.101603,0.145791,0.103418,0.086435,0.096711
120570133051,Hillsborough,0.117737,0.189246,0.106248,0.084689,0.073672,0.094458
120570133052,Hillsborough,0.123026,0.212664,0.114449,0.089867,0.074694,0.095944
120570133071,Hillsborough,0.136016,0.267606,0.078545,0.075857,0.066896,0.093698
120570133072,Hillsborough,0.532917,1.279471,0.359227,0.229316,0.165563,0.094207
120570133073,Hillsborough,0.144898,0.348987,0.075434,0.089922,0.061086,0.094170
120570133101,Hillsborough,0.096363,0.167011,0.079316,0.076932,0.060729,0.094760
120570133102,Hillsborough,0.104663,0.208341,0.073752,0.079540,0.060538,0.094842
120570133111,Hillsborough,0.239938,0.432076,0.199017,0.151099,0.121655,0.094084
120570133112,Hillsborough,0.130340,0.222062,0.110984,0.088469,0.079136,0.094353
120570133113,Hillsborough,0.127573,0.214643,0.110624,0.088400,0.079251,0.094273
120570133121,Hillsborough,0.127109,0.224131,0.111198,0.086297,0.078813,0.093959
120570133122,Hillsborough,0.117055,0.196998,0.109595,0.083964,0.072832,0.094044
120570133123,Hillsborough,0.116317,0.190552,0.105688,0.082617,0.072955,0.094270
120570133131,Hillsborough,0.257267,0.406549,0.251149,0.175570,0.098294,0.094776
120570133132,Hillsborough,0.863045,1.850204,0.671321,0.422643,0.258263,0.094932
120570133133,Hillsborough,0.229724,0.335881,0.235756,0.165345,0.093726,0.094620
120570133141,Hillsborough,0.256205,0.384112,0.260529,0.177588,0.109090,0.095914
120570133142,Hillsborough,0.113522,0.180887,0.104730,0.086243,0.072939,0.095812
120570133151,Hillsborough,0.089959,0.103866,0.091490,0.061037,0.058151,0.092655
120570133152,Hillsborough,0.097637,0.113157,0.098267,0.061885,0.062182,0.092848
120570133161,Hillsborough,0.106969,0.183035,0.074749,0.067083,0.063997,0.093855
120570133162,Hillsborough,0.108909,0.180096,0.083343,0.067913,0.066988,0.093624
120570133171,Hillsborough,0.091132,0.114608,0.079331,0.065678,0.063542,0.093542
120570133172,Hillsborough,0.084193,0.100038,0.076240,0.061894,0.060425,0.093813
120570133191,Hillsborough,0.094336,0.156541,0.083744,0.065469,0.062524,0.095040
120570133192,Hillsborough,,,,,,
120570133193,Hillsborough,0.081707,0.119124,0.069503,0.077044,0.060935,0.094057
120570133201,Hillsborough,0.095566,0.160845,0.082191,0.069484,0.061237,0.095261
120570133221,Hillsborough,0.099331,0.164621,0.086074,0.071700,0.063100,0.095476
120570133222,Hillsborough,0.987116,1.980349,0.823635,0.524908,0.338546,0.095426
120570133223,Hillsborough,0.238954,0.624427,0.132651,0.100605,0.069715,0.096144
120570133224,Hillsborough,1.089274,1.978131,1.010156,0.647055,0.455436,0.095764
120570133231,Hillsborough,0.146025,0.302733,0.075555,0.086004,0.061182,0.094280
120570133232,Hillsborough,0.125540,0.281570,0.075598,0.088910,0.061736,0.094468
120570133233,Hillsborough,0.719687,1.639388,0.554856,0.322693,0.195820,0.094566
120570133234,Hillsborough,0.087911,0.130342,0.070368,0.066387,0.063899,0.094145
120570133235,Hillsborough,0.134875,0.307720,0.089316,0.086680,0.062048,0.094528
120570134061,Hillsborough,0.779399,2.138645,0.438897,0.284715,0.183452,0.096028
120570134071,Hillsborough,0.745149,1.907323,0.618021,0.297673,0.191322,0.095851
120570134072,Hillsborough,0.325704,0.822992,0.316631,0.087442,0.071270,0.095892
120570134073,Hillsborough,0.311830,0.588756,0.411882,0.088100,0.073063,0.096937
120570134074,Hillsborough,0.304600,0.628813,0.424853,0.106565,0.084623,0.095798
120570134091,Hillsborough,0.119385,0.193105,0.116328,0.094976,0.078415,0.096006
120570134092,Hillsborough,0.111049,0.162678,0.113317,0.093302,0.078261,0.096254
120570134093,Hillsborough,0.115879,0.162291,0.135634,0.098374,0.082421,0.096322
120570134101,Hillsborough,0.098832,0.168784,0.087292,0.065120,0.063771,0.096649
120570134102,Hillsborough,0.090517,0.145625,0.080283,0.064308,0.061395,0.095559
120570134111,Hillsborough,0.107458,0.185188,0.097618,0.071826,0.066195,0.096530
120570134121,Hillsborough,0.091289,0.103706,0.103838,0.079707,0.066083,0.097623
120570134122,Hillsborough,0.090757,0.100829,0.105343,0.068779,0.064948,0.098082
120570134131,Hillsborough,0.090893,0.105260,0.106149,0.070295,0.064680,0.097504
120570134141,Hillsborough,0.262458,0.561688,0.283065,0.082831,0.070932,0.096128
120570134142,Hillsborough,0.265170,0.464657,0.348984,0.086579,0.070928,0.096225
120570134143,Hillsborough,0.118643,0.208038,0.129981,0.094926,0.079285,0.096727
120570134144,Hillsborough,0.257722,0.434484,0.351183,0.082456,0.069730,0.096723
120570134151,Hillsborough,0.262679,0.118547,0.632402,0.087098,0.070966,0.097449
120570134152,Hillsborough,0.258424,0.336945,0.526867,0.083151,0.069942,0.097454
120570135011,Hillsborough,0.111268,0.130091,0.109697,0.078977,0.079782,0.090750
120570135012,Hillsborough,0.116440,0.137371,0.115694,0.083559,0.078117,0.090870
120570135031,Hillsborough,0.109412,0.129103,0.104467,0.084186,0.075747,0.091294
120570135032,Hillsborough,0.094056,0.114871,0.082124,0.075448,0.066724,0.091628
120570135033,Hillsborough,0.111817,0.133644,0.104994,0.085814,0.076359,0.091758
120570135041,Hillsborough,0.130426,0.157184,0.129396,0.094198,0.084629,0.092159
120570135042,Hillsborough,0.122976,0.153329,0.114723,0.093943,0.078601,0.092579
120570135043,Hillsborough,0.121936,0.150823,0.115285,0.082108,0.080656,0.092885
120570135051,Hillsborough,0.070931,0.080883,0.065103,0.055870,0.059168,0.092770
120570135052,Hillsborough,0.105039,0.128671,0.093500,0.087672,0.072612,0.092066
120570135053,Hillsborough,0.116428,0.145426,0.107162,0.079240,0.076991,0.092406
120570136021,Hillsborough,0.107273,0.110906,0.113092,0.095242,0.083634,0.092362
120570136022,Hillsborough,0.110259,0.124443,0.113635,0.102009,0.083958,0.093713
120570136041,Hillsborough,0.107596,0.104855,0.117442,0.089886,0.083200,0.093171
120570137021,Hillsborough,0.122339,0.134114,0.131708,0.101590,0.090940,0.094636
120570137022,Hillsborough,0.114667,0.150882,0.113770,0.096663,0.086767,0.094746
120570137023,Hillsborough,0.086169,0.110234,0.091225,0.072722,0.059647,0.095132
120570137024,Hillsborough,0.130916,0.157363,0.143489,0.114036,0.092730,0.096309
120570137031,Hillsborough,0.080661,0.122485,0.067482,0.062683,0.058813,0.093406
120570137032,Hillsborough,0.080241,0.113951,0.070349,0.062426,0.059711,0.093848
120570137033,Hillsborough,0.087154,0.121935,0.086395,0.076959,0.057110,0.094847
120570137051,Hillsborough,0.088468,0.142328,0.084135,0.062130,0.060364,0.096036
120570137052,Hillsborough,0.103456,0.145216,0.114386,0.070285,0.065505,0.096908
120570137053,Hillsborough,0.088452,0.130705,0.090746,0.062507,0.060224,0.096019
120570137054,Hillsborough,0.090931,0.146918,0.081123,0.064457,0.061851,0.095061
120570137061,Hillsborough,0.091085,0.150372,0.081998,0.065076,0.061750,0.095047
120570137062,Hillsborough,0.089144,0.129551,0.077927,0.060614,0.060824,0.095208
120570138011,Hillsborough,0.113878,0.113577,0.121504,0.111797,0.091758,0.098282
120570138012,Hillsborough,0.108478,0.121598,0.112165,0.106725,0.085171,0.097040
120570138021,Hillsborough,0.110125,0.113338,0.120314,0.096259,0.084271,0.097045
120570138022,Hillsborough,0.089460,0.112043,0.099993,0.062995,0.060069,0.098238
120570138031,Hillsborough,0.110326,0.115084,0.120274,0.096092,0.084224,0.096959
120570138041,Hillsborough,0.112103,0.107721,0.138461,0.099633,0.083101,0.100948
120570138042,Hillsborough,0.110013,0.124709,0.117290,0.102466,0.086958,0.096873
120570138043,Hillsborough,0.114180,0.134677,0.127831,0.096753,0.087545,0.096573
120570138061,Hillsborough,0.086612,0.107334,0.099706,0.062756,0.059747,0.097987
120570138071,Hillsborough,0.106096,0.109419,0.124662,0.084062,0.076705,0.100807
120570138072,Hillsborough,0.106186,0.109586,0.125739,0.085218,0.076973,0.100688
120570139031,Hillsborough,0.147057,,0.175020,0.159559,0.129604,0.108784
120570139032,Hillsborough,0.131158,,,0.127498,0.131198,0.170655
120570139071,Hillsborough,0.147275,,0.179365,0.163960,0.128750,0.123907
120570139072,Hillsborough,0.134736,,0.135044,0.150440,0.125615,0.132681
120570139121,Hillsborough,0.104865,0.108664,0.131904,0.094490,0.081415,0.101030
120570139122,Hillsborough,0.103389,0.089244,0.120482,0.105054,0.084158,0.103611
120570139131,Hillsborough,0.110591,0.066620,0.150241,0.111769,0.088488,0.109839
120570139132,Hillsborough,0.124728,0.152659,0.190738,0.118903,0.093310,0.115727
120570139133,Hillsborough,0.116156,0.138670,0.183757,0.111059,0.084150,0.113068
120570139141,Hillsborough,0.116142,0.128589,0.180195,0.118205,0.094033,0.116493
120570139142,Hillsborough,0.123718,0.145609,0.205058,0.114387,0.091309,0.115779
120570139151,Hillsborough,0.105725,0.095673,0.134912,0.087893,0.077737,0.102373
120570139152,Hillsborough,0.105390,0.111070,0.131617,0.088476,0.078538,0.100383
120570139153,Hillsborough,0.107400,0.092660,0.148024,0.092455,0.079361,0.103230
120570139161,Hillsborough,0.105393,0.101017,0.147743,0.090461,0.075502,0.103957
120570139162,Hillsborough,0.096729,0.067117,0.125461,0.086258,0.072189,0.104165
120570139163,Hillsborough,0.093332,0.044363,0.127536,0.087448,0.074104,0.104557
120570139171,Hillsborough,0.109683,0.109581,0.140584,0.098977,0.085049,0.103575
120570139172,Hillsborough,0.107113,0.093877,0.148040,0.093116,0.079686,0.103680
120570139173,Hillsborough,0.098561,0.090030,0.122336,0.086977,0.077655,0.102253
120570139181,Hillsborough,,,,,,0.092259
120570139182,Hillsborough,0.103163,0.113328,0.125393,0.088167,0.077786,0.099930
120570139191,Hillsborough,0.107051,0.106100,0.130505,0.080218,0.073228,0.098666
120570139192,Hillsborough,0.110771,0.093442,0.139334,0.083325,0.073929,0.098541
120570139193,Hillsborough,0.179480,0.096342,0.356138,0.093787,0.077397,0.099636
120570139194,Hillsborough,0.180580,0.094601,0.349518,0.091525,0.074872,0.099318
120570139221,Hillsborough,0.160703,0.097132,0.310598,0.098224,0.079179,0.100158
120570139222,Hillsborough,0.112664,0.107941,0.134789,0.108769,0.088542,0.099354
120570139223,Hillsborough,0.160746,0.097909,0.310652,0.098740,0.079320,0.100450
120570139231,Hillsborough,0.114280,0.105247,0.134280,0.116740,0.092384,0.100753
120570139232,Hillsborough,0.168845,0.104025,0.331018,0.103865,0.086860,0.100779
120570139241,Hillsborough,0.104058,0.110919,0.122530,0.084192,0.076798,0.100366
120570139251,Hillsborough,0.104475,0.123323,0.121430,0.076309,0.070444,0.098219
120570139252,Hillsborough,0.104550,0.119827,0.121212,0.079076,0.073558,0.098506
120570139253,Hillsborough,0.104034,0.118972,0.119228,0.083200,0.075152,0.098523
120570139261,Hillsborough,0.142003,,0.135188,0.176614,0.127905,0.113333
120570139262,Hillsborough,0.117635,0.114311,0.138569,0.116485,0.092715,0.100737
120570139263,Hillsborough,0.114498,0.115315,0.141962,0.105662,0.087183,0.097926
120570140021,Hillsborough,0.122876,0.105924,0.267642,0.138045,0.103933,0.121888
120570140022,Hillsborough,0.117040,0.598668,0.155131,0.115261,0.098394,0.112381
120570140031,Hillsborough,0.116583,0.122361,0.178271,0.124086,0.098239,0.119888
120570140071,Hillsborough,0.108113,,0.140474,0.111604,0.084557,0.107591
120570140081,Hillsborough,0.128931,0.328349,0.159205,0.113375,0.090326,0.118512
120570140082,Hillsborough,0.116671,0.365138,0.158434,0.096145,0.073614,0.116041
120570140091,Hillsborough,0.117506,0.725863,0.114742,0.087125,0.067578,0.109101
120570140101,Hillsborough,0.113785,0.424251,0.124228,0.087362,0.068601,0.113237
120570140102,Hillsborough,0.113235,0.339305,0.137965,0.093458,0.071099,0.114709
120570140111,Hillsborough,0.114122,0.367926,0.169289,0.089597,0.069826,0.113007
120570140112,Hillsborough,0.117639,0.386588,0.183014,0.090464,0.070875,0.112771
120570140113,Hillsborough,0.118154,0.411989,0.182390,0.091042,0.071381,0.113004
120570140121,Hillsborough,0.119587,0.397372,0.193944,0.091042,0.071379,0.112756
120570140122,Hillsborough,0.159646,0.491994,0.334269,0.135018,0.100373,0.110600
120570140131,Hillsborough,0.193631,0.767812,0.296511,0.151267,0.118425,0.105849
120570140141,Hillsborough,0.113039,0.411184,0.146623,0.088248,0.068916,0.112414
120570140142,Hillsborough,0.111475,0.325201,0.150794,0.092310,0.070374,0.114220
120570140171,Hillsborough,0.123985,0.374760,0.151099,0.108676,0.085704,0.116613
120570141041,Hillsborough,0.151035,0.430550,0.248775,0.152389,0.128955,0.114652
120570141061,Hillsborough,0.101188,0.142522,0.097161,0.103682,0.094594,0.099906
120570141062,Hillsborough,0.102955,0.118629,0.105396,0.103999,0.088272,0.101840
120570141081,Hillsborough,0.494248,3.385408,0.516903,0.282719,0.239495,0.108772
120570141082,Hillsborough,0.411157,2.084329,0.443126,0.259810,0.253890,0.109345
120570141083,Hillsborough,0.138143,0.529198,0.135089,0.112846,0.095410,0.109411
120570141091,Hillsborough,0.103664,0.329775,0.108334,0.087450,0.067424,0.108123
120570141092,Hillsborough,0.128314,0.423882,0.147330,0.114486,0.095192,0.110533
120570141093,Hillsborough,0.140285,0.555410,0.175610,0.115216,0.097877,0.109403
120570141171,Hillsborough,0.139670,0.224542,0.179127,0.130166,0.115077,0.101215
120570141172,Hillsborough,0.139841,0.228045,0.179521,0.130144,0.114872,0.101270
120570141181,Hillsborough,0.100982,0.135661,0.097724,0.102047,0.091643,0.102036
120570141182,Hillsborough,0.101895,0.099563,0.114105,0.099897,0.099411,0.102740
120570141191,Hillsborough,0.111755,0.109252,0.130556,0.096757,0.081446,0.101074
120570141192,Hillsborough,0.134283,0.346229,0.186345,0.099447,0.113103,0.103057
120570141211,Hillsborough,0.157677,1.090207,0.106487,0.095411,0.092244,0.107953
120570141212,Hillsborough,0.109904,0.573277,0.114044,0.093623,0.092179,0.106387
120570141221,Hillsborough,0.206735,1.482747,0.184176,0.095710,0.132337,0.108446
120570141222,Hillsborough,0.478908,2.118747,0.511179,0.342696,0.298445,0.108702
120570142001,Hillsborough,0.097402,0.115626,0.079214,0.071855,0.087319,0.087955
120570142002,Hillsborough,0.094031,0.114767,0.075784,0.072043,0.087468,0.087893
120570142003,Hillsborough,0.110878,0.132734,0.091557,0.082986,0.092650,0.088134
120570142004,Hillsborough,0.087183,0.093867,0.085603,0.068719,0.083604,0.088443
120570143001,Hillsborough,0.133319,,0.178275,0.134178,0.130825,0.104918
120570143002,Hillsborough,0.101667,0.082805,0.106648,0.103012,0.095708,0.099399
120570143003,Hillsborough,0.116605,0.091669,0.135686,0.114899,0.104930,0.095460
120570144001,Hillsborough,0.073377,0.062410,0.077035,0.072335,0.074129,0.091430
120570144002,Hillsborough,0.078182,0.066336,0.080306,0.080012,0.075253,0.090565
120579801001,Hillsborough,0.066520,0.060692,0.067657,0.064322,0.068505,0.089256
120579802001,Hillsborough,0.069130,0.146864,0.064609,0.070339,0.067392,0.084614
120579803001,Hillsborough,,,,,,
120579804001,Hillsborough,0.132803,,0.148218,0.133851,0.125821,0.104331
120579805001,Hillsborough,0.084134,0.090895,0.086388,0.080382,0.075729,0.088188
120579806001,Hillsborough,,,,,,0.216592
120579807001,Hillsborough,0.079469,0.080869,0.081566,0.076469,0.078296,0.092795
120579900000,Hillsborough,0.062270,0.105924,0.057207,0.060837,0.065930,0.082768
120579901000,Hillsborough,0.081321,0.182028,0.081066,0.081869,0.076645,0.085838
121030201051,Pinellas,0.071587,0.085059,0.079171,0.060292,0.059637,0.095175
121030201052,Pinellas,0.080258,0.100749,0.088439,0.065302,0.062826,0.095099
121030201053,Pinellas,0.099009,0.132677,0.114143,0.075451,0.069865,0.095085
121030201061,Pinellas,0.080898,0.095998,0.089557,0.080751,0.064883,0.093474
121030201062,Pinellas,0.093807,,0.097252,0.095232,0.091298,0.085447
121030201063,Pinellas,0.072964,0.070044,0.079343,0.077691,0.063023,0.092347
121030201071,Pinellas,0.079635,0.110187,0.083577,0.067998,0.062331,0.094378
121030201072,Pinellas,0.081056,0.102225,0.088504,0.065996,0.063674,0.094472
121030201081,Pinellas,0.083431,0.105450,0.091842,0.079279,0.063773,0.094020
121030201082,Pinellas,0.085447,0.115003,0.093936,0.075554,0.063076,0.094032
121030201083,Pinellas,0.083995,0.107919,0.092344,0.076493,0.063805,0.093904
121030201091,Pinellas,0.095208,0.130236,0.103893,0.065919,0.063083,0.095879
121030201092,Pinellas,0.096095,0.128019,0.110445,0.069182,0.065426,0.095327
121030201093,Pinellas,0.103301,0.141059,0.108643,0.074569,0.065549,0.096503
121030201101,Pinellas,0.111578,0.144144,0.123203,0.082898,0.071762,0.097423
121030202011,Pinellas,0.121119,0.234360,0.116952,0.072784,0.065284,0.095103
121030202012,Pinellas,0.094700,0.130022,0.106949,0.070944,0.065952,0.095046
121030202013,Pinellas,0.089576,0.116492,0.101001,0.067333,0.064222,0.094576
121030202021,Pinellas,0.177329,0.259843,0.192176,0.152344,0.121080,0.095819
121030202022,Pinellas,0.190853,0.303299,0.197187,0.146798,0.116201,0.095556
121030202023,Pinellas,0.207540,0.331012,0.225177,0.164171,0.128986,0.095471
121030202061,Pinellas,0.081912,0.102291,0.090738,0.066763,0.063825,0.095303
121030202062,Pinellas,0.089555,0.127866,0.094655,0.068170,0.065535,0.095595
121030202071,Pinellas,0.064818,0.063644,0.074658,0.059211,0.058719,0.094324
121030202072,Pinellas,0.072345,0.084295,0.080953,0.061426,0.060392,0.095725
121030202081,Pinellas,0.120186,0.243737,0.111353,0.070443,0.065557,0.095215
121030202082,Pinellas,0.208161,0.349552,0.211277,0.153292,0.120890,0.095564
121030202091,Pinellas,0.106217,0.202591,0.125955,0.070150,0.056536,0.095248
121030202092,Pinellas,0.117597,0.237939,0.113870,0.073089,0.065887,0.095433
121030202093,Pinellas,0.143079,0.308930,0.140994,0.079167,0.063993,0.095452
121030202094,Pinellas,0.136687,0.287814,0.153242,0.082687,0.063876,0.095341
121030202095,Pinellas,0.138878,0.290393,0.155243,0.083440,0.064045,0.095715
121030203011,Pinellas,0.158696,0.268794,0.164207,0.096098,0.083468,0.095478
121030203012,Pinellas,0.155334,0.262833,0.154835,0.108608,0.091892,0.095502
121030203013,Pinellas,0.192450,0.308846,0.206880,0.130133,0.106970,0.095535
121030203014,Pinellas,0.160500,0.269702,0.164332,0.096679,0.084738,0.095618
121030203015,Pinellas,0.175088,0.288607,0.180533,0.109719,0.093526,0.095719
121030203021,Pinellas,0.168478,0.293767,0.195436,0.123781,0.084272,0.094873
121030203022,Pinellas,0.160486,0.276108,0.182568,0.112758,0.082959,0.095129
121030203023,Pinellas,0.158715,0.272757,0.173051,0.102652,0.084172,0.095278
121030204001,Pinellas,0.137182,0.236527,0.137935,0.082048,0.074159,0.095246
121030204002,Pinellas,0.134971,0.231539,0.133228,0.078330,0.071897,0.094922
121030204003,Pinellas,0.136615,0.231343,0.134557,0.079736,0.073219,0.095272
121030205001,Pinellas,0.127741,0.217171,0.123829,0.072793,0.067770,0.095154
121030205002,Pinellas,0.121117,0.197899,0.119516,0.074471,0.069293,0.095449
121030205003,Pinellas,0.134275,0.217418,0.137201,0.082238,0.074368,0.095511
121030205004,Pinellas,0.131468,0.214413,0.134772,0.079932,0.072727,0.095539
121030206001,Pinellas,0.112626,0.170769,0.117381,0.072273,0.067962,0.095860
121030206002,Pinellas,0.114861,0.175097,0.117488,0.075720,0.070328,0.095775
121030206003,Pinellas,0.125956,0.186715,0.135094,0.084302,0.075919,0.095705
121030206004,Pinellas,0.109229,0.168266,0.110725,0.069613,0.066155,0.095925
121030207001,Pinellas,0.089527,0.119645,0.097300,0.062896,0.061193,0.095732
121030207002,Pinellas,0.102851,0.154327,0.104186,0.066026,0.062975,0.095650
121030207003,Pinellas,0.096834,0.142402,0.099403,0.065578,0.063139,0.095575
121030207004,Pinellas,0.100368,0.148435,0.103617,0.066010,0.063615,0.095628
121030208001,Pinellas,0.117602,0.154029,0.128623,0.081831,0.070941,0.098864
121030208002,Pinellas,0.112550,0.145211,0.134311,0.077625,0.067433,0.097540
121030208003,Pinellas,0.122707,0.161224,0.140408,0.086057,0.072391,0.097736
121030208004,Pinellas,0.123315,0.162555,0.135736,0.087872,0.075473,0.098429
121030208005,Pinellas,0.116830,0.152129,0.134648,0.082288,0.069827,0.097952
121030208006,Pinellas,0.113042,0.141864,0.140342,0.080265,0.068567,0.096752
121030212001,Pinellas,0.116494,0.182861,0.115826,0.071040,0.066368,0.095531
121030212002,Pinellas,0.110376,0.168430,0.108492,0.068816,0.065118,0.095548
121030212003,Pinellas,0.110482,0.168965,0.113917,0.070184,0.066321,0.095634
121030212004,Pinellas,0.121213,0.183391,0.129389,0.078515,0.072125,0.095644
121030215011,Pinellas,0.110293,0.176331,0.116577,0.069767,0.064995,0.094758
121030215012,Pinellas,0.115266,0.179450,0.113852,0.069896,0.065617,0.095185
121030215021,Pinellas,0.112229,0.176511,0.106676,0.064833,0.062178,0.095241
121030215022,Pinellas,0.111094,0.173656,0.104154,0.065000,0.061337,0.094985
121030216001,Pinellas,0.106496,0.161270,0.099009,0.062618,0.061374,0.094982
121030216002,Pinellas,0.098169,0.140379,0.102033,0.063796,0.062098,0.095154
121030218001,Pinellas,0.089617,0.120352,0.095498,0.061986,0.059986,0.095523
121030218002,Pinellas,0.101225,0.145059,0.099585,0.062821,0.061627,0.095674
121030218003,Pinellas,0.094225,0.131923,0.092150,0.059911,0.059902,0.094953
121030219001,Pinellas,0.112191,0.149979,0.122158,0.072720,0.066063,0.096759
121030219002,Pinellas,0.107415,0.141506,0.122642,0.074417,0.063338,0.096360
121030219003,Pinellas,0.123399,0.177957,0.122924,0.073917,0.066226,0.096694
121030220001,Pinellas,0.113316,0.143886,0.127131,0.077568,0.068187,0.098829
121030220002,Pinellas,0.116320,0.149956,0.129555,0.078466,0.068634,0.098301
121030220003,Pinellas,0.115023,0.150038,0.131661,0.078302,0.066890,0.097268
121030220004,Pinellas,0.118193,0.155495,0.131430,0.082677,0.068831,0.097902
121030221011,Pinellas,0.112108,0.149920,0.119029,0.070244,0.064254,0.098324
121030221012,Pinellas,0.113542,0.155971,0.118321,0.071428,0.063634,0.097477
121030221021,Pinellas,0.107378,0.140394,0.116410,0.071398,0.065138,0.097454
121030221022,Pinellas,0.108505,0.140038,0.120543,0.072764,0.065008,0.097939
121030221023,Pinellas,0.109809,0.142939,0.120746,0.072270,0.064181,0.098366
121030222001,Pinellas,0.110225,0.143435,0.117169,0.071912,0.063547,0.098880
121030222002,Pinellas,0.114160,0.150029,0.118624,0.074353,0.064668,0.099047
121030222003,Pinellas,0.131476,0.183931,0.130776,0.080802,0.070927,0.098828
121030222004,Pinellas,0.122648,0.166670,0.127966,0.078949,0.068837,0.098951
121030223011,Pinellas,0.126011,0.171507,0.129142,0.082061,0.070510,0.099847
121030223012,Pinellas,0.120841,0.160253,0.127147,0.084957,0.071220,0.099998
121030223013,Pinellas,0.116265,0.156203,0.115713,0.078865,0.070026,0.100089
121030223021,Pinellas,0.100265,0.121302,0.107300,0.074958,0.066729,0.099874
121030223022,Pinellas,0.100706,0.124927,0.105321,0.073217,0.066042,0.099584
121030223023,Pinellas,0.111746,0.143076,0.119800,0.076799,0.066302,0.099418
121030224011,Pinellas,0.101111,0.115499,0.110469,0.089108,0.071115,0.100063
121030224012,Pinellas,0.108188,0.139791,0.111085,0.079593,0.069771,0.099700
121030224013,Pinellas,0.104228,0.129373,0.107666,0.084369,0.068258,0.099961
121030224021,Pinellas,0.113814,0.144466,0.118861,0.085027,0.077659,0.099214
121030224022,Pinellas,0.107730,0.124786,0.116458,0.084354,0.076612,0.099456
121030224023,Pinellas,0.103704,0.110372,0.116076,0.084139,0.076529,0.099185
121030224024,Pinellas,0.105279,0.121208,0.111037,0.091981,0.076004,0.099548
121030224025,Pinellas,0.120731,0.158005,0.124711,0.085928,0.077920,0.099593
121030225011,Pinellas,0.118304,0.156011,0.121302,0.080635,0.071994,0.099109
121030225012,Pinellas,0.110474,0.139453,0.114442,0.079135,0.072359,0.099810
121030225013,Pinellas,0.107972,0.131391,0.115993,0.079148,0.072665,0.099461
121030225021,Pinellas,0.105122,0.124600,0.111913,0.079696,0.074726,0.098673
121030225022,Pinellas,0.106866,0.133506,0.111341,0.078981,0.073261,0.098454
121030225023,Pinellas,0.111334,0.142158,0.116685,0.077890,0.072237,0.098843
121030225031,Pinellas,0.099389,0.125819,0.107038,0.071769,0.066694,0.097857
121030225032,Pinellas,0.110603,0.141988,0.119620,0.075520,0.068190,0.098834
121030225033,Pinellas,0.100335,0.121582,0.107903,0.073678,0.069084,0.098617
121030226011,Pinellas,0.117440,0.162534,0.114675,0.075908,0.070464,0.098404
121030226012,Pinellas,0.116093,0.156767,0.117062,0.076747,0.069879,0.098360
121030226013,Pinellas,0.125225,0.173431,0.124799,0.078550,0.070207,0.099107
121030226021,Pinellas,0.096469,0.124984,0.099480,0.066371,0.064411,0.097280
121030226022,Pinellas,0.113371,0.151960,0.114935,0.072753,0.068398,0.097967
121030226023,Pinellas,0.101093,0.131699,0.106142,0.068848,0.065222,0.097655
121030227001,Pinellas,0.126503,0.195058,0.115866,0.072179,0.067499,0.096857
121030227002,Pinellas,0.111692,0.156845,0.113421,0.068892,0.064584,0.097558
121030227003,Pinellas,0.116715,0.163309,0.115066,0.072000,0.067152,0.098301
121030228011,Pinellas,0.090802,0.120687,0.088079,0.060046,0.060402,0.095124
121030228012,Pinellas,0.096639,0.129692,0.096072,0.062848,0.061715,0.096557
121030228013,Pinellas,0.095242,0.126608,0.100120,0.061933,0.061365,0.095781
121030228021,Pinellas,0.103064,0.142108,0.104924,0.062751,0.061991,0.096015
121030228022,Pinellas,0.105890,0.146094,0.111940,0.065298,0.063758,0.097043
121030228023,Pinellas,0.109234,0.149917,0.111125,0.067303,0.064310,0.097614
121030229011,Pinellas,0.098342,0.139344,0.098859,0.060373,0.058491,0.095051
121030229012,Pinellas,0.124817,0.191397,0.117431,0.070045,0.063749,0.095581
121030229021,Pinellas,0.095371,0.132780,0.092748,0.058407,0.059593,0.094904
121030229022,Pinellas,0.095933,0.129876,0.100896,0.060453,0.058915,0.094730
121030229023,Pinellas,0.103185,0.143730,0.101615,0.063462,0.062225,0.095535
121030230001,Pinellas,0.087229,0.113968,0.086166,0.056405,0.059468,0.093685
121030230002,Pinellas,0.091283,0.123462,0.092970,0.058236,0.058106,0.093610
121030231001,Pinellas,0.089206,0.121433,0.089630,0.057196,0.057484,0.093650
121030231002,Pinellas,0.084478,0.107129,0.089058,0.057124,0.058886,0.092622
121030231003,Pinellas,0.088305,0.115849,0.091548,0.058139,0.057917,0.093045
121030232001,Pinellas,0.087344,0.117848,0.088353,0.058505,0.058256,0.092824
121030232002,Pinellas,0.092488,0.128901,0.090883,0.061922,0.060125,0.093319
121030232003,Pinellas,0.090337,0.126788,0.087993,0.058559,0.057904,0.093722
121030233001,Pinellas,0.091703,0.129838,0.089246,0.058867,0.058056,0.093769
121030233002,Pinellas,0.091044,0.131517,0.085605,0.057478,0.057411,0.093806
121030233003,Pinellas,0.095659,0.138797,0.094554,0.059453,0.059381,0.094397
121030234001,Pinellas,0.108726,0.170309,0.097764,0.061076,0.060387,0.094863
121030234002,Pinellas,0.102483,0.153286,0.091110,0.061908,0.061185,0.094750
121030235011,Pinellas,0.100059,0.147942,0.096897,0.061187,0.060401,0.094518
121030235012,Pinellas,0.120121,0.196260,0.102465,0.066209,0.062147,0.095175
121030235021,Pinellas,0.118189,0.170830,0.112859,0.083293,0.076200,0.094577
121030236011,Pinellas,0.104458,0.144916,0.113370,0.077511,0.068256,0.094623
121030236012,Pinellas,0.110183,0.155921,0.111887,0.075684,0.068038,0.095022
121030236013,Pinellas,0.103522,0.146150,0.108749,0.067832,0.063400,0.095090
121030236021,Pinellas,0.116899,0.161434,0.116535,0.085402,0.077656,0.094880
121030236022,Pinellas,0.114747,0.156273,0.119414,0.086026,0.078204,0.094706
121030237001,Pinellas,0.112123,0.153470,0.113384,0.082446,0.076468,0.094288
121030237002,Pinellas,0.095138,0.113422,0.105009,0.082278,0.074942,0.093279
121030237003,Pinellas,0.106152,0.143215,0.109054,0.080155,0.073739,0.093708
121030238001,Pinellas,0.104952,0.133116,0.116557,0.081275,0.073916,0.092744
121030238002,Pinellas,0.106255,0.137040,0.111238,0.081714,0.073812,0.093059
121030238003,Pinellas,0.102847,0.142821,0.103161,0.070458,0.066182,0.093956
121030239001,Pinellas,0.098576,0.120486,0.103472,0.078530,0.073119,0.091787
121030239002,Pinellas,0.100651,0.125604,0.106075,0.078790,0.073487,0.092181
121030240011,Pinellas,0.087328,0.093638,0.097951,0.080777,0.073665,0.092863
121030240012,Pinellas,0.091981,0.105682,0.102004,0.081153,0.073922,0.093437
121030240021,Pinellas,0.092440,0.105479,0.104093,0.079616,0.072276,0.091652
121030240022,Pinellas,0.096289,0.115434,0.104795,0.078216,0.072197,0.091509
121030240023,Pinellas,0.102682,0.135359,0.108598,0.076881,0.071031,0.090702
121030240024,Pinellas,0.103261,0.131833,0.123475,0.083197,0.072744,0.091043
121030240041,Pinellas,0.089185,0.093150,0.104123,0.081095,0.072389,0.089843
121030240042,Pinellas,0.091705,0.099944,0.108846,0.081732,0.072843,0.089892
121030240043,Pinellas,0.087099,0.084403,0.098985,0.082308,0.073767,0.090119
121030240051,Pinellas,0.088592,0.092909,0.102183,0.081558,0.073295,0.090679
121030240052,Pinellas,0.086274,0.085192,0.100655,0.081136,0.074464,0.091508
121030241001,Pinellas,0.108060,0.142315,0.110684,0.081246,0.073004,0.091969
121030241002,Pinellas,0.104932,0.136244,0.107940,0.079031,0.072763,0.091127
121030241003,Pinellas,0.108102,0.147413,0.111780,0.075979,0.069852,0.090908
121030242011,Pinellas,0.094529,0.129325,0.091368,0.059674,0.061917,0.092104
121030242012,Pinellas,0.094375,0.127978,0.095166,0.059214,0.060681,0.092433
121030242013,Pinellas,0.093147,0.122035,0.097383,0.060095,0.060162,0.092724
121030242021,Pinellas,0.101085,0.139492,0.099091,0.068328,0.066172,0.092215
121030242022,Pinellas,0.096865,0.129152,0.102301,0.062773,0.059526,0.093007
121030243011,Pinellas,0.104799,0.150626,0.097331,0.075141,0.069040,0.088954
121030243012,Pinellas,0.103860,0.142930,0.099546,0.073413,0.070259,0.090753
121030243013,Pinellas,0.097745,0.135721,0.096232,0.065224,0.064623,0.091648
121030243021,Pinellas,0.102494,0.138905,0.102766,0.073789,0.070099,0.090554
121030243022,Pinellas,0.092899,0.132481,0.094883,0.057024,0.057929,0.091595
121030243023,Pinellas,0.091185,0.126682,0.080378,0.062598,0.060868,0.091648
121030243024,Pinellas,0.092200,0.129053,0.093459,0.058060,0.058579,0.091995
121030244031,Pinellas,0.098415,0.138897,0.089593,0.071703,0.067522,0.089912
121030244032,Pinellas,0.101938,0.146769,0.092701,0.075038,0.067489,0.088315
121030244033,Pinellas,0.102158,0.144072,0.091659,0.073650,0.066694,0.090721
121030244061,Pinellas,0.083898,0.108904,0.082857,0.066926,0.063638,0.085896
121030244062,Pinellas,0.090944,0.117904,0.086662,0.072769,0.066146,0.086600
121030244063,Pinellas,0.074260,0.081627,0.075361,0.067117,0.064798,0.085613
121030244081,Pinellas,0.099696,0.137056,0.103181,0.071932,0.067365,0.089775
121030244082,Pinellas,0.092599,0.124948,0.086089,0.072918,0.067933,0.088071
121030244083,Pinellas,0.098549,0.135825,0.089622,0.073604,0.068211,0.089747
121030244091,Pinellas,0.095823,0.127373,0.096964,0.075736,0.066695,0.088202
121030244092,Pinellas,0.100121,0.129475,0.123371,0.080711,0.070728,0.089265
121030244101,Pinellas,0.092366,0.123365,0.089869,0.072130,0.066755,0.087376
121030244102,Pinellas,0.078612,0.097084,0.075606,0.065544,0.062893,0.087021
121030244111,Pinellas,0.084309,0.106059,0.084071,0.070919,0.064957,0.086841
121030244112,Pinellas,0.087056,0.114058,0.082412,0.071548,0.064908,0.087260
121030244113,Pinellas,0.079290,0.100258,0.076806,0.066838,0.064385,0.086838
121030244114,Pinellas,0.074400,0.093807,0.079975,0.068575,0.062767,0.085681
121030244121,Pinellas,0.062513,0.062135,0.062432,0.063196,0.062175,0.086495
121030244122,Pinellas,0.082175,0.110728,0.078858,0.070995,0.066339,0.085192
121030244123,Pinellas,0.081988,0.111960,0.079251,0.070255,0.065918,0.087270
121030244131,Pinellas,0.097516,0.132450,0.096390,0.072692,0.067739,0.087334
121030244132,Pinellas,0.113529,0.171182,0.109301,0.080728,0.071738,0.088412
121030244133,Pinellas,0.075115,0.086214,0.074807,0.063890,0.064655,0.088130
121030244134,Pinellas,0.094973,0.127175,0.090916,0.073669,0.067787,0.088082
121030245051,Pinellas,0.100322,0.105134,0.101659,0.096757,0.084719,0.092814
121030245052,Pinellas,0.080234,0.089656,0.087548,0.060226,0.062445,0.092286
121030245053,Pinellas,0.084475,0.098605,0.091788,0.060248,0.065075,0.092296
121030245054,Pinellas,0.085653,0.098426,0.093753,0.061280,0.061364,0.093223
121030245071,Pinellas,0.097878,0.121418,0.092018,0.092161,0.082372,0.091080
121030245072,Pinellas,0.102638,0.110916,0.106416,0.093479,0.085315,0.094066
121030245073,Pinellas,0.089453,0.095054,0.096686,0.076688,0.072242,0.094755
121030245081,Pinellas,0.091428,0.118028,0.081079,0.083731,0.076736,0.090691
121030245082,Pinellas,0.100279,0.127459,0.091262,0.091979,0.082622,0.091110
121030245083,Pinellas,0.101905,0.111519,0.100797,0.094092,0.083128,0.093036
121030245091,Pinellas,0.092822,0.123314,0.089001,0.074701,0.068591,0.088139
121030245092,Pinellas,0.084882,0.098232,0.087754,0.074211,0.068366,0.087331
121030245101,Pinellas,0.092404,0.114072,0.085880,0.083345,0.076158,0.090686
121030245102,Pinellas,0.095307,0.119438,0.086193,0.085110,0.078588,0.090955
121030245103,Pinellas,0.084989,0.102999,0.078101,0.084329,0.077127,0.089568
121030245104,Pinellas,0.087819,0.108872,0.079796,0.084912,0.078220,0.089927
121030245121,Pinellas,0.082496,0.093908,0.094860,0.056112,0.058802,0.091305
121030245122,Pinellas,0.083541,0.105103,0.081783,0.064338,0.064160,0.090723
121030245141,Pinellas,0.126590,0.157801,0.123176,0.097345,0.085821,0.092215
121030245142,Pinellas,0.108104,0.126675,0.105540,0.091527,0.083414,0.091523
121030245143,Pinellas,0.101288,0.105952,0.100498,0.099522,0.086911,0.092593
121030245151,Pinellas,0.085331,0.115420,0.076472,0.059261,0.058030,0.091395
121030245152,Pinellas,0.075176,0.095157,0.068667,0.058218,0.060747,0.090196
121030245161,Pinellas,0.084158,0.100921,0.091950,0.057507,0.060099,0.091913
121030245162,Pinellas,0.081927,0.095699,0.095962,0.052702,0.055888,0.091215
121030245171,Pinellas,0.079279,0.096876,0.080001,0.069539,0.064357,0.085566
121030245172,Pinellas,0.064683,0.072220,0.063468,0.062843,0.062352,0.084888
121030245181,Pinellas,0.079273,0.098921,0.078720,0.068017,0.063760,0.085648
121030245182,Pinellas,0.074191,0.081447,0.075304,0.067035,0.065143,0.085600
121030245191,Pinellas,0.079206,0.100401,0.075966,0.066678,0.063802,0.086393
121030245192,Pinellas,0.072260,0.085058,0.070869,0.067015,0.063133,0.086714
121030246011,Pinellas,0.094789,0.135819,0.094710,0.057810,0.058593,0.092565
121030246012,Pinellas,0.094907,0.134264,0.089924,0.057506,0.059657,0.092580
121030246013,Pinellas,0.093150,0.136207,0.074324,0.060219,0.059929,0.091310
121030246014,Pinellas,0.076225,0.096181,0.070259,0.059648,0.060908,0.090107
121030246031,Pinellas,0.100409,0.145902,0.089949,0.057696,0.061390,0.092793
121030246032,Pinellas,0.092994,0.123940,0.092939,0.059417,0.059903,0.093396
121030246041,Pinellas,0.091979,0.124973,0.085562,0.057830,0.061250,0.093336
121030246042,Pinellas,0.096307,0.134634,0.087725,0.059447,0.062199,0.093189
121030246043,Pinellas,0.093612,0.126549,0.088895,0.060617,0.061957,0.093853
121030247011,Pinellas,0.090828,0.122823,0.086473,0.058323,0.059179,0.093700
121030247012,Pinellas,0.093321,0.126780,0.091066,0.058562,0.059413,0.094751
121030247013,Pinellas,0.091691,0.123654,0.084639,0.058844,0.061056,0.094017
121030247021,Pinellas,0.096116,0.126669,0.095156,0.065191,0.063690,0.096223
121030247022,Pinellas,0.095864,0.128915,0.095444,0.064278,0.063539,0.095488
121030247031,Pinellas,0.099590,0.136878,0.091043,0.063152,0.063353,0.094167
121030247032,Pinellas,0.098712,0.130483,0.098091,0.068309,0.066542,0.095677
121030247033,Pinellas,0.096637,0.130545,0.093371,0.063671,0.062206,0.095039
121030248011,Pinellas,0.095639,0.123881,0.096804,0.064982,0.063281,0.095770
121030248012,Pinellas,0.100858,0.132700,0.103903,0.068097,0.065871,0.096579
121030248031,Pinellas,0.096446,0.123176,0.102160,0.065543,0.063862,0.096700
121030248032,Pinellas,0.105590,0.136020,0.109510,0.073613,0.069397,0.096278
121030248041,Pinellas,0.103166,0.131158,0.107911,0.073326,0.069462,0.097898
121030248051,Pinellas,0.102041,0.133815,0.106379,0.068287,0.065582,0.096915
121030248052,Pinellas,0.099623,0.129238,0.104935,0.070573,0.066840,0.097176
121030249011,Pinellas,0.107896,0.152603,0.108469,0.058030,0.059551,0.093377
121030249012,Pinellas,0.114805,0.146579,0.134381,0.066423,0.063601,0.094630
121030249013,Pinellas,0.095792,0.130719,0.097092,0.061737,0.060997,0.094590
121030249041,Pinellas,0.092359,0.110142,0.102798,0.065377,0.063759,0.094378
121030249042,Pinellas,0.086828,0.100752,0.095248,0.064153,0.062426,0.093916
121030249043,Pinellas,0.089125,0.105954,0.100580,0.064488,0.063186,0.094410
121030249051,Pinellas,0.086505,0.104886,0.092189,0.059558,0.061637,0.093040
121030249052,Pinellas,0.086620,0.101713,0.091785,0.064073,0.065298,0.093221
121030249053,Pinellas,0.083493,0.098878,0.089681,0.059809,0.062249,0.092741
121030249054,Pinellas,0.086234,0.101725,0.091175,0.064215,0.065220,0.092546
121030249055,Pinellas,0.087215,0.104448,0.091135,0.064181,0.065314,0.092680
121030249061,Pinellas,0.088299,0.106761,0.094001,0.061050,0.062701,0.092993
121030249062,Pinellas,0.089821,0.112138,0.097346,0.058772,0.059911,0.092940
121030249063,Pinellas,0.089707,0.116200,0.090895,0.057504,0.059950,0.092970
121030249071,Pinellas,0.086676,0.112125,0.088651,0.055034,0.058369,0.092615
121030249072,Pinellas,0.088831,0.119651,0.082319,0.056184,0.059379,0.092023
121030249081,Pinellas,0.095624,0.137551,0.084520,0.055014,0.059221,0.092183
121030249082,Pinellas,0.104888,0.148241,0.098314,0.064111,0.064313,0.092441
121030250041,Pinellas,0.086892,0.100982,0.095666,0.064219,0.062210,0.094064
121030250042,Pinellas,0.091494,0.106077,0.104425,0.065146,0.063145,0.095138
121030250043,Pinellas,0.091532,0.107864,0.102633,0.063441,0.063240,0.094798
121030250071,Pinellas,0.097866,0.111207,0.111183,0.069902,0.066403,0.095911
121030250072,Pinellas,0.098479,0.112225,0.111884,0.071297,0.066319,0.096162
121030250073,Pinellas,0.095342,0.104117,0.111401,0.068271,0.065758,0.096068
121030250091,Pinellas,0.086883,0.101468,0.095473,0.061679,0.061512,0.093672
121030250092,Pinellas,0.083555,0.096874,0.090065,0.061590,0.061256,0.093147
121030250111,Pinellas,0.091859,0.108729,0.101830,0.065108,0.063060,0.095184
121030250112,Pinellas,0.087069,0.100582,0.099351,0.062023,0.060443,0.094455
121030250113,Pinellas,0.100543,0.130578,0.108377,0.069457,0.064267,0.094773
121030250121,Pinellas,0.096688,0.109769,0.109893,0.071717,0.066069,0.095731
121030250122,Pinellas,0.095320,,0.111019,0.104046,0.069271,0.094627
121030250123,Pinellas,0.096093,0.108909,0.109202,0.071583,0.066075,0.095682
121030250124,Pinellas,0.096403,0.110773,0.108784,0.071134,0.065445,0.095574
121030250131,Pinellas,0.096455,0.107381,0.111705,0.068816,0.066152,0.096067
121030250132,Pinellas,0.098339,0.110176,0.112926,0.070312,0.067162,0.096077
121030250133,Pinellas,0.098209,0.112077,0.111713,0.070722,0.067462,0.096008
121030250141,Pinellas,0.095754,0.116011,0.103360,0.069373,0.066789,0.095713
121030250142,Pinellas,0.105131,0.127305,0.115551,0.078956,0.072399,0.097762
121030250151,Pinellas,0.105691,0.126389,0.117731,0.074283,0.070260,0.097685
121030250152,Pinellas,0.106773,0.127444,0.117775,0.079473,0.073134,0.097585
121030250161,Pinellas,0.097086,0.111996,0.112016,0.068903,0.066079,0.096107
121030250171,Pinellas,0.105808,0.132127,0.113419,0.077281,0.071894,0.097207
121030250172,Pinellas,0.115455,0.137095,0.126096,0.086754,0.078903,0.098482
121030250173,Pinellas,0.111806,0.133672,0.123092,0.082505,0.075353,0.098462
121030250181,Pinellas,0.101542,0.121551,0.110417,0.073200,0.069440,0.097255
121030250182,Pinellas,0.105456,0.129368,0.111265,0.076497,0.071587,0.097821
121030250191,Pinellas,0.111339,0.133420,0.123182,0.082074,0.074969,0.098359
121030250192,Pinellas,0.110564,0.136193,0.118397,0.083452,0.076054,0.097776
121030250201,Pinellas,0.100565,0.103423,0.103920,0.096502,0.084565,0.092960
121030250202,Pinellas,0.097438,0.098791,0.099725,0.095633,0.084303,0.092579
121030250211,Pinellas,0.098162,0.097494,0.105628,0.093001,0.083254,0.094630
121030250212,Pinellas,0.098790,0.101121,0.103844,0.093933,0.082419,0.094258
121030251061,Pinellas,0.105625,0.103040,0.118419,0.096411,0.078815,0.098862
121030251062,Pinellas,0.107230,0.109670,0.120548,0.092934,0.077120,0.098676
121030251071,Pinellas,0.094915,0.095225,0.111582,0.073444,0.066069,0.096655
121030251072,Pinellas,0.093418,0.091595,0.110431,0.077789,0.061818,0.097439
121030251073,Pinellas,0.092468,0.080701,0.107027,0.090458,0.062584,0.096451
121030251081,Pinellas,0.096928,0.096986,0.109294,0.088658,0.064873,0.098718
121030251082,Pinellas,0.097728,0.101217,0.111095,0.085496,0.062107,0.098618
121030251091,Pinellas,0.094228,0.101837,0.107758,0.073747,0.065035,0.096295
121030251092,Pinellas,0.091887,0.092116,0.108335,0.071853,0.065761,0.096592
121030251093,Pinellas,0.098433,0.098609,0.113619,0.085829,0.064239,0.097703
121030251101,Pinellas,0.088489,0.107404,0.092755,0.087212,0.062597,0.096196
121030251102,Pinellas,0.089043,0.092091,0.100482,0.083362,0.061345,0.096214
121030251103,Pinellas,0.099216,0.100409,0.111915,0.093467,0.065309,0.097440
121030251104,Pinellas,0.104260,0.119462,0.115604,0.092792,0.065375,0.096766
121030251111,Pinellas,0.094439,0.101125,0.108101,0.072050,0.069547,0.096350
121030251112,Pinellas,0.094429,0.101922,0.107264,0.071894,0.070421,0.096077
121030251113,Pinellas,0.095522,0.102730,0.107886,0.074557,0.070504,0.096090
121030251114,Pinellas,0.095306,0.103643,0.106611,0.075929,0.069169,0.096446
121030251121,Pinellas,0.097364,0.111818,0.104699,0.075881,0.070069,0.096168
121030251122,Pinellas,0.100376,0.119789,0.105756,0.076987,0.070026,0.095902
121030251131,Pinellas,0.101143,0.117030,0.109605,0.083745,0.074146,0.096712
121030251132,Pinellas,0.099648,0.109432,0.109905,0.080745,0.073419,0.096545
121030251133,Pinellas,0.096262,0.101122,0.106984,0.082964,0.073509,0.096480
121030251141,Pinellas,0.102058,0.122184,0.106781,0.081764,0.071447,0.095917
121030251142,Pinellas,0.107326,0.134748,0.110307,0.082513,0.072108,0.095810
121030251151,Pinellas,0.110192,0.130033,0.109560,0.099257,0.087834,0.095132
121030251152,Pinellas,0.110613,0.130062,0.108793,0.098219,0.087800,0.095046
121030251161,Pinellas,0.104815,0.119093,0.105233,0.094781,0.085626,0.095567
121030251162,Pinellas,0.111612,0.130504,0.109521,0.099163,0.088635,0.095437
121030251191,Pinellas,0.098368,0.113542,0.106140,0.086467,0.074048,0.095776
121030251192,Pinellas,0.094827,0.097352,0.098364,0.091538,0.087654,0.094618
121030251193,Pinellas,0.092306,0.093603,0.095503,0.089985,0.085727,0.094966
121030251201,Pinellas,0.098587,0.110492,0.106204,0.087447,0.075991,0.095751
121030251202,Pinellas,0.086229,0.087532,0.091449,0.083057,0.075394,0.095892
121030251203,Pinellas,0.095699,0.106097,0.103446,0.086453,0.073578,0.096013
121030251211,Pinellas,0.084229,0.084367,0.089117,0.082775,0.072622,0.096428
121030251212,Pinellas,0.088119,0.083393,0.099812,0.086276,0.066238,0.096277
121030251221,Pinellas,0.084764,0.089444,0.087997,0.088505,0.069184,0.096545
121030251222,Pinellas,0.086664,0.091840,0.088434,0.088830,0.076661,0.096572
121030251223,Pinellas,0.097717,0.117922,0.098441,0.092963,0.081241,0.095922
121030251231,Pinellas,0.086896,0.093205,0.089665,0.084691,0.075645,0.096100
121030251232,Pinellas,0.089543,0.097800,0.092855,0.085452,0.076954,0.095699
121030252041,Pinellas,0.103685,0.108449,0.105210,0.102239,0.090738,0.095214
121030252042,Pinellas,0.091266,0.090405,0.091626,0.094716,0.087238,0.095202
121030252051,Pinellas,0.102915,0.117624,0.101805,0.097397,0.095624,0.094812
121030252052,Pinellas,0.093484,0.097904,0.093635,0.091834,0.090005,0.094725
121030252053,Pinellas,0.110708,0.137807,0.108701,0.101305,0.096523,0.094044
121030252054,Pinellas,0.097702,0.114814,0.093265,0.093636,0.090568,0.094319
121030252071,Pinellas,0.094388,0.084368,0.101273,0.097480,0.088653,0.094880
121030252072,Pinellas,0.095421,0.101102,0.096336,0.093040,0.084238,0.094312
121030252073,Pinellas,0.091696,0.093115,0.092607,0.092094,0.083763,0.094163
121030252074,Pinellas,0.089095,0.075890,0.097853,0.092923,0.083937,0.094476
121030252081,Pinellas,0.084451,0.069114,0.086251,0.091923,0.088508,0.094265
121030252082,Pinellas,0.090329,0.095928,0.088270,0.090269,0.087451,0.094136
121030252091,Pinellas,0.077069,0.051946,0.082254,0.088280,0.084809,0.094259
121030252092,Pinellas,0.091841,0.093406,0.091175,0.092996,0.088121,0.094054
121030252093,Pinellas,0.093271,0.097204,0.092651,0.093686,0.086056,0.094131
121030252094,Pinellas,0.096038,0.101400,0.098041,0.092951,0.086072,0.094433
121030252101,Pinellas,0.077523,0.055214,0.084064,0.090432,0.082489,0.094755
121030252102,Pinellas,0.081059,0.054088,0.087159,0.092058,0.088645,0.094249
121030252111,Pinellas,0.095937,0.090700,0.100149,0.099950,0.089225,0.095116
121030252112,Pinellas,0.090066,0.077030,0.098874,0.095098,0.084800,0.095054
121030253031,Pinellas,0.101835,0.108729,0.105613,0.094119,0.083379,0.094469
121030253032,Pinellas,0.108377,0.121153,0.107509,0.099687,0.086556,0.095112
121030253033,Pinellas,0.103383,0.107700,0.106376,0.099241,0.086937,0.095096
121030253051,Pinellas,0.097892,0.099403,0.102984,0.093622,0.083421,0.094642
121030253052,Pinellas,0.102785,0.109605,0.106007,0.095955,0.084884,0.094467
121030253071,Pinellas,0.095570,0.101201,0.096729,0.092022,0.082969,0.094292
121030253072,Pinellas,0.096553,0.101794,0.098318,0.092097,0.082883,0.094381
121030253091,Pinellas,0.094796,0.085961,0.104009,0.096585,0.085789,0.094918
121030253092,Pinellas,0.103301,0.111970,0.105322,0.095694,0.084540,0.094673
121030253101,Pinellas,0.100042,0.108953,0.101416,0.093196,0.083658,0.094352
121030253111,Pinellas,0.102797,0.111704,0.104528,0.095386,0.085042,0.094440
121030253112,Pinellas,0.101589,0.109411,0.103319,0.094606,0.084366,0.094360
121030253113,Pinellas,0.107760,0.123500,0.106563,0.097524,0.086720,0.094617
121030254011,Pinellas,0.105859,0.123981,0.106683,0.088019,0.078665,0.095841
121030254012,Pinellas,0.101510,0.120280,0.103409,0.082405,0.075634,0.095677
121030254013,Pinellas,0.105176,0.121823,0.107685,0.085392,0.077952,0.095322
121030254071,Pinellas,0.109747,0.118250,0.112393,0.100846,0.088614,0.095174
121030254072,Pinellas,0.105368,0.120254,0.100996,0.096897,0.085506,0.094645
121030254073,Pinellas,0.108913,0.123081,0.107998,0.099504,0.087399,0.095240
121030254111,Pinellas,0.095466,0.095278,0.099412,0.093991,0.083131,0.093583
121030254121,Pinellas,0.092238,0.102942,0.097351,0.077006,0.071933,0.095295
121030254122,Pinellas,0.104646,0.119547,0.105463,0.090766,0.086879,0.094967
121030254123,Pinellas,0.094933,0.106509,0.098706,0.079924,0.074275,0.095610
121030254131,Pinellas,0.099066,0.117117,0.100474,0.082609,0.073966,0.095783
121030254132,Pinellas,0.087994,0.099410,0.089875,0.077150,0.071422,0.094784
121030254133,Pinellas,0.083081,0.079044,0.089487,0.079189,0.078418,0.094212
121030254141,Pinellas,0.097890,0.104457,0.097353,0.094163,0.083265,0.093286
121030254142,Pinellas,0.106306,0.118883,0.106822,0.097820,0.088058,0.094556
121030254151,Pinellas,0.096465,0.101937,0.098471,0.090043,0.080981,0.093002
121030254152,Pinellas,0.105312,0.117423,0.103300,0.096237,0.084048,0.094165
121030254153,Pinellas,0.100320,0.110493,0.097887,0.095544,0.083551,0.093887
121030254161,Pinellas,0.105047,0.120070,0.100677,0.096597,0.085264,0.094440
121030254162,Pinellas,0.107404,0.120092,0.106183,0.098855,0.086585,0.094870
121030254171,Pinellas,0.104904,0.115449,0.105027,0.097032,0.084848,0.094057
121030254172,Pinellas,0.104950,0.110502,0.109709,0.097533,0.085328,0.094806
121030254181,Pinellas,0.097479,0.098627,0.099786,0.096440,0.084333,0.092633
121030254182,Pinellas,0.094910,0.096026,0.098120,0.092189,0.082233,0.092733
121030254191,Pinellas,0.099403,0.107662,0.099595,0.092698,0.082050,0.093461
121030254192,Pinellas,0.097541,0.098209,0.100357,0.096315,0.084691,0.092942
121030254193,Pinellas,0.097206,0.097328,0.100852,0.095705,0.084241,0.093098
121030254201,Pinellas,0.083464,0.086930,0.088072,0.074424,0.070239,0.094542
121030254202,Pinellas,0.066201,0.072911,0.067366,0.060694,0.066401,0.090841
121030254211,Pinellas,0.085354,0.094196,0.088371,0.077914,0.071292,0.094855
121030254212,Pinellas,0.080481,0.084069,0.083118,0.078346,0.071887,0.094180
121030255011,Pinellas,0.105518,0.126446,0.106735,0.088121,0.076383,0.096107
121030255012,Pinellas,0.104642,0.121123,0.108295,0.089178,0.077920,0.096040
121030255013,Pinellas,0.107905,0.126164,0.110034,0.090839,0.079688,0.095990
121030255051,Pinellas,0.113401,0.137054,0.109883,0.094620,0.080704,0.096372
121030255052,Pinellas,0.107971,0.125180,0.103169,0.096758,0.088878,0.096259
121030255071,Pinellas,0.100238,0.110614,0.100855,0.091217,0.085814,0.095852
121030255072,Pinellas,0.106805,0.120183,0.106423,0.098294,0.086064,0.095158
121030255081,Pinellas,0.110079,0.120948,0.111241,0.098973,0.088561,0.095330
121030255082,Pinellas,0.108755,0.120531,0.108635,0.099880,0.087355,0.095173
121030255091,Pinellas,0.114322,0.134963,0.111221,0.100220,0.088191,0.095486
121030255092,Pinellas,0.126965,0.156777,0.117790,0.106989,0.094743,0.096002
121030255101,Pinellas,0.115979,0.139964,0.115319,0.096715,0.083323,0.096359
121030255102,Pinellas,0.117245,0.145105,0.111655,0.095892,0.089329,0.096242
121030255103,Pinellas,0.124593,0.156372,0.115262,0.102706,0.092254,0.095705
121030256021,Pinellas,0.123780,0.160122,0.113341,0.104482,0.097967,0.096183
121030256022,Pinellas,0.112486,0.135901,0.105332,0.099402,0.087510,0.095953
121030256023,Pinellas,0.110702,0.132600,0.103453,0.098128,0.086129,0.095587
121030256031,Pinellas,0.103393,0.116252,0.104868,0.094661,0.083735,0.095309
121030256032,Pinellas,0.109438,0.127145,0.105878,0.097944,0.084137,0.095506
121030256041,Pinellas,0.113210,0.134998,0.107042,0.101427,0.087837,0.095283
121030257001,Pinellas,,,,,,
121030257002,Pinellas,0.121748,0.155691,0.112689,0.107761,0.095747,0.095631
121030257003,Pinellas,0.097245,0.109120,0.097101,0.092906,0.075356,0.096353
121030258001,Pinellas,0.108068,0.131236,0.107054,0.089117,0.075809,0.096259
121030258002,Pinellas,0.110093,0.132671,0.107321,0.093379,0.079471,0.096552
121030258003,Pinellas,0.107180,0.128179,0.105141,0.093981,0.078932,0.096562
121030259011,Pinellas,0.098359,0.117339,0.092247,0.088895,0.080182,0.096137
121030259012,Pinellas,0.098807,0.109702,0.099330,0.091664,0.078484,0.096508
121030259013,Pinellas,0.102864,0.118688,0.102480,0.092613,0.079159,0.096456
121030259021,Pinellas,0.094685,0.103417,0.095208,0.089870,0.077843,0.096601
121030259022,Pinellas,0.097005,0.110841,0.092475,0.091587,0.082044,0.096226
121030260011,Pinellas,0.098382,0.085683,0.108377,0.097304,0.090089,0.095780
121030260012,Pinellas,0.107721,0.121625,0.111634,0.101234,0.089903,0.095879
121030260013,Pinellas,0.112206,0.130342,0.115983,0.101180,0.087775,0.096121
121030260031,Pinellas,0.114434,0.151176,0.118202,0.102421,0.092240,0.095708
121030260032,Pinellas,0.130070,0.186759,0.137176,0.112883,0.104213,0.095664
121030260041,Pinellas,0.113557,0.136590,0.121356,0.106489,0.098146,0.095767
121030261011,Pinellas,0.099343,0.114370,0.101597,0.086070,0.078762,0.096809
121030261012,Pinellas,0.101912,0.120740,0.102022,0.085583,0.079051,0.096856
121030261021,Pinellas,0.105875,0.114481,0.109425,0.099411,0.087119,0.097966
121030262001,Pinellas,0.110335,0.135857,0.109267,0.090378,0.081558,0.096463
121030262002,Pinellas,0.100912,0.120484,0.100791,0.084206,0.077508,0.096734
121030263001,Pinellas,0.106694,0.124946,0.106120,0.092901,0.083396,0.098198
121030263002,Pinellas,0.106185,0.118446,0.114939,0.090994,0.082097,0.098096
121030263003,Pinellas,0.102717,0.119324,0.106539,0.088210,0.078698,0.097773
121030263004,Pinellas,0.112115,0.135535,0.111906,0.092786,0.081450,0.097670
121030263005,Pinellas,0.100567,0.116875,0.102439,0.086306,0.078378,0.096202
121030263006,Pinellas,0.090492,0.104162,0.095224,0.076238,0.071452,0.096263
121030264011,Pinellas,0.100083,0.118987,0.097274,0.086428,0.077663,0.096080
121030264012,Pinellas,0.096756,0.109340,0.097823,0.087545,0.077247,0.096244
121030264013,Pinellas,0.097598,0.111117,0.098419,0.086522,0.078458,0.096171
121030264021,Pinellas,0.099630,0.119019,0.095321,0.085757,0.077028,0.095965
121030264022,Pinellas,0.090232,0.098233,0.089773,0.083900,0.076872,0.096402
121030264023,Pinellas,0.107130,0.116951,0.108921,0.099837,0.085940,0.096130
121030265011,Pinellas,0.096012,0.104080,0.101350,0.086326,0.075942,0.096162
121030265012,Pinellas,0.096485,0.110589,0.095613,0.084837,0.076060,0.096709
121030265021,Pinellas,0.094881,0.100804,0.100431,0.087585,0.076614,0.097214
121030265022,Pinellas,0.098824,0.108988,0.102720,0.089582,0.077963,0.097171
121030265023,Pinellas,0.083762,0.084455,0.088289,0.081311,0.073691,0.096687
121030266011,Pinellas,0.103933,0.124342,0.102167,0.088073,0.078210,0.096558
121030266012,Pinellas,0.101555,0.121358,0.102537,0.082885,0.074300,0.096042
121030266013,Pinellas,0.098082,0.117655,0.095401,0.084028,0.075391,0.096362
121030266021,Pinellas,0.101820,0.115553,0.105389,0.091493,0.079822,0.096636
121030266022,Pinellas,0.094340,0.102956,0.097053,0.085885,0.075297,0.096639
121030267011,Pinellas,0.105328,0.118337,0.114833,0.088777,0.081401,0.098094
121030267012,Pinellas,0.100298,0.112509,0.106459,0.086293,0.080985,0.097867
121030267013,Pinellas,0.109882,0.131362,0.114523,0.089127,0.082314,0.097503
121030267014,Pinellas,0.100478,0.112072,0.103574,0.089677,0.081427,0.097687
121030267031,Pinellas,0.094506,0.100192,0.100914,0.085997,0.075476,0.096466
121030267032,Pinellas,0.078335,0.078718,0.081305,0.075912,0.069659,0.095660
121030267033,Pinellas,0.084414,0.090034,0.087483,0.075390,0.070582,0.094800
121030267034,Pinellas,0.094203,0.107413,0.094529,0.082446,0.073819,0.095899
121030267035,Pinellas,0.091140,0.104144,0.092806,0.079821,0.071878,0.095573
121030267041,Pinellas,0.085752,0.091680,0.088973,0.079512,0.070769,0.096246
121030267042,Pinellas,0.081338,0.086769,0.082923,0.077046,0.071125,0.096343
121030267043,Pinellas,0.071440,0.071552,0.074414,0.069481,0.063469,0.095747
121030267051,Pinellas,0.098302,0.111467,0.104913,0.082829,0.078000,0.097394
121030267052,Pinellas,0.096108,0.110914,0.101520,0.080214,0.076088,0.096717
121030267053,Pinellas,0.105173,0.119608,0.107640,0.093991,0.081353,0.097000
121030268041,Pinellas,0.071999,0.084810,0.072195,0.062710,0.066504,0.094195
121030268042,Pinellas,0.069635,0.067129,0.072565,0.070108,0.063800,0.094787
121030268043,Pinellas,0.063234,0.062373,0.065255,0.060831,0.064320,0.093644
121030268091,Pinellas,0.067556,0.073937,0.066787,0.064031,0.067593,0.090840
121030268092,Pinellas,0.066078,0.065423,0.068416,0.062128,0.065472,0.091960
121030268111,Pinellas,0.088415,0.101417,0.083342,0.082688,0.087586,0.097873
121030268112,Pinellas,0.078053,0.086184,0.076988,0.070819,0.083544,0.096168
121030268113,Pinellas,0.079323,0.085287,0.078330,0.074714,0.084762,0.096386
121030268114,Pinellas,0.084999,0.098924,0.080319,0.077593,0.080228,0.096873
121030268121,Pinellas,0.084022,0.100829,0.078608,0.075920,0.078346,0.096590
121030268122,Pinellas,0.077198,0.093948,0.072126,0.068350,0.073750,0.095080
121030268123,Pinellas,0.072308,0.087083,0.067242,0.065288,0.071667,0.094629
121030268124,Pinellas,0.088013,0.109402,0.080815,0.076633,0.078143,0.096949
121030268131,Pinellas,0.083728,0.135998,0.077076,0.068709,0.077162,0.094248
121030268132,Pinellas,0.076021,0.092031,0.075170,0.064893,0.069444,0.094806
121030268141,Pinellas,0.074648,0.085531,0.071704,0.069093,0.076568,0.093679
121030268142,Pinellas,0.079471,0.091029,0.074326,0.074294,0.085408,0.095599
121030268151,Pinellas,0.076074,0.093170,0.070539,0.068459,0.078704,0.094035
121030268152,Pinellas,0.094368,0.150858,0.081127,0.071222,0.078337,0.094049
121030268153,Pinellas,0.072520,0.081967,0.070110,0.067401,0.078099,0.093585
121030268161,Pinellas,0.073271,0.099533,0.067134,0.066592,0.070399,0.092505
121030268162,Pinellas,0.067782,0.073927,0.067117,0.065386,0.066974,0.092663
121030268163,Pinellas,0.065678,0.073247,0.063764,0.061337,0.068210,0.093207
121030268164,Pinellas,0.068123,0.076165,0.065998,0.065166,0.069973,0.092755
121030268171,Pinellas,0.088112,0.146595,0.076960,0.068042,0.077237,0.093936
121030268172,Pinellas,0.081965,0.131079,0.072069,0.064306,0.071374,0.093010
121030268173,Pinellas,0.074657,0.105583,0.066936,0.066206,0.073293,0.092707
121030268181,Pinellas,0.069912,0.073137,0.072969,0.064182,0.066780,0.093284
121030268182,Pinellas,0.079486,0.085566,0.080988,0.073084,0.068154,0.094568
121030268183,Pinellas,0.066008,0.065273,0.067556,0.063177,0.067548,0.091978
121030268191,Pinellas,0.079374,0.097950,0.077817,0.066263,0.069066,0.092361
121030268192,Pinellas,0.082799,0.101155,0.080513,0.068419,0.070346,0.093935
121030268201,Pinellas,0.088914,0.108646,0.082554,0.078977,0.079436,0.097993
121030268202,Pinellas,0.087820,0.109303,0.077511,0.079299,0.080159,0.099384
121030268203,Pinellas,0.090443,0.106766,0.083765,0.083519,0.087843,0.099369
121030268204,Pinellas,0.093448,0.111561,0.086992,0.086224,0.089821,0.100396
121030268211,Pinellas,0.086696,0.102950,0.083010,0.077919,0.085979,0.097642
121030268212,Pinellas,0.091478,0.109221,0.083442,0.084143,0.088770,0.099481
121030269041,Pinellas,0.083380,0.090273,0.084365,0.077323,0.077862,0.099071
121030269042,Pinellas,0.102615,0.135622,0.092926,0.084422,0.082509,0.097863
121030269043,Pinellas,0.086645,0.102373,0.082569,0.079059,0.077240,0.099170
121030269081,Pinellas,0.086587,0.090512,0.086783,0.082921,0.087280,0.099766
121030269082,Pinellas,0.089252,0.097314,0.092812,0.084320,0.076915,0.099914
121030269083,Pinellas,0.090556,0.099461,0.096276,0.083568,0.076873,0.099178
121030269084,Pinellas,0.084275,0.090684,0.087510,0.077087,0.076553,0.098781
121030269091,Pinellas,0.083673,0.086786,0.087946,0.080122,0.073648,0.099128
121030269092,Pinellas,0.084854,0.097341,0.084486,0.075504,0.078095,0.098070
121030269093,Pinellas,0.083331,0.088580,0.086746,0.076750,0.075383,0.097962
121030269111,Pinellas,0.101688,0.117033,0.108758,0.087495,0.080008,0.097976
121030269112,Pinellas,0.089559,0.097412,0.093767,0.081114,0.075575,0.096810
121030269113,Pinellas,0.101376,0.117597,0.107547,0.085583,0.079413,0.097581
121030269121,Pinellas,0.082432,0.090122,0.082786,0.077081,0.071746,0.096362
121030269122,Pinellas,0.089615,0.098188,0.093524,0.080890,0.075219,0.096822
121030269123,Pinellas,0.085704,0.093443,0.089425,0.077277,0.071042,0.096363
121030269131,Pinellas,0.091628,0.105700,0.092145,0.081795,0.077658,0.097073
121030269132,Pinellas,0.091013,0.115236,0.086005,0.079041,0.075397,0.096704
121030269133,Pinellas,0.091293,0.102877,0.093986,0.081330,0.075853,0.096862
121030269141,Pinellas,0.102133,0.120432,0.107405,0.088292,0.078873,0.098617
121030269142,Pinellas,0.091350,0.103579,0.095224,0.079225,0.076892,0.098746
121030269151,Pinellas,0.098661,0.108011,0.105071,0.086883,0.081046,0.098157
121030269152,Pinellas,0.099373,0.104161,0.110661,0.087722,0.081757,0.098160
121030269161,Pinellas,0.089112,0.095798,0.096311,0.079252,0.075911,0.097851
121030269162,Pinellas,0.089634,0.099392,0.093703,0.078452,0.076552,0.097609
121030269163,Pinellas,0.097549,0.116789,0.099931,0.081657,0.078952,0.098174
121030269164,Pinellas,0.100332,0.115229,0.105254,0.085785,0.078449,0.097955
121030269171,Pinellas,0.089517,0.116859,0.081958,0.076913,0.077042,0.096986
121030270001,Pinellas,0.099929,0.119871,0.107402,0.081107,0.073602,0.098872
121030270002,Pinellas,0.105467,0.119766,0.112073,0.093849,0.081668,0.098465
121030270003,Pinellas,0.114145,0.135957,0.111862,0.104254,0.092718,0.098817
121030271051,Pinellas,0.093604,0.103373,0.097596,0.086998,0.079604,0.099223
121030271052,Pinellas,0.088456,0.094191,0.095018,0.082329,0.075712,0.099126
121030271061,Pinellas,,,,,,0.077225
121030271062,Pinellas,0.102436,0.122618,0.102743,0.093028,0.092704,0.099772
121030271063,Pinellas,,,,,,
121030271071,Pinellas,0.084850,0.089504,0.090960,0.078918,0.072485,0.098373
121030271081,Pinellas,0.092778,0.105061,0.099886,0.080558,0.073060,0.098420
121030271082,Pinellas,0.089925,0.096943,0.096522,0.082522,0.074895,0.098435
121030272021,Pinellas,0.099750,0.093015,0.109065,0.097323,0.093371,0.106690
121030272022,Pinellas,0.106833,0.123918,0.112493,0.101512,0.095106,0.101482
121030272023,Pinellas,0.097682,0.093475,0.105309,0.095925,0.092530,0.109551
121030272024,Pinellas,0.089301,0.090558,0.094539,0.085741,0.084245,0.102963
121030272025,Pinellas,0.088164,0.086327,0.091921,0.087789,0.084009,0.105426
121030272041,Pinellas,0.100277,0.116476,0.108720,0.090856,0.090835,0.107299
121030272042,Pinellas,0.101325,0.117948,0.104624,0.091541,0.092669,0.108642
121030272043,Pinellas,0.100511,0.116710,0.106913,0.091125,0.091346,0.107108
121030272061,Pinellas,0.088009,0.087761,0.090166,0.088199,0.084168,0.103921
121030272062,Pinellas,0.098173,0.117960,0.097535,0.089451,0.088971,0.103796
121030272063,Pinellas,0.089322,0.097043,0.091576,0.084197,0.086250,0.104334
121030272071,Pinellas,0.094584,0.106370,0.095086,0.088636,0.088009,0.102772
121030272072,Pinellas,0.094471,0.101272,0.096430,0.090325,0.088742,0.102879
121030272073,Pinellas,0.099661,0.116719,0.098704,0.093183,0.089611,0.101346
121030272074,Pinellas,0.096840,0.114349,0.095092,0.089545,0.087546,0.101321
121030272075,Pinellas,0.094535,0.111472,0.091528,0.086268,0.090743,0.101801
121030272081,Pinellas,0.093236,0.110542,0.090187,0.087243,0.085890,0.100983
121030272082,Pinellas,0.092468,0.104657,0.090913,0.087163,0.085286,0.100226
121030272083,Pinellas,0.090756,0.099566,0.089694,0.087935,0.085085,0.100803
121030272084,Pinellas,0.094010,0.112775,0.088019,0.085714,0.089807,0.101096
121030272091,Pinellas,0.086477,0.087063,0.089623,0.084306,0.083031,0.099697
121030272101,Pinellas,0.101794,0.114327,0.103595,0.095448,0.092150,0.101532
121030272102,Pinellas,0.090237,0.097958,0.089724,0.087720,0.084602,0.100368
121030272103,Pinellas,0.088639,0.092574,0.090152,0.086284,0.084324,0.099826
121030272104,Pinellas,0.088892,0.095388,0.087712,0.086724,0.083984,0.099721
121030272111,Pinellas,0.101541,0.125194,0.100580,0.090522,0.091372,0.106174
121030272112,Pinellas,0.101763,0.112948,0.107415,0.095212,0.093276,0.105175
121030272113,Pinellas,0.099729,0.114747,0.108838,0.090760,0.090889,0.107444
121030272121,Pinellas,0.100731,0.119516,0.101841,0.090572,0.092137,0.107390
121030272122,Pinellas,0.102560,0.122537,0.104776,0.091798,0.092545,0.108342
121030273081,Pinellas,0.102232,0.112519,0.112419,0.091981,0.093203,0.117426
121030273082,Pinellas,0.123426,0.177381,0.136063,0.107430,0.100951,0.120144
121030273091,Pinellas,0.091182,0.093497,0.102170,0.087962,0.082572,0.110382
121030273092,Pinellas,0.077263,0.089846,0.088405,0.071473,0.069614,0.105484
121030273141,Pinellas,0.087552,0.109096,0.086607,0.077069,0.085183,0.097849
121030273142,Pinellas,0.079206,0.082001,0.082382,0.075934,0.078734,0.100052
121030273161,Pinellas,0.091544,0.105075,0.092137,0.083775,0.089037,0.102836
121030273162,Pinellas,0.082883,0.081011,0.087839,0.080123,0.081412,0.103699
121030273163,Pinellas,0.092215,0.105647,0.094355,0.085397,0.085013,0.104210
121030273171,Pinellas,0.092498,0.112941,0.088100,0.083395,0.088770,0.099955
121030273172,Pinellas,0.087307,0.108124,0.085982,0.077068,0.084778,0.097607
121030273173,Pinellas,0.092407,0.108834,0.089061,0.084793,0.088677,0.101028
121030273181,Pinellas,0.091163,0.110317,0.087374,0.083597,0.088490,0.100713
121030273182,Pinellas,0.084684,0.101894,0.081497,0.076112,0.085260,0.097131
121030273191,Pinellas,0.080603,0.094505,0.079879,0.074940,0.076401,0.094812
121030273192,Pinellas,0.082363,0.101479,0.079799,0.073831,0.081738,0.095368
121030273193,Pinellas,0.074660,0.080444,0.072856,0.072667,0.075893,0.093648
121030273194,Pinellas,0.075225,0.084058,0.073502,0.071790,0.075282,0.094483
121030273201,Pinellas,0.072793,0.073770,0.072457,0.072942,0.070844,0.092607
121030273202,Pinellas,0.072782,0.061721,0.075335,0.071238,0.075024,0.092160
121030273203,Pinellas,0.073323,0.077062,0.072097,0.071572,0.075930,0.093412
121030273211,Pinellas,0.080008,0.090563,0.089484,0.072419,0.073260,0.106393
121030273231,Pinellas,0.082441,0.101080,0.080068,0.075115,0.086442,0.098117
121030273232,Pinellas,0.080559,0.095707,0.078180,0.073586,0.085760,0.097514
121030273241,Pinellas,0.085199,0.113330,0.092083,0.078010,0.080244,0.099649
121030273242,Pinellas,0.087605,0.109060,0.093906,0.080982,0.082321,0.100667
121030273251,Pinellas,0.084187,0.101390,0.091844,0.076740,0.080275,0.096954
121030273252,Pinellas,0.083961,0.107566,0.085240,0.074269,0.085515,0.097190
121030273261,Pinellas,0.081138,0.097589,0.078884,0.074716,0.077392,0.096192
121030273262,Pinellas,0.081074,0.097902,0.079099,0.073444,0.081026,0.096375
121030273271,Pinellas,0.086269,0.112596,0.087028,0.078286,0.080153,0.093508
121030273272,Pinellas,0.073041,0.073046,0.073560,0.072145,0.074523,0.092393
121030273281,Pinellas,0.096907,0.132934,0.106026,0.086660,0.086333,0.100894
121030273282,Pinellas,0.083763,0.094991,0.092014,0.078146,0.077603,0.105100
121030273291,Pinellas,0.081171,0.089213,0.086044,0.075946,0.079346,0.100533
121030273292,Pinellas,0.087185,0.123299,0.094868,0.080254,0.079974,0.102449
121030273301,Pinellas,0.091336,0.103039,0.089979,0.084524,0.090280,0.102742
121030273302,Pinellas,0.090130,0.101904,0.087339,0.084141,0.089859,0.101542
121030273311,Pinellas,0.087265,0.100177,0.085512,0.080611,0.087267,0.100036
121030273312,Pinellas,0.081098,0.088139,0.080876,0.077146,0.082021,0.098801
121030273321,Pinellas,0.077427,,0.088986,0.083870,0.069835,0.105814
121030273331,Pinellas,0.080351,0.085624,0.085100,0.075281,0.079207,0.101288
121030273332,Pinellas,0.082252,0.091724,0.089368,0.075771,0.077305,0.104287
121030274011,Pinellas,0.104165,0.120408,0.114259,0.093665,0.092670,0.113913
121030274012,Pinellas,0.101462,0.113521,0.111636,0.092070,0.091771,0.112646
121030274041,Pinellas,0.099497,0.107006,0.109890,0.091870,0.090988,0.111552
121030274042,Pinellas,0.101128,0.113227,0.108456,0.092084,0.092113,0.109887
121030274043,Pinellas,0.100447,0.109244,0.109171,0.092263,0.091890,0.110987
121030274044,Pinellas,0.100151,0.107476,0.109900,0.092014,0.091022,0.111688
121030274045,Pinellas,0.099471,0.107629,0.108651,0.091370,0.091212,0.111945
121030274046,Pinellas,0.098378,0.105372,0.106639,0.091404,0.091237,0.109651
121030275011,Pinellas,0.101663,0.067572,0.110040,0.110241,0.089294,0.118927
121030275012,Pinellas,0.096066,0.085734,0.107666,0.098167,0.087360,0.115638
121030275013,Pinellas,0.107534,0.133277,0.119316,0.094326,0.091887,0.114743
121030275031,Pinellas,0.092170,0.082059,0.101958,0.089762,0.088780,0.111798
121030275032,Pinellas,0.095916,0.096206,0.103600,0.092621,0.090445,0.110769
121030275033,Pinellas,0.097863,0.092432,0.110971,0.096749,0.088265,0.114553
121030275041,Pinellas,0.098117,0.102893,0.106049,0.092562,0.091339,0.109499
121030275042,Pinellas,0.095854,0.090327,0.106555,0.091928,0.090395,0.111533
121030276031,Pinellas,0.094131,0.081149,0.097516,0.097469,0.097283,0.094428
121030276032,Pinellas,0.092779,0.074230,0.092407,0.098149,0.096564,0.094521
121030276041,Pinellas,0.103769,0.129445,0.105135,0.095565,0.095939,0.095202
121030276042,Pinellas,0.105570,0.141546,0.106561,0.095115,0.096617,0.095326
121030276043,Pinellas,0.101105,0.110740,0.100677,0.101299,0.095523,0.095011
121030276051,Pinellas,0.089891,0.083693,0.092025,0.093694,0.088487,0.094637
121030276052,Pinellas,0.090303,0.082998,0.091927,0.093959,0.089159,0.094323
121030276061,Pinellas,0.117795,0.144934,0.116761,0.107838,0.102301,0.093631
121030276062,Pinellas,0.112146,0.126835,0.115477,0.107733,0.102747,0.094264
121030277011,Pinellas,0.078477,0.057758,0.086368,0.087736,0.060536,0.098090
121030277012,Pinellas,0.076026,0.059648,0.079130,0.086657,0.058985,0.098161
121030277013,Pinellas,0.079954,0.058518,0.087195,0.091586,0.060784,0.098124
121030277031,Pinellas,0.084385,0.074748,0.089939,0.093162,0.063722,0.095751
121030277032,Pinellas,0.096925,0.092091,0.098424,0.094354,0.098521,0.095630
121030277041,Pinellas,0.078561,0.065755,0.081696,0.088459,0.063586,0.097446
121030277042,Pinellas,0.078281,0.070517,0.081381,0.087211,0.062933,0.096457
121030277043,Pinellas,0.077901,0.074033,0.080460,0.086501,0.062090,0.095877
121030278011,Pinellas,0.085244,0.075427,0.097265,0.084634,0.060799,0.098742
121030278012,Pinellas,0.086328,0.077462,0.098369,0.085359,0.060996,0.098794
121030278021,Pinellas,0.089021,0.088694,0.097947,0.088244,0.063862,0.098929
121030278022,Pinellas,0.088888,0.077769,0.095696,0.097452,0.063819,0.098361
121030279011,Pinellas,0.101707,0.118401,0.108687,0.095795,0.073396,0.099267
121030279012,Pinellas,0.102690,0.121110,0.109879,0.095218,0.073015,0.099477
121030279013,Pinellas,0.112268,0.134010,0.124257,0.105987,0.081902,0.099022
121030279051,Pinellas,0.098992,0.105786,0.106324,0.098745,0.073841,0.099368
121030279052,Pinellas,0.100620,0.110977,0.109042,0.098400,0.075254,0.099355
121030279053,Pinellas,0.099183,0.101103,0.107476,0.099718,0.076362,0.099657
121030279054,Pinellas,0.101328,0.115854,0.110641,0.090660,0.072522,0.100020
121030280021,Pinellas,0.096776,0.098386,0.109509,0.098887,0.074357,0.096923
121030280022,Pinellas,0.094850,0.105765,0.106696,0.089853,0.072566,0.096202
121030280023,Pinellas,0.088925,0.081663,0.099736,0.092667,0.073320,0.095332
121030280024,Pinellas,0.090661,0.072702,0.103431,0.094924,0.075717,0.095001
121030280041,Pinellas,0.109857,0.124067,0.122914,0.101102,0.077779,0.099591
121030280042,Pinellas,0.110080,0.125464,0.120311,0.102453,0.078395,0.099326
121030280051,Pinellas,0.100689,0.102606,0.115162,0.099555,0.074019,0.098094
121030280052,Pinellas,0.106673,0.101318,0.122997,0.104435,0.078900,0.099010
121030280061,Pinellas,0.108773,0.113750,0.124992,0.103179,0.078505,0.099274
121030280062,Pinellas,0.107035,0.117242,0.119847,0.101948,0.078520,0.099050
121030281021,Pinellas,0.113657,0.140255,0.125008,0.094449,0.068580,0.100090
121030281022,Pinellas,0.148410,0.230783,0.156904,0.124946,0.078086,0.098187
121030281023,Pinellas,0.122843,0.149831,0.138472,0.107010,0.079735,0.100242
121030281031,Pinellas,0.113852,0.131609,0.127883,0.102422,0.075172,0.099981
121030281032,Pinellas,0.116981,0.139301,0.129811,0.099540,0.074979,0.100077
121030281041,Pinellas,0.114162,0.133685,0.126989,0.098145,0.073817,0.099778
121030281042,Pinellas,0.112347,0.126030,0.126712,0.103817,0.075808,0.099769
121030281043,Pinellas,0.106824,0.130098,0.113335,0.087454,0.072486,0.099838
121030282001,Pinellas,0.140507,0.183179,0.153884,0.100067,0.082300,0.099956
121030282002,Pinellas,0.130346,0.169320,0.141170,0.093166,0.080823,0.099955
121030282003,Pinellas,0.145579,0.189163,0.162369,0.108616,0.082789,0.099334
121030283001,Pinellas,0.127172,0.170143,0.139445,0.087652,0.070145,0.099189
121030283002,Pinellas,0.140190,0.186490,0.152843,0.097386,0.081192,0.099173
121030283003,Pinellas,0.127845,0.166215,0.144195,0.092845,0.076123,0.098245
121030283004,Pinellas,0.149273,0.200308,0.158556,0.102099,0.084336,0.099829
121030284031,Pinellas,0.148543,0.232032,0.156955,0.125856,0.079275,0.098254
121030284032,Pinellas,0.150459,0.204582,0.164876,0.113117,0.082765,0.098425
121030284033,Pinellas,0.141218,0.184096,0.158080,0.107787,0.081039,0.098246
121030285001,Pinellas,0.131777,0.172863,0.151062,0.096663,0.076062,0.097971
121030285002,Pinellas,0.112249,0.149400,0.122893,0.083891,0.073293,0.097317
121030286011,Pinellas,0.115254,0.180968,0.110061,0.065626,0.061783,0.095294
121030286012,Pinellas,0.113494,0.194358,0.105348,0.064153,0.061588,0.095212
121030286021,Pinellas,0.121724,0.194528,0.124859,0.075152,0.068942,0.095243
121030286022,Pinellas,0.121083,0.207495,0.117389,0.068537,0.064605,0.094870
121030287001,Pinellas,0.107789,0.160036,0.108482,0.068665,0.064953,0.095477
121030287002,Pinellas,0.097950,0.141156,0.099545,0.063648,0.060970,0.095489
121030287003,Pinellas,0.098108,0.139898,0.100764,0.064366,0.061483,0.095493
121039900000,Pinellas,0.094589,0.082229,0.097549,0.098556,0.097757,0.094491
121039901000,Pinellas,0.160113,0.274485,0.182975,0.112761,0.082978,0.095068
121010301011,Pasco,0.135388,0.148994,0.147485,0.127003,0.117537,0.186295
121010301012,Pasco,0.151530,0.243572,0.142633,0.134908,0.126515,0.188697
121010301021,Pasco,0.152161,0.190445,0.167252,0.136478,0.127659,0.187604
121010301022,Pasco,0.133627,0.147956,0.142275,0.127888,0.117164,0.176850
121010301023,Pasco,0.128087,0.131447,0.138815,0.125582,0.114843,0.177192
121010302021,Pasco,0.121489,0.125633,0.130768,0.119877,0.111185,0.169236
121010302022,Pasco,0.133005,0.150711,0.140285,0.126661,0.116833,0.176242
121010302023,Pasco,0.123826,0.126559,0.131728,0.122212,0.113930,0.175845
121010302031,Pasco,0.125288,0.145219,0.129044,0.115508,0.108984,0.163959
121010302032,Pasco,0.123891,0.139296,0.128327,0.116285,0.109310,0.164476
121010302033,Pasco,0.120575,0.125985,0.129947,0.117318,0.109873,0.166015
121010302041,Pasco,0.134230,0.182081,0.131482,0.118773,0.111097,0.160311
121010302051,Pasco,0.126781,0.146636,0.132597,0.118396,0.109305,0.148007
121010302052,Pasco,0.122639,0.137647,0.130795,0.117186,0.108323,0.153246
121010303031,Pasco,0.123157,0.139934,0.138382,0.115370,0.108229,0.134248
121010303032,Pasco,0.120358,0.130796,0.134715,0.115016,0.107788,0.133157
121010303041,Pasco,0.118674,0.127996,0.130205,0.115044,0.107410,0.134289
121010303042,Pasco,0.120559,0.122921,0.134993,0.117158,0.109340,0.142315
121010303043,Pasco,0.114512,0.110300,0.127109,0.114631,0.107265,0.140164
121010304041,Pasco,0.093620,0.063123,0.102992,0.100103,0.085308,0.117758
121010304042,Pasco,0.148957,0.237862,0.184062,0.141902,0.116082,0.125736
121010304051,Pasco,0.121118,0.152896,0.124176,0.111193,0.106189,0.129488
121010304052,Pasco,0.122134,0.148957,0.129674,0.112419,0.108074,0.128621
121010304061,Pasco,0.121169,0.147638,0.123000,0.111543,0.106664,0.130414
121010304062,Pasco,0.121720,0.147922,0.128816,0.113492,0.107017,0.130328
121010304063,Pasco,0.119981,0.151219,0.122098,0.107727,0.105704,0.127940
121010304071,Pasco,0.119325,0.150674,0.126063,0.108639,0.104585,0.128234
121010304072,Pasco,0.118549,0.149871,0.121873,0.105590,0.104851,0.127305
121010304081,Pasco,0.150383,0.247703,0.154536,0.125965,0.115111,0.127159
121010304082,Pasco,0.117638,0.151966,0.123394,0.103644,0.101365,0.125556
121010304091,Pasco,0.165684,0.304515,0.172278,0.129936,0.118717,0.126807
121010304092,Pasco,0.114403,0.149996,0.123822,0.100013,0.097264,0.123881
121010304101,Pasco,0.114844,0.149203,0.120334,0.099380,0.099274,0.124306
121010304102,Pasco,0.113443,0.149207,0.122197,0.096239,0.095194,0.122152
121010304111,Pasco,0.119044,0.181192,0.127762,0.100271,0.094946,0.121181
121010304112,Pasco,0.118041,0.174977,0.125325,0.097519,0.095476,0.121008
121010304113,Pasco,0.118627,0.180618,0.128546,0.101549,0.094714,0.121655
121010304121,Pasco,0.117747,0.174108,0.125325,0.097519,0.095476,0.120933
121010304122,Pasco,0.117946,0.170293,0.123007,0.095775,0.096111,0.120487
121010305011,Pasco,0.116878,0.155710,0.121120,0.099346,0.102153,0.123242
121010305012,Pasco,0.111566,0.144212,0.121444,0.094976,0.093966,0.121798
121010305021,Pasco,0.110522,0.139824,0.120426,0.093054,0.093887,0.120492
121010305022,Pasco,0.113732,0.147829,0.120185,0.097228,0.098960,0.120211
121010305023,Pasco,0.123213,0.148215,0.131243,0.112045,0.110004,0.123528
121010306011,Pasco,0.121046,0.149219,0.126619,0.111450,0.105682,0.128052
121010306012,Pasco,0.124735,0.151962,0.133138,0.113581,0.108080,0.127646
121010306021,Pasco,0.121913,0.149843,0.127925,0.110258,0.107026,0.125399
121010306022,Pasco,0.124678,0.156422,0.130747,0.111871,0.108725,0.124783
121010307001,Pasco,0.124464,0.155671,0.129378,0.113767,0.107104,0.128796
121010307002,Pasco,0.122637,0.151623,0.127123,0.111567,0.106869,0.128192
121010308001,Pasco,0.123144,0.138027,0.134901,0.118139,0.108201,0.135949
121010308002,Pasco,0.122589,0.145047,0.128504,0.113029,0.106415,0.132650
121010309011,Pasco,0.120880,0.128835,0.131250,0.117042,0.109600,0.142781
121010309012,Pasco,0.175195,0.278516,0.171802,0.140164,0.121871,0.145493
121010309051,Pasco,0.115072,0.133583,0.120913,0.112249,0.102224,0.137921
121010309052,Pasco,0.114823,0.128888,0.125103,0.111045,0.100970,0.138083
121010309061,Pasco,0.113996,0.122552,0.120982,0.113177,0.103014,0.145125
121010309062,Pasco,0.113954,0.120608,0.123936,0.110861,0.104311,0.141494
121010310031,Pasco,0.124152,0.136696,0.130659,0.117226,0.110625,0.163512
121010310032,Pasco,0.130341,0.147900,0.138638,0.117766,0.113574,0.161810
121010310033,Pasco,0.172746,0.262026,0.161971,0.129798,0.123864,0.157574
121010310051,Pasco,0.124462,0.145523,0.125220,0.116943,0.106760,0.152280
121010310052,Pasco,0.117756,0.128405,0.123490,0.114813,0.104963,0.151377
121010310061,Pasco,0.122595,0.148732,0.124006,0.115321,0.104216,0.148599
121010310071,Pasco,0.119322,0.128230,0.126376,0.114713,0.108791,0.151162
121010310072,Pasco,0.124127,0.147924,0.124875,0.119151,0.106822,0.145153
121010310073,Pasco,0.123473,0.141749,0.128628,0.116102,0.108711,0.149555
121010310081,Pasco,0.119217,0.145456,0.124382,0.117011,0.101618,0.154533
121010310082,Pasco,0.134971,0.191169,0.125880,0.116549,0.108151,0.152100
121010310091,Pasco,0.120567,0.127024,0.131282,0.116350,0.108075,0.163060
121010310092,Pasco,0.121336,0.128882,0.130139,0.116277,0.108256,0.162420
121010310101,Pasco,0.121444,0.131980,0.130085,0.116737,0.107362,0.162678
121010310102,Pasco,0.136231,0.170263,0.145680,0.122379,0.110423,0.160103
121010310111,Pasco,0.124231,0.146844,0.129813,0.118173,0.105964,0.157478
121010310112,Pasco,0.137860,0.196770,0.130198,0.118717,0.107069,0.159819
121010310121,Pasco,0.153346,0.218553,0.150574,0.126458,0.114669,0.159095
121010310122,Pasco,0.215992,0.371159,0.200058,0.154282,0.132884,0.155179
121010310123,Pasco,0.143350,0.218839,0.126068,0.119290,0.107484,0.150058
121010310131,Pasco,0.126983,0.155747,0.123748,0.115467,0.107882,0.159058
121010310132,Pasco,0.129636,0.171861,0.121291,0.117669,0.107984,0.155107
121010310141,Pasco,0.143520,0.196636,0.133862,0.119637,0.111487,0.154239
121010310142,Pasco,0.157109,0.228215,0.151222,0.128819,0.114199,0.152953
121010311011,Pasco,0.124127,0.126257,0.135177,0.124619,0.111087,0.172925
121010311012,Pasco,0.120347,0.122674,0.131945,0.119486,0.109334,0.168550
121010311031,Pasco,0.120177,0.125313,0.131455,0.117115,0.108656,0.163204
121010311041,Pasco,0.122053,0.131059,0.133780,0.120208,0.107336,0.164957
121010311042,Pasco,0.122034,0.128655,0.133120,0.121201,0.108754,0.167010
121010311043,Pasco,0.123351,0.127368,0.136628,0.122393,0.110143,0.167752
121010312031,Pasco,0.133887,0.150491,0.143308,0.127595,0.116744,0.178595
121010312032,Pasco,0.124828,0.127512,0.133481,0.124515,0.112557,0.174955
121010312041,Pasco,0.122896,0.129738,0.132275,0.122305,0.109858,0.167958
121010312042,Pasco,0.127248,0.134845,0.137147,0.126575,0.111969,0.171056
121010312051,Pasco,0.128975,0.136802,0.136235,0.127497,0.117793,0.170147
121010312052,Pasco,0.125525,0.137305,0.134952,0.124726,0.111556,0.164908
121010312053,Pasco,0.118495,0.132543,0.131962,0.117472,0.102045,0.155320
121010312061,Pasco,0.122557,0.145990,0.136811,0.120267,0.102722,0.163659
121010312062,Pasco,0.116017,0.140328,0.136646,0.112874,0.096751,0.147000
121010312071,Pasco,0.113246,0.122623,0.129110,0.118755,0.096992,0.154453
121010312072,Pasco,0.109270,0.117169,0.123968,0.110989,0.095552,0.143432
121010312081,Pasco,0.106127,0.118129,0.127569,0.109989,0.090177,0.141629
121010312082,Pasco,0.102319,0.121906,0.120586,0.102937,0.086540,0.133727
121010313011,Pasco,0.114747,0.133984,0.126472,0.112946,0.100153,0.149762
121010313012,Pasco,0.111518,0.126086,0.126187,0.110435,0.098431,0.144169
121010313013,Pasco,0.111400,0.124846,0.127766,0.112710,0.096855,0.144556
121010313021,Pasco,0.113819,0.112496,0.138107,0.116717,0.096353,0.146177
121010313022,Pasco,0.121135,0.106254,0.158560,0.119211,0.095862,0.151657
121010313023,Pasco,0.099094,0.123484,0.125323,0.096533,0.079447,0.133169
121010313024,Pasco,0.101390,0.120166,0.127121,0.104148,0.081186,0.135380
121010314011,Pasco,0.127115,0.156283,0.129784,0.117816,0.107749,0.136250
121010314012,Pasco,0.148996,0.190355,0.155871,0.131748,0.122531,0.135568
121010314013,Pasco,0.136436,0.185760,0.137511,0.118865,0.107635,0.137907
121010314014,Pasco,0.136402,0.182190,0.135863,0.119428,0.108784,0.138893
121010314041,Pasco,0.134809,0.177198,0.137204,0.122599,0.111772,0.130097
121010314042,Pasco,0.132075,0.191034,0.143030,0.114813,0.105738,0.128083
121010314061,Pasco,0.161194,0.254231,0.162807,0.127736,0.112415,0.134703
121010314062,Pasco,0.124764,0.158953,0.126069,0.111722,0.106311,0.136218
121010314071,Pasco,0.114273,0.129461,0.123187,0.109234,0.101139,0.137939
121010314072,Pasco,0.117025,0.140283,0.127295,0.112136,0.100767,0.133146
121010314101,Pasco,0.114199,0.134114,0.116746,0.109958,0.102141,0.129652
121010314102,Pasco,0.114930,0.141213,0.115616,0.110562,0.101974,0.125668
121010314111,Pasco,0.129846,0.177173,0.131759,0.119693,0.106925,0.125596
121010314121,Pasco,0.150888,0.224362,0.156436,0.126553,0.116166,0.132494
121010314122,Pasco,0.128580,0.165842,0.135539,0.116325,0.108252,0.131984
121010315031,Pasco,0.130639,0.180198,0.133120,0.117328,0.105990,0.127262
121010315032,Pasco,0.140404,0.205983,0.150509,0.119648,0.109285,0.127667
121010315041,Pasco,0.130593,0.238955,0.150319,0.111656,0.095493,0.120418
121010315051,Pasco,0.116561,0.156123,0.118526,0.107751,0.101466,0.124084
121010315052,Pasco,0.103304,0.175941,0.100840,0.086982,0.079668,0.119774
121010315061,Pasco,0.106765,0.140087,0.119627,0.097107,0.091078,0.120686
121010315062,Pasco,0.115444,0.135158,0.132570,0.111141,0.098765,0.123857
121010315063,Pasco,0.106824,0.142251,0.114988,0.096771,0.090139,0.120563
121010315071,Pasco,0.101267,0.130808,0.113885,0.090663,0.089212,0.118392
121010315072,Pasco,0.091130,0.106502,0.111365,0.081893,0.077201,0.114491
121010315073,Pasco,0.098051,0.110869,0.122985,0.087731,0.082374,0.117307
121010315081,Pasco,0.096764,0.102605,0.112105,0.094843,0.085669,0.113502
121010315082,Pasco,0.096306,0.097278,0.115543,0.091158,0.084523,0.114587
121010316011,Pasco,0.086544,0.078555,0.104206,0.084481,0.077319,0.111567
121010316012,Pasco,0.089530,0.091600,0.099641,0.085433,0.086354,0.108325
121010316021,Pasco,0.098480,0.082623,0.112793,0.095017,0.093424,0.106097
121010316022,Pasco,0.090826,0.105125,0.095879,0.085617,0.089552,0.104770
121010316023,Pasco,0.084571,0.109153,0.084585,0.081987,0.086838,0.102710
121010316031,Pasco,0.080561,0.070993,0.076194,0.082825,0.084682,0.101036
121010316032,Pasco,0.076724,0.065167,0.071315,0.078784,0.080483,0.101933
121010316033,Pasco,0.078445,0.076931,0.076338,0.080088,0.078903,0.102639
121010316041,Pasco,0.097645,0.081851,0.099029,0.094600,0.110925,0.099960
121010316042,Pasco,0.089644,0.082716,0.088022,0.091161,0.092083,0.100433
121010316043,Pasco,0.102429,0.105512,0.105501,0.098966,0.104101,0.098825
121010316044,Pasco,0.099838,0.103041,0.103505,0.097280,0.096383,0.100095
121010316051,Pasco,0.082451,0.092594,0.081355,0.082269,0.081642,0.101996
121010316052,Pasco,0.094836,0.088281,0.097028,0.092893,0.099415,0.099761
121010317011,Pasco,0.077251,0.133393,0.079036,0.076828,0.072246,0.100503
121010317031,Pasco,0.110330,0.121002,0.127489,0.110117,0.096927,0.139766
121010317032,Pasco,0.120529,0.116112,0.153666,0.115007,0.097515,0.139926
121010317033,Pasco,0.099988,0.119243,0.127354,0.102871,0.078593,0.135619
121010317041,Pasco,0.090504,0.111316,0.127305,0.078935,0.073240,0.129335
121010317042,Pasco,0.105736,0.133849,0.128111,0.097458,0.083601,0.139218
121010317051,Pasco,0.112529,0.129646,0.125098,0.107982,0.097945,0.126999
121010317052,Pasco,0.115926,0.130647,0.135533,0.111314,0.098947,0.125289
121010317061,Pasco,0.106530,0.127654,0.126306,0.099778,0.089938,0.119167
121010317062,Pasco,0.103374,0.113104,0.127243,0.099074,0.089351,0.116885
121010317071,Pasco,0.111773,0.151071,0.134840,0.109988,0.088297,0.134515
121010317072,Pasco,0.098813,0.113411,0.121650,0.094645,0.081273,0.126585
121010317081,Pasco,0.112072,0.132582,0.132942,0.106234,0.094233,0.126293
121010317082,Pasco,0.109357,0.126781,0.131421,0.104055,0.092136,0.122810
121010317083,Pasco,0.110846,0.128638,0.131917,0.105174,0.093918,0.124670
121010318041,Pasco,0.126572,0.108766,0.135687,0.119700,0.119502,0.192731
121010318042,Pasco,0.109998,0.070016,0.117932,0.112673,0.109589,0.182893
121010318043,Pasco,0.108543,0.062608,0.113861,0.112892,0.110590,0.181552
121010318044,Pasco,0.118899,0.092045,0.122256,0.121617,0.117539,0.174208
121010318051,Pasco,0.104863,0.052302,0.107437,0.115851,0.102417,0.177438
121010318052,Pasco,0.122608,0.097167,0.135575,0.135802,0.104326,0.156377
121010318061,Pasco,0.117951,0.114920,0.128421,0.124390,0.104935,0.151727
121010318062,Pasco,0.146641,0.109577,0.134352,0.186627,0.119873,0.144923
121010318071,Pasco,0.309624,0.733189,0.407822,0.259203,0.236536,0.190182
121010318072,Pasco,0.125382,0.137396,0.130567,0.122904,0.112061,0.177406
121010318073,Pasco,0.157941,0.224281,0.173744,0.143909,0.135485,0.175305
121010318081,Pasco,0.125454,0.136439,0.165585,0.130841,0.090540,0.144848
121010318082,Pasco,0.098661,0.098256,0.118136,0.100682,0.086190,0.130626
121010318091,Pasco,0.152406,0.105924,0.116343,0.181021,0.139387,0.141797
121010318092,Pasco,0.121802,,0.125008,0.132308,0.111791,0.130771
121010319011,Pasco,0.158713,,,,0.158713,0.403297
121010319021,Pasco,0.126518,0.142645,0.161005,0.124954,0.119580,0.110313
121010319022,Pasco,0.124377,0.174846,0.128970,0.121381,0.116485,0.110653
121010319023,Pasco,0.116077,0.135635,0.118586,0.111309,0.116136,0.107759
121010319031,Pasco,0.115321,0.112631,0.124014,0.119380,0.108382,0.116971
121010319032,Pasco,0.111935,0.133631,0.116844,0.109993,0.111199,0.108356
121010319033,Pasco,0.113101,0.113982,0.118250,0.114398,0.109088,0.111552
121010320011,Pasco,0.109730,0.125449,0.110958,0.103333,0.119040,0.102830
121010320012,Pasco,0.125499,0.154128,0.146886,0.121234,0.118933,0.105463
121010320013,Pasco,0.109322,0.123075,0.110822,0.103116,0.118541,0.102587
121010320014,Pasco,0.112639,0.150579,0.108038,0.105176,0.120072,0.103187
121010320051,Pasco,0.079076,0.105924,0.099750,0.073129,0.074682,0.097295
121010320052,Pasco,0.119044,0.105924,0.132765,0.121168,0.110204,0.105922
121010320053,Pasco,0.101257,0.069475,0.117517,0.098688,0.095996,0.107122
121010320061,Pasco,0.083276,0.176936,0.083511,0.073539,0.098695,0.097530
121010320062,Pasco,0.086368,0.074002,0.087405,0.082205,0.100324,0.097119
121010320063,Pasco,0.109528,0.136938,0.107807,0.102941,0.122488,0.097996
121010320071,Pasco,0.106392,0.113835,0.104421,0.101578,0.122854,0.101318
121010320072,Pasco,0.104345,0.108567,0.103095,0.099125,0.122361,0.100405
121010320081,Pasco,0.101399,0.103028,0.098783,0.099618,0.114586,0.100393
121010320082,Pasco,0.106195,0.114763,0.103247,0.103290,0.121118,0.098535
121010320091,Pasco,0.110830,0.127936,0.111439,0.105157,0.121505,0.101172
121010320092,Pasco,0.116937,0.134220,0.117870,0.111226,0.126836,0.101133
121010320093,Pasco,0.107062,0.119152,0.104810,0.103075,0.123685,0.099097
121010320094,Pasco,0.096410,0.105427,0.092076,0.092542,0.121425,0.097830
121010320101,Pasco,0.104384,0.114690,0.100944,0.102997,0.110005,0.096454
121010320111,Pasco,0.103015,0.107836,0.101004,0.098083,0.125865,0.097466
121010320112,Pasco,0.092947,0.094908,0.087659,0.088395,0.121656,0.097942
121010320121,Pasco,0.102255,0.113539,0.097722,0.094326,0.134892,0.098677
121010320122,Pasco,0.101819,0.105985,0.098972,0.097500,0.128467,0.096815
121010320131,Pasco,0.103822,0.106543,0.102056,0.102780,0.112316,0.098362
121010320132,Pasco,0.101084,0.112226,0.102599,0.096982,0.102493,0.098092
121010320133,Pasco,0.105044,0.112447,0.104836,0.102196,0.111934,0.098480
121010320141,Pasco,0.094748,0.100919,0.090956,0.094402,0.102329,0.097128
121010320142,Pasco,0.085952,0.079896,0.082951,0.086173,0.105348,0.096142
121010320143,Pasco,0.081864,0.073659,0.078702,0.083018,0.101375,0.095851
121010321031,Pasco,0.098056,0.061884,0.133405,0.088494,0.090621,0.106396
121010321032,Pasco,0.092338,0.078116,0.097700,0.085917,0.106214,0.100618
121010321033,Pasco,0.078729,0.084110,0.081321,0.067615,0.097981,0.103057
121010321041,Pasco,0.103560,0.115140,0.107095,0.095946,0.118269,0.101890
121010321051,Pasco,0.076695,0.073686,0.092821,0.066458,0.075184,0.104868
121010321052,Pasco,0.110869,0.136361,0.111075,0.111192,0.107397,0.107513
121010321053,Pasco,0.104681,0.104690,0.104064,0.100561,0.114463,0.104434
121010321061,Pasco,0.087808,0.090218,0.079792,0.083425,0.136350,0.096134
121010321062,Pasco,0.084011,0.098703,0.077526,0.077489,0.107659,0.097085
121010321071,Pasco,0.078000,0.083029,0.085534,0.068411,0.089834,0.101691
121010321072,Pasco,0.084191,0.087336,0.082495,0.077409,0.120491,0.098833
121010321073,Pasco,0.100320,0.099990,0.102787,0.093245,0.124167,0.099809
121010321074,Pasco,0.076861,0.072439,0.066965,0.075023,0.107672,0.098582
121010321081,Pasco,0.111066,0.131119,0.108198,0.113390,0.107150,0.108165
121010321082,Pasco,0.086349,0.094551,0.099283,0.080224,0.082547,0.104438
121010321083,Pasco,0.088721,0.101322,0.100267,0.079598,0.094542,0.103706
121010321091,Pasco,0.083705,0.076191,0.079785,0.084131,0.108867,0.096017
121010321101,Pasco,0.079002,0.075545,0.074448,0.079489,0.094975,0.095321
121010321111,Pasco,0.068576,0.036710,0.070505,0.066957,0.089895,0.097583
121010321112,Pasco,0.076210,0.061827,0.085117,0.070179,0.089550,0.099824
121010321121,Pasco,0.076481,0.062030,0.071503,0.075906,0.107783,0.095183
121010321131,Pasco,0.073657,0.067035,0.068487,0.070928,0.098248,0.095981
121010321132,Pasco,0.074414,0.075349,0.066704,0.072595,0.089272,0.095650
121010322001,Pasco,0.120805,0.205975,0.167887,0.122190,0.101019,0.116436
121010322002,Pasco,0.115393,0.110229,0.162703,0.128892,0.100418,0.111142
121010322003,Pasco,0.105653,0.143864,0.156758,0.087106,0.090027,0.113045
121010323001,Pasco,0.144643,0.225376,0.174564,0.154555,0.129628,0.117353
121010324011,Pasco,0.183725,0.287696,0.189441,0.174593,0.188507,0.143805
121010324012,Pasco,0.189452,0.202827,0.175936,0.193760,0.191132,0.135132
121010324021,Pasco,0.234920,0.336520,0.255368,0.195173,0.233291,0.166417
121010324022,Pasco,0.237174,0.372909,0.276435,0.199278,0.228854,0.169617
121010324023,Pasco,0.160984,,,0.115316,0.186090,0.188659
121010325001,Pasco,0.177334,0.212699,0.186276,0.172665,0.166008,0.141752
121010325002,Pasco,0.169750,0.272652,0.173823,0.155023,0.146496,0.135511
121010325003,Pasco,0.162320,0.249691,0.180104,0.145712,0.138139,0.132788
121010325004,Pasco,0.141573,0.126327,0.164818,0.146378,0.134410,0.119877
121010326011,Pasco,0.140095,0.144455,0.145900,0.144657,0.134272,0.130895
121010326012,Pasco,0.143729,0.154607,0.148360,0.149024,0.136184,0.135446
121010326021,Pasco,0.144384,0.146471,0.151777,0.150462,0.138403,0.132673
121010326022,Pasco,0.184331,0.171117,0.193287,0.203550,0.178466,0.133866
121010327001,Pasco,0.141918,0.117573,0.159381,0.142581,0.138151,0.137952
121010327002,Pasco,0.197448,0.167364,0.195556,0.205569,0.196258,0.142750
121010327003,Pasco,0.180533,0.165458,0.183854,0.205600,0.175543,0.136361
121010328021,Pasco,0.173217,0.146693,0.167866,0.195082,0.175853,0.139779
121010328022,Pasco,0.164109,0.162953,0.170791,0.166203,0.161920,0.130611
121010328041,Pasco,0.143959,0.140565,0.139234,0.137654,0.149851,0.121665
121010328042,Pasco,0.162600,0.150391,0.165816,0.168707,0.161984,0.122148
121010328051,Pasco,0.163298,0.161066,0.175883,0.160783,0.160148,0.128201
121010328052,Pasco,0.161459,0.145605,0.178334,0.166463,0.161072,0.126924
121010329011,Pasco,0.111364,0.143363,0.113456,0.110033,0.105206,0.111506
121010329012,Pasco,0.127220,0.154356,0.122809,0.121682,0.124546,0.116751
121010329013,Pasco,0.115143,0.131736,0.112289,0.110321,0.114942,0.115992
121010329021,Pasco,0.105738,0.128517,0.105831,0.104496,0.102111,0.111451
121010329022,Pasco,0.110824,0.143851,0.111308,0.114413,0.100473,0.110934
121010329051,Pasco,0.115378,0.158364,0.116054,0.114320,0.107419,0.113607
121010329052,Pasco,0.112979,0.137307,0.113702,0.118384,0.099562,0.108877
121010329053,Pasco,0.120847,0.199934,0.126476,0.122270,0.102384,0.109099
121010329054,Pasco,0.123796,0.175042,0.118698,0.123643,0.110510,0.107080
121010330051,Pasco,0.169037,0.162896,0.170776,0.177574,0.166956,0.126522
121010330052,Pasco,0.153232,0.128274,0.171895,0.159016,0.155147,0.123648
121010330053,Pasco,0.172281,0.192250,0.178829,0.179255,0.162571,0.126149
121010330061,Pasco,0.135373,0.130876,0.132236,0.134051,0.138473,0.119928
121010330062,Pasco,0.159677,0.147385,0.163047,0.165839,0.158607,0.119803
121010330071,Pasco,0.125913,0.139281,0.123732,0.122637,0.124833,0.116802
121010330072,Pasco,0.138552,0.194714,0.122062,0.130564,0.136089,0.115043
121010330081,Pasco,0.160682,0.171346,0.173204,0.158333,0.153772,0.117112
121010330082,Pasco,0.142907,0.174046,0.137844,0.140546,0.137942,0.115943
121010330091,Pasco,0.158329,0.132939,0.166711,0.165357,0.157897,0.121034
121010330092,Pasco,0.158063,0.165044,0.169142,0.157289,0.152069,0.118013
121010330093,Pasco,0.153146,0.123665,0.169776,0.157063,0.152996,0.119488
121010330101,Pasco,0.165161,0.169856,0.173842,0.168934,0.159845,0.120878
121010330102,Pasco,0.161990,0.168599,0.179497,0.160433,0.155405,0.118410
121010330111,Pasco,0.138561,0.191414,0.144885,0.132221,0.130401,0.114102
121010330112,Pasco,0.134126,0.164055,0.136039,0.131099,0.126866,0.115959
121010330121,Pasco,0.139481,0.173731,0.145006,0.134348,0.131941,0.114623
121010330122,Pasco,0.160814,0.197353,0.182581,0.154421,0.147122,0.113887
121010330131,Pasco,0.162987,0.182367,0.179488,0.158625,0.153697,0.115791
121010330132,Pasco,0.157244,0.156852,0.174773,0.155794,0.150939,0.116140
121010330133,Pasco,0.160571,0.200070,0.181450,0.154076,0.146819,0.113910
121010330141,Pasco,0.158422,0.364916,0.196255,0.140957,0.132195,0.111062
121010330142,Pasco,0.133228,0.219931,0.126639,0.125537,0.123557,0.111672
121010330143,Pasco,0.144338,0.256132,0.158440,0.132441,0.127235,0.111463
121010330144,Pasco,0.142470,0.274064,0.151667,0.129909,0.126530,0.111629
121010331011,Pasco,0.180966,0.142105,0.164801,0.205992,0.188121,0.150591
121010331012,Pasco,0.151098,,0.192814,0.159346,0.138705,0.120269
121010331021,Pasco,0.135454,0.228209,0.168913,0.125050,0.128983,0.113814
121019900000,Pasco,,,,,,
120530401011,Hernando,0.156332,,0.093861,0.165542,0.161204,0.171149
120530401012,Hernando,0.143512,0.101254,0.170458,0.164410,0.115104,0.154437
120530401013,Hernando,0.248792,0.300941,0.260786,0.243614,0.238626,0.161611
120530401021,Hernando,0.110074,0.211366,0.126878,0.116337,0.094495,0.141303
120530401022,Hernando,0.196147,0.197768,0.216623,0.204537,0.171742,0.163705
120530402011,Hernando,0.249977,0.018869,0.333103,0.264955,0.211092,0.171928
120530402012,Hernando,0.249535,0.062366,0.342127,0.213055,0.197275,0.174307
120530402021,Hernando,0.204580,0.196318,0.299302,0.169774,0.153681,0.145867
120530402022,Hernando,0.146293,0.147485,0.156035,0.145766,0.140159,0.150067
120530402023,Hernando,0.231559,,0.316968,0.203021,0.181159,0.143440
120530403011,Hernando,0.123005,0.168858,0.138720,0.131287,0.109375,0.124031
120530403021,Hernando,0.208576,0.296217,0.238495,0.201484,0.173732,0.156359
120530403022,Hernando,0.131486,0.123208,0.145462,0.133169,0.121878,0.131312
120530403023,Hernando,0.158682,0.213071,0.162969,0.163639,0.150106,0.145200
120530403031,Hernando,0.162888,0.126467,0.179822,0.169735,0.158984,0.142211
120530403032,Hernando,0.202852,,0.216249,0.217387,0.181549,0.154450
120530404001,Hernando,0.239737,0.373083,0.220745,0.200627,0.161748,0.162270
120530404002,Hernando,0.224280,0.448191,0.201257,0.191460,0.147175,0.160443
120530404003,Hernando,0.241541,0.390396,0.211345,0.206978,0.158708,0.161569
120530405011,Hernando,0.201000,0.293300,0.170643,0.179221,0.151558,0.161206
120530405012,Hernando,0.177032,0.241120,0.159823,0.176366,0.154498,0.159932
120530405021,Hernando,0.179819,0.273833,0.149185,0.167087,0.143975,0.167381
120530405022,Hernando,0.189594,0.294648,0.154678,0.177526,0.142609,0.166106
120530406011,Hernando,0.164361,,0.165342,0.167326,0.157188,0.171110
120530406012,Hernando,0.208703,0.293941,0.200494,0.174863,0.169240,0.167227
120530406021,Hernando,0.130179,0.113464,0.124986,0.147780,0.139989,0.169086
120530406022,Hernando,0.163425,0.110325,0.163292,0.175885,0.150013,0.174787
120530407011,Hernando,0.133790,0.138633,0.125978,0.144062,0.122343,0.193608
120530407012,Hernando,0.109343,0.071899,0.105930,0.132093,0.115532,0.182779
120530407013,Hernando,0.117481,0.074590,0.105227,0.140643,0.126215,0.180834
120530407021,Hernando,0.121303,0.106647,0.121112,0.137199,0.121829,0.179214
120530407022,Hernando,0.117178,0.095959,0.130101,0.127886,0.116855,0.186809
120530408011,Hernando,0.132130,0.121901,0.146568,0.133486,0.122577,0.175438
120530408012,Hernando,0.130722,0.119211,0.146103,0.133103,0.122348,0.177220
120530408013,Hernando,0.130622,0.120491,0.141061,0.133669,0.120985,0.183347
120530408021,Hernando,0.133284,0.140239,0.143743,0.133185,0.111243,0.168901
120530408022,Hernando,0.131757,0.109234,0.140390,0.145775,0.121425,0.170951
120530408023,Hernando,0.132162,0.110065,0.142074,0.145712,0.121539,0.170816
120530409011,Hernando,0.112333,0.092684,0.122613,0.121077,0.103268,0.159486
120530409012,Hernando,0.117291,0.120007,0.127154,0.116422,0.105949,0.166432
120530409013,Hernando,0.125188,0.118764,0.138026,0.128266,0.113152,0.172561
120530409014,Hernando,0.123476,0.120745,0.132286,0.129793,0.110886,0.168034
120530409061,Hernando,0.118814,0.128596,0.134677,0.118484,0.096535,0.158762
120530409062,Hernando,0.116724,0.123802,0.133303,0.115554,0.097829,0.154868
120530409063,Hernando,0.115705,0.128847,0.130023,0.117460,0.092295,0.156498
120530409064,Hernando,0.111929,0.109026,0.136329,0.115645,0.089166,0.146456
120530409071,Hernando,0.127177,0.129444,0.143414,0.125810,0.105035,0.168914
120530409072,Hernando,0.122203,0.128958,0.136498,0.122182,0.100040,0.163852
120530409081,Hernando,0.119816,0.127259,0.142779,0.118394,0.094693,0.157234
120530409082,Hernando,0.125701,0.147317,0.135154,0.126035,0.097869,0.158877
120530409083,Hernando,0.151358,0.183000,0.149658,0.144018,0.121349,0.168014
120530409091,Hernando,0.128396,0.131298,0.148266,0.119663,0.108050,0.164700
120530409092,Hernando,0.127814,0.131387,0.140176,0.125645,0.110756,0.165759
120530409101,Hernando,0.138150,0.137610,0.148196,0.139423,0.125001,0.164402
120530409102,Hernando,0.171855,0.132815,0.172578,0.179748,0.183209,0.162451
120530409111,Hernando,0.127507,0.133021,0.155797,0.118960,0.103801,0.144936
120530409112,Hernando,0.128933,0.133595,0.144809,0.133428,0.107720,0.156169
120530409113,Hernando,0.139223,0.130065,0.149378,0.144737,0.134104,0.157767
120530409121,Hernando,0.120361,0.129096,0.133489,0.122485,0.097810,0.162252
120530409122,Hernando,0.121065,0.120063,0.133858,0.125937,0.102093,0.168712
120530409131,Hernando,0.117237,0.114943,0.138312,0.118184,0.097210,0.159933
120530409132,Hernando,0.120661,0.122842,0.141921,0.123644,0.095416,0.160493
120530410031,Hernando,0.134836,0.129123,0.152220,0.131367,0.126059,0.175168
120530410032,Hernando,0.134559,0.119247,0.147046,0.143587,0.125207,0.185261
120530410041,Hernando,0.134409,0.127717,0.152128,0.135159,0.124542,0.176752
120530410042,Hernando,0.131592,0.124911,0.146436,0.133837,0.119513,0.183198
120530410043,Hernando,0.131898,0.123210,0.149776,0.133025,0.120611,0.183454
120530410051,Hernando,0.134281,0.129610,0.150319,0.132305,0.123645,0.172461
120530410052,Hernando,0.129904,0.123167,0.145167,0.131209,0.117139,0.174601
120530410061,Hernando,0.135986,0.143555,0.143371,0.137691,0.112444,0.175360
120530410062,Hernando,0.131207,0.128769,0.142056,0.133619,0.117167,0.179302
120530410063,Hernando,0.142428,0.150396,0.153477,0.136021,0.120446,0.174375
120530411031,Hernando,0.132713,0.125571,0.148666,0.128331,0.116592,0.192384
120530411032,Hernando,0.143740,0.132851,0.162440,0.141173,0.127720,0.189291
120530411041,Hernando,0.129941,0.122929,0.145466,0.127059,0.116893,0.182068
120530411042,Hernando,0.130306,0.124386,0.141060,0.131405,0.116983,0.182874
120530411051,Hernando,0.130252,0.129497,0.143660,0.131023,0.116856,0.176924
120530411052,Hernando,0.131636,0.129286,0.143865,0.133576,0.116959,0.177198
120530411053,Hernando,0.129287,0.131390,0.138797,0.128780,0.114474,0.175428
120530411061,Hernando,0.126669,0.127761,0.134297,0.129851,0.114583,0.172253
120530411062,Hernando,0.126981,0.130066,0.130584,0.132183,0.114983,0.172199
120530412011,Hernando,0.131752,0.120871,0.149158,0.131760,0.120922,0.190399
120530412012,Hernando,0.132574,0.121969,0.149274,0.134223,0.122454,0.189209
120530412013,Hernando,0.131112,0.117429,0.149782,0.135770,0.122521,0.186709
120530412031,Hernando,0.136838,0.131965,0.148841,0.129280,0.124822,0.196991
120530412032,Hernando,0.131199,0.121201,0.146181,0.132871,0.122769,0.191002
120530412041,Hernando,0.146784,0.180980,0.145008,0.129433,0.119859,0.196889
120530412042,Hernando,0.136333,0.178769,0.126583,0.128224,0.119330,0.197584
120530412043,Hernando,0.137159,0.135415,0.149609,0.127981,0.119632,0.197403
120530413021,Hernando,0.136876,0.209888,0.125175,0.124072,0.115515,0.191143
120530413022,Hernando,0.128738,0.159274,0.123903,0.123834,0.112826,0.186732
120530413031,Hernando,0.135344,0.193665,0.124591,0.125664,0.118464,0.196467
120530413032,Hernando,0.136502,0.124562,0.154484,0.129812,0.119343,0.196807
120530413033,Hernando,0.139609,0.129202,0.158903,0.132066,0.118532,0.193910
120530413041,Hernando,0.136126,0.192695,0.125727,0.125824,0.118408,0.196566
120530413042,Hernando,0.139716,0.127038,0.162915,0.128627,0.118560,0.193724
120530413051,Hernando,0.135840,0.117387,0.152420,0.128199,0.119682,0.197882
120530414011,Hernando,0.133428,0.180266,0.124415,0.124986,0.114419,0.189865
120530414012,Hernando,0.119010,0.146273,0.114997,0.116040,0.102826,0.178365
120530414013,Hernando,0.109859,0.067218,0.118305,0.117049,0.100946,0.181648
120530414021,Hernando,0.116095,0.109753,0.133792,0.109724,0.101445,0.177422
120530414022,Hernando,0.117868,0.095195,0.135174,0.113619,0.104199,0.181997
120530414023,Hernando,0.112641,0.104050,0.128882,0.110376,0.102026,0.170103
120530415011,Hernando,0.229850,0.445736,0.255470,0.197971,0.172257,0.200664
120530415012,Hernando,0.172419,,0.205712,0.164820,0.154668,0.208815
120530415021,Hernando,0.136870,,0.145057,0.133483,0.127653,0.207614
120530415022,Hernando,0.130471,0.117485,0.143200,0.129280,0.123607,0.195345
120530416011,Hernando,0.128584,0.114670,0.129415,0.134214,0.124163,0.193143
120530416012,Hernando,0.123648,,,,0.123648,0.192252
120530416013,Hernando,0.128294,0.112669,0.137800,0.132341,0.126154,0.195203
120530416021,Hernando,0.130675,0.119795,0.139955,0.132775,0.124329,0.192965
120530416022,Hernando,0.126023,0.117131,0.122072,0.129698,0.128463,0.197489
120530416023,Hernando,0.129913,0.117803,0.134254,0.131405,0.125244,0.193627
120539900000,Hernando,0.152637,0.233442,0.154957,0.153543,0.145230,0.200584
120174501031,Citrus,0.122414,0.120595,0.121948,0.119639,0.141822,0.142092
120174501032,Citrus,0.126242,0.115949,0.119179,0.127458,0.156147,0.143771
120174501041,Citrus,0.120914,0.111749,0.117473,0.120480,0.151742,0.146291
120174501042,Citrus,0.127881,0.123776,0.126744,0.120710,0.156498,0.142847
120174501051,Citrus,0.150107,0.175108,0.147733,0.132262,0.160089,0.147703
120174501052,Citrus,0.173737,0.215801,0.176635,0.157788,0.158724,0.149413
120174501061,Citrus,0.109694,0.085619,0.107347,0.111455,0.121716,0.147198
120174501062,Citrus,0.150089,0.176241,0.142174,0.157852,0.129412,0.150839
120174502011,Citrus,0.128224,0.123870,0.122997,0.125973,0.159137,0.143759
120174502012,Citrus,0.127704,0.124776,0.121652,0.121083,0.152915,0.145719
120174502013,Citrus,0.129041,0.124720,0.123393,0.128168,0.153559,0.145341
120174502021,Citrus,0.128885,0.127529,0.123396,0.123375,0.155589,0.143241
120174502022,Citrus,0.130151,0.128278,0.123984,0.126511,0.155712,0.144415
120174502023,Citrus,0.128175,0.125596,0.120886,0.128003,0.153507,0.144050
120174502024,Citrus,0.130656,0.129179,0.123881,0.126456,0.155097,0.145256
120174503051,Citrus,0.120657,0.096579,0.128793,0.122454,0.130430,0.159754
120174503052,Citrus,0.126262,0.124007,0.132710,0.124053,0.119584,0.165534
120174503061,Citrus,0.127080,0.114672,0.113665,0.153309,0.137418,0.154223
120174503062,Citrus,0.122305,0.089128,0.124509,0.130014,0.140131,0.153135
120174503071,Citrus,0.117983,0.129991,0.111788,0.119816,0.125397,0.143898
120174503072,Citrus,0.124335,0.127550,0.118932,0.118889,0.150480,0.144071
120174503073,Citrus,0.117557,0.118120,0.111596,0.113002,0.141280,0.144477
120174503074,Citrus,0.125864,0.123103,0.119107,0.118547,0.161333,0.145017
120174503081,Citrus,0.129993,0.108767,0.128295,0.133805,0.126718,0.151024
120174503082,Citrus,0.114485,0.093617,0.104057,0.114205,0.144355,0.146689
120174503083,Citrus,0.104715,0.055341,0.089359,0.104356,0.139806,0.147645
120174503091,Citrus,0.109017,0.075792,0.105914,0.112396,0.135650,0.144553
120174503092,Citrus,0.119896,0.083324,0.124907,0.113583,0.133390,0.144985
120174503093,Citrus,0.130548,0.141684,0.136574,0.117809,0.134424,0.144405
120174503101,Citrus,0.098987,0.063296,0.095327,0.103107,0.113690,0.145877
120174503102,Citrus,0.111865,0.063867,0.115820,0.112408,0.120409,0.147451
120174504011,Citrus,0.120915,0.115720,0.104826,0.119875,0.133675,0.151200
120174504012,Citrus,0.124848,0.122361,0.117154,0.126545,0.127366,0.158303
120174504021,Citrus,0.101728,,0.090304,0.107474,0.108551,0.147854
120174504022,Citrus,0.124304,0.120039,0.114998,0.131851,0.120372,0.153480
120174504023,Citrus,0.128107,,,0.120704,0.132025,0.130448
120174505011,Citrus,,,,,,
120174505012,Citrus,0.138448,0.139683,0.145595,0.114281,0.141893,0.161137
120174505021,Citrus,0.174253,,0.196725,0.184274,0.146857,0.157515
120174505022,Citrus,0.233035,,0.275227,0.219508,0.176507,0.167873
120174506011,Citrus,0.146619,0.185390,0.136103,0.141669,0.151360,0.155579
120174506012,Citrus,0.147757,0.226692,0.139648,0.136876,0.151518,0.155457
120174506013,Citrus,0.144290,0.144213,0.158614,0.134375,0.144488,0.166411
120174506021,Citrus,0.132421,0.133805,0.138563,0.111145,0.134544,0.160499
120174506022,Citrus,0.146239,0.171869,0.148144,0.119569,0.145431,0.162480
120174506023,Citrus,0.122917,0.113572,0.108700,0.160958,0.135207,0.152777
120174506024,Citrus,0.137635,0.129629,0.129048,0.156931,0.148820,0.154879
120174507031,Citrus,0.123437,0.108865,0.121193,0.124290,0.158171,0.143077
120174507032,Citrus,0.115361,0.099122,0.114549,0.117081,0.152409,0.143554
120174507033,Citrus,0.107184,0.085257,0.112738,0.110701,0.145816,0.142758
120174507041,Citrus,0.116666,0.105512,0.108426,0.130300,0.148345,0.147989
120174507042,Citrus,0.118158,0.108710,0.113333,0.130464,0.144910,0.147039
120174507051,Citrus,0.134116,0.144832,0.122784,0.113470,0.161943,0.145578
120174507052,Citrus,0.126502,0.114184,0.128200,0.112360,0.160955,0.144273
120174507053,Citrus,0.121749,0.099945,0.120647,0.111073,0.157181,0.144277
120174507061,Citrus,0.142851,0.151154,0.121866,0.137993,0.155959,0.147829
120174507062,Citrus,0.136070,0.108187,0.160064,0.137481,0.161796,0.147531
120174508001,Citrus,0.167242,0.246079,0.180714,0.157414,0.124441,0.153308
120174508002,Citrus,0.133608,,0.136253,0.126768,0.140297,0.145572
120174508003,Citrus,0.149207,0.163875,0.142615,0.128033,0.171681,0.146517
120174508004,Citrus,0.128685,0.115485,0.127458,0.130983,0.178553,0.146968
120174509011,Citrus,0.142064,0.164293,0.123242,0.127324,0.173051,0.152715
120174509021,Citrus,0.130974,0.110886,0.122862,0.149195,0.193755,0.149249
120174509022,Citrus,0.153245,0.157123,0.140997,0.144040,0.178038,0.151333
120174510011,Citrus,0.139869,0.121846,0.125342,0.168045,0.185062,0.150030
120174510012,Citrus,0.123805,0.099080,0.117097,0.164528,0.185122,0.150255
120174510021,Citrus,0.126319,,0.114787,0.120453,0.154970,0.151164
120174510022,Citrus,0.137337,0.165039,0.103541,0.147874,0.180854,0.155778
120174510023,Citrus,0.130793,0.086794,0.124422,0.171768,0.182446,0.152152
120174511011,Citrus,0.221910,0.196534,0.168409,0.256134,0.226585,0.164783
120174511031,Citrus,0.118521,0.086419,0.110271,0.165990,0.191379,0.150865
120174511032,Citrus,0.104519,0.058152,0.099730,0.151235,0.186462,0.152083
120174511041,Citrus,0.169738,0.132828,0.135305,0.201865,0.210218,0.160859
120174511042,Citrus,0.114985,0.052830,0.119264,0.161060,0.179099,0.152756
120174512001,Citrus,0.172672,,0.132104,0.167795,0.190782,0.160829
120174512002,Citrus,0.154542,0.102799,0.122553,0.184200,0.191916,0.156645
120174512003,Citrus,0.184934,0.155646,0.150889,0.209273,0.208949,0.160789
120174513001,Citrus,0.229512,0.143714,0.242223,0.229923,0.199726,0.168684
120174513002,Citrus,0.210411,0.115657,0.175969,0.236926,0.212845,0.166905
120174514001,Citrus,0.122366,0.084797,0.111122,0.149793,0.183927,0.151076
120174514002,Citrus,0.172745,,,0.149828,0.189415,0.161891
120174514003,Citrus,0.127138,0.110591,0.125327,0.138867,0.161546,0.147511
120174514004,Citrus,0.113151,,0.120654,0.110347,0.112638,0.142490
120174515011,Citrus,0.147871,0.120648,0.140912,0.171872,0.149800,0.150073
120174515012,Citrus,0.133765,0.105781,0.115244,0.145323,0.144468,0.153793
120174515021,Citrus,0.146540,0.163480,0.154645,0.138019,0.143453,0.167077
120174515022,Citrus,0.148438,0.179150,0.144864,0.132941,0.149327,0.158913
120174515023,Citrus,0.129589,0.122085,0.128017,0.130857,0.138088,0.165619
120174516031,Citrus,0.143746,0.140519,0.137746,0.143880,0.148153,0.170251
120174516032,Citrus,0.146684,,0.154223,0.144210,0.149611,0.167625
120174516041,Citrus,0.139232,0.111887,0.160850,0.108473,0.122706,0.165651
120174516042,Citrus,0.139345,0.115327,0.143675,0.139087,0.142859,0.177218
120174516043,Citrus,0.128603,0.095729,0.148758,0.112404,0.111062,0.170115
120174516051,Citrus,0.115366,0.104155,0.126340,0.110143,0.129951,0.166511
120174516061,Citrus,0.123844,0.043709,0.141801,0.120702,0.134450,0.171063
120174516062,Citrus,0.128172,0.035241,0.146106,0.137765,0.144977,0.171298
120174516063,Citrus,0.129348,0.047761,0.147146,0.133592,0.141106,0.171865
120174517011,Citrus,0.168573,0.105924,0.193160,0.158183,0.156558,0.165604
120174517012,Citrus,0.174154,0.217976,0.169271,0.155087,0.161731,0.167054
120174517021,Citrus,0.174301,0.234777,0.186042,0.158774,0.161067,0.165351
120174517022,Citrus,0.170405,0.105924,0.195129,0.163437,0.155288,0.163157
120179900000,Citrus,,,,,,
