roadway,county,begin_post,end_post,length_mi,aadt,description,crashes,deaths,serious,ped_deaths,occ_deaths,occ_serious,vmt_period,deaths_per_100M_vmt,crashes_per_100M_vmt
14000117,Pasco,1.969,2.078,0.109,2050,OTIS ALLEN RD,9,1,3,0,1,3,562759,177.696,1599.3
10000213,Hillsborough,0.0,4.048,4.048,350,ALAFIA BLVD,516,5,25,2,3,19,3568211,140.126,14461.0
10140100,Hillsborough,0.11,0.64,0.53,700,N/A,7,1,0,0,0,0,934364,107.025,749.2
14000068,Pasco,0.0,0.513,0.513,800,AUTUMN PALM DR,7,1,0,1,0,0,1033592,96.75,677.2
10270121,Hillsborough,0.0,0.185,0.185,2400,N SIDE OF BR 100683,7,1,0,0,0,0,1118214,89.428,626.0
10825000,Hillsborough,0.0,6.052,6.052,300,DEAD END,270,4,26,0,3,23,4572589,87.478,5904.8
15000315,Pinellas,0.0,0.16,0.16,7900,WEST BRIDGE JOINT,8,2,1,0,0,0,3183384,62.826,251.3
10320169,Hillsborough,0.0,0.105,0.105,6100,I-275 NB/SR-93,24,1,0,1,0,0,1613099,61.992,1487.8
15190032,Pinellas,0.12,0.333,0.213,3100,N/A,9,1,1,0,1,1,1662966,60.134,541.2
15010000,Pinellas,0.0,0.103,0.103,14000,US-92/SR-687/4 ST N,64,2,3,0,1,1,3631677,55.071,1762.3
15000321,Pinellas,0.0,0.951,0.951,800,GULFPORT BLVD S,55,1,1,0,0,0,1916075,52.19,2870.5
14150000,Pasco,0.0,2.241,2.241,700,US-301 / SR-35,19,2,0,0,1,0,3950771,50.623,480.9
14000133,Pasco,0.0,2.182,2.182,400,E SHELL POINT RD,43,1,0,0,0,0,2198147,45.493,1956.2
14040000,Pasco,0.84,1.011,0.171,5500,BRINSON RD,52,1,0,1,0,0,2368649,42.218,2195.3
15000420,Pinellas,0.0,0.845,0.845,2300,HIGHPOINT DR,33,2,0,0,0,0,4894705,40.86,674.2
15190905,Pinellas,0.0,0.39,0.39,2500,CONDOMINIUM,6,1,0,1,0,0,2455538,40.724,244.3
10250000,Hillsborough,5.6,6.476,0.876,2250,N/A,48,2,3,1,0,2,4963964,40.29,967.0
15040000,Pinellas,1.214,1.661,0.447,2300,CLEVELAND ST,38,1,1,0,1,1,2589270,38.621,1467.6
10020102,Hillsborough,0.0,0.056,0.056,18500,EB SR-60/JACKSON ST,43,1,3,0,0,0,2609166,38.326,1648.0
10040000,Hillsborough,0.0,0.11,0.11,9600,SR-60/E KENNEDY BLVD,97,1,1,1,0,1,2659536,37.601,3647.3
15190018,Pinellas,0.0,0.3,0.3,7300,15003800 EB OFF,4,2,0,0,2,0,5515515,36.261,72.5
15000273,Pinellas,0.0,0.5,0.5,2350,BELCHER RD,9,1,0,0,1,0,2959238,33.792,304.1
10002001,Hillsborough,0.0,0.228,0.228,5400,US-92 / SR-600/GANDY,12,1,0,0,1,0,3100777,32.25,387.0
14000041,Pasco,0.0,0.668,0.668,1900,CHANCEY RD,12,1,1,1,0,1,3196480,31.284,375.4
15000288,Pinellas,0.0,0.161,0.161,7900,GULF BLVD,2,1,0,0,0,0,3203280,31.218,62.4
10320147,Hillsborough,0.0,0.18,0.18,14500,I-275 / SR-93,27,2,0,1,1,0,6573285,30.426,410.8
10320165,Hillsborough,0.0,0.136,0.136,9600,I-275 SB/SR-93,40,1,0,0,1,0,3288154,30.412,1216.5
14620000,Pasco,0.0,0.67,0.67,1950,GRAND BLVD,47,1,2,0,1,2,3290420,30.391,1428.4
08060000,Hernando,0.0,2.049,2.049,650,PASCO CO LINE,11,1,0,0,1,0,3354264,29.813,327.9
10030000,Hillsborough,16.407,16.9,0.493,13800,N/A,94,5,3,2,3,3,17134363,29.181,548.6
10020000,Hillsborough,5.169,5.362,0.193,22500,BIRD ST,208,3,8,1,1,2,10936586,27.431,1901.9
14050000,Pasco,20.483,21.161,0.678,9300,US-98/SR-700,61,4,27,0,2,25,15880150,25.189,384.1
10190123,Hillsborough,0.0,0.562,0.562,2900,SR-39A/ALEXANDER ST,7,1,0,0,1,0,4104651,24.363,170.5
10000013,Hillsborough,0.0,0.445,0.445,3900,PARK RD,51,1,0,0,1,0,4370857,22.879,1166.8
14000026,Pasco,0.0,0.92,0.92,3800,CLARK ST,32,2,4,1,0,3,8804676,22.715,363.4
15190040,Pinellas,0.0,0.268,0.268,7000,I-275/SR-93 SB,18,1,5,0,1,5,4724706,21.165,381.0
10900006,Hillsborough,0.0,0.474,0.474,16000,BAYWEST COMMERCE PK,31,4,0,0,4,0,19100304,20.942,162.3
14000052,Pasco,0.0,0.81,0.81,4900,CR-54/EILAND BLVD,26,2,0,1,0,0,9995927,20.008,260.1
10000061,Hillsborough,0.0,1.618,1.618,1300,BAYSHORE BLVD,258,1,6,0,1,2,5297413,18.877,4870.3
10000177,Hillsborough,0.0,0.649,0.649,3300,BRANDON PKWY,80,1,2,0,1,2,5393871,18.54,1483.2
10000382,Hillsborough,0.0,2.272,2.272,1900,LITHIA PINECREST RD,16,2,0,0,2,0,10871861,18.396,147.2
10000198,Hillsborough,0.028,0.339,0.311,7100,W LAUREL ST,14,1,0,0,0,0,5561100,17.982,251.7
10720000,Hillsborough,1.575,1.832,0.257,17300,DAVIS RD,56,2,1,0,0,0,11197503,17.861,500.1
10190102,Hillsborough,0.0,0.195,0.195,11500,CR-579,9,1,0,0,1,0,5647736,17.706,159.4
15000308,Pinellas,0.0,0.251,0.251,9000,22 AVE S,7,1,0,0,1,0,5689292,17.577,123.0
02000052,Citrus,0.0,0.76,0.76,3000,W YULEE DR,9,1,0,0,0,0,5742180,17.415,156.7
15000425,Pinellas,0.0,0.863,0.863,2700,LANSBROOK PKWY,5,1,0,0,1,0,5868357,17.041,85.2
14000077,Pasco,0.0,0.587,0.587,4000,TUCKER RD,7,1,1,0,0,1,5913438,16.911,118.4
10000223,Hillsborough,0.0,0.592,0.592,8000,US-301,39,2,3,0,2,3,11927616,16.768,327.0
10002338,Hillsborough,0.0,0.275,0.275,8700,SR-618 WB,3,1,1,0,1,1,6025511,16.596,49.8
15000330,Pinellas,0.0,0.71,0.71,3400,CR 1/KEENE RD,39,1,0,0,1,0,6079659,16.448,641.5
10002037,Hillsborough,0.0,0.233,0.233,10500,SR-618 EB,2,1,1,0,1,1,6161510,16.23,32.5
14000104,Pasco,0.0,4.174,4.174,3600,US-19,114,6,10,0,6,8,37843988,15.855,301.2
14000132,Pasco,0.0,1.002,1.002,5000,DAUGHTERY RD,53,2,1,2,0,0,12617685,15.851,420.0
14000007,Pasco,0.0,3.612,3.612,1400,PAUL S BUCHMAN HWY,28,2,1,0,2,0,12735551,15.704,219.9
14000075,Pasco,0.0,1.405,1.405,3600,US-19/SR-55,51,2,3,0,1,1,12738573,15.7,400.4
15000001,Pinellas,0.0,2.038,2.038,2500,SEMINOLE ST,47,2,4,1,0,2,12831757,15.586,366.3
15000137,Pinellas,0.0,1.039,1.039,2500,PASS-A-GRILLE WAY,15,1,1,1,0,0,6541804,15.286,229.3
15000042,Pinellas,0.0,1.3,1.3,2000,N KEENE RD,23,1,1,0,0,0,6548100,15.272,351.2
10020000,Hillsborough,0.743,1.009,0.266,9800,E ESTELLE ST,137,1,1,0,1,1,6565226,15.232,2086.8
10000070,Hillsborough,0.0,2.034,2.034,1300,S DAVIS ROUNDABOUT,109,1,2,0,1,1,6659418,15.016,1636.8
15000256,Pinellas,0.0,1.546,1.546,1750,SR-688 / ULMERTON RD,61,1,5,1,0,2,6813802,14.676,895.2
10030000,Hillsborough,6.498,6.977,0.479,17900,GARDEN LN,46,3,2,0,3,1,21593871,13.893,213.0
08050000,Hernando,11.725,12.476,0.751,7700,US41/SR45/N BROAD ST,106,2,14,0,1,13,14563730,13.733,727.8
10075356,Hillsborough,0.0,0.303,0.303,9600,SR 582 FOWLER AVE WB,10,1,4,0,1,3,7325813,13.65,136.5
14050000,Pasco,11.342,11.637,0.295,30000,US-98/SR-35/SR-700,98,3,12,1,2,12,22288725,13.46,439.7
15190014,Pinellas,0.0,0.441,0.441,6700,31 ST S,8,1,1,0,1,1,7441412,13.438,107.5
15504000,Pinellas,0.0,3.216,3.216,6500,66 TH ST N / SR-693,437,7,20,3,0,12,52646724,13.296,830.1
08070000,Hernando,8.543,9.519,0.976,9300,US-301 / SR-35,61,3,9,0,3,9,22859921,13.123,266.8
08000024,Hernando,0.0,1.168,1.168,2600,US-41/SR-45/BROAD ST,41,1,4,0,0,2,7648181,13.075,536.1
10270114,Hillsborough,0.0,0.529,0.529,17500,BR# 100675 FROM TIA,22,3,0,0,0,0,23315014,12.867,94.4
10190450,Hillsborough,0.0,0.294,0.294,10500,21 ST,24,1,0,0,1,0,7774610,12.862,308.7
14000106,Pasco,0.0,3.269,3.269,950,CR-578/ST JOE RD,13,1,1,0,0,0,7821328,12.786,166.2
10000016,Hillsborough,0.0,2.645,2.645,2400,E KEYSVILLE RD,17,2,2,2,0,1,15987438,12.51,106.3
10060000,Hillsborough,26.226,26.565,0.339,37500,CR-574/BROADWAY AVE,397,4,6,3,0,4,32016431,12.494,1240.0
14000166,Pasco,0.0,1.353,1.353,2400,BOYETE RD,37,1,1,1,0,1,8178073,12.228,452.4
10330000,Hillsborough,0.155,0.911,0.756,26000,E 21 AVE,168,6,9,4,1,8,49503636,12.12,339.4
10140104,Hillsborough,0.097,0.444,0.347,9500,N/A,14,1,1,0,1,0,8302235,12.045,168.6
02000037,Citrus,0.0,1.503,1.503,2200,N FLORIDA AVE,14,1,0,0,1,0,8327672,12.008,168.1
10020101,Hillsborough,1.546,1.822,0.276,12000,E FLORIBRASKA AVE,37,1,0,1,0,0,8341272,11.989,443.6
15000203,Pinellas,0.25,1.036,0.786,4400,N/A,25,1,1,0,1,1,8709980,11.481,287.0
02040000,Citrus,5.44,6.681,1.241,14000,CR-491/N LECANTO HWY,86,5,6,0,4,5,43756419,11.427,196.5
10620500,Hillsborough,0.0,1.585,1.585,6600,US-301/FT KING HWY,36,3,0,0,2,0,26346028,11.387,136.6
15150000,Pinellas,4.874,5.876,1.002,38500,US19A/SR595/5 AVE N,1048,11,22,2,6,13,97156175,11.322,1078.7
08010000,Hernando,9.687,10.077,0.39,9000,CR-445/S MAIN ST,67,1,4,0,1,1,8839935,11.312,757.9
14000020,Pasco,0.0,3.359,3.359,2100,CR-595/GRAND BLVD,276,2,6,1,1,4,17765247,11.258,1553.6
08010000,Hernando,10.362,11.328,0.966,11052,CR484/MONDON HILL RD,60,3,3,0,3,3,26888090,11.157,223.1
10570000,Hillsborough,0.0,4.973,4.973,1450,MANATEE CO LINE,29,2,2,0,2,2,18160526,11.013,159.7
10000205,Hillsborough,0.0,0.535,0.535,6900,COLLINS ELM SCHOOL,13,1,0,0,0,0,9297043,10.756,139.8
15061000,Pinellas,6.946,7.16,0.214,17500,CR-376/142 AVE N,90,1,7,1,0,5,9431783,10.602,954.2
15120000,Pinellas,0.0,1.192,1.192,16200,SR-699 / GULF BLVD,117,5,3,0,4,0,48633242,10.281,240.6
14570002,Pasco,0.0,0.176,0.176,44000,OLD MILL POND DR,75,2,10,0,2,9,19503264,10.255,384.6
10060001,Hillsborough,0.0,0.367,0.367,32000,OLD COLUMBUS DR(UNS),235,3,4,0,2,2,29577264,10.143,794.5
15190304,Pinellas,0.0,0.28,0.28,14000,SR-682/PINELLAS BAYW,11,1,0,0,0,0,9872520,10.129,111.4
14030000,Pasco,11.474,13.838,2.364,51500,N/A,924,31,78,8,11,49,306617301,10.11,301.4
10190200,Hillsborough,0.0,3.048,3.048,3900,PARK RD,39,3,3,0,3,3,29937913,10.021,130.3
14050000,Pasco,3.764,4.425,0.661,24000,SR-39,170,4,19,0,1,10,39953484,10.012,425.5
10270000,Hillsborough,2.748,2.874,0.126,31500,US-92/SR-600,74,1,1,0,0,1,9995926,10.004,740.3
15000142,Pinellas,0.0,3.748,3.748,6400,49 ST S,837,6,32,2,1,24,60411763,9.932,1385.5
15070001,Pinellas,0.0,0.479,0.479,8400,BROADWAY,58,1,3,1,0,1,10133437,9.868,572.4
10020000,Hillsborough,1.328,1.608,0.28,14500,E COLUMBUS DR,77,1,2,0,0,1,10225110,9.78,753.0
14140001,Pasco,0.0,0.239,0.239,17000,CR-54 EB,31,1,0,0,0,0,10232666,9.773,303.0
10250000,Hillsborough,8.177,8.616,0.439,9300,N/A,63,1,0,0,0,0,10282280,9.725,612.7
10250000,Hillsborough,7.154,7.447,0.293,14000,CR-574/7 AVE,166,1,2,0,1,0,10330887,9.68,1606.8
10000063,Hillsborough,0.0,1.18,1.18,3500,N HOWARD AVE,78,1,3,0,0,1,10401405,9.614,749.9
08550000,Hernando,3.889,8.693,4.804,2600,CR-581/EMERSON RD,66,3,3,0,1,0,31457072,9.537,209.8
10000619,Hillsborough,0.0,0.339,0.339,12300,19 AVE,105,1,2,0,1,2,10501389,9.523,999.9
10040000,Hillsborough,4.996,5.17,0.174,24000,E BIRD ST,107,1,4,0,1,0,10517256,9.508,1017.4
10000090,Hillsborough,3.753,5.829,2.076,4100,REPUBLICA DE CUBA,226,2,2,0,1,1,21436465,9.33,1054.3
15010000,Pinellas,5.948,6.068,0.12,35500,22 AV N,121,1,5,1,0,4,10728810,9.321,1127.8
15180503,Pinellas,0.0,1.957,1.957,13100,SR-693/PASADENA AVE,306,6,10,2,4,10,64566029,9.293,473.9
10040000,Hillsborough,7.199,8.207,1.008,25500,W FOWLER AVE,488,6,13,3,1,5,64735524,9.268,753.8
15010303,Pinellas,0.0,0.323,0.323,13500,US-19A/SR-595,3,1,1,0,1,1,10981919,9.106,27.3
15035002,Pinellas,0.0,0.382,0.382,11500,RP 15190029,14,1,1,0,0,1,11063770,9.039,126.5
10260000,Hillsborough,3.681,4.597,0.916,14500,JEFFERSON RD,100,3,5,1,1,3,33450717,8.968,298.9
15010102,Pinellas,0.0,0.423,0.423,10500,CR-666 / TOM STUART,15,1,0,0,0,0,11185918,8.94,134.1
08050000,Hernando,10.982,11.725,0.743,12000,E DR MLK JR BLVD,99,2,1,1,0,0,22454946,8.907,440.9
15120000,Pinellas,10.613,11.472,0.859,37500,UNSIGNED,642,7,20,6,1,16,81127181,8.628,791.4
14000074,Pasco,0.0,1.247,1.247,3700,CR77/REGENCY PARK BL,70,1,4,0,0,3,11620107,8.606,602.4
14000160,Pasco,0.0,2.256,2.256,2050,GREEN SLOPE DR,132,1,7,0,0,2,11647559,8.585,1133.3
10075365,Hillsborough,0.0,0.311,0.311,15000,I-75 SB/SR-93A,21,1,1,0,1,1,11748802,8.512,178.7
10340000,Hillsborough,3.134,3.317,0.183,25500,TO 10320159 SB ON,298,1,5,1,0,3,11752580,8.509,2535.6
15000312,Pinellas,0.0,2.831,2.831,3300,BEACH DR NE,797,2,12,1,0,5,23528583,8.5,3387.4
10190091,Hillsborough,0.0,0.774,0.774,6100,US-301/SR-41 SB,15,1,2,0,0,1,11890846,8.41,126.1
10020000,Hillsborough,5.362,5.887,0.525,27000,WATERS AVE,336,3,6,3,0,4,35699737,8.403,941.2
14030000,Pasco,0.0,0.626,0.626,60500,PINELLAS CO LINE,390,8,36,3,3,27,95383150,8.387,408.9
15000151,Pinellas,0.0,0.897,0.897,15900,22 AVE S,249,3,10,2,0,4,35919603,8.352,693.2
15010000,Pinellas,0.577,1.1,0.523,9100,N/A,145,1,4,0,0,2,11986297,8.343,1209.7
10589000,Hillsborough,0.0,0.896,0.896,16000,SR-60 WB,395,3,6,0,1,3,36105216,8.309,1094.0
15230000,Pinellas,0.606,1.129,0.523,27500,CR-150/CENTRAL AVE,274,3,11,1,2,5,36222326,8.282,756.4
15007000,Pinellas,0.0,1.535,1.535,34500,SR-686/E BAY DR,648,11,19,5,3,10,133373464,8.248,485.9
14000082,Pasco,0.0,3.897,3.897,2500,NEW YORK AVE,36,2,4,0,0,3,24536486,8.151,146.7
14540000,Pasco,0.0,8.004,8.004,4900,SR-52,279,8,34,0,3,28,98774563,8.099,282.5
08002000,Hernando,1.534,2.532,0.998,29500,US-41/SR-45/BROAD ST,232,6,12,0,6,9,74147158,8.092,312.9
10270118,Hillsborough,0.265,0.396,0.131,37500,N/A,7,1,0,0,0,0,12372131,8.083,56.6
14510001,Pasco,0.0,1.891,1.891,5200,CR-577/CURLEY RD,35,2,7,0,2,5,24764914,8.076,141.3
14030000,Pasco,13.838,16.996,3.158,39000,N/A,498,25,98,6,6,74,310183497,8.06,160.6
08010000,Hernando,8.975,9.291,0.316,15600,SR-700/PONCE DE LEON,27,1,4,0,1,3,12415198,8.055,217.5
15000414,Pinellas,0.0,0.504,0.504,9800,46 AVE N,34,1,3,0,0,2,12439375,8.039,273.3
15180503,Pinellas,1.957,5.045,3.088,9600,49 ST,699,6,13,5,0,8,74660429,8.036,936.2
15190307,Pinellas,0.0,0.43,0.43,11500,54 AVE S,9,1,0,0,1,0,12453982,8.03,72.3
08010000,Hernando,12.089,14.304,2.215,11200,CR-445/HOWELL AVE,110,5,18,1,2,17,62478948,8.003,176.1
14570000,Pasco,0.875,2.72,1.845,35000,CR-595/GRAND BLVD,481,13,61,4,2,45,162632138,7.994,295.8
15100000,Pinellas,4.023,4.97,0.947,15900,N/A,104,3,5,2,1,3,37921810,7.911,274.2
10650000,Hillsborough,1.633,3.645,2.012,2500,W FLETCHER AVE,99,1,1,0,0,1,12668055,7.894,781.5
14140020,Pasco,0.0,0.403,0.403,12500,I-75 / SR-93,31,1,0,0,1,0,12686944,7.882,244.3
14050000,Pasco,19.479,20.483,1.004,15324,OWENSBORO RD,31,3,4,0,2,3,38747868,7.742,80.0
08000013,Hernando,1.423,3.193,1.77,2900,CITRUS WAY/CR-491,42,1,3,0,1,3,12927460,7.735,324.9
14000107,Pasco,0.0,1.987,1.987,5200,HICKS RD,33,2,3,0,1,3,26022149,7.686,126.8
10040000,Hillsborough,3.165,4.173,1.008,20500,E HILLSBOROUGH AVE,543,4,13,2,0,8,52042284,7.686,1043.4
10030000,Hillsborough,20.376,21.014,0.638,8100,N/A,151,1,0,0,0,0,13015104,7.683,1160.2
10030000,Hillsborough,0.0,1.002,1.002,41500,SR-45,837,8,17,3,3,10,104726786,7.639,799.2
14000139,Pasco,0.0,0.663,0.663,7900,21 ST,14,1,3,0,0,2,13191147,7.581,106.1
10040000,Hillsborough,5.692,6.191,0.499,21000,E BUSCH BLVD,516,2,9,1,0,3,26391361,7.578,1955.2
10000619,Hillsborough,0.339,0.591,0.252,20800,10190446 EB OFF,247,1,6,0,1,6,13200970,7.575,1871.1
15000117,Pinellas,0.0,4.607,4.607,5700,PARK ST N,673,5,18,2,1,6,66135558,7.56,1017.6
10040000,Hillsborough,8.979,9.493,0.514,20500,SKIPPER RD,80,2,1,0,2,0,26537435,7.537,301.5
14090000,Pasco,21.704,22.458,0.754,14000,SR39/US301/GALL BLVD,150,2,6,0,1,0,26585286,7.523,564.2
08030000,Hernando,2.082,6.667,4.585,7000,SR-50/CORTEZ BLVD,85,6,26,1,4,20,80831258,7.423,105.2
10010000,Hillsborough,15.693,16.289,0.596,45000,BOYETTE RD,441,5,13,1,2,8,67546170,7.402,652.9
10020000,Hillsborough,2.336,2.961,0.625,8600,SR-574/DR MLK JR BLV,100,1,1,0,0,1,13536938,7.387,738.7
10000125,Hillsborough,0.0,4.046,4.046,4000,N FLORIDA AVE/US-41B,384,3,11,1,1,8,40759404,7.36,942.1
14000023,Pasco,0.325,1.426,1.101,4900,N/A,26,1,5,0,0,4,13587056,7.36,191.4
14050000,Pasco,3.067,3.764,0.697,15600,CHANCEY RD,146,2,17,1,1,14,27384154,7.303,533.2
10040000,Hillsborough,0.837,1.149,0.312,17500,E PALM AVE,102,1,3,1,0,1,13751010,7.272,741.8
15010101,Pinellas,0.76,1.216,0.456,12000,8 ST N,160,1,3,0,1,2,13781232,7.256,1161.0
15010000,Pinellas,13.518,14.034,0.516,32000,CR-296/102 AVE N,221,3,8,1,1,5,41585472,7.214,531.4
10821500,Hillsborough,0.66,1.748,1.088,35500,ROSEWOOD CENTER ENTR,286,7,5,2,3,3,97274544,7.196,294.0
10514000,Hillsborough,0.0,0.828,0.828,6700,JAMES L REDMAN PKWY,33,1,0,1,0,0,13971631,7.157,236.2
10210502,Hillsborough,0.0,7.249,7.249,4600,SR-583/N 56 ST,498,6,14,2,3,10,83980390,7.145,593.0
14050000,Pasco,16.633,19.479,2.846,21500,PAYNE RD,165,11,32,3,7,29,154104496,7.138,107.1
10090000,Hillsborough,14.111,14.61,0.499,11200,N WOODROW WILSON ST,117,1,2,0,1,2,14075393,7.105,831.2
14000105,Pasco,2.174,3.038,0.864,6500,OAKELLER DR,23,1,1,0,0,1,14143896,7.07,162.6
10040000,Hillsborough,6.191,7.199,1.008,22500,E LINEBAUGH AVE,419,4,10,2,1,2,57119580,7.003,733.5
10200000,Hillsborough,1.242,1.847,0.605,9400,10190400 FRNT RD,37,1,0,0,0,0,14322710,6.982,258.3
14570000,Pasco,2.72,3.109,0.389,44000,CR-77/SEVEN SPRINGS,211,3,21,1,2,17,43106646,6.959,489.5
10090000,Hillsborough,7.738,11.362,3.624,14200,MCINTOSH RD,311,9,19,4,2,13,129604025,6.944,240.0
10290000,Hillsborough,0.0,0.255,0.255,22500,N FLORIDA AVE,170,1,1,1,0,0,14449894,6.92,1176.5
10501000,Hillsborough,0.0,2.031,2.031,17000,SR-676 / CAUSEWAY BL,400,6,17,1,3,12,86956250,6.9,460.0
15000039,Pinellas,0.0,2.419,2.419,2400,EDGEWATER DR,95,1,1,0,0,0,14621404,6.839,649.7
08070000,Hernando,7.026,8.543,1.517,11500,US-98 / SR-700,58,3,8,0,3,5,43936492,6.828,132.0
10000144,Hillsborough,0.0,2.353,2.353,5000,LITHIA-PINECREST RD,210,2,6,1,0,2,29630153,6.75,708.7
08630000,Hernando,0.0,6.824,6.824,2600,SR-50/CORTEZ BLVD,128,3,14,0,2,11,44684234,6.714,286.5
10000035,Hillsborough,0.0,2.192,2.192,2700,CR587/WESTSHORE BLVD,115,1,2,0,0,2,14905490,6.709,771.5
15000146,Pinellas,0.0,5.772,5.772,3100,26 AVE S,910,3,35,0,2,20,45064024,6.657,2019.3
02000003,Citrus,0.0,5.379,5.379,6700,US-19/SUNCOAST BLVD,176,6,24,2,3,16,90764977,6.61,193.9
15090500,Pinellas,0.0,3.386,3.386,8900,54 AVE S,459,5,23,3,1,13,75896005,6.588,604.8
10250001,Hillsborough,0.203,1.315,1.112,43500,S 22 ST,318,8,3,1,3,0,121824882,6.567,261.0
15000204,Pinellas,0.0,2.566,2.566,7100,0.180M SOUTH OF GRAN,131,3,7,2,0,4,45883544,6.538,285.5
15040000,Pinellas,3.441,4.44,0.999,55000,CR-501/S BELCHER RD,927,9,20,6,1,13,138378983,6.504,669.9
10310000,Hillsborough,5.858,6.863,1.005,36500,N/A,717,6,26,4,1,18,92384876,6.495,776.1
10030000,Hillsborough,18.061,19.174,1.113,11000,ENTERPRISE ST,214,2,7,2,0,4,30833995,6.486,694.0
10075069,Hillsborough,0.08,1.782,1.702,3600,END C&G RIGHT SIDE,1,1,0,0,0,0,15431353,6.48,6.5
02000010,Citrus,2.681,5.118,2.437,5100,W 7 RIVERS DR,37,2,2,0,2,0,31301681,6.389,118.2
10190071,Hillsborough,0.0,0.312,0.312,20000,I-275/SR-93 SB,17,1,0,0,0,0,15715440,6.363,108.2
02600000,Citrus,0.0,2.502,2.502,2500,S FLORIDA AVE,37,1,2,0,1,0,15753217,6.348,234.9
08550000,Hernando,0.0,3.385,3.385,7400,US-41/SR-45/BROAD ST,151,4,11,0,3,11,63085906,6.341,239.4
02040000,Citrus,0.137,5.44,5.303,9500,SR200/CARL G ROSE HW,182,8,18,3,3,11,126878252,6.305,143.4
08020000,Hernando,4.76,6.445,1.685,41500,FOREST OAKS BLVD,637,11,48,3,5,41,176112409,6.246,361.7
10150000,Hillsborough,8.412,9.484,1.072,65500,AIR CARGO RD,848,11,11,6,3,2,176838996,6.22,479.5
15000026,Pinellas,0.0,1.6,1.6,4000,BAYSHORE BLVD,41,1,0,0,0,0,16118400,6.204,254.4
14120000,Pasco,0.0,2.012,2.012,25500,US-19/SR-55,541,8,64,0,7,47,129214161,6.191,418.7
15501500,Pinellas,0.0,1.932,1.932,6700,EDGEWATER DR,208,2,10,1,0,5,32600471,6.135,638.0
10020000,Hillsborough,1.608,2.336,0.728,8900,E FLORIBRASKA AVE,190,1,3,1,0,2,16317865,6.128,1164.4
10260000,Hillsborough,4.597,5.868,1.271,25500,SR-582/E FOWLER AVE,133,5,5,1,3,4,81625844,6.126,162.9
14000003,Pasco,1.004,2.973,1.969,3300,PRETTY POND RD,78,1,10,0,1,8,16364457,6.111,476.6
10060000,Hillsborough,23.547,24.36,0.813,32000,CAUSEWAY BLVD,303,4,7,1,2,6,65521296,6.105,462.4
10000377,Hillsborough,0.0,2.147,2.147,6100,E COLUMBUS DR,259,2,4,1,1,3,32984039,6.064,785.2
10040000,Hillsborough,4.173,4.996,0.823,24000,E SLIGH AVE,405,3,11,2,1,7,49745412,6.031,814.1
10020101,Hillsborough,0.788,1.546,0.758,8700,SR-574/W DR MLK JR B,115,1,3,0,1,2,16608500,6.021,692.4
14700000,Pasco,0.0,5.277,5.277,1250,BELLAMY BROS RD,23,1,5,0,1,4,16612656,6.02,138.4
08100000,Hernando,5.64,10.945,5.305,5000,US-41/SR-45/BROAD ST,61,4,7,0,2,4,66803213,5.988,91.3
10070000,Hillsborough,2.02,4.051,2.031,23000,E TRAPNELL RD,588,7,6,1,4,3,117646690,5.95,499.8
10520000,Hillsborough,0.0,2.782,2.782,36000,FLORIDA AVE,1643,15,27,5,3,19,252232812,5.947,651.4
14000022,Pasco,0.0,1.215,1.215,5500,US-301/SR-35,163,1,5,0,0,2,16829876,5.942,968.5
14070000,Pasco,0.0,5.35,5.35,7600,CR-54 / POLK CO LINE,79,6,15,0,6,15,102402210,5.859,77.1
10060000,Hillsborough,24.36,25.556,1.196,34000,BRISTOL BAY WAY,716,6,21,3,1,15,102412284,5.859,699.1
10516000,Hillsborough,0.0,4.07,4.07,10000,SR-60/ADAMO DR,606,6,19,4,2,10,102502950,5.853,591.2
02010000,Citrus,5.994,11.052,5.058,12100,CR 48/E ORANGE AVE,256,9,25,1,5,18,154136733,5.839,166.1
10075011,Hillsborough,0.0,0.243,0.243,28500,I-75/SR-93A SB,28,1,0,0,1,0,17441872,5.733,160.5
10030000,Hillsborough,6.977,9.284,2.307,15100,N/A,555,5,21,2,2,14,87733710,5.699,632.6
02540000,Citrus,2.206,18.686,16.48,3400,GREENTREE,143,8,15,0,7,10,141116592,5.669,101.3
10310000,Hillsborough,3.32,4.339,1.019,41500,N/A,641,6,22,4,2,8,106503587,5.634,601.9
08100000,Hernando,0.0,5.64,5.64,2500,US-98/PONCE DE LEON,90,2,5,0,1,2,35510850,5.632,253.4
10000006,Hillsborough,1.455,2.502,1.047,13600,MANILA PALM WAY,123,2,10,0,2,10,35861425,5.577,343.0
10290000,Hillsborough,0.505,2.036,1.531,55915,US-41/SR-45/N NEBRAS,1631,12,27,5,1,10,215598371,5.566,756.5
10519000,Hillsborough,0.0,4.32,4.32,14900,S US-41 HWY,1230,9,88,3,2,69,162110808,5.552,758.7
15110502,Pinellas,0.0,2.509,2.509,8600,34 ST S,550,3,13,1,1,9,54342682,5.521,1012.1
10030002,Hillsborough,1.127,1.41,0.283,25500,N/A,138,1,2,0,1,0,18174755,5.502,759.3
10030000,Hillsborough,4.057,4.772,0.715,40500,N/A,305,4,11,3,1,9,72929464,5.485,418.2
14050000,Pasco,5.834,6.354,0.52,28000,NORTH AVE,315,2,7,0,2,4,36669360,5.454,859.0
10000102,Hillsborough,0.0,4.05,4.05,7200,US-41/SR-599/S 50 ST,388,4,24,1,2,20,73439460,5.447,528.3
10000017,Hillsborough,0.0,4.058,4.058,3600,TURKEY CREEK RD,52,2,0,0,1,0,36792263,5.436,141.3
15000023,Pinellas,0.0,1.462,1.462,5000,BAYSHORE BLVD,19,1,0,0,0,0,18410235,5.432,103.2
10040000,Hillsborough,2.155,3.165,1.01,14500,SR-574/E MLK JR BLVD,342,2,6,2,0,4,36883433,5.422,927.2
08000021,Hernando,0.0,3.866,3.866,1900,N END BRG 140059,58,1,10,0,1,6,18499390,5.406,313.5
15010000,Pinellas,15.544,16.559,1.015,43500,SR-688/ULMERTON RD,413,6,9,5,0,5,111198071,5.396,371.4
08010000,Hernando,11.328,12.089,0.761,9700,CR-480/CROOM RD,47,1,14,0,1,9,18590811,5.379,252.8
15530500,Pinellas,0.0,2.195,2.195,30500,38 AVE N,993,9,50,2,5,38,168607279,5.338,588.9
10030000,Hillsborough,9.284,12.827,3.543,12700,N/A,420,6,19,1,1,17,113322678,5.295,370.6
15020001,Pinellas,0.0,1.002,1.002,15000,S PINELLAS AVE,221,2,3,0,0,2,37853055,5.284,583.8
10000014,Hillsborough,1.542,2.126,0.584,13000,N PARK RD,56,1,0,0,0,0,19120452,5.23,292.9
02620000,Citrus,0.0,9.187,9.187,5800,E END OF ROUNDABOUT,147,7,11,1,6,8,134197265,5.216,109.5
14091000,Pasco,7.493,10.613,3.12,22000,MEADOW POINTE BLVD,209,9,22,1,5,18,172869840,5.206,120.9
14000018,Pasco,0.0,3.37,3.37,6800,MOOG RD,351,3,9,0,3,8,57713946,5.198,608.2
10150000,Hillsborough,6.019,7.028,1.009,53000,HANLEY RD,706,7,16,6,0,8,134681824,5.197,524.2
10650000,Hillsborough,0.0,1.132,1.132,6800,W COUNTRY CLUB DR,28,1,0,1,0,0,19386406,5.158,144.4
08010000,Hernando,14.304,16.581,2.277,6800,CR-581/SNOW MEM HWY,67,2,11,0,1,9,38995447,5.129,171.8
10020000,Hillsborough,7.378,8.388,1.01,23000,SR-582/E FOWLER AVE,244,3,7,3,0,1,58504755,5.128,417.1
15150000,Pinellas,5.876,7.897,2.021,46000,22 AVE N,1347,12,48,6,3,26,234134871,5.125,575.3
08010000,Hernando,0.0,1.386,1.386,11200,CR578/COUNTY LINE RD,115,2,18,0,1,17,39095179,5.116,294.2
10010000,Hillsborough,21.096,21.905,0.809,38500,10002339 EB ON,246,4,21,0,3,19,78442460,5.099,313.6
02510000,Citrus,0.052,5.42,5.368,4400,COURTHOUSE SQUARE,86,3,5,0,2,2,59484955,5.043,144.6
14050000,Pasco,4.936,5.74,0.804,19600,5 AVE,340,2,8,1,0,3,39687530,5.039,856.7
15020000,Pinellas,2.59,3.206,0.616,12800,N/A,51,1,1,1,0,0,19857869,5.036,256.8
14010000,Pasco,0.012,1.427,1.415,33500,WILLOW BEND PKWY,436,6,30,0,5,27,119383196,5.026,365.2
14090000,Pasco,16.075,18.817,2.742,17300,CR-579/MORRIS BRG RD,406,6,38,2,0,29,119469077,5.022,339.8
15600000,Pinellas,0.0,1.084,1.084,7300,FT HARRISON AVE,125,1,1,0,0,1,19929394,5.018,627.2
10000210,Hillsborough,0.0,4.81,4.81,1650,HOLLY TREE LN,253,1,4,0,0,4,19988075,5.003,1265.8
15150000,Pinellas,7.897,8.843,0.946,50500,N/A,804,6,36,5,0,23,120316300,4.987,668.2
15540500,Pinellas,0.0,4.273,4.273,16800,US-19A/TYRONE BLVD,1000,9,41,3,3,27,180794048,4.978,553.1
10000082,Hillsborough,0.0,0.949,0.949,8500,SR 60/CHANNELSIDE D,285,1,2,1,0,0,20315480,4.922,1402.9
15150000,Pinellas,2.879,4.874,1.995,44500,22 AVE S,1311,11,48,6,1,28,223586134,4.92,586.4
02010005,Citrus,0.0,0.207,0.207,39000,US-41/SR-45/SR-44/W,68,1,10,0,0,9,20331850,4.918,334.5
10030000,Hillsborough,12.827,14.641,1.814,13400,MCINTOSH RD,173,3,5,1,2,5,61218691,4.9,282.6
10020000,Hillsborough,6.365,7.378,1.013,24000,E LINEBAUGH AVE,237,3,6,3,0,3,61229772,4.9,387.1
10110000,Hillsborough,1.2,2.101,0.901,36000,SR-569/N 39 ST,170,4,5,1,3,3,81690066,4.897,208.1
10270000,Hillsborough,2.874,3.381,0.507,32000,S STERLING AVE,162,2,1,0,1,1,40860144,4.895,396.5
08030000,Hernando,0.0,2.082,2.082,7800,PASCO CO LINE,37,2,3,0,1,3,40899433,4.89,90.5
14050000,Pasco,11.637,13.476,1.839,26500,CR-52A/CLINTON AVE,395,6,22,2,4,17,122735320,4.889,321.8
08010000,Hernando,3.642,4.498,0.856,19000,HIGHBURY BLVD,88,2,8,0,1,8,40960884,4.883,214.8
15030018,Pinellas,0.0,0.583,0.583,14000,15030055 EB OFF,32,1,0,0,0,0,20555997,4.865,155.7
10270118,Hillsborough,0.0,0.265,0.265,31000,SR-60 WB TO TIA RAMP,48,1,1,0,0,0,20689478,4.833,232.0
14620000,Pasco,0.67,4.059,3.389,9700,DAVIS LN,477,4,39,2,1,32,82791406,4.831,576.1
14520000,Pasco,2.366,9.674,7.308,4500,Bridge No-140940,114,4,11,0,3,11,82823391,4.83,137.6
15000141,Pinellas,0.0,2.569,2.569,6400,62 AVE S,296,2,23,1,1,19,41408170,4.83,714.8
14680000,Pasco,0.0,0.794,0.794,10500,CR-579,43,1,9,0,1,9,20996734,4.763,204.8
10000368,Hillsborough,0.025,1.393,1.368,6100,40 ST,79,1,1,0,1,1,21016379,4.758,375.9
10823000,Hillsborough,0.0,4.063,4.063,18500,US-41/S 50TH ST,508,9,22,3,2,15,189304312,4.754,268.4
10000644,Hillsborough,0.0,3.642,3.642,2300,N FLORIDA AVE,329,1,4,0,0,1,21096467,4.74,1559.5
08000035,Hernando,0.0,4.224,4.224,13900,SR-50/CORTEZ BLVD,248,7,23,2,4,22,147870202,4.734,167.7
14000044,Pasco,0.0,2.512,2.512,6700,CHANCEY RD,191,2,6,0,1,3,42387362,4.718,450.6
02050000,Citrus,21.762,24.33,2.568,16400,S SHAD TER,51,5,10,0,3,7,106067131,4.714,48.1
02010000,Citrus,13.177,14.041,0.864,19500,US-41,217,2,9,0,2,6,42431688,4.713,511.4
15120000,Pinellas,9.851,10.169,0.318,53000,CR-611/49 ST N,162,2,4,1,0,3,42446799,4.712,381.7
10505000,Hillsborough,0.0,1.353,1.353,25000,N DALE MABRY HWY,426,4,17,1,3,13,85188262,4.695,500.1
15060000,Pinellas,2.073,4.873,2.8,12100,38 AVE N,286,4,18,1,1,12,85326780,4.688,335.2
10310000,Hillsborough,2.817,2.998,0.181,47000,N/A,355,1,3,1,0,3,21424880,4.667,1657.0
10000054,Hillsborough,0.0,0.217,0.217,78500,E BROREIN ST,40,2,0,2,0,0,42901388,4.662,93.2
10000078,Hillsborough,0.0,1.707,1.707,5000,SUN CITYCENTER BLVD,109,1,5,1,0,4,21495398,4.652,507.1
14712000,Pasco,0.0,2.755,2.755,28000,US-19/SR-55,881,9,82,4,2,65,194277090,4.633,453.5
15000299,Pinellas,0.0,1.917,1.917,4500,EAST LAKE RD,19,1,0,0,1,0,21725840,4.603,87.5
10010000,Hillsborough,0.0,5.691,5.691,13700,MANATEE CO LINE,398,9,44,1,7,39,196359134,4.583,202.7
10720500,Hillsborough,0.0,0.694,0.694,25000,SR-583/N 56 ST,117,2,4,2,0,3,43695975,4.577,267.8
15010000,Pinellas,1.1,1.755,0.655,26500,N/A,321,2,6,2,0,5,43714864,4.575,734.3
10160000,Hillsborough,1.035,2.045,1.01,69000,W SLIGH AVE,513,8,16,2,1,9,175514265,4.558,292.3
10010000,Hillsborough,5.691,11.171,5.48,22500,SR-674/SUN CITY CENT,1021,14,82,1,10,75,310531050,4.508,328.8
14570000,Pasco,10.444,11.345,0.901,9800,VANDERBILT RD,3,1,0,0,0,0,22237851,4.497,13.5
14000037,Pasco,0.0,1.472,1.472,6000,C AVE,64,1,3,0,1,3,22243392,4.496,287.7
10110000,Hillsborough,2.101,4.099,1.998,30953,US-41/SR-599,459,7,13,2,3,12,155754351,4.494,294.7
10270000,Hillsborough,1.608,2.234,0.626,42500,S WEST SHORE BLVD,321,3,7,3,0,6,67004692,4.477,479.1
02010000,Citrus,12.215,12.502,0.287,31000,N/A,138,1,6,0,1,2,22407095,4.463,615.9
10090000,Hillsborough,11.362,12.409,1.047,17000,S FORBES RD,86,2,3,0,1,2,44826782,4.462,191.8
14030000,Pasco,4.176,4.658,0.482,55482,N/A,414,3,17,1,1,13,67350543,4.454,614.7
15090000,Pinellas,0.0,0.895,0.895,10000,DALI BLVD S/5 AVE S,405,1,6,1,0,4,22540575,4.436,1796.8
10000031,Hillsborough,0.0,11.188,11.188,2400,INTERBAY BLVD,1635,3,31,1,2,23,67624747,4.436,2417.8
14050000,Pasco,6.862,9.103,2.241,24000,DAUGHTERY RD,594,6,32,0,2,23,135455004,4.43,438.5
14570000,Pasco,3.344,4.344,1.0,9000,N/A,31,1,1,1,0,1,22666500,4.412,136.8
15000099,Pinellas,0.0,2.501,2.501,3600,OAKHURST RD,101,1,2,0,0,0,22675567,4.41,445.4
15000120,Pinellas,0.0,6.674,6.674,2700,PARK ST N,723,2,19,0,1,11,45382866,4.407,1593.1
10060000,Hillsborough,17.212,19.267,2.055,39500,SYMMES RD,550,9,38,4,3,27,204432941,4.402,269.0
10020000,Hillsborough,0.0,0.385,0.385,23500,E KENNEDY BLVD,201,1,5,0,0,4,22786129,4.389,882.1
15020000,Pinellas,5.465,5.909,0.444,20600,DUCHESS BLVD,52,1,5,0,0,3,23035208,4.341,225.7
14030000,Pasco,4.658,7.71,3.052,57000,GULF DR,1512,19,44,10,3,24,438128334,4.337,345.1
10075325,Hillsborough,0.0,0.511,0.511,18000,SR-93A / I-75,8,1,1,0,1,1,23165163,4.317,34.5
10030000,Hillsborough,2.267,3.522,1.255,44000,US-41/SR-599/N 40 ST,680,6,13,2,3,10,139071570,4.314,489.0
10000273,Hillsborough,0.0,0.505,0.505,36500,N ARMENIA AVE,40,2,4,0,1,3,46422251,4.308,86.2
08540000,Hernando,1.783,3.931,2.148,4300,CR-476/LK LINDSEY RD,28,1,1,0,1,1,23261873,4.299,120.4
10040000,Hillsborough,8.207,8.979,0.772,24000,FLETCHER AVE,216,2,12,2,0,7,46662768,4.286,462.9
10506000,Hillsborough,0.0,3.03,3.03,21400,SR-60/E BRANDON BLVD,509,7,13,0,4,10,163304577,4.286,311.7
14000161,Pasco,0.0,1.525,1.525,6100,MARINE PKWY,17,1,1,0,0,0,23428346,4.268,72.6
10160000,Hillsborough,2.045,2.969,0.924,60500,W WATERS AVE,528,6,7,2,4,3,140789187,4.262,375.0
15061000,Pinellas,4.95,5.947,0.997,37500,N/A,352,4,12,1,1,6,94160419,4.248,373.8
10250000,Hillsborough,0.0,1.153,1.153,32500,US-301/SR-43,322,4,9,2,0,6,94374491,4.238,341.2
08000009,Hernando,0.0,9.593,9.593,21500,US-19/COMMERCIAL WAY,1945,22,122,6,11,97,519439366,4.235,374.4
08040500,Hernando,3.132,6.529,3.397,8300,CR597/SHOAL LINE BLV,86,3,7,1,1,3,71009359,4.225,121.1
10000214,Hillsborough,0.0,0.502,0.502,37500,CR-676/CAUSEWAY BLVD,197,2,9,1,1,8,47410762,4.218,415.5
10075323,Hillsborough,2.631,3.114,0.483,19500,N/A,38,1,3,0,1,3,23720492,4.216,160.2
15040000,Pinellas,1.913,3.441,1.528,49500,CR-385/S LAKE DR,1309,8,58,6,1,41,190489266,4.2,687.2
08000028,Hernando,0.0,2.102,2.102,27000,C-578/COUNTY LINE RD,461,6,40,0,5,27,142934949,4.198,322.5
15007000,Pinellas,2.283,3.041,0.758,25000,CR-488/LAKEVIEW,341,2,8,2,0,2,47725575,4.191,714.5
15120000,Pinellas,8.114,8.495,0.381,50000,SR-693/66 ST,334,2,15,2,0,12,47977425,4.169,696.2
15120000,Pinellas,6.053,7.209,1.156,66000,CR-1/STARKEY RD,850,8,13,4,0,4,192151476,4.163,442.4
02030000,Citrus,15.09,20.742,5.652,18700,CR-495/CITRUS AVE,303,11,23,3,8,15,266186309,4.132,113.8
15000210,Pinellas,0.0,6.022,6.022,4800,PASADENA AVE,998,3,35,1,2,27,72798754,4.121,1370.9
10002000,Hillsborough,0.085,0.302,0.217,44500,BEG OF BR 100305 R,19,1,0,0,1,0,24319895,4.112,78.1
15100000,Pinellas,1.763,2.202,0.439,22000,N/A,88,1,0,0,0,0,24323673,4.111,361.8
10200000,Hillsborough,0.0,1.242,1.242,7800,W REYNOLDS ST,141,1,1,0,0,1,24398221,4.099,577.9
15230000,Pinellas,3.26,5.392,2.132,45500,40 AV N,1048,10,46,5,2,28,244309611,4.093,429.0
10000220,Hillsborough,0.0,5.973,5.973,6500,E BROADWAY AVE,414,4,14,3,0,6,97779503,4.091,423.4
15502000,Pinellas,0.0,2.347,2.347,29000,ALT 19/TYRONE BLVD,355,7,16,3,3,11,171416666,4.084,207.1
10020000,Hillsborough,4.068,5.169,1.101,17700,E LAMBRIGHT ST,409,2,9,2,0,4,49079772,4.075,833.3
08000007,Hernando,0.0,1.95,1.95,5000,JEFFERSON ST,94,1,7,0,1,5,24555375,4.072,382.8
10000056,Hillsborough,0.366,3.618,3.252,3000,N/A,405,1,2,0,0,1,24570486,4.07,1648.3
15010000,Pinellas,9.588,9.81,0.222,44000,100 WAY,51,1,0,0,1,0,24600708,4.065,207.3
10030000,Hillsborough,14.641,16.407,1.766,11100,FRITZKE RD,168,2,14,1,0,9,49369148,4.051,340.3
14090000,Pasco,18.817,19.334,0.517,19000,ALLEN RD,77,1,9,0,1,5,24739225,4.042,311.2
02560000,Citrus,0.0,7.793,7.793,11400,SUNCOAST BLVD,293,9,36,0,7,29,223744044,4.022,131.0
08610000,Hernando,0.0,7.261,7.261,6800,CR-595/OSOWAW BLVD,232,5,24,0,4,19,124350434,4.021,186.6
15150000,Pinellas,27.662,29.68,2.018,93000,N/A,1070,19,77,8,6,61,472656969,4.02,226.4
10537000,Hillsborough,0.0,3.959,3.959,5000,SR-674,39,2,6,0,2,5,49853708,4.012,78.2
10000117,Hillsborough,0.0,1.0,1.0,9900,E HILLSBOROUGH AVE,208,1,1,1,0,1,24933150,4.011,834.2
15010000,Pinellas,14.034,15.544,1.51,33000,110 AVE N,424,5,23,3,1,13,125496855,3.984,337.9
15000209,Pinellas,0.0,1.111,1.111,9000,BELCHER RD,84,1,1,0,0,1,25182482,3.971,333.6
10080000,Hillsborough,4.613,5.238,0.625,32000,10080102 EB ON,191,2,1,1,0,1,50370000,3.971,379.2
02000020,Citrus,0.0,7.147,7.147,1400,E BUSHNELL RD,48,1,7,0,0,3,25199607,3.968,190.5
14000081,Pasco,1.875,7.418,5.543,10900,YONKERS BLVD,121,6,17,1,5,13,152164496,3.943,79.5
10060000,Hillsborough,7.603,9.184,1.581,25500,SR-674/E COLLEGE AVE,278,4,23,2,1,14,101534587,3.94,273.8
14530000,Pasco,0.0,6.726,6.726,1500,CR-41/BLANTON RD,74,1,9,0,0,4,25409146,3.936,291.2
08010000,Hernando,1.386,3.642,2.256,17900,CR-576/AYERS RD,140,4,15,2,1,12,101703074,3.933,137.7
15010000,Pinellas,10.191,11.247,1.056,38500,15010102 SB OFF,251,4,11,3,0,2,102392136,3.907,245.1
10000026,Hillsborough,0.0,1.544,1.544,6600,DANA SHORES DR,119,1,0,1,0,0,25664522,3.896,463.7
10075318,Hillsborough,0.0,0.887,0.887,11500,10075324 NB ON,6,1,1,1,0,1,25689959,3.893,23.4
10000045,Hillsborough,1.126,2.405,1.279,8000,DALE MABRY HWY,175,1,5,0,0,3,25769292,3.881,679.1
15110501,Pinellas,0.0,2.0,2.0,15400,58 ST S,458,3,16,0,1,9,77569800,3.867,590.4
10120000,Hillsborough,8.475,17.792,9.317,11031,CR-579,137,10,25,2,8,25,258840920,3.863,52.9
15120000,Pinellas,8.495,9.851,1.356,45500,US-19/SR-55,393,6,17,4,1,10,155386413,3.861,252.9
10120000,Hillsborough,6.07,8.475,2.405,21500,US-301/SR-43,380,5,16,1,1,13,130225339,3.839,291.8
15030000,Pinellas,3.557,4.534,0.977,42500,US-19/SR-55,390,4,25,2,0,16,104574416,3.825,372.9
02550000,Citrus,0.0,3.47,3.47,3000,@ TOP OF BOAT RAMP,71,1,6,0,0,6,26217585,3.814,270.8
14000073,Pasco,0.0,1.26,1.26,8300,CR-77/ROWAN RD,40,1,3,1,0,1,26338473,3.797,151.9
15010000,Pinellas,4.638,5.948,1.31,24000,5 AVE N,409,3,10,0,2,7,79181640,3.789,516.5
14050000,Pasco,0.0,3.067,3.067,24000,HILLSBOROUGH CO LINE,440,7,24,1,6,21,185381748,3.776,237.3
10020000,Hillsborough,8.388,9.682,1.294,24500,SR579/E FLETCHER AVE,177,3,2,0,0,1,79844006,3.757,221.7
15000121,Pinellas,0.0,1.922,1.922,5500,PARK ST N,117,1,2,0,0,2,26623064,3.756,439.5
15090000,Pinellas,4.403,6.857,2.454,34500,N/A,851,8,30,7,0,23,213223766,3.752,399.1
14030000,Pasco,7.71,11.474,3.764,53500,CR-524/RIDGE RD,2052,19,152,12,4,120,507160419,3.746,404.6
10060000,Hillsborough,19.267,22.033,2.766,34500,RIVERVIEW DR,257,9,19,1,5,15,240332900,3.745,106.9
15020000,Pinellas,13.207,13.839,0.632,16800,E TARPON AVE,127,1,1,0,1,1,26740426,3.74,474.9
14580000,Pasco,3.019,5.386,2.367,4500,SR-54,288,1,6,1,0,2,26825803,3.728,1073.6
14140021,Pasco,0.0,0.297,0.297,36000,SR-56,54,1,0,0,1,0,26927802,3.714,200.5
14560000,Pasco,0.0,1.02,1.02,10500,LAND O LAKES BLVD,55,1,3,0,1,3,26973135,3.707,203.9
10140105,Hillsborough,0.0,0.554,0.554,19500,O'BRIEN ST,28,1,2,0,1,0,27207356,3.675,102.9
14120000,Pasco,3.028,9.257,6.229,29500,INDIAN DR,686,17,101,6,9,80,462788227,3.673,148.2
14000117,Pasco,0.0,1.969,1.969,5500,WIRE RD,32,1,3,1,0,3,27274096,3.666,117.3
10550000,Hillsborough,0.0,6.018,6.018,12600,DR MLK JR BLVD,599,7,15,2,3,10,190969796,3.666,313.7
10003000,Hillsborough,10.065,10.766,0.701,15500,N/A,194,1,5,0,1,5,27364762,3.654,708.9
10120000,Hillsborough,0.0,1.69,1.69,19300,TAMIAMI TRL,154,3,14,0,2,12,82145914,3.652,187.5
14030000,Pasco,16.996,19.688,2.692,44500,N/A,392,11,42,1,6,37,301701189,3.646,129.9
15000181,Pinellas,0.0,2.707,2.707,16100,35 AVE N,407,4,19,0,3,14,109763030,3.644,370.8
15000152,Pinellas,0.322,1.36,1.038,10500,4 AVE N,343,1,8,1,0,5,27449132,3.643,1249.6
08060000,Hernando,2.049,6.041,3.992,8200,SR-50/CORTEZ BLVD,69,3,12,0,3,11,82441586,3.639,83.7
10340000,Hillsborough,8.871,10.752,1.881,35000,N/A,496,6,11,3,3,11,165805448,3.619,299.1
15000214,Pinellas,0.0,1.255,1.255,17500,US-19/34 ST N,188,2,11,0,1,8,55312556,3.616,339.9
10150000,Hillsborough,4.849,6.019,1.17,47000,CR-576/MEMORIAL HWY,833,5,30,1,1,18,138492315,3.61,601.5
02010000,Citrus,4.651,5.994,1.343,8200,C480/E STAGE COAC TR,68,1,5,0,0,3,27735233,3.606,245.2
10110000,Hillsborough,11.456,13.487,2.031,38000,S VALRICO RD,766,7,20,4,1,16,194372793,3.601,394.1
15010000,Pinellas,3.765,4.638,0.873,38000,CR-611/49 ST N,247,3,8,1,1,5,83548719,3.591,295.6
14030000,Pasco,0.626,2.511,1.885,82500,CONTINENTAL DR,1551,14,143,8,4,112,391658231,3.575,396.0
14000080,Pasco,0.0,3.891,3.891,20000,CR-579/HANDCART RD,480,7,40,1,5,36,195989670,3.572,244.9
15040000,Pinellas,1.661,1.913,0.252,44500,S HIGHLAND AVE,161,1,3,1,0,1,28242459,3.541,570.1
10110000,Hillsborough,19.498,23.74,4.242,26500,CR-39/JL REDMAN PKWY,237,10,22,1,9,19,283112140,3.532,83.7
10000047,Hillsborough,0.0,3.76,3.76,6000,PHY GORE @ROUNDABOUT,494,2,9,0,1,6,56817360,3.52,869.5
10290000,Hillsborough,6.184,7.829,1.645,20600,10075349 SB ON,202,3,9,0,2,9,85344409,3.515,236.7
10000276,Hillsborough,0.0,1.481,1.481,15300,WATERS AVE,318,2,4,1,0,3,57067447,3.505,557.2
14507000,Pasco,0.0,3.066,3.066,7400,SR-52,178,2,16,0,0,12,57140735,3.5,311.5
10000619,Hillsborough,0.591,1.812,1.221,9400,US-41/SR-599/50 ST,88,1,1,1,0,1,28905832,3.46,304.4
15000307,Pinellas,0.0,0.524,0.524,22000,VIRGINIA ST,70,1,3,0,1,2,29033268,3.444,241.1
10340000,Hillsborough,0.0,0.756,0.756,30500,DALE MABRY HWY,288,2,6,0,2,5,58071573,3.444,495.9
14570000,Pasco,0.0,0.875,0.875,26500,US-19/SR-55,281,2,12,2,0,10,58397719,3.425,481.2
14120000,Pasco,26.634,29.098,2.464,9500,CR-577/CURLEY ST,80,2,3,0,2,3,58953048,3.393,135.7
15120000,Pinellas,4.035,4.545,0.51,46000,113 ST,275,2,2,0,0,1,59084010,3.385,465.4
14580001,Pasco,0.0,1.249,1.249,9400,US-19/SR-55,225,1,4,1,0,3,29568701,3.382,760.9
02000006,Citrus,0.0,5.336,5.336,2200,CR-488/W DUNNELLON R,35,1,4,0,1,4,29565175,3.382,118.4
10040000,Hillsborough,5.17,5.692,0.522,22500,E WATERS AVE,323,1,3,0,0,0,29579783,3.381,1092.0
15007000,Pinellas,1.535,2.283,0.748,31500,BELLEAIR RD,143,2,8,1,0,6,59340897,3.37,241.0
10060000,Hillsborough,0.0,4.491,4.491,21000,MANATEE CO LINE,212,8,29,0,8,27,237522254,3.368,89.3
14000061,Pasco,0.0,8.077,8.077,7300,FIVAY RD,234,5,40,1,2,31,148496049,3.367,157.6
15100000,Pinellas,0.111,1.763,1.652,21500,SR-682/PINELLAS BAYW,290,3,13,3,0,4,89452083,3.354,324.2
14090000,Pasco,25.267,28.651,3.384,7000,LUMBERTON RD,45,2,10,0,2,9,59658228,3.352,75.4
10075354,Hillsborough,0.0,0.718,0.718,16500,RAMP 10075350,40,1,1,0,1,0,29836670,3.352,134.1
14010000,Pasco,11.342,19.811,8.469,9800,SR-52,274,7,28,1,5,25,209025930,3.349,131.1
10020000,Hillsborough,5.887,6.365,0.478,25000,SR-580/E BUSCH BLVD,165,1,2,1,0,0,30096075,3.323,548.2
14120000,Pasco,11.515,12.438,0.923,26000,PIERCE LAKE RD,209,2,4,0,2,3,60438963,3.309,345.8
10000645,Hillsborough,6.042,7.76,1.718,21000,SHELDON RD,223,3,4,0,1,4,90862443,3.302,245.4
14000043,Pasco,0.0,2.005,2.005,12000,MORRIS BRIDGE RD,59,2,6,0,1,5,60595110,3.301,97.4
08000009,Hernando,9.593,11.546,1.953,18500,N/A,168,3,12,2,0,8,90994664,3.297,184.6
10190500,Hillsborough,0.0,3.092,3.092,3900,N PARK RD,71,1,3,0,0,0,30370088,3.293,233.8
15513000,Pinellas,0.0,2.753,2.753,22000,34 ST N,637,5,24,4,0,19,152535471,3.278,417.6
10000033,Hillsborough,0.0,2.079,2.079,11700,WESTSHORE BLVD,362,2,5,0,0,3,61260750,3.265,590.9
02030000,Citrus,5.66,8.055,2.395,25500,W MCKINLEY ST,311,5,20,2,3,11,153811091,3.251,202.2
15030000,Pinellas,0.0,0.789,0.789,46500,SEMINOLE BLVD,385,3,11,1,2,5,92399987,3.247,416.7
14680000,Pasco,0.794,3.124,2.33,10500,HOPE LN,153,2,18,0,2,17,61615102,3.246,248.3
08020000,Hernando,7.259,11.91,4.651,26424,SR-50/CORTEZ BLVD,385,10,67,1,7,58,309518673,3.231,124.4
10210000,Hillsborough,0.0,10.145,10.145,19500,417FT N OF HARNEY RD,398,16,44,2,13,39,498228559,3.211,79.9
15020000,Pinellas,13.839,15.225,1.386,17900,N/A,185,2,12,1,1,9,62482474,3.201,296.1
10000300,Hillsborough,0.48,3.25,2.77,4500,N/A,289,1,5,0,1,1,31393102,3.185,920.6
10040000,Hillsborough,11.166,11.614,0.448,56000,US-41B/SR685/FLA AVE,123,2,3,0,2,3,63184128,3.165,194.7
10000362,Hillsborough,0.0,1.534,1.534,8200,US-41 / SR-45,143,1,4,0,1,3,31679708,3.157,451.4
15045101,Pinellas,0.0,0.764,0.764,16500,SR-60/CHESTNUT ST,308,1,9,0,0,5,31748211,3.15,970.1
10130000,Hillsborough,2.96,3.748,0.788,48000,N/A,216,3,5,1,1,3,95259744,3.149,226.7
02030000,Citrus,13.524,14.648,1.124,22500,N/A,236,2,13,1,1,11,63692865,3.14,370.5
15000089,Pinellas,4.297,5.053,0.756,33500,US19A/SR-595/SEMINOL,111,2,4,0,2,3,63783531,3.136,174.0
10075363,Hillsborough,0.0,1.667,1.667,7600,FOWLER AVE/SR-582,90,1,0,1,0,0,31907380,3.134,282.1
10040000,Hillsborough,12.378,13.393,1.015,50000,DEBUEL RD,201,4,3,1,3,3,127813875,3.13,157.3
15030000,Pinellas,1.548,2.888,1.34,57000,CR-1/STARKEY RD,964,6,28,2,4,16,192363030,3.119,501.1
15020000,Pinellas,7.39,9.309,1.919,20000,CR-752/TAMPA RD,209,3,7,1,0,4,96660030,3.104,216.2
15070000,Pinellas,4.136,5.217,1.081,35500,N/A,351,3,23,0,2,23,96648697,3.104,363.2
10140000,Hillsborough,8.048,9.371,1.323,48500,CR-587/N WESTSHORE B,583,5,16,1,3,14,161600812,3.094,360.8
15507000,Pinellas,0.0,7.425,7.425,17300,TOM STUART CSWY,705,10,38,3,6,28,323507621,3.091,217.9
15030000,Pinellas,8.505,9.3,0.795,48500,N/A,203,3,11,0,1,10,97107064,3.089,209.0
10260000,Hillsborough,0.478,1.083,0.605,42500,SLIGH AVE,157,2,3,0,2,1,64756931,3.088,242.4
08000016,Hernando,0.0,1.671,1.671,7800,US-19/COMMERCIAL WAY,140,1,5,0,1,4,32825625,3.046,426.5
14000039,Pasco,0.0,1.185,1.185,11000,LAND O' LAKES BLVD,39,1,1,0,0,0,32828648,3.046,118.8
10000645,Hillsborough,11.18,11.777,0.597,22000,TARPON SPRINGS RD,51,1,4,0,0,4,33077979,3.023,154.2
10000002,Hillsborough,0.0,4.113,4.113,29000,E HILLSBOROUGH AVE,969,9,21,2,5,14,300399125,2.996,322.6
14000016,Pasco,0.0,3.015,3.015,4400,STRAUBER MEM HWY,193,1,3,0,1,1,33410421,2.993,577.7
02090000,Citrus,0.0,6.184,6.184,8600,S SUNCOAST BLVD,227,4,10,1,1,6,133939874,2.986,169.5
10080000,Hillsborough,0.983,1.736,0.753,35500,S MATANZAS AVE,361,2,9,0,1,3,67323283,2.971,536.2
10030000,Hillsborough,21.501,24.593,3.092,13000,N/A,367,3,17,3,0,9,101233626,2.963,362.5
10000112,Hillsborough,1.548,5.334,3.786,7100,W BUSCH BLVD,177,2,4,0,2,4,67698791,2.954,261.5
10340000,Hillsborough,0.756,1.265,0.509,26500,N MAC DILL AV,334,1,6,1,0,4,33970787,2.944,983.2
15000187,Pinellas,0.0,2.465,2.465,5500,SR-60 / GULF  TO BAY,58,1,1,0,1,0,34144564,2.929,169.9
10340000,Hillsborough,10.752,11.892,1.14,48000,10075338 SB ON,365,4,13,1,2,12,137812320,2.902,264.9
02030000,Citrus,0.0,1.914,1.914,14300,HERNANDO CO LINE,68,2,11,2,0,11,68931849,2.901,98.6
15030000,Pinellas,10.029,10.666,0.637,21500,N/A,179,1,4,1,0,3,34492117,2.899,519.0
15000089,Pinellas,5.053,7.631,2.578,32000,98 ST N,554,6,31,0,6,23,207766176,2.888,266.6
10090000,Hillsborough,4.117,5.113,0.996,41500,LEMON AVE,356,3,10,2,0,5,104099679,2.882,342.0
10000632,Hillsborough,0.0,8.281,8.281,8400,KEYSVILLE RD,298,5,11,1,2,7,175187867,2.854,170.1
10110000,Hillsborough,16.491,19.498,3.007,28000,TURKEY CREEK RD,222,6,10,1,5,10,212047626,2.83,104.7
14130000,Pasco,0.851,1.602,0.751,18700,SR-52/MERIDIAN AVE,75,1,2,1,0,2,35369058,2.827,212.0
10260000,Hillsborough,2.695,3.681,0.986,28500,HARNEY RD,92,2,1,0,1,1,70772369,2.826,130.0
14030020,Pasco,0.0,0.859,0.859,16400,PINELLAS/PASCO CO LN,251,1,20,0,0,14,35479621,2.819,707.4
02010000,Citrus,11.685,12.215,0.53,26700,N/A,105,1,7,0,0,5,35639293,2.806,294.6
08000029,Hernando,0.0,3.683,3.683,27000,MARINER COMMONS,979,7,59,1,4,45,250442158,2.795,390.9
10200000,Hillsborough,4.272,10.934,6.662,19200,KNIGHTS GRIFFIN RD,252,9,25,0,8,22,322142342,2.794,78.2
02030000,Citrus,1.914,5.66,3.746,19029,US-98 / SR-700 /PONC,400,5,33,2,1,25,179525314,2.785,222.8
15150000,Pinellas,29.68,31.275,1.595,80500,N/A,956,9,38,5,2,22,323369104,2.783,295.6
15000079,Pinellas,0.0,2.917,2.917,4900,INDIAN ROCKS RD,146,1,1,0,0,0,35997676,2.778,405.6
15061000,Pinellas,1.764,2.693,0.929,46500,58 ST,471,3,13,1,1,10,108795422,2.757,432.9
15090000,Pinellas,0.895,1.891,0.996,29000,US-19A/SR595/5 AVE N,485,2,16,2,0,13,72744354,2.749,666.7
08000017,Hernando,4.161,7.089,2.928,14800,CR-572/POWELL RD,273,3,9,1,1,7,109137686,2.749,250.1
10060000,Hillsborough,14.269,17.212,2.943,29500,CR-672/BIG BEND RD,359,6,28,1,2,22,218652392,2.744,164.2
10070000,Hillsborough,0.0,2.02,2.02,21500,SR-60,126,3,8,1,1,7,109378455,2.743,115.2
10090000,Hillsborough,5.638,7.738,2.1,20700,S KINGSWAY RD,244,3,4,0,3,3,109479195,2.74,222.9
10160000,Hillsborough,9.162,9.539,0.377,38500,CR-685A/VAN DYKE RD,244,1,4,0,0,4,36554768,2.736,667.5
10000107,Hillsborough,0.957,6.302,5.345,16300,N/A,890,6,29,0,5,23,219420535,2.734,405.6
15060000,Pinellas,0.25,1.884,1.634,17900,9 AVE N,401,2,10,0,1,5,73662599,2.715,544.4
14000116,Pasco,1.023,4.286,3.263,9000,N/A,83,2,10,0,0,9,73960790,2.704,112.2
02000046,Citrus,0.0,6.836,6.836,4300,W MUSTAGE BLVD,74,2,8,0,2,7,74030804,2.702,100.0
10472503,Hillsborough,0.0,1.313,1.313,11200,22ND ST,12,1,0,0,1,0,37036054,2.7,32.4
10340000,Hillsborough,7.285,8.084,0.799,37000,10190085 WB ON,219,2,12,1,1,10,74454415,2.686,294.1
10150000,Hillsborough,10.814,12.345,1.531,58000,N ARMENIA AVE,1038,6,12,2,2,7,223637763,2.683,464.1
10130000,Hillsborough,5.0,6.796,1.796,33000,SR-573/DALE MABRY HW,651,4,10,2,1,3,149266458,2.68,436.1
14120000,Pasco,21.393,23.381,1.988,30000,BELLAMY BROTHERS BLV,215,4,20,0,3,19,150203340,2.663,143.1
08520000,Hernando,0.0,9.267,9.267,9700,PASCO CO LINE(PIPES),303,6,26,1,4,22,226387713,2.65,133.8
10150000,Hillsborough,9.484,10.814,1.33,68000,N/A,1305,6,18,5,1,7,227773140,2.634,572.9
15045000,Pinellas,0.606,1.402,0.796,19000,SR-60 WB/COURT ST,361,1,12,0,1,9,38089794,2.625,947.8
02030000,Citrus,9.83,12.251,2.421,25000,W LONGFELLOW ST,241,4,19,0,0,11,152432212,2.624,158.1
14610000,Pasco,1.004,2.626,1.622,28000,SR-56,254,3,14,3,0,13,114380196,2.623,222.1
15004501,Pinellas,0.0,6.154,6.154,32000,SR-688/ULMERTON RD,1081,13,48,2,6,39,495963168,2.621,218.0
10000112,Hillsborough,0.0,1.548,1.548,9800,W SLIGH AVE,156,1,1,0,1,0,38206652,2.617,408.3
10030000,Hillsborough,1.002,2.267,1.265,48000,N/A,1168,4,24,4,0,16,152923320,2.616,763.8
14000071,Pasco,0.0,2.68,2.68,5700,US-19,189,1,23,0,0,21,38472606,2.599,491.3
08507000,Hernando,0.0,9.283,9.283,3300,US-41/SR-45/BROAD ST,68,2,8,0,2,7,77151477,2.592,88.1
10240000,Hillsborough,1.771,2.884,1.113,13800,E SLIGH AVE,149,1,6,1,0,5,38682649,2.585,385.2
10000272,Hillsborough,0.0,0.732,0.732,42000,SMITTER RD,73,2,5,0,1,4,77428764,2.583,94.3
10003100,Hillsborough,0.431,1.344,0.913,16900,BRANDON PKWY,57,1,4,0,1,3,38859699,2.573,146.7
15010000,Pinellas,16.559,17.066,0.507,30500,N/A,181,1,10,1,0,5,38944825,2.568,464.8
10340000,Hillsborough,4.31,5.578,1.268,24500,SR-585/N 22 ST,443,2,8,0,2,6,78239721,2.556,566.2
10130000,Hillsborough,4.259,5.0,0.741,42000,MANHATTAN AVE,491,2,7,1,1,5,78380757,2.552,626.4
10060000,Hillsborough,4.491,7.603,3.112,25000,COCKROACH BAY RD,339,5,32,0,4,28,195939300,2.552,173.0
02580000,Citrus,0.0,7.115,7.115,4400,N FLORIDA AVE,89,2,5,0,2,2,78844161,2.537,112.9
10000067,Hillsborough,0.0,3.262,3.262,4800,LUMSDEN RD,108,1,0,0,1,0,39433666,2.536,273.9
15070000,Pinellas,5.217,6.153,0.936,33500,N/A,157,2,4,0,1,3,78970086,2.533,198.8
10340000,Hillsborough,1.265,2.653,1.388,34000,N ARMENIA AVE,691,3,17,1,1,11,118853052,2.524,581.4
15000308,Pinellas,0.267,5.525,5.258,9000,18 AVE S,716,3,32,3,0,19,119180457,2.517,600.8
10000049,Hillsborough,0.602,2.524,1.922,16500,W NASSAU ST,315,2,8,1,0,5,79869191,2.504,394.4
10130000,Hillsborough,8.521,9.137,0.616,51500,SR-60/W KENNEDY BLVD,486,2,7,2,0,4,79896894,2.503,608.3
15008500,Pinellas,0.0,4.122,4.122,15400,S FT HARRISON AVE,651,4,23,2,1,17,159871358,2.502,407.2
15007000,Pinellas,3.041,3.785,0.744,43000,S MISSOURI AVE,295,2,11,2,0,8,80571852,2.482,366.1
15530000,Pinellas,2.195,4.517,2.322,34500,73 AVE,1141,5,37,2,1,24,201754517,2.478,565.5
14090000,Pasco,12.313,16.075,3.762,30000,N/A,579,7,50,1,6,48,284237910,2.463,203.7
14090000,Pasco,22.458,25.267,2.809,11500,16 ST,156,2,20,2,0,19,81356365,2.458,191.7
15035000,Pinellas,3.694,4.192,0.498,32500,15035005 WB OFF,3,1,0,0,1,0,40761923,2.453,7.4
10360000,Hillsborough,0.0,0.282,0.282,57500,US-41B/SR-685/N FLOR,287,1,8,1,0,4,40837477,2.449,702.8
10120000,Hillsborough,2.774,5.042,2.268,43000,10075003 SB ON,716,6,25,1,4,24,245614194,2.443,291.5
15030000,Pinellas,8.098,8.505,0.407,40000,15030055 NB OFF,115,1,13,0,1,13,41001180,2.439,280.5
14030000,Pasco,2.511,3.028,0.517,63000,MOOG RD,389,2,27,2,0,23,82030063,2.438,474.2
10000196,Hillsborough,0.0,1.448,1.448,11300,SEVERN AVE,19,1,0,0,1,0,41208704,2.427,46.1
15000151,Pinellas,0.897,2.388,1.491,11000,9 AVE S,448,1,12,0,1,9,41305918,2.421,1084.6
08090000,Hernando,0.0,3.108,3.108,5300,PONCE DE LEON BLVD,47,1,6,0,1,6,41485739,2.41,113.3
10110000,Hillsborough,0.0,1.2,1.2,27500,N 22 ST,260,2,2,2,0,1,83110500,2.406,312.8
08000008,Hernando,0.0,4.825,4.825,27500,SPRINGHILL DR,1174,8,57,2,2,48,334173469,2.394,351.3
10040000,Hillsborough,13.393,15.446,2.053,40500,CR-583A/SUNSET LN,226,5,15,0,3,14,209404460,2.388,107.9
10030000,Hillsborough,16.9,18.061,1.161,14378,N/A,87,1,1,0,1,0,42040963,2.379,206.9
15000089,Pinellas,1.013,4.297,3.284,5100,102 AVE N,230,1,2,0,1,1,42180845,2.371,545.3
14000100,Pasco,0.0,2.249,2.249,14900,SR-54,159,2,12,1,1,12,84395187,2.37,188.4
10010000,Hillsborough,16.7,18.495,1.795,56000,RIVERVIEW DR,652,6,34,0,1,27,253159620,2.37,257.5
15040000,Pinellas,4.44,5.732,1.292,52000,SR-55/US-19,940,4,44,2,1,39,169202904,2.364,555.5
15000107,Pinellas,0.0,4.546,4.546,18500,PARK ST,904,5,46,2,1,35,211808368,2.361,426.8
10000600,Hillsborough,0.0,1.621,1.621,10400,43 ST,184,1,3,1,0,3,42457880,2.355,433.4
10770000,Hillsborough,0.0,4.771,4.771,42500,SHELDON ROAD,2131,12,45,6,5,24,510669949,2.35,417.3
08000050,Hernando,5.383,9.951,4.568,18500,OLD SHADY HILLS RD,474,5,46,1,3,36,212833398,2.349,222.7
10509000,Hillsborough,0.0,5.763,5.763,8800,N DOVER RD,184,3,9,0,3,7,127724216,2.349,144.1
10526000,Hillsborough,0.044,4.678,4.634,7300,HAKSTONE TRAIL BLVD,95,2,7,0,2,2,85196322,2.348,111.5
15240000,Pinellas,1.56,1.842,0.282,60000,I-275/SR-93 SB,212,1,12,0,0,11,42613020,2.347,497.5
10090000,Hillsborough,12.409,14.111,1.702,10000,CR-574B / TURKEY CRE,148,1,2,0,1,2,42864870,2.333,345.3
15000017,Pinellas,0.0,2.011,2.011,17000,PALM HARBOR BLVD,213,2,10,0,1,6,86099960,2.323,247.4
15000180,Pinellas,0.0,4.086,4.086,21000,HAINES RD N,593,5,33,1,3,23,216102411,2.314,274.4
15090000,Pinellas,2.903,4.403,1.5,34500,N/A,602,3,20,1,1,15,130332375,2.302,461.9
02010000,Citrus,16.531,18.1,1.569,22000,N INDEPENDENCE HWY,245,2,15,2,0,10,86933583,2.301,281.8
10110000,Hillsborough,13.487,16.491,3.004,34500,S DOVER RD,300,6,12,0,2,9,261012303,2.299,114.9
10075325,Hillsborough,0.511,1.792,1.281,27000,N/A,38,2,3,0,1,3,87107360,2.296,43.6
10533000,Hillsborough,0.0,3.459,3.459,15000,SR-60,327,3,2,2,1,2,130672372,2.296,250.2
10160000,Hillsborough,0.0,1.035,1.035,67000,BEG OF BR100014,523,4,9,2,0,7,174645382,2.29,299.5
15020000,Pinellas,3.206,5.082,1.876,18500,BROADWAY,151,2,7,1,0,4,87407061,2.288,172.8
08040000,Hernando,3.877,5.089,1.212,43000,CR-587/MARINER BLVD,840,3,44,0,1,36,131254146,2.286,640.0
14050000,Pasco,14.976,16.633,1.657,21000,DADE CITY BUSINESS,199,2,22,0,1,16,87636244,2.282,227.1
10504000,Hillsborough,3.598,5.481,1.883,37000,N NEBRASKA AVE,605,4,12,3,0,7,175466414,2.28,344.8
14070001,Pasco,14.989,19.849,4.86,7200,FRAZEE HILL RD,92,2,15,0,2,14,88127352,2.269,104.4
15000084,Pinellas,0.0,1.738,1.738,10100,SR-688 / WALSSINGHAM,137,1,2,0,1,2,44209245,2.262,309.9
08510000,Hernando,1.001,8.717,7.716,4600,CR-484/FT DADE AVE,98,2,14,1,1,12,89390632,2.237,109.6
10515000,Hillsborough,0.0,1.644,1.644,10800,SR-574/MLK JR BLVD,92,1,2,1,0,1,44716471,2.236,205.7
10330000,Hillsborough,0.911,1.901,0.99,36000,SR-574/MLK JR BLVD,295,2,15,1,0,13,89759340,2.228,328.7
15090000,Pinellas,7.645,9.992,2.347,46082,DERBY LANE ENTR,386,6,24,3,1,13,272386992,2.203,141.7
15502500,Pinellas,0.0,3.794,3.794,28500,CR-694 / PARK BLVD,731,6,40,3,1,27,272322886,2.203,268.4
15000254,Pinellas,0.0,1.473,1.473,24500,CENTRAL AVE,447,2,15,0,2,11,90888887,2.2,491.8
15140000,Pinellas,0.0,2.191,2.191,16500,150 AVE,142,2,7,1,0,1,91047553,2.197,156.0
02590000,Citrus,0.0,6.964,6.964,2600,433FT FR TRACHEL CT,93,1,14,0,1,4,45600968,2.193,203.9
10000218,Hillsborough,0.0,2.02,2.02,9000,LAKEWOOD DR,106,1,4,0,1,3,45786330,2.184,231.5
15000272,Pinellas,0.0,2.937,2.937,6200,SR-590/PHILIPPE PKWY,235,1,14,0,0,14,45860374,2.181,512.4
10260000,Hillsborough,1.083,2.695,1.612,34000,MAPLE LN,228,3,3,1,1,2,138033948,2.173,165.2
15000264,Pinellas,0.0,6.78,6.78,13500,54 AVE N,1043,5,39,1,1,23,230518305,2.169,452.5
15061000,Pinellas,5.947,6.946,0.999,37000,CR-346/126 AVE N,341,2,7,1,0,3,93091315,2.148,366.3
15010000,Pinellas,1.755,2.51,0.755,24500,25 ST N,305,1,11,0,0,1,46585954,2.147,654.7
14571000,Pasco,2.945,3.282,0.337,55000,CROSSINGS BLVD,248,1,16,0,0,12,46680398,2.142,531.3
10110000,Hillsborough,9.439,9.706,0.267,69500,S PARSONS AVE,213,1,7,0,1,6,46734545,2.14,455.8
14580000,Pasco,0.0,3.019,3.019,12300,US-19,447,2,34,0,0,20,93521223,2.139,478.0
10822000,Hillsborough,0.265,6.216,5.951,12500,BMP BR 100026,159,4,8,0,4,7,187344919,2.135,84.9
15000260,Pinellas,0.0,1.757,1.757,42500,CR-611/49 ST N,388,4,6,2,0,6,188062691,2.127,206.3
10000036,Hillsborough,0.0,2.256,2.256,8300,S WEST SHORE BLVD,244,1,4,0,0,1,47158409,2.121,517.4
10000014,Hillsborough,0.0,1.542,1.542,12200,PAUL BUCHMAN HWY,22,1,1,1,0,1,47379029,2.111,46.4
15000182,Pinellas,0.0,1.377,1.377,27500,77 AV N,300,2,9,0,1,5,95369299,2.097,314.6
08050000,Hernando,0.0,6.117,6.117,6200,DAN BROWN HILL RD,222,2,12,1,0,8,95515120,2.094,232.4
15030000,Pinellas,0.789,1.548,0.759,50000,SE HIGHLAND AVE,294,2,8,2,0,4,95577075,2.093,307.6
08000010,Hernando,0.0,5.307,5.307,17900,SPRING HILL DR,673,5,39,0,2,26,239245663,2.09,281.3
02070000,Citrus,0.0,11.893,11.893,11200,N SUNCOAST BLVD,293,7,38,1,4,31,335468230,2.087,87.3
10523000,Hillsborough,0.0,4.525,4.525,12700,US-41/SR-45,496,3,26,0,1,23,144731899,2.073,342.7
10535000,Hillsborough,0.0,1.57,1.57,24500,CR-574 / E BROADWAY,194,2,6,2,0,6,96874102,2.065,200.3
10040000,Hillsborough,11.614,12.378,0.764,50500,WHITAKER RD,84,2,6,0,2,6,97168767,2.058,86.4
15180500,Pinellas,0.0,2.327,2.327,16600,GULF BLVD,330,2,8,0,0,7,97285122,2.056,339.2
15000409,Pinellas,0.0,4.304,4.304,9000,CR-1/PARK ST,263,2,17,0,1,12,97556616,2.05,269.6
10250000,Hillsborough,3.189,5.374,2.185,35500,N/A,152,4,6,1,0,4,195353749,2.048,77.8
14000070,Pasco,0.0,3.102,3.102,44000,VILLA ENTRADA,572,7,44,3,2,37,343745028,2.036,166.4
02030000,Citrus,8.055,9.83,1.775,22000,GROVER CLEVELAND B,290,2,18,1,0,13,98347425,2.034,294.9
02050000,Citrus,0.0,2.378,2.378,33000,SUNCOAST BLVD,459,4,18,3,0,10,197636769,2.024,232.2
15150000,Pinellas,24.58,25.839,1.259,78000,N/A,1001,5,35,1,4,32,247321737,2.022,404.7
15000164,Pinellas,0.0,1.968,1.968,10000,COFFEE POT BLVD NE,46,1,2,0,0,1,49564080,2.018,92.8
10110000,Hillsborough,4.099,5.048,0.949,41500,CR-573,307,2,8,0,1,4,99187345,2.016,309.5
14570101,Pasco,0.0,0.386,0.386,51500,SPRING HAVEN BLVD,334,1,18,1,0,15,50065262,1.997,667.1
08020000,Hernando,11.91,13.975,2.065,19300,HEXAM RD,139,2,10,0,2,7,100373558,1.993,138.5
14010000,Pasco,1.427,3.919,2.492,48000,SPUR,802,6,39,4,1,30,301252896,1.992,266.2
10180000,Hillsborough,0.376,1.826,1.45,27500,INTERBAY BLVD,488,2,13,1,0,8,100425188,1.992,485.9
10525503,Hillsborough,0.0,2.023,2.023,19800,SR-580 / W HILLSBORO,539,2,15,1,0,10,100879525,1.983,534.3
14091000,Pasco,10.613,13.609,2.996,13400,N/A,56,2,12,0,2,8,101108708,1.978,55.4
15200001,Pinellas,1.424,2.97,1.546,26000,SR679/PINELLAS BAYWA,162,2,6,0,2,6,101233626,1.976,160.0
10000009,Hillsborough,0.0,3.795,3.795,16000,BMP UP# 100420,130,3,11,0,3,10,152923320,1.962,85.0
15000064,Pinellas,0.0,3.376,3.376,6000,BELLEAIR RD,251,1,9,0,0,5,51014736,1.96,492.0
10000270,Hillsborough,0.0,4.898,4.898,29000,SHELDON RD,842,7,20,1,5,17,357732777,1.957,235.4
15009000,Pinellas,1.296,2.063,0.767,26500,CR-1,109,1,4,0,1,1,51189772,1.954,212.9
15230000,Pinellas,1.129,2.171,1.042,39000,N/A,611,2,11,0,0,5,102346803,1.954,597.0
14000009,Pasco,0.0,3.075,3.075,6700,EAST RD,74,1,9,0,0,6,51887396,1.927,142.6
15020000,Pinellas,1.126,2.59,1.464,14100,US-19A/N MYRTLE AVE,84,1,2,1,0,0,51987884,1.924,161.6
10020000,Hillsborough,9.682,11.211,1.529,27000,SR-678/E BEARSS AVE,113,2,2,0,2,1,103971236,1.924,108.7
10010000,Hillsborough,18.829,20.141,1.312,63000,10075323 NB ON,245,4,15,1,2,11,208169136,1.922,117.7
15240000,Pinellas,0.0,0.66,0.66,63000,WEST END BR# 150125,373,2,7,2,0,5,104719230,1.91,356.2
10120000,Hillsborough,1.69,2.774,1.084,38500,21 ST SE,419,2,20,1,0,14,105107079,1.903,398.6
10160000,Hillsborough,6.818,9.162,2.344,44500,HOEDT RD,716,5,20,1,2,11,262699698,1.903,272.6
10000604,Hillsborough,0.0,0.664,0.664,31500,ANCHOR PLAZA PKWY,122,1,3,0,1,3,52676946,1.898,231.6
10000221,Hillsborough,0.0,1.5,1.5,14000,FALKENBURG RD,131,1,4,1,0,4,52888500,1.891,247.7
15120000,Pinellas,10.169,10.566,0.397,53000,N/A,110,1,1,1,0,1,52991759,1.887,207.6
10130000,Hillsborough,11.05,12.024,0.974,65000,SR-574/DR MLK BLVD,453,3,7,0,3,3,159446235,1.882,284.1
08000005,Hernando,0.0,2.856,2.856,7400,ANDERSON SNOW BLVD,73,1,8,0,1,5,53226986,1.879,137.1
08080000,Hernando,8.121,11.98,3.859,5500,N/A,95,1,19,0,1,18,53453903,1.871,177.7
15000033,Pinellas,1.046,2.982,1.936,11000,ERIN LN,97,1,2,0,0,2,53633976,1.864,180.9
02050000,Citrus,3.443,6.811,3.368,19000,N ROCK CRUSHER RD,185,3,24,1,1,21,161163852,1.861,114.8
02050000,Citrus,15.906,16.668,0.762,28000,C581/S PLEASNT GR RD,306,1,3,0,0,3,53734716,1.861,569.5
10790000,Hillsborough,0.0,1.895,1.895,11300,INTERBAY BLVD,246,1,12,0,1,5,53929900,1.854,456.1
02000025,Citrus,0.0,2.412,2.412,8900,W GULF TO LAKE HWY,96,1,2,0,0,1,54064136,1.85,177.6
15061000,Pinellas,0.942,1.764,0.822,52500,N/A,545,2,13,1,0,8,108685868,1.84,501.4
10250000,Hillsborough,1.153,3.189,2.036,21500,CR-573/S 78 ST,321,2,7,0,1,6,110244819,1.814,291.2
10000350,Hillsborough,1.092,3.396,2.304,19000,W AZEELE ST,848,2,6,0,2,4,110249856,1.814,769.2
14570000,Pasco,5.137,8.115,2.978,51500,N/A,747,7,68,0,6,60,386254790,1.812,193.4
14501000,Pasco,1.381,6.363,4.982,4400,ANCLOTE GULF PARK,133,1,9,0,0,4,55207535,1.811,240.9
14000087,Pasco,0.0,9.005,9.005,44000,KING HELIE BLVD,1832,18,163,4,7,127,997880070,1.804,183.6
10821000,Hillsborough,0.499,4.007,3.508,44000,N NEBRASKA AVE,1741,7,26,2,4,8,388735512,1.801,447.9
08010000,Hernando,8.142,8.975,0.833,26500,SR-50/CORTEZ BLVD,285,1,11,0,1,9,55594628,1.799,512.6
10000005,Hillsborough,0.0,5.904,5.904,7500,BALM RD,282,2,37,0,1,35,111519180,1.793,252.9
10030000,Hillsborough,3.522,4.057,0.535,41500,SR-583/N 56 ST,285,1,10,0,1,9,55916996,1.788,509.7
15030000,Pinellas,9.3,10.029,0.729,30500,I-275/SR-93 SB,107,1,1,0,0,1,55997588,1.786,191.1
10000365,Hillsborough,0.0,1.569,1.569,14200,LAKEWOOD DR,167,1,4,0,1,4,56111676,1.782,297.6
10670000,Hillsborough,0.0,5.488,5.488,28500,W HILLSBOROUGH AVE,1661,7,22,3,2,16,393913548,1.777,421.7
10504000,Hillsborough,0.0,0.494,0.494,45500,DALE MABRY HWY,274,1,5,0,1,2,56608324,1.767,484.0
10590000,Hillsborough,0.0,3.809,3.809,47500,SR-580 / E BUSCH BLV,1883,8,26,3,3,12,455665909,1.756,413.2
10140000,Hillsborough,7.58,8.048,0.468,48500,OBRIEN ST,153,1,1,1,0,1,57164913,1.749,267.6
10000146,Hillsborough,0.0,5.942,5.942,34500,US-301,1518,9,60,3,4,48,516289982,1.743,294.0
08020000,Hernando,1.087,4.76,3.673,43500,HUNTERS LAKE RD,1032,7,79,1,4,63,402394597,1.74,256.5
10080001,Hillsborough,5.488,9.803,4.315,5300,N 22 ST,793,1,18,1,0,13,57596836,1.736,1376.8
15080500,Pinellas,0.0,4.712,4.712,19500,CR-1/OMAHA ST,1075,4,39,2,1,36,231409854,1.729,464.5
15000114,Pinellas,0.0,4.719,4.719,14900,CENTRAL AVE,460,3,13,0,2,10,177083542,1.694,259.8
15010000,Pinellas,6.068,7.657,1.589,29500,SR-693/66 ST N,423,2,18,0,2,14,118055947,1.694,358.3
14000054,Pasco,0.0,2.113,2.113,11100,US-19,319,1,28,0,1,22,59069655,1.693,540.0
10528000,Hillsborough,0.0,4.102,4.102,17200,EHRLICH RD,145,3,3,0,2,3,177691256,1.688,81.6
15010000,Pinellas,11.247,13.518,2.271,41500,66 AVE N,592,4,15,1,2,5,237359810,1.685,249.4
08470000,Hernando,0.0,3.46,3.46,27300,PASCO COUNTY LINE,79,4,14,0,4,12,237892473,1.681,33.2
10290000,Hillsborough,4.019,6.184,2.165,65500,SR-583/N 56 ST,771,6,31,2,1,27,357142189,1.68,215.9
14070001,Pasco,19.849,21.824,1.975,12100,FROM RAMP 14140013,64,1,6,0,0,4,60185854,1.662,106.3
14040000,Pasco,0.0,0.84,0.84,28500,COUNTY LINE RD,120,1,4,0,0,4,60292890,1.659,199.0
15509000,Pinellas,0.0,2.519,2.519,19000,34 ST S,597,2,17,1,1,14,120537928,1.659,495.3
10010000,Hillsborough,22.51,24.058,1.548,46500,SR-60/ADAMO DR E,308,3,6,0,2,4,181286667,1.655,169.9
14000076,Pasco,0.0,6.613,6.613,18200,SR-52,380,5,33,1,2,28,303118097,1.65,125.4
02050000,Citrus,17.626,21.762,4.136,35000,US41/SR45/44/S US 41,220,6,20,1,4,15,364578060,1.646,60.3
15010000,Pinellas,17.066,21.212,4.146,17500,SR-686/EAST BAY DR,782,3,21,1,2,12,182729768,1.642,428.0
15150000,Pinellas,25.839,27.662,1.823,93000,N/A,1510,7,64,1,2,52,426983972,1.639,353.6
08508000,Hernando,0.0,5.292,5.292,4600,COMMERCIAL WAY,63,1,4,0,1,2,61308349,1.631,102.8
10000090,Hillsborough,0.0,3.753,3.753,26000,US-92 / SR-600 / DAL,1443,4,23,1,1,14,245750193,1.628,587.2
10000645,Hillsborough,2.693,6.042,3.349,36500,TRANQUILITY OAKS DR,706,5,14,2,1,11,307857662,1.624,229.3
14000114,Pasco,0.0,7.845,7.845,25000,BROAD ST,514,8,49,1,4,38,493940812,1.62,104.1
15150000,Pinellas,9.23,11.096,1.866,79000,N/A,1544,6,47,1,2,26,371262159,1.616,415.9
10780000,Hillsborough,0.0,5.522,5.522,8900,S CR-39,108,2,14,0,1,13,123773697,1.616,87.3
14090000,Pasco,1.786,3.631,1.845,80000,COLLIER PKWY,601,6,36,1,2,30,371730600,1.614,161.7
14010000,Pasco,4.976,6.653,1.677,44000,CR-583/EHREN CUTOFF,247,3,14,0,2,11,185835078,1.614,132.9
15150098,Pinellas,0.0,6.746,6.746,11000,US-19/SR-55,982,3,10,0,2,8,186887811,1.605,525.4
08000043,Hernando,0.0,6.356,6.356,7800,COUNTY LINE RD,326,2,15,1,1,12,124859171,1.602,261.1
14120000,Pasco,9.257,11.515,2.258,33000,14470012 SB ON,426,3,36,0,3,31,187663509,1.599,227.0
10340000,Hillsborough,3.317,4.31,0.993,25000,SR-45/N NEBRASKA AVE,374,1,8,1,0,5,62521762,1.599,598.2
15100000,Pinellas,2.202,4.023,1.821,13700,69 AVE,248,1,13,1,0,5,62830782,1.592,394.7
14570000,Pasco,4.344,4.913,0.569,44000,N/A,56,1,2,1,0,2,63053166,1.586,88.8
10030102,Hillsborough,0.0,0.964,0.964,26000,ORIENT RD,92,1,2,0,0,0,63123684,1.584,145.7
10002000,Hillsborough,5.111,5.5,0.389,65000,Bridge No-100332,41,1,2,0,1,2,63680273,1.57,64.4
15000044,Pinellas,0.0,2.544,2.544,10000,GULF TO BAY BLVD,154,1,5,0,0,3,64070640,1.561,240.4
10130000,Hillsborough,9.137,10.033,0.896,57000,N/A,1008,2,7,0,1,4,128624832,1.555,783.7
14610000,Pasco,0.0,1.004,1.004,51000,COUNTY LINE RD,361,2,27,2,0,25,128957274,1.551,279.9
02050000,Citrus,11.514,13.564,2.05,37500,S TRAIL 13,411,3,12,0,2,11,193609688,1.55,212.3
14572000,Pasco,0.422,1.774,1.352,57000,TRINITY BLVD,350,3,20,0,1,18,194085684,1.546,180.3
10180500,Hillsborough,0.0,4.506,4.506,5700,S HOADLEY ST,288,1,5,0,0,3,64685658,1.546,445.2
15140501,Pinellas,0.0,3.12,3.12,16500,BELLEAIR BEACH CSWY,165,2,9,1,1,3,129652380,1.543,127.3
14090000,Pasco,9.312,11.635,2.323,55500,SR-581,752,5,53,0,1,46,324701390,1.54,231.6
10700000,Hillsborough,5.117,12.971,7.854,9900,CR-587/GUNN HWY,332,3,4,1,1,3,195824960,1.532,169.5
15150000,Pinellas,8.843,9.23,0.387,67000,CR-691/HAINES RD,664,1,15,0,0,5,65302187,1.531,1016.8
02505000,Citrus,0.0,10.803,10.803,19400,W GULF TO LAKE HWY,793,8,49,1,3,40,527822697,1.516,150.2
15120000,Pinellas,4.545,6.053,1.508,69500,US-19A / SR-595,781,4,23,1,1,14,263953911,1.515,295.9
10075000,Hillsborough,21.665,22.862,1.197,109500,N/A,428,5,9,0,4,8,330103573,1.515,129.7
15002000,Pinellas,0.049,0.705,0.656,40000,N/A,25,1,1,0,1,0,66085440,1.513,37.8
10190007,Hillsborough,0.0,0.317,0.317,83000,I-275/SR-93 NB,64,1,0,0,0,0,66264254,1.509,96.6
08020000,Hernando,13.975,19.514,5.539,14300,CR-476/CENTRALIA RD,161,3,36,0,2,32,199484592,1.504,80.7
10310000,Hillsborough,4.847,5.461,0.614,43000,CR-581 / N 30 ST,373,1,7,1,0,5,66493437,1.504,561.0
10000150,Hillsborough,0.0,2.4,2.4,11000,RIVERVIEW DR,56,1,0,0,1,0,66488400,1.504,84.2
14070000,Pasco,5.35,8.183,2.833,9400,14070015 SB OFF,35,1,9,0,0,9,67068159,1.491,52.2
15150000,Pinellas,22.551,24.58,2.029,105000,Bridge No-150209,1252,8,82,2,5,67,536553832,1.491,233.3
10075000,Hillsborough,20.081,21.665,1.584,118500,Bridge No-100486,697,7,11,1,6,11,472732524,1.481,147.4
10530000,Hillsborough,0.0,20.553,20.553,13100,MANATEE COUNTY LINE,363,10,32,1,8,26,678091770,1.475,53.5
15120000,Pinellas,11.472,12.913,1.441,37500,15030056 SB ON,301,2,20,1,1,17,136093444,1.47,221.2
14560000,Pasco,1.02,6.651,5.631,4800,PARKWAY BLVD,109,1,14,0,0,8,68072033,1.469,160.1
10010000,Hillsborough,24.816,25.614,0.798,34000,E DR MLK JR BLVD,201,1,6,0,0,5,68331942,1.463,294.2
10010000,Hillsborough,25.614,26.253,0.639,42500,10190099 EB ON,185,1,7,1,0,7,68396164,1.462,270.5
15150200,Pinellas,0.027,4.987,4.96,11000,DONOVAN'S PARK,537,2,10,1,0,7,137409360,1.456,390.8
10000363,Hillsborough,0.0,3.56,3.56,23000,W TAMPA BAY BLVD,1594,3,22,0,2,15,206214780,1.455,773.0
02050000,Citrus,13.564,15.906,2.342,35000,S CROFT AVE,664,3,28,0,1,23,206441445,1.453,321.6
14590000,Pasco,0.0,1.461,1.461,18700,LUMINARIA LN,154,1,8,0,1,6,68807183,1.453,223.8
10110000,Hillsborough,9.706,11.456,1.75,62500,CR-640/LITHIA PC RD,1113,4,23,1,1,14,275460938,1.452,404.1
14510000,Pasco,0.0,2.248,2.248,12300,HILLSBOROUGH CO LINE,193,1,26,0,1,23,69637532,1.436,277.1
10190000,Hillsborough,12.858,13.947,1.089,127000,Bridge No-100588,394,5,8,2,1,5,348316105,1.435,113.1
15000445,Pinellas,0.0,4.141,4.141,6700,SR-584/TAMPA RD,22,1,2,0,1,2,69875027,1.431,31.5
10330000,Hillsborough,4.654,6.169,1.515,37000,N/A,607,2,25,0,0,18,141174517,1.417,430.0
15150000,Pinellas,0.867,1.874,1.007,28000,SR-682/54 AVE S,439,1,5,1,0,3,71011626,1.408,618.2
10620000,Hillsborough,0.0,12.71,12.71,8900,E SIDE BRIDGE 104803,361,4,14,2,2,9,284890202,1.404,126.7
10525000,Hillsborough,0.0,4.2,4.2,40500,US-301/SR-43,1593,6,65,0,3,56,428396850,1.401,371.9
02050000,Citrus,7.31,11.514,4.204,27000,CR-491/S LECANTO HWY,288,4,23,1,1,21,285869898,1.399,100.7
14120000,Pasco,23.381,26.634,3.253,35000,14140005 SB ON,558,4,40,0,3,37,286743818,1.395,194.6
15150000,Pinellas,1.874,2.879,1.005,28500,38 AVE S,415,1,11,0,1,8,72136136,1.386,575.3
15200001,Pinellas,0.0,1.424,1.424,20200,GULF BLVD,79,1,5,0,1,5,72444149,1.38,109.0
14571000,Pasco,0.0,2.945,2.945,49000,CR-587/GUNN HWY,551,5,32,0,4,30,363432142,1.376,151.6
02520000,Citrus,2.366,11.897,9.531,9100,N/A,174,3,13,0,3,11,218434794,1.373,79.7
10000374,Hillsborough,0.811,3.258,2.447,11900,COUNTRYWAY BLVD,209,1,8,1,0,5,73336957,1.364,285.0
08010000,Hernando,4.498,7.678,3.18,27500,CR-572/POWELL RD,239,3,24,0,3,20,220242825,1.362,108.5
14090000,Pasco,4.641,9.312,4.671,25000,N/A,1093,4,61,2,1,52,294097837,1.36,371.6
02100000,Citrus,0.0,3.382,3.382,8700,UNSIGNED,45,1,5,0,1,4,74102833,1.349,60.7
10000366,Hillsborough,0.0,2.265,2.265,13000,W TAMPA BAY BLVD,789,1,6,1,0,2,74157232,1.348,1064.0
15150000,Pinellas,31.275,33.146,1.871,63000,N/A,862,4,22,2,0,17,296863151,1.347,290.4
10000129,Hillsborough,0.0,2.746,2.746,21500,N FLORIDA AVE,474,2,6,1,1,3,148689722,1.345,318.8
02000012,Citrus,0.0,3.573,3.573,8300,E ANNA JO DR,140,1,2,1,0,1,74688384,1.339,187.4
10320000,Hillsborough,0.171,0.472,0.301,99000,10190007 EB ON,204,1,2,0,1,2,75048781,1.332,271.8
02000045,Citrus,0.0,5.857,5.857,5100,N CITRUS AVE,56,1,2,1,0,0,75229358,1.329,74.4
10040000,Hillsborough,9.493,11.166,1.673,36000,CR-678/BEARSS AVE,418,2,9,1,1,5,151684218,1.319,275.6
10060000,Hillsborough,12.516,14.269,1.753,34500,PASEO AL MAR BLVD,200,2,8,0,1,7,152315102,1.313,131.3
15000008,Pinellas,0.0,2.531,2.531,12000,CURLEW PL,122,1,7,1,0,5,76491882,1.307,159.5
02080000,Citrus,0.0,25.621,25.621,17800,W HONEYBEE LN,1498,15,79,1,12,64,1148571495,1.306,130.4
14140000,Pasco,0.242,1.358,1.116,137000,I-75 NB,234,5,28,1,2,26,385058502,1.299,60.8
14000042,Pasco,0.0,2.55,2.55,12000,VOORHEES RD,182,1,12,0,0,9,77066100,1.298,236.2
10005000,Hillsborough,1.837,2.845,1.008,30500,SR-574 / E MLK JR BL,437,1,6,1,0,3,77428764,1.292,564.4
10000020,Hillsborough,1.534,9.624,8.09,30500,LINEBAUGH AVE,345,8,15,0,2,7,621427282,1.287,55.5
08505000,Hernando,0.0,6.805,6.805,18200,SR-50/CORTEZ BLVD,283,4,16,1,1,11,311918744,1.282,90.7
10030002,Hillsborough,0.0,1.127,1.127,27500,US-92/SR600/BAKER ST,185,1,2,0,0,2,78054611,1.281,237.0
10000153,Hillsborough,0.0,2.832,2.832,11000,THONOTOSASSA RD,133,1,3,0,0,1,78456312,1.275,169.5
15120000,Pinellas,1.192,2.25,1.058,29500,SR-233 / OAKHURST,246,1,7,0,1,4,78604904,1.272,313.0
14000025,Pasco,0.0,2.444,2.444,13000,CR-1/LITTLE RD,147,1,12,0,0,11,80017782,1.25,183.7
10080000,Hillsborough,1.736,2.622,0.886,36000,S HOWARD AVE,452,1,6,1,0,1,80330076,1.245,562.7
08050000,Hernando,6.117,10.312,4.195,30500,US98/SR50/700/CORTEZ,240,4,19,2,1,17,322235779,1.241,74.5
02010000,Citrus,23.552,29.816,6.264,15400,CR-491/N LECANTO HWY,300,3,35,0,2,31,242948614,1.235,123.5
10110000,Hillsborough,7.936,8.942,1.006,64000,S LAKEWOOD DR,694,2,17,0,1,16,162151104,1.233,428.0
14570002,Pasco,0.176,1.66,1.484,43500,OLD CR 54,403,2,28,0,2,23,162579249,1.23,247.9
14000069,Pasco,0.165,6.863,6.698,4900,TOWN CENTRE ENTR,206,1,18,1,0,14,82657674,1.21,249.2
15514000,Pinellas,0.0,5.074,5.074,19400,EAST BAY DR,1116,3,49,1,0,38,247910059,1.21,450.2
10508000,Hillsborough,0.0,10.954,10.954,15000,SR-60/BRANDON BLVD,1107,5,33,0,3,27,413814735,1.208,267.5
15560000,Pinellas,0.0,5.84,5.84,28500,US-19/SR-55,440,5,20,0,3,15,419179140,1.193,105.0
10110000,Hillsborough,8.942,9.439,0.497,67000,S KINGS AVE,419,1,10,1,0,6,83863531,1.192,499.6
14000049,Pasco,0.0,9.322,9.322,39500,MITCHELL BLVD,1471,11,103,4,0,79,927359551,1.186,158.6
10075000,Hillsborough,6.473,13.089,6.616,122000,Bridge No-100346,1478,24,58,1,22,51,2032812312,1.181,72.7
15120500,Pinellas,0.0,1.571,1.571,21500,N FRONTAGE RD,305,1,11,0,1,10,85066115,1.176,358.5
14010000,Pasco,9.868,11.342,1.474,23000,N/A,328,1,9,0,0,8,85382187,1.171,384.2
08040000,Hernando,1.377,3.877,2.5,41000,JULY AVE,587,3,49,2,0,44,258146250,1.162,227.4
10000191,Hillsborough,0.0,1.672,1.672,20500,CASEY RD,288,1,4,0,1,2,86324106,1.158,333.6
10000132,Hillsborough,0.0,3.023,3.023,11400,W BUSCH BLVD,418,1,3,0,0,3,86793051,1.152,481.6
10000007,Hillsborough,0.0,2.513,2.513,27500,RHODINE ROAD,278,2,20,0,0,19,174047239,1.149,159.7
08070000,Hernando,4.065,7.026,2.961,23500,08150001 NB OFF,292,2,38,0,0,32,175246045,1.141,166.6
10000367,Hillsborough,0.073,3.368,3.295,10700,N/A,46,1,9,1,0,6,88793495,1.126,51.8
10310000,Hillsborough,1.315,2.817,1.502,47000,N/A,752,2,11,2,0,8,177790989,1.125,423.0
10080500,Hillsborough,0.0,3.077,3.077,23000,GANDY BLVD/US-98,499,2,15,0,2,11,178236764,1.122,280.0
10190000,Hillsborough,15.88,17.423,1.543,161000,N/A,730,7,24,0,7,19,625653325,1.119,116.7
10000645,Hillsborough,7.76,9.715,1.955,18200,RACE TRACK RD,162,1,10,0,1,7,89610748,1.116,180.8
10000028,Hillsborough,2.455,4.354,1.899,37500,S HOWARD AVE,191,2,7,0,0,4,179348681,1.115,106.5
15000320,Pinellas,0.0,2.713,2.713,26500,49 ST S,376,2,13,0,2,4,181066298,1.105,207.7
08000019,Hernando,0.0,4.185,4.185,8600,C-574/SPRING HILL DR,142,1,15,1,0,11,90643334,1.103,156.7
10330000,Hillsborough,2.135,3.15,1.015,35500,N/A,264,1,4,0,1,2,90747851,1.102,290.9
08000017,Hernando,0.0,4.161,4.161,26000,COUNTY LINE RD,528,3,19,0,1,19,272466441,1.101,193.8
10002000,Hillsborough,1.5,2.123,0.623,59000,Bridge No-100312,43,1,3,0,0,2,92572505,1.08,46.5
15000305,Pinellas,5.537,9.527,3.99,18500,CR-752 / TAMPA RD,289,2,17,0,2,16,185903077,1.076,155.5
10091000,Hillsborough,0.0,6.904,6.904,10800,JL REDMAN PKWY,71,2,5,1,1,5,187787419,1.065,37.8
15190000,Pinellas,5.27,6.296,1.026,185000,Bridge No-150121,656,5,25,0,4,22,478036485,1.046,137.2
14090000,Pasco,0.0,1.786,1.786,64000,LAND O LAKES BLVD,662,3,37,1,2,31,287874624,1.042,230.0
10190000,Hillsborough,24.713,26.776,2.063,148000,Bridge No-100599,764,8,20,2,6,20,768958494,1.04,99.4
10060000,Hillsborough,9.184,12.516,3.332,46000,19 AVE NE,508,4,26,0,0,21,386015532,1.036,131.6
10470000,Hillsborough,4.127,4.551,0.424,90400,Bridge No-100532,31,1,5,0,1,3,96533098,1.036,32.1
10000010,Hillsborough,0.0,6.296,6.296,12200,E BEARSS AVE,429,2,13,0,1,9,193449007,1.034,221.8
15030000,Pinellas,2.888,3.557,0.669,57500,N/A,397,1,11,1,0,5,96880399,1.032,409.8
02060000,Citrus,0.0,4.031,4.031,9600,S FLORIDA AVE,70,1,5,0,1,2,97459906,1.026,71.8
10310000,Hillsborough,0.0,1.315,1.315,59000,BEG UNDERPASS 100085,425,2,16,0,2,14,195397822,1.024,217.5
10000185,Hillsborough,0.0,3.048,3.048,12800,BRUCE B DOWNS BLVD,65,1,0,0,1,0,98257766,1.018,66.2
15004503,Pinellas,0.0,3.61,3.61,43500,SR-693 / PASADENA AV,299,4,14,0,0,12,395492648,1.011,75.6
10075324,Hillsborough,1.214,2.727,1.513,26000,N/A,32,1,0,0,1,0,99072753,1.009,32.3
14120000,Pasco,2.012,3.028,1.016,39000,CR-1/LITTLE RD,407,1,41,0,0,24,99793044,1.002,407.8
10000504,Hillsborough,0.0,8.863,8.863,4500,CR-672,137,1,13,0,1,7,100446595,0.996,136.4
02000021,Citrus,0.0,3.13,3.13,12800,E GULF TO LAKE HWY,199,1,14,0,1,8,100901184,0.991,197.2
08000036,Hernando,0.0,2.469,2.469,16500,CR-587/MARINER BLVD,220,1,18,0,1,16,102599912,0.975,214.4
10190000,Hillsborough,17.423,21.163,3.74,142500,CR-579/MANGO RD,1292,13,36,3,10,30,1342234575,0.969,96.3
15040000,Pinellas,5.732,9.443,3.711,56000,N/A,637,5,19,0,0,17,523384596,0.955,121.7
02000027,Citrus,0.0,3.073,3.073,13600,W NORVELL BRYANT HWY,221,1,11,0,1,7,105255167,0.95,210.0
10000611,Hillsborough,0.0,1.863,1.863,22500,S ARMENIA AVE,719,1,4,0,0,3,105569224,0.947,681.1
08470000,Hernando,3.46,7.258,3.798,22171,Bridge No-080042,66,2,5,1,1,4,212071446,0.943,31.1
15020000,Pinellas,9.309,11.556,2.247,18800,CR-816/ALDERMAN RD,138,1,8,1,0,5,106390507,0.94,129.7
08020000,Hernando,0.0,1.087,1.087,39000,CR578/COUNTY LINE RD,171,1,10,0,0,8,106766770,0.937,160.2
10190000,Hillsborough,2.153,2.613,0.46,184500,Bridge No-100115,835,2,13,0,0,9,213745095,0.936,390.7
10150000,Hillsborough,7.028,8.412,1.384,62209,EISENHOWER BLVD S,736,2,15,1,1,11,216835939,0.922,339.4
10160000,Hillsborough,2.969,4.818,1.849,70500,10160049 NB ON,817,3,20,0,1,14,328297808,0.914,248.9
10075000,Hillsborough,16.508,20.081,3.573,172000,GIBSONTON DR,1091,14,41,2,10,40,1547759286,0.905,70.5
14000048,Pasco,0.0,3.915,3.915,45000,PINELLAS COUNTY LINE,492,4,40,0,3,35,443696738,0.902,110.9
14000121,Pasco,0.0,2.452,2.452,18000,SR597/DALE MABRY HWY,93,1,6,0,1,5,111156516,0.9,83.7
10150000,Hillsborough,1.84,3.46,1.62,54500,COUNTRYWAY BLVD,339,2,13,0,1,8,222358365,0.899,152.5
10120000,Hillsborough,5.042,6.07,1.028,43000,S PEBBLE BEACH BLVD,251,1,12,0,1,10,111327774,0.898,225.5
15000457,Pinellas,0.0,2.673,2.673,16700,SR-580,242,1,7,1,0,6,112423573,0.889,215.3
08070000,Hernando,0.0,4.065,4.065,22000,CR-541/SPRING LK HWY,236,2,27,0,2,25,225229455,0.888,104.8
15520000,Pinellas,0.0,5.168,5.168,17500,SR-688/WALSINGHAM RD,268,2,5,0,0,2,227773140,0.878,117.7
08000040,Hernando,0.0,10.174,10.174,9000,BROAD ST,212,2,21,0,2,14,230608971,0.867,91.9
08000042,Hernando,0.0,2.778,2.778,16500,FREEPORT DR,175,1,12,0,0,11,115440484,0.866,151.6
15150000,Pinellas,13.04,13.578,0.538,85500,Bridge No-150207,23,1,3,1,0,3,115848482,0.863,19.9
15000289,Pinellas,0.0,3.711,3.711,12500,UNSIGNED,133,1,4,0,1,2,116826919,0.856,113.8
15510000,Pinellas,2.779,8.963,6.184,53000,PARK BLVD,1725,7,51,2,1,31,825443412,0.848,209.0
10000379,Hillsborough,0.0,3.162,3.162,14900,US-301/ SR-43,566,1,63,0,0,59,118656105,0.843,477.0
15230000,Pinellas,2.171,3.26,1.089,43500,N/A,696,1,8,0,0,7,119305123,0.838,583.4
10130001,Hillsborough,0.0,2.96,2.96,48000,W END OF EB BR 300,106,3,7,1,0,1,357828480,0.838,29.6
14010000,Pasco,3.919,4.976,1.057,45000,HALE RD,211,1,13,0,0,11,119792452,0.835,176.1
15070000,Pinellas,1.782,2.797,1.015,47000,N/A,313,1,6,0,0,3,120145043,0.832,260.5
02030000,Citrus,20.742,25.107,4.365,11000,N/A,81,1,9,0,1,5,120925777,0.827,67.0
10140000,Hillsborough,0.0,5.012,5.012,58000,PINELLAS/HILLS CO LN,993,6,21,0,4,14,732117876,0.82,135.6
08040000,Hernando,7.049,9.862,2.813,17500,CR-484/FT DADE AVE,150,1,22,0,1,19,123979459,0.807,121.0
14050000,Pasco,9.103,11.342,2.239,22000,WIRE RD,143,1,30,0,1,29,124056273,0.806,115.3
15080000,Pinellas,1.006,2.127,1.121,44000,N/A,233,1,9,1,0,6,124222494,0.805,187.6
10010000,Hillsborough,14.175,15.693,1.518,65000,SYMMES RD,438,2,32,0,1,26,248500395,0.805,176.3
14000053,Pasco,0.0,3.528,3.528,14000,CR-1/LITTLE RD,274,1,22,0,1,18,124393752,0.804,220.3
15150000,Pinellas,15.306,16.803,1.497,99000,Bridge No-150194,142,3,9,0,1,9,373249256,0.804,38.0
14000045,Pasco,0.0,5.578,5.578,18000,LIVINGSTON AVE,506,2,38,1,0,34,252867474,0.791,200.1
15100000,Pinellas,4.97,7.289,2.319,22000,107 AVE,403,1,12,0,1,3,128488833,0.778,313.6
10190000,Hillsborough,10.533,12.006,1.473,173500,Bridge No-100673,581,5,10,1,3,10,643641712,0.777,90.3
02010000,Citrus,18.475,23.552,5.077,10100,S200/N CARL ROSE HWY,160,1,8,0,0,8,129142887,0.774,123.9
10000271,Hillsborough,0.0,3.029,3.029,17100,SR-60/W BRANDON BLVD,335,1,16,0,1,13,130447974,0.767,256.8
10680000,Hillsborough,1.611,4.021,2.41,43000,KINGS CROSSING DR,1145,2,51,2,0,44,260992155,0.766,438.7
10536000,Hillsborough,0.0,2.534,2.534,20600,BLOOMINGDALE AVE,383,1,10,0,1,10,131466707,0.761,291.3
14140000,Pasco,18.885,20.352,1.467,71500,14140009 SB ON,122,2,8,1,1,7,264166724,0.757,46.2
10010000,Hillsborough,11.171,14.175,3.004,52500,BIG BEND RD,1069,3,35,1,1,30,397192635,0.755,269.1
10540000,Hillsborough,0.0,11.845,11.845,17800,S US-301,247,4,35,0,4,31,531003058,0.753,46.5
14571000,Pasco,6.515,8.289,1.774,60000,N/A,454,2,18,0,2,15,268069140,0.746,169.4
15061000,Pinellas,0.0,0.942,0.942,56500,WEST END BR# 150125,833,1,23,1,0,12,134042126,0.746,621.4
15080000,Pinellas,0.0,1.006,1.006,53000,SR-586/CURLEW RD,206,1,6,0,0,4,134281383,0.745,153.4
15012500,Pinellas,0.0,2.945,2.945,18200,GULF BLVD,466,1,13,1,0,9,134989082,0.741,345.2
14610000,Pasco,2.626,4.509,1.883,28500,CHANCEY RD,316,1,23,0,1,22,135156562,0.74,233.8
14510000,Pasco,2.248,12.088,9.84,22000,BRUMWELL DR,657,4,43,0,1,34,545204880,0.734,120.5
02000056,Citrus,0.0,7.969,7.969,6800,NORVELL BRYANT HWY,60,1,5,0,0,5,136475500,0.733,44.0
14140000,Pasco,11.477,18.885,7.408,73500,14140007 NB OFF,557,10,50,1,6,49,1371293028,0.729,40.6
15150000,Pinellas,11.096,13.04,1.944,56000,Bridge No-150055,305,2,24,1,0,18,274173984,0.729,111.2
15120000,Pinellas,7.209,8.114,0.905,60500,ROSE TREE WAY,452,1,14,0,0,7,137894171,0.725,327.8
14110000,Pasco,0.0,2.742,2.742,20000,HILLSBOROUGH CO LINE,181,1,21,0,0,18,138114540,0.724,131.1
10517000,Hillsborough,0.0,2.653,2.653,41500,W HILLSBOROUGH AVE,973,2,22,1,0,20,277285591,0.721,350.9
10110000,Hillsborough,5.048,6.314,1.266,44500,S US-301/SR-43,354,1,26,0,1,18,141884734,0.705,249.5
10320000,Hillsborough,4.311,5.008,0.697,162500,Bridge No-100220,362,2,11,0,1,10,285251606,0.701,126.9
10690000,Hillsborough,0.0,8.597,8.597,33500,US-301,741,5,40,0,4,32,725326741,0.689,102.2
10000028,Hillsborough,0.0,2.455,2.455,23500,GANDY BLVD,191,1,5,0,1,1,145298561,0.688,131.5
10630500,Hillsborough,0.0,3.635,3.635,16100,W GANDY BLVD,759,1,8,0,0,6,147391435,0.678,515.0
15190000,Pinellas,6.296,7.322,1.026,172000,Bridge No-150090,578,3,13,2,1,12,444444732,0.675,130.0
15501000,Pinellas,1.932,4.043,2.111,28000,N/A,527,1,20,0,0,13,148863498,0.672,354.0
10190000,Hillsborough,26.776,27.982,1.206,147000,Bridge No-100601,645,3,21,1,2,18,446484717,0.672,144.5
15000028,Pinellas,0.0,10.663,10.663,61500,SR-580/MAIN ST,1662,11,67,2,8,54,1651568078,0.666,100.6
15190000,Pinellas,2.555,3.555,1.0,120000,Bridge No-150154,209,2,6,0,2,5,302220000,0.662,69.2
15000317,Pinellas,0.0,2.503,2.503,24000,26 AV S,249,1,10,0,0,7,151291332,0.661,164.6
10060000,Hillsborough,22.033,23.547,1.514,39694,CR-676A/MADISON AVE,531,1,13,0,0,10,151353579,0.661,350.8
15190000,Pinellas,12.477,13.785,1.308,140000,Bridge No-150102,435,3,13,0,3,12,461187720,0.65,94.3
15190000,Pinellas,3.555,4.506,0.951,129000,Bridge No-150131,294,2,5,0,1,5,308967062,0.647,95.2
14091000,Pasco,0.761,1.487,0.726,85000,WESLEY CHAPEL BLVD,446,1,25,1,0,24,155416635,0.643,287.0
10130000,Hillsborough,10.033,11.05,1.017,61000,COLUMBUS DR,611,1,3,0,1,3,156240185,0.64,391.1
10002000,Hillsborough,12.982,13.776,0.794,79000,Bridge No-100465,71,1,5,0,1,4,157975431,0.633,44.9
10110000,Hillsborough,7.08,7.936,0.856,73500,BRANDON TOWN CNTR,935,1,22,1,0,17,158453946,0.631,590.1
10330000,Hillsborough,3.15,4.654,1.504,42000,E SLIGH AVE,631,1,13,1,0,10,159088608,0.629,396.6
10525000,Hillsborough,4.2,5.761,1.561,40500,BELL SHOALS RD,447,1,24,0,1,20,159220829,0.628,280.7
14000155,Pasco,0.0,1.816,1.816,35000,SR-52,22,1,3,0,0,2,160075860,0.625,13.7
10320000,Hillsborough,6.517,7.526,1.009,126500,Bridge No-100231,499,2,10,2,0,9,321457562,0.622,155.2
10075323,Hillsborough,0.0,2.631,2.631,25000,US-301/ SR-43 / NB,45,1,2,0,1,2,165654338,0.604,27.2
14571000,Pasco,3.282,4.427,1.145,57500,N/A,347,1,13,0,1,12,165811744,0.603,209.3
10190000,Hillsborough,0.0,2.153,2.153,184500,EAST END BR 150107,2292,6,29,1,5,28,1000419977,0.6,229.1
10290000,Hillsborough,2.036,4.019,1.983,68500,CR-581 / N 30 ST,1385,2,20,0,1,17,342101707,0.585,404.9
10000222,Hillsborough,0.0,2.188,2.188,31000,PALM RIVER RD,408,1,17,1,0,13,170824818,0.585,238.8
14140000,Pasco,4.848,11.477,6.629,113000,14140001 SB ON,702,11,62,0,9,57,1886550424,0.583,37.2
10270118,Hillsborough,0.396,1.642,1.246,55000,N/A,95,1,3,1,0,2,172592805,0.579,55.0
10680000,Hillsborough,0.0,1.611,1.611,43000,DICKMAN RD,74,1,4,0,1,3,174464050,0.573,42.4
15120000,Pinellas,2.25,4.035,1.785,39000,WALSINGHAM RD,354,1,15,0,0,10,175325378,0.57,201.9
10075000,Hillsborough,27.118,31.196,4.078,171500,Bridge No-100393,1311,10,39,2,7,35,1761380975,0.568,74.4
14030000,Pasco,3.028,4.176,1.148,61000,SR-54,833,1,26,0,0,17,176365518,0.567,472.3
10000087,Hillsborough,0.0,3.749,3.749,56000,US-301,598,3,23,1,1,16,528743964,0.567,113.1
15000186,Pinellas,0.0,6.246,6.246,70000,110 AVE,738,6,22,2,2,15,1101138570,0.545,67.0
10580000,Hillsborough,0.0,9.91,9.91,7400,N TAYLOR RD,186,1,6,0,0,3,184691679,0.541,100.7
10000019,Hillsborough,0.0,8.409,8.409,17600,LITHIA PINECREST RD,257,2,11,0,1,5,372733970,0.537,68.9
14000112,Pasco,0.0,4.78,4.78,15600,SR-54,224,1,12,0,0,8,187799508,0.532,119.3
10075000,Hillsborough,32.305,36.252,3.947,135000,Bridge No-100420,616,7,22,3,3,19,1341970133,0.522,45.9
10320000,Hillsborough,5.008,6.517,1.509,153000,Bridge No-100226,841,3,11,2,1,10,581463725,0.516,144.6
08470000,Hernando,7.258,18.653,11.395,13600,N/A,76,2,18,0,2,17,390296982,0.512,19.5
10000370,Hillsborough,0.0,4.743,4.743,33000,FISHHAWK BLVD,433,2,17,0,0,14,394193102,0.507,109.8
15150000,Pinellas,14.411,15.306,0.895,89000,Bridge No-150192,43,1,2,0,1,2,200611117,0.498,21.4
10075000,Hillsborough,36.252,39.854,3.602,111500,Bridge No-100838,405,5,14,2,3,12,1011487525,0.494,40.0
10150000,Hillsborough,3.46,4.849,1.389,58000,W LONGBOAT BLVD,599,1,15,0,1,11,202895397,0.493,295.2
14091000,Pasco,5.437,7.493,2.056,39500,MANSFIELD BLVD,411,1,19,1,0,17,204532422,0.489,200.9
10320000,Hillsborough,8.814,16.021,7.207,80000,Bridge No-100238,601,7,39,0,5,37,1452066360,0.482,41.4
10000137,Hillsborough,0.0,3.324,3.324,25000,N ARMENIA AVE,1133,1,18,0,0,8,209287350,0.478,541.4
15190900,Pinellas,0.0,1.196,1.196,69651,1774 FT N OF BR 214,187,1,13,0,0,10,209797588,0.477,89.1
14140000,Pasco,1.358,4.848,3.49,144249,N/A,1021,6,60,0,4,59,1267885962,0.473,80.5
10000607,Hillsborough,0.0,4.543,4.543,37000,BRUCE B DOWNS BLVD,508,2,10,0,2,10,423337184,0.472,120.0
10190000,Hillsborough,21.163,24.713,3.55,145000,Bridge No-100614,1234,6,29,1,5,23,1296397875,0.463,95.2
10590000,Hillsborough,7.468,11.528,4.06,64000,10075367 SB ON,1511,3,13,2,1,11,654407040,0.458,230.9
10470000,Hillsborough,5.72,7.783,2.063,86300,Bridge No-100540,250,2,25,0,0,23,448385933,0.446,55.8
10160000,Hillsborough,4.818,6.167,1.349,66000,SOUTH VILLAGE DR,733,1,17,0,1,10,224232129,0.446,326.9
14000118,Pasco,0.468,2.475,2.007,44500,ARONWOOD BLVD,71,1,4,0,1,3,224931013,0.445,31.6
10320000,Hillsborough,2.452,3.47,1.018,176000,Bridge No-100211,1139,2,10,0,2,10,451234608,0.443,252.4
10075000,Hillsborough,25.671,27.118,1.447,186000,N/A,694,3,10,1,2,7,677834127,0.443,102.4
15190000,Pinellas,10.565,12.477,1.912,141000,Bridge No-150100,629,3,13,0,2,11,678967452,0.442,92.6
10511000,Hillsborough,0.0,3.915,3.915,23000,LIVINGSTON AVE,200,1,6,1,0,6,226778332,0.441,88.2
15061000,Pinellas,2.693,4.95,2.257,40000,CR-694/PARK BLVD N,843,1,29,1,0,20,227370180,0.44,370.8
14120000,Pasco,17.823,21.393,3.57,25500,CR-583/EHREN CUTOFF,101,1,7,0,1,7,229271648,0.436,44.1
14120000,Pasco,12.438,17.823,5.385,17000,US41/SR45/LANDOLKS B,229,1,16,0,1,14,230556082,0.434,99.3
10000645,Hillsborough,0.0,2.693,2.693,34000,CITRUS PARK DR,601,1,20,0,0,16,230598897,0.434,260.6
10821000,Hillsborough,4.007,6.524,2.517,36500,CR-583/N 56 ST,368,1,8,0,1,7,231375854,0.432,159.0
15190000,Pinellas,8.365,10.565,2.2,169000,54 AVE N,1187,4,22,0,4,19,936378300,0.427,126.8
10190000,Hillsborough,27.982,28.673,0.691,135000,N/A,376,1,24,1,0,23,234938272,0.426,160.0
10000179,Hillsborough,0.0,5.037,5.037,18500,DEER CHASE DR,241,1,21,0,0,18,234685163,0.426,102.7
10470000,Hillsborough,4.551,5.72,1.169,80200,N/A,119,1,11,0,0,11,236118945,0.424,50.4
10470000,Hillsborough,1.094,2.06,0.966,100700,Bridge No-100516,224,1,14,0,0,11,244990110,0.408,91.4
15150000,Pinellas,18.332,19.845,1.513,131000,Bridge No-150260,362,2,16,0,2,10,499174255,0.401,72.5
15170000,Pinellas,4.247,8.535,4.288,69651,N END OF NEW BRIDGE,475,3,13,0,3,12,752183995,0.399,63.1
15150000,Pinellas,16.803,18.332,1.529,131000,Bridge No-150273,525,2,10,0,2,8,504453032,0.396,104.1
15070500,Pinellas,0.0,4.236,4.236,25000,SR-580/MAIN ST,263,1,15,0,1,11,266709150,0.375,98.6
14010000,Pasco,6.653,9.868,3.215,33000,WILDERNESS LAKE BLVD,457,1,30,0,0,28,267200258,0.374,171.0
10160000,Hillsborough,9.539,11.628,2.089,52500,N/A,425,1,11,1,0,7,276210191,0.362,153.9
15190000,Pinellas,4.506,5.27,0.764,144000,Bridge No-150121,190,1,11,0,1,10,277075296,0.361,68.6
10190000,Hillsborough,3.836,4.339,0.503,220000,Bridge No-100825,411,1,5,0,1,5,278697210,0.359,147.5
10190000,Hillsborough,3.257,3.836,0.579,198000,Bridge No-100817,290,1,4,0,0,4,288725877,0.346,100.4
10320000,Hillsborough,0.708,1.441,0.733,166000,Bridge No-100201,1231,1,21,1,0,18,306446043,0.326,401.7
10075000,Hillsborough,0.0,6.473,6.473,95000,MANATEE CO LINE,651,5,22,3,2,20,1548713798,0.323,42.0
10190000,Hillsborough,8.435,10.533,2.098,178000,Bridge No-100658,1220,3,15,0,1,13,940518714,0.319,129.7
10190000,Hillsborough,12.006,12.858,0.852,146000,Bridge No-100586,347,1,8,0,0,8,313281252,0.319,110.8
10524000,Hillsborough,0.0,4.08,4.08,31500,GUNN HWY,664,1,14,1,0,7,323677620,0.309,205.1
10190000,Hillsborough,6.85,7.362,0.512,252000,Bridge No-100138,799,1,8,0,1,6,324946944,0.308,245.9
15150000,Pinellas,20.417,22.551,2.134,124500,Bridge No-150246,299,2,11,0,1,9,669122635,0.299,44.7
10075000,Hillsborough,13.089,16.508,3.419,157000,N/A,1030,4,34,2,1,32,1351887985,0.296,76.2
10075000,Hillsborough,22.862,25.671,2.809,145000,N/A,1186,3,23,1,2,20,1025797643,0.292,115.6
14571000,Pasco,4.427,6.515,2.088,65500,CYPRESS RANCH BLVD,399,1,16,0,0,12,344440134,0.29,115.8
15000305,Pinellas,0.0,5.537,5.537,25000,CR-576 / SUNSET POIN,445,1,21,0,1,15,348623362,0.287,127.6
15517000,Pinellas,0.038,2.082,2.044,69000,NORTH SIDE BR#154266,282,1,8,0,0,4,355199166,0.282,79.4
10190000,Hillsborough,29.866,32.836,2.97,151000,Bridge No-100607,694,3,17,1,2,12,1129471695,0.266,61.4
14470000,Pasco,11.08,19.865,8.785,34500,Bridge No-140083,189,2,16,0,1,12,763313276,0.262,24.8
10320000,Hillsborough,3.47,4.311,0.841,183000,Bridge No-100215,838,1,12,0,1,11,387604705,0.258,216.2
15000316,Pinellas,0.0,4.524,4.524,34500,31 ST N,1090,1,28,0,0,25,393082443,0.254,277.3
10075000,Hillsborough,31.196,32.305,1.109,142000,Bridge No-100403,447,1,9,0,1,6,396608343,0.252,112.7
10190000,Hillsborough,13.947,15.88,1.933,164500,US-301/SR-43,700,2,9,0,2,6,800828852,0.25,87.4
10002000,Hillsborough,11.126,12.982,1.856,95000,Bridge No-100459,229,1,8,0,1,7,444061920,0.225,51.6
15190000,Pinellas,14.379,19.655,5.276,174000,4 ST N,1302,5,46,1,3,38,2312043444,0.216,56.3
15190000,Pinellas,7.322,8.365,1.043,180000,Bridge No-150092,683,1,9,0,1,7,472823190,0.211,144.5
10002000,Hillsborough,9.13,11.126,1.996,98500,Bridge No-100453,171,1,4,0,1,3,495152211,0.202,34.5
10590000,Hillsborough,3.809,7.468,3.659,54500,SKIPPER RD,811,1,13,0,1,9,502227937,0.199,161.5
15000019,Pinellas,0.0,3.096,3.096,130000,US-19,79,2,4,0,2,4,1013645880,0.197,7.8
14550000,Pasco,0.021,10.5,10.479,19700,SR-54,288,1,28,0,1,25,519909822,0.192,55.4
08150000,Hernando,7.054,11.468,4.414,47500,Bridge No-080086,262,1,17,0,0,17,528041302,0.189,49.6
10470000,Hillsborough,12.82,16.052,3.232,65900,Bridge No-100627,235,1,14,1,0,13,536412293,0.186,43.8
10470000,Hillsborough,2.06,4.127,2.067,107090,Bridge No-100520,377,1,46,0,1,41,557482643,0.179,67.6
08150000,Hernando,0.0,7.054,7.054,71500,PASCO CO LINE,391,2,36,0,1,34,1270233178,0.157,30.8
15170001,Pinellas,0.0,4.143,4.143,69651,BEG BR# 150189,247,1,6,0,0,2,726748668,0.138,34.0
14470000,Pasco,1.28,11.08,9.8,55300,Bridge No-140073,549,1,36,0,1,33,1364875890,0.073,40.2
02000016,Citrus,0.0,4.366,4.366,10600,S SUNCOAST BLVD,94,0,6,0,0,5,116555173,0.0,80.6
14000242,Pasco,0.0,5.991,5.991,13700,DECUBELLIS RD,0,0,0,0,0,0,206710169,0.0,0.0
14140008,Pasco,0.0,0.119,0.119,4500,SR-52 WB,3,0,1,0,0,1,1348657,0.0,222.4
14140008,Pasco,0.119,0.219,0.1,4500,N/A,0,0,0,0,0,0,1133325,0.0,0.0
14000061,Pasco,8.077,9.652,1.575,18200,HAYS RD,22,0,2,0,0,2,72192802,0.0,30.5
02010000,Citrus,0.0,1.14,1.14,4200,HERNANDO CO LINE,13,0,0,0,0,0,12058578,0.0,107.8
02010000,Citrus,1.14,4.651,3.511,6500,E OAK FOREST ST,48,0,5,0,0,5,57475948,0.0,83.5
02010000,Citrus,11.052,11.685,0.633,16400,N/A,100,0,4,0,0,4,26145052,0.0,382.5
02010000,Citrus,12.72,13.136,0.416,40000,N/A,210,0,2,0,0,0,41907840,0.0,501.1
02010000,Citrus,13.136,13.177,0.041,7000,US-41,0,0,0,0,0,0,722810,0.0,0.0
02010000,Citrus,14.041,16.531,2.49,16000,PARKSIDE AVE,131,0,6,0,0,5,100337040,0.0,130.6
02010000,Citrus,18.1,18.475,0.375,19900,E PARSONS POINT,115,0,5,0,0,4,18794306,0.0,611.9
02010000,Citrus,29.816,30.062,0.246,21500,N/A,24,0,0,0,0,0,13320347,0.0,180.2
14000216,Pasco,0.0,0.387,0.387,850,JOHNSTON RD,0,0,0,0,0,0,828461,0.0,0.0
14000128,Pasco,0.0,0.134,0.134,4600,HUDSON AVE,4,0,0,0,0,0,1552403,0.0,257.7
14000128,Pasco,0.134,0.157,0.023,5500,N/A,6,0,0,0,0,0,318590,0.0,1883.3
15000013,Pinellas,0.0,0.109,0.109,2700,CR-611/49 ST,2,0,1,0,0,0,741195,0.0,269.8
14050200,Pasco,0.0,0.374,0.374,1600,FRONTAGE RD,0,0,0,0,0,0,1507070,0.0,0.0
14090000,Pasco,11.635,11.912,0.277,30000,CR-577/CURLEY RD,42,0,2,0,0,2,20928735,0.0,200.7
14090000,Pasco,11.912,12.313,0.401,15000,N/A,30,0,7,0,0,7,15148777,0.0,198.0
14090000,Pasco,19.334,20.286,0.952,14600,N/A,180,0,10,0,0,5,35005135,0.0,514.2
14570000,Pasco,5.125,5.137,0.012,51500,N/A,0,0,0,0,0,0,1556433,0.0,0.0
14000102,Pasco,0.0,0.477,0.477,14900,SR-54,0,0,0,0,0,0,17899735,0.0,0.0
02470004,Citrus,0.0,0.431,0.431,450,SR 589 SB,0,0,0,0,0,0,488463,0.0,0.0
02000069,Citrus,0.0,1.156,1.156,400,N RANCH HAND AVE,0,0,0,0,0,0,1164554,0.0,0.0
14050000,Pasco,4.425,4.936,0.511,18900,C AVE,151,0,6,0,0,1,24323421,0.0,620.8
14050000,Pasco,5.74,5.834,0.094,19400,6 ST,53,0,1,0,0,1,4592737,0.0,1154.0
14050000,Pasco,6.354,6.862,0.508,34000,CR-54,243,0,8,0,0,5,43499532,0.0,558.6
14050000,Pasco,13.476,14.152,0.676,16600,US-98/US-301/SR-533,107,0,4,0,0,2,28261600,0.0,378.6
14050000,Pasco,14.152,14.787,0.635,13500,SR-52/E MERIDIAN AVE,110,0,3,0,0,2,21589841,0.0,509.5
14050000,Pasco,14.787,14.976,0.189,27500,US-98/US-301/SR-533,91,0,3,0,0,3,13089904,0.0,695.2
14050000,Pasco,21.161,22.212,1.051,7800,SR-575,24,0,3,0,0,3,20646159,0.0,116.2
14140022,Pasco,0.0,0.235,0.235,8000,I-75/SR-93 SB,22,0,0,0,0,0,4734780,0.0,464.6
14000060,Pasco,0.0,2.265,2.265,18000,SR-52,53,0,5,0,0,5,102679245,0.0,51.6
02050000,Citrus,2.378,3.443,1.065,19500,N DUNKENFIELD AVE,134,0,3,0,0,0,52302949,0.0,256.2
02050000,Citrus,6.811,7.051,0.24,24000,CR490/W HOMOSASSA TL,63,0,2,0,0,1,14506560,0.0,434.3
02050000,Citrus,7.051,7.31,0.259,23042,S COUNTRY OAKS TER,80,0,2,0,0,2,15030101,0.0,532.3
02000028,Citrus,0.0,1.077,1.077,4100,S PLEASANT GROVE RD,20,0,1,0,0,0,11120940,0.0,179.8
14000243,Pasco,0.0,0.664,0.664,9800,ROSEATE DR,0,0,0,0,0,0,16388383,0.0,0.0
14000131,Pasco,0.0,0.602,0.602,8600,SEA FOREST DR,19,0,1,0,0,1,13038778,0.0,145.7
14140004,Pasco,0.0,0.246,0.246,8000,FROM CR-54 WB,7,0,0,0,0,0,4956408,0.0,141.2
14000169,Pasco,0.0,0.484,0.484,8400,EDWARD CT,0,0,0,0,0,0,10239214,0.0,0.0
14000196,Pasco,0.0,1.435,1.435,2500,MITCHELL BLVD,0,0,0,0,0,0,9035119,0.0,0.0
14000172,Pasco,0.0,0.159,0.159,7500,PRINCEWOOD LN,0,0,0,0,0,0,3003311,0.0,0.0
14000172,Pasco,0.159,0.965,0.806,7500,N/A,0,0,0,0,0,0,15224332,0.0,0.0
14000172,Pasco,0.965,1.175,0.21,7500,N/A,0,0,0,0,0,0,3966638,0.0,0.0
15000003,Pinellas,0.0,2.137,2.137,3500,HARBOR WATCH EXIT,17,0,0,0,0,0,18837121,0.0,90.2
14120000,Pasco,29.098,30.31,1.212,11600,CR-579/PROSPECT RD,42,0,8,0,0,7,35408095,0.0,118.6
14120000,Pasco,30.31,32.217,1.907,12700,VFW RD,110,0,4,0,0,3,60995300,0.0,180.3
14120000,Pasco,32.217,33.127,0.91,7900,CR-41/N 21 ST,86,0,2,0,0,1,18105497,0.0,475.0
14120000,Pasco,33.127,33.403,0.276,4200,N 7 ST,24,0,0,0,0,0,2919445,0.0,822.1
14140030,Pasco,0.0,0.539,0.539,14250,OVERPASS RD WB,0,0,0,0,0,0,19343969,0.0,0.0
14000105,Pasco,0.0,2.174,2.174,5600,DENTON AVE,26,0,7,0,0,5,30661226,0.0,84.8
02000064,Citrus,0.0,0.7,0.7,1850,E GOSPEL ISLAND RD,0,0,0,0,0,0,3261458,0.0,0.0
14000126,Pasco,0.0,2.492,2.492,44500,BEGINNING OF PVMNT,44,0,2,0,0,1,279286539,0.0,15.8
15000016,Pinellas,0.0,0.206,0.206,2350,CR-611 / MCMULLEN BO,0,0,0,0,0,0,1219206,0.0,0.0
02000074,Citrus,0.0,0.382,0.382,650,W OAKHILL ST,0,0,0,0,0,0,625344,0.0,0.0
14075000,Pasco,0.0,0.148,0.148,111500,UNDER100492/100493,23,0,0,0,0,0,41560287,0.0,55.3
14075000,Pasco,0.148,0.265,0.117,34000,SR-93 / I-275 / SB,17,0,0,0,0,0,10018593,0.0,169.7
14091000,Pasco,0.0,0.761,0.761,80000,CARPENTERS RUN,128,0,7,0,0,6,153326280,0.0,83.5
14091000,Pasco,1.487,3.729,2.242,85000,14140021 SB ON,782,0,28,0,0,25,479950545,0.0,162.9
14091000,Pasco,3.729,5.437,1.708,44500,CR-581/BRUCE B DOWNS,215,0,24,0,0,21,191421111,0.0,112.3
14140020,Pasco,0.403,0.431,0.028,12500,N/A,3,0,0,0,0,0,881475,0.0,340.3
14000096,Pasco,0.0,0.246,0.246,2400,PLEASANT PLAINS PKWY,1,0,0,0,0,0,1486922,0.0,67.3
02470002,Citrus,0.0,0.356,0.356,650,W CARDINAL ST,0,0,0,0,0,0,582781,0.0,0.0
02000066,Citrus,0.0,1.0,1.0,1400,E HAVEN ST,0,0,0,0,0,0,3525900,0.0,0.0
14140014,Pasco,0.0,0.571,0.571,4500,CR-41/BLANTON RD,0,0,0,0,0,0,6471286,0.0,0.0
14000225,Pasco,0.0,2.69,2.69,2400,SR-54,0,0,0,0,0,0,16259436,0.0,0.0
14572000,Pasco,0.0,0.422,0.422,51500,MARATHON RD,151,0,9,0,0,7,54734560,0.0,275.9
14000177,Pasco,0.0,1.445,1.445,6800,SCENIC HILLS BLVD,0,0,0,0,0,0,24746781,0.0,0.0
14000213,Pasco,0.0,3.077,3.077,9500,GUNN HWY,0,0,0,0,0,0,73619533,0.0,0.0
14510000,Pasco,12.088,14.172,2.084,8400,SR-52,39,0,2,0,0,2,44087854,0.0,88.5
14000171,Pasco,0.0,0.447,0.447,3700,ADAIR RD,0,0,0,0,0,0,4165347,0.0,0.0
14000110,Pasco,0.0,0.229,0.229,10000,CR-1LITTLE RD,62,0,1,0,0,1,5767365,0.0,1075.0
14000110,Pasco,0.229,1.421,1.192,9500,N/A,38,0,7,0,0,5,28519494,0.0,133.2
02000061,Citrus,0.0,0.874,0.874,400,0.118M S OF W WOODLA,0,0,0,0,0,0,880468,0.0,0.0
14470011,Pasco,0.0,0.281,0.281,9500,SR 589 NB,16,0,1,0,0,0,6723136,0.0,238.0
14000088,Pasco,0.0,0.513,0.513,24000,PINELLAS COUNTY LINE,61,0,6,0,0,6,31007772,0.0,196.7
14000088,Pasco,0.513,2.378,1.865,24000,RT JONES PKWY,132,0,6,0,0,4,112728060,0.0,117.1
14000088,Pasco,2.378,3.814,1.436,19000,N/A,120,0,8,0,0,8,68714754,0.0,174.6
02000031,Citrus,0.0,2.279,2.279,1900,W GREEN ACRES ST,10,0,0,0,0,0,10905357,0.0,91.7
14000244,Pasco,0.0,0.25,0.25,7400,SR-54,0,0,0,0,0,0,4659225,0.0,0.0
14140005,Pasco,0.0,0.125,0.125,8000,SR-52 EB,6,0,1,0,0,1,2518500,0.0,238.2
14000064,Pasco,0.0,1.66,1.66,2900,CR-1/LITTLE RD,20,0,4,0,0,3,12124059,0.0,165.0
02030000,Citrus,12.251,13.524,1.273,23500,W VENABLE ST,247,0,12,0,0,9,75342187,0.0,327.8
02030000,Citrus,14.648,15.09,0.442,24500,SR-44/NE 5 ST,189,0,5,0,0,3,27272837,0.0,693.0
14000204,Pasco,0.0,1.486,1.486,1850,COLONY RD,0,0,0,0,0,0,6923608,0.0,0.0
14680000,Pasco,3.124,4.592,1.468,5600,US 301,23,0,2,0,0,2,20704085,0.0,111.1
14000145,Pasco,0.0,1.842,1.842,6700,MANSFIELD BLVD,29,0,6,0,0,5,31081816,0.0,93.3
14000145,Pasco,1.842,4.855,3.013,14300,N/A,92,0,2,0,0,2,108511839,0.0,84.8
14000145,Pasco,4.855,4.937,0.082,6700,N/A,0,0,0,0,0,0,1383664,0.0,0.0
14000145,Pasco,4.937,5.477,0.54,14300,N/A,16,0,1,0,0,1,19447857,0.0,82.3
14000145,Pasco,5.477,5.883,0.406,14300,N/A,1,0,0,0,0,0,14621907,0.0,6.8
14000145,Pasco,5.883,6.141,0.258,14300,N/A,23,0,0,0,0,0,9291754,0.0,247.5
14140012,Pasco,0.0,0.103,0.103,500,CR-41/BLANTON RD,0,0,0,0,0,0,129703,0.0,0.0
14000069,Pasco,0.0,0.165,0.165,8500,CR-54,42,0,2,0,0,1,3532196,0.0,1189.1
02000019,Citrus,0.0,1.329,1.329,3800,W KELLER ST,16,0,0,0,0,0,12718929,0.0,125.8
14000197,Pasco,0.0,0.762,0.762,5000,DECUBELLIS RD,0,0,0,0,0,0,9595485,0.0,0.0
14000151,Pasco,0.0,1.055,1.055,11000,SR-54,25,0,2,0,0,2,29227192,0.0,85.5
15000015,Pinellas,0.0,0.148,0.148,3900,CR-752 / TAMPA RD,1,0,0,0,0,0,1453678,0.0,68.8
14000186,Pasco,0.0,0.467,0.467,1800,US-19,0,0,0,0,0,0,2117051,0.0,0.0
14000120,Pasco,0.0,1.936,1.936,11000,LAND O LAKES BLVD,13,0,0,0,0,0,53633976,0.0,24.2
02610000,Citrus,0.0,3.161,3.161,2200,.013 WEST OF RVRHVN,69,0,3,0,0,3,17514153,0.0,394.0
02000057,Citrus,0.0,2.685,2.685,10400,N CARIBEE PT,8,0,0,0,0,0,70326594,0.0,11.4
14470052,Pasco,0.0,0.46,0.46,2400,RIDGE RD,0,0,0,0,0,0,2780424,0.0,0.0
14000095,Pasco,0.0,0.763,0.763,3500,SR-54,49,0,0,0,0,0,6725654,0.0,728.6
14000095,Pasco,0.763,1.501,0.738,3500,MENTMORE BLVD,3,0,0,0,0,0,6505285,0.0,46.1
02530000,Citrus,0.0,6.051,6.051,650,HERNANDO COUNTY,13,0,0,0,0,0,9905638,0.0,131.2
02000018,Citrus,0.0,3.653,3.653,7900,S SUNCOAST BLVD,30,0,0,0,0,0,72680636,0.0,41.3
14140019,Pasco,0.0,0.339,0.339,14500,SR-56,7,0,0,0,0,0,12379687,0.0,56.5
14140019,Pasco,0.339,0.445,0.106,14500,N/A,1,0,1,0,0,0,3870934,0.0,25.8
02000002,Citrus,0.0,6.151,6.151,8700,US19/SR55/SUNCOAST,136,0,11,0,0,4,134774253,0.0,100.9
14000203,Pasco,0.0,0.369,0.369,1850,FOXFIRE DR,0,0,0,0,0,0,1719254,0.0,0.0
14660000,Pasco,0.0,2.339,2.339,11500,US-19/SR-55,263,0,24,0,0,18,67743872,0.0,388.2
14050300,Pasco,0.0,0.029,0.029,800,DAUGHTERY RD,0,0,0,0,0,0,58429,0.0,0.0
14050300,Pasco,0.029,0.447,0.418,1600,E PASCO PRO PARK,0,0,0,0,0,0,1684373,0.0,0.0
02000070,Citrus,0.0,0.493,0.493,3000,MONTGOMERY AVE,0,0,0,0,0,0,3724862,0.0,0.0
14070015,Pasco,0.0,0.028,0.028,6000,US-98/SR-35/SR-700,0,0,0,0,0,0,423108,0.0,0.0
14070015,Pasco,0.028,0.219,0.191,3300,N/A,4,0,0,0,0,0,1587411,0.0,252.0
14000124,Pasco,0.0,1.013,1.013,9400,CR-54,40,0,0,0,0,0,23981661,0.0,166.8
02000043,Citrus,0.0,2.298,2.298,4100,CARNEGIE DR,10,0,1,0,0,1,23728803,0.0,42.1
14140024,Pasco,0.0,1.673,1.673,34000,END OF UP 100493,134,0,9,0,0,9,143257317,0.0,93.5
14000089,Pasco,0.0,0.656,0.656,24000,TRINITY BLVD,92,0,7,0,0,5,39651264,0.0,232.0
02506000,Citrus,0.0,4.039,4.039,2500,E GOBBLER DR,51,0,2,0,0,0,25430554,0.0,200.5
14000240,Pasco,0.0,0.077,0.077,4000,BEXLEY VILLAGE DR,0,0,0,0,0,0,775698,0.0,0.0
14000240,Pasco,0.077,0.337,0.26,7500,N/A,0,0,0,0,0,0,4911075,0.0,0.0
14000240,Pasco,0.337,0.58,0.243,7500,N/A,0,0,0,0,0,0,4589966,0.0,0.0
14140000,Pasco,0.0,0.242,0.242,80000,14140007 NB OFF,3,0,1,0,0,1,48758160,0.0,6.2
14000058,Pasco,0.0,0.751,0.751,8600,US-19,70,0,1,0,0,1,16265984,0.0,430.3
14000207,Pasco,0.0,0.738,0.738,2400,FENNSBURY CT,0,0,0,0,0,0,4460767,0.0,0.0
14000127,Pasco,0.0,1.216,1.216,8500,SR-581 / BRUCE B DOW,0,0,0,0,0,0,26031216,0.0,0.0
14080000,Pasco,0.0,1.826,1.826,8800,US-301/SR-35,37,0,11,0,0,11,40469273,0.0,91.4
14520000,Pasco,0.0,2.366,2.366,3700,BELLAMY BROTHERS BLV,21,0,4,0,0,3,22047453,0.0,95.2
14520000,Pasco,10.426,11.192,0.766,4500,21 ST,88,0,8,0,0,7,8681270,0.0,1013.7
02470000,Citrus,0.0,4.329,4.329,11000,HERNANDO COUNTY LINE,0,0,0,0,0,0,119928452,0.0,0.0
02470000,Citrus,4.329,12.171,7.842,10600,N/A,0,0,0,0,0,0,209350816,0.0,0.0
02000068,Citrus,0.0,0.267,0.267,3000,S APOPKA AVE,0,0,0,0,0,0,2017318,0.0,0.0
14502000,Pasco,0.0,0.23,0.23,7000,CR-54,3,0,0,0,0,0,4054785,0.0,74.0
14000047,Pasco,0.0,0.255,0.255,3000,C AV,6,0,0,0,0,0,1926652,0.0,311.4
14000138,Pasco,0.0,0.133,0.133,24000,US-301/SR-39/GALL BL,12,0,0,0,0,0,8039052,0.0,149.3
14000138,Pasco,0.133,0.247,0.114,24000,LOWES ENT,1,0,0,0,0,0,6890616,0.0,14.5
14470014,Pasco,0.0,0.273,0.273,2100,SR 589 SB,6,0,1,0,0,1,1443856,0.0,415.6
14000072,Pasco,0.0,2.503,2.503,2400,SHINING STAR DR,19,0,1,0,0,1,15129133,0.0,125.6
02000007,Citrus,0.0,4.21,4.21,5100,W CITRUS SPRINGS BLV,33,0,2,0,0,1,54074714,0.0,61.0
02000007,Citrus,4.292,5.408,1.116,2200,W TEXACO CT,10,0,0,0,0,0,6183421,0.0,161.7
14000141,Pasco,0.0,0.521,0.521,8000,MENTMORE BLVD,4,0,0,0,0,0,10497108,0.0,38.1
14000183,Pasco,0.0,3.148,3.148,14300,SR-56,0,0,0,0,0,0,113373803,0.0,0.0
14000222,Pasco,0.0,0.45,0.45,6200,LAND O LAKES BLVD,0,0,0,0,0,0,7026615,0.0,0.0
14000176,Pasco,0.0,1.141,1.141,1800,NATURE COAST CONDO,0,0,0,0,0,0,5172495,0.0,0.0
14000118,Pasco,0.0,0.468,0.468,14500,BRUCE B DOWNS BLVD,46,0,3,0,0,3,17090541,0.0,269.2
14470004,Pasco,0.0,0.345,0.345,7500,SR 589 SB,9,0,0,0,0,0,6516619,0.0,138.1
14000077,Pasco,0.587,1.007,0.42,5300,HAPPY DAYS RV PARK,5,0,2,0,0,2,5606181,0.0,89.2
02000041,Citrus,0.0,0.455,0.455,7900,CYPRESS CIR,1,0,0,0,0,0,9052748,0.0,11.0
14140010,Pasco,0.0,0.122,0.122,750,I-75/SR-93,7,0,1,0,0,1,230443,0.0,3037.6
02040002,Citrus,0.0,0.024,0.024,9500,N FLORIDA AVE,2,0,0,0,0,0,574218,0.0,348.3
02000029,Citrus,0.0,2.113,2.113,4000,W VENABLE ST,57,0,3,0,0,1,21286362,0.0,267.8
14000234,Pasco,0.0,0.509,0.509,3900,PEACH TREE RD,0,0,0,0,0,0,4999474,0.0,0.0
14000144,Pasco,0.0,0.419,0.419,8600,SEA FOREST DR,58,0,2,0,0,1,9075163,0.0,639.1
14000155,Pasco,1.816,3.17,1.354,35000,N/A,1,0,0,0,0,0,119351715,0.0,0.8
14000116,Pasco,0.0,0.162,0.162,9400,0.162 MI S OF US-301,1,0,0,0,0,0,3835172,0.0,26.1
14000116,Pasco,0.162,0.989,0.827,11500,US-301/GALL BLVD,94,0,2,0,0,2,23952194,0.0,392.4
14000116,Pasco,4.286,6.288,2.002,7500,BOZEMAN RD,20,0,4,0,0,4,37815278,0.0,52.9
14000116,Pasco,6.288,8.829,2.541,11300,CR-52A/CLINTON AVE,142,0,15,0,0,11,72314446,0.0,196.4
14000043,Pasco,2.005,3.718,1.713,11500,COATS RD,115,0,13,0,0,11,49613191,0.0,231.8
02000055,Citrus,0.0,0.33,0.33,3400,W PONCE DELEON BL,3,0,1,0,0,1,2825757,0.0,106.2
14140025,Pasco,0.0,0.597,0.597,8000,SR-52 WB,0,0,0,0,0,0,12028356,0.0,0.0
14000154,Pasco,0.0,1.047,1.047,2400,COLLIER PKWY,16,0,1,0,0,1,6328487,0.0,252.8
14000154,Pasco,1.047,2.004,0.957,2400,CHERBOURG LP,7,0,0,0,0,0,5784491,0.0,121.0
14000219,Pasco,0.0,0.745,0.745,5300,SR 54,0,0,0,0,0,0,9944297,0.0,0.0
14000119,Pasco,0.0,0.736,0.736,57000,SR-54,10,0,1,0,0,1,105656112,0.0,9.5
14000119,Pasco,0.736,1.406,0.67,57000,N/A,2,0,0,0,0,0,96181515,0.0,2.1
14470016,Pasco,0.0,0.308,0.308,4900,CR578/COUNTY LINE RD,0,0,0,0,0,0,3800920,0.0,0.0
14000103,Pasco,0.0,0.431,0.431,11100,0.034 MI W OF CR-41,34,0,1,0,0,1,12048756,0.0,282.2
02050001,Citrus,0.0,0.087,0.087,1400,GULF TO LAKE HWY,3,0,0,0,0,0,306753,0.0,978.0
02000048,Citrus,0.0,1.424,1.424,8700,POPPY CT,1,0,0,0,0,0,31201193,0.0,3.2
14000056,Pasco,0.0,0.5,0.5,5600,RIDGE RD/CR-524,13,0,1,0,0,1,7051800,0.0,184.4
02000032,Citrus,0.0,2.989,2.989,1750,N ESSEX AVE,23,0,0,0,0,0,13173644,0.0,174.6
14000191,Pasco,0.0,0.632,0.632,14900,ROUNDABOUT,0,0,0,0,0,0,23716211,0.0,0.0
14580000,Pasco,5.386,6.122,0.736,1650,N/A,20,0,1,0,0,1,3058466,0.0,653.9
14580000,Pasco,6.122,7.308,1.186,2800,N/A,23,0,2,0,0,1,8363435,0.0,275.0
14000149,Pasco,0.0,1.002,1.002,14500,COUNTY LINE RD,56,0,0,0,0,0,36591286,0.0,153.0
14470015,Pasco,0.0,0.289,0.289,4900,SR 589 NB,6,0,2,0,0,2,3566448,0.0,168.2
14000093,Pasco,0.0,1.224,1.224,5000,RIVER CROSSING BLVD,4,0,1,0,0,1,15413220,0.0,26.0
02520000,Citrus,0.0,2.294,2.294,4400,HERNANDO COUNTY LINE,30,0,4,0,0,2,25420732,0.0,118.0
14000231,Pasco,0.0,2.116,2.116,19000,TUSCANY DR,0,0,0,0,0,0,101253774,0.0,0.0
14140009,Pasco,0.0,0.14,0.14,6000,CR-41/BLANTON RD WB,4,0,0,0,0,0,2115540,0.0,189.1
02510000,Citrus,0.0,0.052,0.052,7000,COURTHOUSE SQUARE,3,0,0,0,0,0,916734,0.0,327.2
02000005,Citrus,0.0,1.342,1.342,11000,CR-488/DUNNELLON RD,3,0,0,0,0,0,37178097,0.0,8.1
14000223,Pasco,0.0,1.257,1.257,4500,SMITH RD,0,0,0,0,0,0,14245895,0.0,0.0
14130000,Pasco,0.0,0.569,0.569,15100,US-98/301/SR-35/700,46,0,3,0,0,2,21638700,0.0,212.6
14130000,Pasco,0.569,0.851,0.282,20500,CR35A/OLD LKLAND HWY,60,0,2,0,0,0,14559449,0.0,412.1
02000001,Citrus,0.0,1.555,1.555,1300,US-41/SR-45/S FLA AV,9,0,0,0,0,0,5091148,0.0,176.8
14000066,Pasco,0.0,0.508,0.508,13200,CONGRESS ST,34,0,3,0,0,2,16888054,0.0,201.3
14000201,Pasco,0.0,1.366,1.366,5600,US-98 / SR-35,0,0,0,0,0,0,19265518,0.0,0.0
14630000,Pasco,0.0,3.903,3.903,9100,CR-54,61,0,11,0,0,10,89450320,0.0,68.2
14630000,Pasco,3.903,6.273,2.37,9100,N/A,75,0,9,0,0,7,54316490,0.0,138.1
14630000,Pasco,6.273,8.781,2.508,9100,N/A,59,0,17,0,0,15,57479222,0.0,102.6
14070001,Pasco,11.821,12.299,0.478,9800,SR-52 /MERIDIAN AVE,46,0,4,0,0,3,11797661,0.0,389.9
14070001,Pasco,12.299,12.499,0.2,9000,JEAN AV,6,0,1,0,0,0,4533300,0.0,132.4
14070001,Pasco,12.499,14.989,2.49,8900,N/A,52,0,4,0,0,2,55812479,0.0,93.2
02470005,Citrus,0.0,0.513,0.513,600,SR 589 SB,0,0,0,0,0,0,775194,0.0,0.0
02000040,Citrus,0.0,2.17,2.17,2050,W OAK PARK BLVD,5,0,3,0,0,2,11203547,0.0,44.6
02000040,Citrus,2.17,2.178,0.008,2050,N/A,0,0,0,0,0,0,41303,0.0,0.0
14470000,Pasco,0.0,1.28,1.28,65900,HILLSBOROUGH CNTY LN,121,0,5,0,0,5,212440512,0.0,57.0
02000035,Citrus,0.0,1.387,1.387,2100,S PLEASANT GROVE RD,6,0,0,0,0,0,7335635,0.0,81.8
14000189,Pasco,0.0,2.3,2.3,3600,US-19 / SR-55,0,0,0,0,0,0,20853180,0.0,0.0
02000073,Citrus,0.0,0.566,0.566,2300,HIGHLAND BLVD,0,0,0,0,0,0,3278583,0.0,0.0
14470050,Pasco,0.0,0.253,0.253,5100,SR 589 NB,0,0,0,0,0,0,3249621,0.0,0.0
14000217,Pasco,0.0,0.216,0.216,2400,COLLIER PKWY,0,0,0,0,0,0,1305590,0.0,0.0
14000217,Pasco,0.216,0.227,0.011,2400,CHESTERVIEW LOOP,0,0,0,0,0,0,66488,0.0,0.0
14000111,Pasco,0.0,0.624,0.624,3500,COLLIER PKWY,8,0,0,0,0,0,5500404,0.0,145.4
15000014,Pinellas,0.0,0.208,0.208,7500,CR-611 / MCMULLEN BO,3,0,0,0,0,0,3928860,0.0,76.4
14570003,Pasco,0.0,0.122,0.122,15000,SR-54,15,0,0,0,0,0,4608855,0.0,325.5
14000099,Pasco,0.0,0.766,0.766,1000,POWERLINE RD,2,0,1,0,0,0,1929171,0.0,103.7
02512000,Citrus,0.0,0.113,0.113,4600,US HWY 41 S,14,0,0,0,0,0,1309116,0.0,1069.4
02000042,Citrus,0.0,2.078,2.078,1750,W GULF TO LAKE HWY,8,0,0,0,0,0,9158525,0.0,87.4
14030030,Pasco,0.0,0.729,0.729,850,BERNARD AVE,21,0,1,0,0,0,1560589,0.0,1345.6
14140029,Pasco,0.0,0.357,0.357,22750,OVERPASS RD EB,0,0,0,0,0,0,20454627,0.0,0.0
02000030,Citrus,0.0,2.041,2.041,2100,S SUNCOAST BLVD,22,0,1,0,0,0,10794543,0.0,203.8
14000229,Pasco,0.0,1.027,1.027,9100,SR-56,0,0,0,0,0,0,23537145,0.0,0.0
14140011,Pasco,0.0,0.378,0.378,1600,CR-41/BLANTON RD,0,0,0,0,0,0,1523189,0.0,0.0
14000174,Pasco,0.0,0.503,0.503,2900,US-19 / SR-55,0,0,0,0,0,0,3673736,0.0,0.0
14000220,Pasco,0.0,0.294,0.294,2400,OLD PASCO RD,0,0,0,0,0,0,1777054,0.0,0.0
14000175,Pasco,0.0,1.317,1.317,6800,US-19 / SR-55,0,0,0,0,0,0,22554679,0.0,0.0
14000122,Pasco,0.0,0.32,0.32,4500,SEA FOREST DR,10,0,0,0,0,0,3626640,0.0,275.7
15000006,Pinellas,0.0,2.026,2.026,5000,N FLORIDA AVE,57,0,1,0,0,0,25512405,0.0,223.4
14140021,Pasco,0.297,0.332,0.035,36000,I-75 / SR-93,16,0,0,0,0,0,3173310,0.0,504.2
14000233,Pasco,0.0,1.637,1.637,9800,MENTMORE BLVD,0,0,0,0,0,0,40403288,0.0,0.0
14000206,Pasco,0.0,0.04,0.04,4000,SR-54 / 5 AVE,0,0,0,0,0,0,402960,0.0,0.0
14000206,Pasco,0.04,0.905,0.865,5000,N/A,0,0,0,0,0,0,10892512,0.0,0.0
14000206,Pasco,0.905,0.913,0.008,5000,SPUR,0,0,0,0,0,0,100740,0.0,0.0
14000097,Pasco,0.0,0.216,0.216,4400,GULF TRACE BLVD,20,0,0,0,0,0,2393582,0.0,835.6
02000065,Citrus,0.0,1.261,1.261,1400,W OAKHILL ST,0,0,0,0,0,0,4446160,0.0,0.0
02000038,Citrus,0.0,0.886,0.886,1200,S SUNCOAST BLVD,7,0,0,0,0,0,2677669,0.0,261.4
14000226,Pasco,0.0,0.194,0.194,2600,CHANCEY RD,0,0,0,0,0,0,1270331,0.0,0.0
14000140,Pasco,0.0,0.563,0.563,8600,SEA FOREST DR,25,0,0,0,0,0,12194073,0.0,205.0
15000004,Pinellas,0.0,1.444,1.444,6500,GULF RD,62,0,1,0,0,1,23638641,0.0,262.3
14000182,Pasco,0.0,1.349,1.349,2400,PALM SONG,0,0,0,0,0,0,8153896,0.0,0.0
14000168,Pasco,0.0,0.049,0.049,8400,CR-52,0,0,0,0,0,0,1036615,0.0,0.0
14000168,Pasco,0.049,0.062,0.013,3800,N/A,0,0,0,0,0,0,124414,0.0,0.0
02000075,Citrus,0.0,0.127,0.127,2200,N RANCH HEAD AVE,0,0,0,0,0,0,703669,0.0,0.0
14470012,Pasco,0.0,0.287,0.287,9500,SR 52/SCHRADER M HWY,15,0,1,0,0,0,6866690,0.0,218.4
14000200,Pasco,0.0,1.18,1.18,2400,LAND O LAKES BLVD,0,0,0,0,0,0,7132392,0.0,0.0
14000157,Pasco,0.0,1.807,1.807,2400,LAND O LAKES BLVD,76,0,1,0,0,1,10922231,0.0,695.8
14000052,Pasco,0.81,1.955,1.145,10000,HARRIET ST,93,0,3,0,0,0,28836825,0.0,322.5
02000022,Citrus,0.0,4.448,4.448,3500,W PINE RIDGE BLVD,25,0,2,0,0,2,39208008,0.0,63.8
14000208,Pasco,0.0,0.397,0.397,2400,MOSSY OAK CIR,0,0,0,0,0,0,2399627,0.0,0.0
15000293,Pinellas,0.0,0.917,0.917,2500,PATRICIA AVE,6,0,0,0,0,0,5773661,0.0,103.9
15020000,Pinellas,0.0,1.011,1.011,9400,DREW ST,36,0,0,0,0,0,23934313,0.0,150.4
15020000,Pinellas,1.011,1.103,0.092,9400,FAIRMONT ST,3,0,0,0,0,0,2177999,0.0,137.7
15020000,Pinellas,1.103,1.126,0.023,16500,N/A,2,0,0,0,0,0,955771,0.0,209.3
15020000,Pinellas,5.082,5.465,0.383,19200,N/A,55,0,0,0,0,0,18520042,0.0,297.0
15020000,Pinellas,5.909,7.39,1.481,17100,SR-586/CURLEW RD,155,0,7,0,0,5,63781264,0.0,243.0
15020000,Pinellas,11.556,13.207,1.651,13900,CR-880/KLOSTERMAN RD,307,0,9,0,0,3,57796805,0.0,531.2
15000081,Pinellas,0.0,1.209,1.209,1800,INDIAN ROCKS RD,22,0,1,0,0,1,5480760,0.0,401.4
15000444,Pinellas,0.0,0.751,0.751,3500,90 AVE,18,0,2,0,0,1,6619877,0.0,271.9
15000513,Pinellas,0.0,0.504,0.504,4500,END OF PAVEMENT,0,0,0,0,0,0,5711958,0.0,0.0
15000254,Pinellas,1.473,1.696,0.223,12000,22 AVE N,21,0,1,0,0,1,6739506,0.0,311.6
15000254,Pinellas,1.696,1.717,0.021,24500,49 ST N SB,2,0,0,0,0,0,1295768,0.0,154.3
15000254,Pinellas,1.717,2.502,0.785,23000,N/A,267,0,10,0,0,8,45471517,0.0,587.2
15000336,Pinellas,0.0,2.049,2.049,3700,ARKANSAS AV NE,33,0,0,0,0,0,19093504,0.0,172.8
15150702,Pinellas,0.0,0.053,0.053,1000,E SIDE OF PARKINGLOT,0,0,0,0,0,0,133480,0.0,0.0
15040000,Pinellas,0.0,0.247,0.247,2500,S FT HARRISON AVE,16,0,0,0,0,0,1555174,0.0,1028.8
15040000,Pinellas,0.247,1.214,0.967,4900,USA-19/MYRTLE AVE,58,0,3,0,0,0,11933409,0.0,486.0
15190078,Pinellas,0.0,0.523,0.523,22000,I-275/SR-93,21,0,0,0,0,0,28977861,0.0,72.5
15140502,Pinellas,0.0,2.364,2.364,17000,WALSINGHAM RD,114,0,2,0,0,0,101213478,0.0,112.6
15510000,Pinellas,0.0,2.779,2.779,9700,SR-688/WALSINGHAM RD,147,0,6,0,0,5,67889442,0.0,216.5
15190015,Pinellas,0.0,0.184,0.184,7200,I-275 / SR-93,14,0,1,0,0,1,3336509,0.0,419.6
15090000,Pinellas,1.891,2.903,1.012,37000,22 AVE N,598,0,7,0,0,4,94302714,0.0,634.1
02000009,Citrus,0.0,5.675,5.675,3500,N ELKCAM BLVD,24,0,2,0,0,2,50023706,0.0,48.0
14140006,Pasco,0.0,0.113,0.113,4000,I-75/SR-93 SB,1,0,0,0,0,0,1138362,0.0,87.8
14140006,Pasco,0.113,0.376,0.263,4000,N/A,45,0,0,0,0,0,2649462,0.0,1698.5
14000125,Pasco,0.0,0.616,0.616,24000,TRINITY BLVD,27,0,0,0,0,0,37233504,0.0,72.5
14000148,Pasco,0.0,0.993,0.993,5600,US-98 / US-301,19,0,0,0,0,0,14004875,0.0,135.7
14000187,Pasco,0.0,0.648,0.648,9800,SUNLAKE BLVD,0,0,0,0,0,0,15993482,0.0,0.0
02000047,Citrus,0.0,2.867,2.867,3600,W GULF TO LAKE HWY,20,0,1,0,0,1,25993942,0.0,76.9
14470053,Pasco,0.0,0.459,0.459,2400,SR 589 SB,0,0,0,0,0,0,2774380,0.0,0.0
02540000,Citrus,0.0,1.782,1.782,2400,CHASSAHOWITZKA BTRP,16,0,2,0,0,0,10771121,0.0,148.5
02000024,Citrus,0.0,3.374,3.374,3600,E GULF TO LAKE HWY,29,0,3,0,0,2,30590708,0.0,94.8
14000065,Pasco,0.0,1.076,1.076,7400,CR-77/SEVEN SPRINGS,75,0,4,0,0,3,20053304,0.0,374.0
14000198,Pasco,0.0,0.557,0.557,2900,FIVAY RD,0,0,0,0,0,0,4068133,0.0,0.0
14000078,Pasco,0.0,0.44,0.44,6100,US-19/SR-55,30,0,1,0,0,1,6759654,0.0,443.8
02050003,Citrus,0.0,0.081,0.081,1400,DEAD END,0,0,0,0,0,0,285598,0.0,0.0
02000054,Citrus,0.0,1.569,1.569,3000,CR-490/W YULEE DR,21,0,2,0,0,1,11854580,0.0,177.1
14040100,Pasco,0.0,0.181,0.181,3500,DALE MABRY HWY,4,0,0,0,0,0,1595470,0.0,250.7
14140027,Pasco,0.0,0.135,0.135,4000,OVERPASS RD WB,0,0,0,0,0,0,1359990,0.0,0.0
14000076,Pasco,6.613,7.656,1.043,15500,SHADY HILLS ELEM ENT,125,0,4,0,0,3,40715330,0.0,307.0
02000034,Citrus,0.0,2.668,2.668,2300,E LIBERTY ST,20,0,2,0,0,1,15454523,0.0,129.4
14000235,Pasco,0.0,0.287,0.287,7400,SR 52,0,0,0,0,0,0,5348790,0.0,0.0
14140023,Pasco,0.0,0.227,0.227,20000,I-75/SR-93 NB,49,0,1,0,0,1,11433990,0.0,428.5
14000081,Pasco,0.0,1.875,1.875,12500,US-301/GALL BLVD,124,0,3,0,0,1,59027344,0.0,210.1
02000017,Citrus,0.0,1.78,1.78,6800,CR-491/N LECANTO HWY,66,0,5,0,0,3,30483924,0.0,216.5
14140007,Pasco,0.0,0.161,0.161,17500,I-75/SR-93 NB,84,0,1,0,0,1,7095874,0.0,1183.8
14140007,Pasco,0.161,0.258,0.097,17500,N/A,42,0,1,0,0,1,4275154,0.0,982.4
14000055,Pasco,0.0,2.297,2.297,1950,SCENIC DR,156,0,10,0,0,9,11280739,0.0,1382.9
02010001,Citrus,0.0,0.066,0.066,31000,US-41 / SR-45,62,0,0,0,0,0,5152851,0.0,1203.2
14000215,Pasco,0.0,1.413,1.413,2400,SR-54,0,0,0,0,0,0,8540737,0.0,0.0
15000009,Pinellas,0.0,0.1,0.1,4600,CR-611/49 ST,1,0,0,0,0,0,1158510,0.0,86.3
14050100,Pasco,0.0,0.069,0.069,1600,KAUFMAN EYE INST,0,0,0,0,0,0,278042,0.0,0.0
14000101,Pasco,0.0,1.314,1.314,1850,CR-77/ROWAN RD,10,0,2,0,0,2,6122222,0.0,163.3
02470001,Citrus,0.0,0.412,0.412,650,SR 589 NB,0,0,0,0,0,0,674454,0.0,0.0
02000049,Citrus,0.0,0.866,0.866,2500,S CARNEGIE DR,9,0,1,0,0,0,5452552,0.0,165.1
02000008,Citrus,0.0,3.703,3.703,5800,N ELKCAM BLVD,59,0,0,0,0,0,54090832,0.0,109.1
14000230,Pasco,0.0,0.928,0.928,9100,SR-56,0,0,0,0,0,0,21268229,0.0,0.0
14000130,Pasco,0.0,4.056,4.056,8900,LOCK ST,39,0,3,0,0,3,90913820,0.0,42.9
02000072,Citrus,0.0,0.489,0.489,2300,ELLA AV,0,0,0,0,0,0,2832557,0.0,0.0
14121000,Pasco,0.0,4.36,4.36,18400, ,0,0,0,0,0,0,202044144,0.0,0.0
14121000,Pasco,0.0,4.36,4.36,35000,UNSIGNED,0,0,0,0,0,0,384323100,0.0,0.0
14000184,Pasco,0.0,0.576,0.576,2100,CR-52,0,0,0,0,0,0,3046378,0.0,0.0
14000194,Pasco,0.0,0.337,0.337,8500,CR-54 / WESLEY CHAPE,0,0,0,0,0,0,7214243,0.0,0.0
14000167,Pasco,0.0,1.797,1.797,8500,FLYING EBONY LN,0,0,0,0,0,0,38468828,0.0,0.0
15000012,Pinellas,0.0,0.149,0.149,2700,SR686/ROOSEVELT BLVD,0,0,0,0,0,0,1013193,0.0,0.0
14050001,Pasco,0.0,0.022,0.022,750,GORE NEAR US-301,0,0,0,0,0,0,41555,0.0,0.0
14050001,Pasco,0.022,0.399,0.377,1500,MATTINGLY LN,0,0,0,0,0,0,1424212,0.0,0.0
14501000,Pasco,0.0,1.381,1.381,4400,ANCLOTE BLVD,38,0,7,0,0,5,15303413,0.0,248.3
02000044,Citrus,0.0,2.261,2.261,5800,N DELTONA BLVD,15,0,1,0,0,0,33027105,0.0,45.4
14000062,Pasco,0.0,1.006,1.006,3300,TUCKER RD,10,0,0,0,0,0,8360916,0.0,119.6
02000036,Citrus,0.0,1.253,1.253,1600,S CROFT AVE,16,0,2,0,0,2,5049089,0.0,316.9
14000228,Pasco,0.0,0.435,0.435,2400,LEXINGTON OAKS BLVD,0,0,0,0,0,0,2629314,0.0,0.0
14600000,Pasco,0.0,4.543,4.543,2400,CR-578 /SAINT JOE RD,37,0,7,0,0,6,27459709,0.0,134.7
14000135,Pasco,0.0,0.061,0.061,4900,GALL BLVD,0,0,0,0,0,0,752780,0.0,0.0
15000005,Pinellas,0.0,2.369,2.369,4800,CARLTON RD,29,0,3,0,0,1,28638367,0.0,101.3
14000209,Pasco,0.0,1.552,1.552,3200,COLLIER PKWY,0,0,0,0,0,0,12507878,0.0,0.0
14000107,Pasco,1.987,3.53,1.543,5600,COYOTE RD,25,0,3,0,0,2,21761855,0.0,114.9
02900002,Citrus,0.0,0.388,0.388,4100,S LINE AVE,45,0,0,0,0,0,4006430,0.0,1123.2
02000060,Citrus,0.0,0.26,0.26,5100,CR-488 / W DUNNELLON,0,0,0,0,0,0,3339531,0.0,0.0
14470003,Pasco,0.0,0.367,0.367,7500,SR 54,8,0,1,0,0,1,6932171,0.0,115.4
14000098,Pasco,0.0,2.728,2.728,12000,SR-54,27,0,0,0,0,0,82445616,0.0,32.7
02500000,Citrus,0.0,7.633,7.633,2800,N FLORIDA AVE,68,0,13,0,0,12,53826389,0.0,126.3
02000063,Citrus,0.0,0.981,0.981,600,US-19 / N SUNCOAST B,0,0,0,0,0,0,1482389,0.0,0.0
02000023,Citrus,0.0,1.484,1.484,1400,S OLD FLORAL CITY RD,17,0,3,0,0,3,5232436,0.0,324.9
14000195,Pasco,0.0,1.039,1.039,7400,CR-77 / SEVEN SPRING,0,0,0,0,0,0,19363739,0.0,0.0
14000150,Pasco,0.0,1.106,1.106,8000,COUNTY LINE RD,38,0,1,0,0,1,22283688,0.0,170.5
14570100,Pasco,0.0,0.119,0.119,19000,SR-54,9,0,2,0,0,2,5694328,0.0,158.1
14000185,Pasco,0.0,0.373,0.373,5600,US-301/SR-700/SR-35,0,0,0,0,0,0,5260643,0.0,0.0
02000058,Citrus,0.0,5.229,5.229,9600,N SUNCOAST BLVD,15,0,1,0,0,1,126424670,0.0,11.9
14470051,Pasco,0.0,0.353,0.353,5100,RIDGE RD,0,0,0,0,0,0,4534056,0.0,0.0
14000094,Pasco,0.0,0.839,0.839,8000,UNSIGNED,12,0,0,0,0,0,16904172,0.0,71.0
02470003,Citrus,0.0,0.346,0.346,450,W CARDINAL ST,0,0,0,0,0,0,392130,0.0,0.0
02000015,Citrus,0.0,2.878,2.878,1400,US-19 / US-98 / SR-5,12,0,2,0,0,1,10147540,0.0,118.3
14140013,Pasco,0.0,0.091,0.091,5000,I-75 NB,23,0,4,0,0,4,1145918,0.0,2007.1
14000199,Pasco,0.0,2.26,2.26,6000,ROUNDABOUT,0,0,0,0,0,0,34150860,0.0,0.0
14000199,Pasco,2.26,5.3,3.04,6000,SUNLAKE BLVD,0,0,0,0,0,0,45937440,0.0,0.0
14000067,Pasco,0.0,1.996,1.996,3900,US-19/SR-55,61,0,3,0,0,3,19605011,0.0,311.1
14092000,Pasco,0.0,0.394,0.394,25000,SR-56,165,0,2,0,0,2,24807225,0.0,665.1
14506000,Pasco,3.915,4.565,0.65,14500,NORTHWOOD PALMS BLVD,165,0,6,0,0,5,23736863,0.0,695.1
14000123,Pasco,0.0,1.045,1.045,18000,COUNTY LINE RD,46,0,0,0,0,0,47372985,0.0,97.1
02000039,Citrus,0.0,1.298,1.298,3500,CR44/W FT ISLAND TRL,48,0,1,0,0,1,11441546,0.0,419.5
14030018,Pasco,0.0,1.976,1.976,1650,US-19 S,29,0,4,0,0,2,8211317,0.0,353.2
14470001,Pasco,0.0,0.372,0.372,12300,SR 589 NB,40,0,1,0,0,1,11523649,0.0,347.1
14000084,Pasco,0.0,2.27,2.27,4900,US301/SR39/GALL BLVD,38,0,0,0,0,0,28013276,0.0,135.6
14000193,Pasco,0.0,0.959,0.959,17400,CR-54 / WESLEY CHAPE,0,0,0,0,0,0,42025202,0.0,0.0
14000170,Pasco,0.0,0.721,0.721,2400,NEW LONDON AV,0,0,0,0,0,0,4358012,0.0,0.0
14000079,Pasco,0.0,1.013,1.013,500,ALLEN RD,11,0,0,0,0,0,1275620,0.0,862.3
02000067,Citrus,0.0,0.392,0.392,650,ROYAL CRES ST,0,0,0,0,0,0,641714,0.0,0.0
14140026,Pasco,0.0,0.32,0.32,4000,I-75/SR-93 SB,0,0,0,0,0,0,3223680,0.0,0.0
14000051,Pasco,0.0,0.502,0.502,7000,US301/SR39/GALL BLVD,40,0,1,0,0,0,8850009,0.0,452.0
02000033,Citrus,0.0,1.332,1.332,2050,N PONCE DE LEON BLVD,14,0,0,0,0,0,6877016,0.0,203.6
14000227,Pasco,0.0,0.235,0.235,7000,GREEN SLOPE DR,0,0,0,0,0,0,4142932,0.0,0.0
14000178,Pasco,0.0,0.72,0.72,950,20 ST,0,0,0,0,0,0,1722654,0.0,0.0
14000221,Pasco,0.0,1.483,1.483,2050,MEADOW POINTE BLVD,0,0,0,0,0,0,7656618,0.0,0.0
14000173,Pasco,0.0,0.716,0.716,2900,CLOCK TOWER PKWY,0,0,0,0,0,0,5229413,0.0,0.0
02000071,Citrus,0.0,0.24,0.24,2300,S BORDER AV,0,0,0,0,0,0,1390212,0.0,0.0
14110000,Pasco,2.742,3.448,0.706,9900,CR-535/CHANCEY RD,34,0,7,0,0,6,17602804,0.0,193.2
14470002,Pasco,0.0,0.384,0.384,12300,SR 54,17,0,1,0,0,1,11895379,0.0,142.9
02000050,Citrus,0.0,1.756,1.756,1400,E FLORAL PARK DR,12,0,3,0,0,2,6191480,0.0,193.8
14040101,Pasco,0.0,0.248,0.248,5500,LAND O LAKES BLVD,11,0,1,0,0,0,3435234,0.0,320.2
15000011,Pinellas,0.0,0.177,0.177,2700,SR686/ROOSEVELT BLVD,1,0,0,0,0,0,1203591,0.0,83.1
14000179,Pasco,0.0,0.039,0.039,950,ALSTON AVE,0,0,0,0,0,0,93310,0.0,0.0
14000237,Pasco,0.0,0.077,0.077,6700,HILLSBOROUGH CL,0,0,0,0,0,0,1299294,0.0,0.0
14000134,Pasco,0.0,1.903,1.903,11000,LAND O LAKES BLVD,23,0,4,0,0,3,52719760,0.0,43.6
14000163,Pasco,0.0,1.686,1.686,8000,MENTMORE BLVD,90,0,0,0,0,0,33969528,0.0,264.9
14000202,Pasco,0.0,0.344,0.344,850,FIVAY RD,0,0,0,0,0,0,736409,0.0,0.0
14470013,Pasco,0.0,0.27,0.27,2100,SR 52/SCHRADER M HWY,2,0,0,0,0,0,1427990,0.0,140.1
14000092,Pasco,0.0,1.341,1.341,6000,CHANCEY RD,23,0,0,0,0,0,20263851,0.0,113.5
02000062,Citrus,0.0,0.481,0.481,5100,CR-488/W DUNNELLON R,0,0,0,0,0,0,6178132,0.0,0.0
14000050,Pasco,0.0,1.115,1.115,400,SAN LUIS RD,37,0,3,0,0,2,1123251,0.0,3294.0
14000050,Pasco,1.115,2.312,1.197,11000,N/A,62,0,2,0,0,2,33161089,0.0,187.0
14000210,Pasco,0.0,1.27,1.27,18000,SR-52,0,0,0,0,0,0,57572910,0.0,0.0
14000146,Pasco,0.0,3.265,3.265,8000,SR-54,63,0,5,0,0,1,65783220,0.0,95.8
14000129,Pasco,0.0,1.006,1.006,21500,BLANTON RD,8,0,0,0,0,0,54472636,0.0,14.7
02000051,Citrus,0.0,2.189,2.189,1400,E ORANGE AVE,15,0,5,0,0,5,7718195,0.0,194.3
14000083,Pasco,0.0,5.383,5.383,18500,COMMERCIAL WAY,0,0,0,0,0,0,250806082,0.0,0.0
14000115,Pasco,0.0,0.191,0.191,9400,SPUR,8,0,0,0,0,0,4521715,0.0,176.9
02000059,Citrus,0.0,4.865,4.865,5100,N LECANTO HWY,68,0,3,0,0,3,62487763,0.0,108.8
14000241,Pasco,0.0,1.477,1.477,1950,SR-54,0,0,0,0,0,0,7253658,0.0,0.0
02000004,Citrus,0.0,3.284,3.284,7600,US-19 / US-98 / SR-5,83,0,4,0,0,3,62857730,0.0,132.0
14000059,Pasco,0.0,1.531,1.531,6200,LAND O LAKES BLVD,42,0,1,0,0,1,23906106,0.0,175.7
14570200,Pasco,0.0,0.077,0.077,19000,SR-54A/BLACK LAKE RD,0,0,0,0,0,0,3684566,0.0,0.0
14000090,Pasco,0.198,0.565,0.367,4600,OLD DIXIE HWY,10,0,1,0,0,1,4251732,0.0,235.2
02000026,Citrus,0.0,1.422,1.422,4800,W SEVEN RIVERS DR,47,0,6,0,0,6,17190274,0.0,273.4
14000245,Pasco,0.0,0.412,0.412,3500,TOWER RD,0,0,0,0,0,0,3631677,0.0,0.0
14000164,Pasco,0.0,0.953,0.953,5700,DARLINGTON RD,58,0,2,0,0,1,13680744,0.0,424.0
14000190,Pasco,0.0,0.309,0.309,800,DEA END,0,0,0,0,0,0,622573,0.0,0.0
15000038,Pinellas,0.0,1.03,1.03,2000,EDGEWATER DR,24,0,3,0,0,3,5188110,0.0,462.6
15000492,Pinellas,0.0,0.651,0.651,5000,PINELLAS AVE,0,0,0,0,0,0,8197718,0.0,0.0
15000465,Pinellas,0.0,0.177,0.177,4800,CR296/BRYAN DAIRY RD,42,0,1,0,0,1,2139718,0.0,1962.9
15000275,Pinellas,0.0,0.427,0.427,80,HIGHLAND AVE,0,0,0,0,0,0,86032,0.0,0.0
15000275,Pinellas,0.427,0.936,0.509,130,SCOTT ST,2,0,0,0,0,0,166649,0.0,1200.1
15000275,Pinellas,0.936,2.004,1.068,1400,FLAGLER DR,19,0,0,0,0,0,3765661,0.0,504.6
15000432,Pinellas,0.0,0.356,0.356,1800,BECKETT WAY,5,0,0,0,0,0,1613855,0.0,309.8
15000504,Pinellas,0.0,0.509,0.509,4600,95 ST N,0,0,0,0,0,0,5896816,0.0,0.0
15000504,Pinellas,0.509,0.566,0.057,8600,N/A,0,0,0,0,0,0,1234569,0.0,0.0
15000504,Pinellas,0.566,1.153,0.587,4600,88 WAY,0,0,0,0,0,0,6800454,0.0,0.0
15000503,Pinellas,0.0,0.516,0.516,4500,BELCHER RD N,0,0,0,0,0,0,5847957,0.0,0.0
15035001,Pinellas,0.0,0.568,0.568,15500,SR686 BYP/END GRDRL,1,0,0,0,0,0,22172874,0.0,4.5
15000252,Pinellas,0.0,2.114,2.114,6700,34 ST S,136,0,5,0,0,3,35671530,0.0,381.3
15000423,Pinellas,0.0,0.246,0.246,700,BELCHER RD,1,0,0,0,0,0,433686,0.0,230.6
15000024,Pinellas,0.0,1.262,1.262,4600,SR-580 / MAIN ST,38,0,2,0,0,1,14620396,0.0,259.9
15000152,Pinellas,0.0,0.322,0.322,14500,9 AVE N,77,0,1,0,0,0,11758876,0.0,654.8
15010000,Pinellas,0.103,0.5,0.397,5100,ALLEY,87,0,2,0,0,1,5099207,0.0,1706.1
15010000,Pinellas,0.5,0.577,0.077,10300,DR MARTIN LUTHER KIN,41,0,3,0,0,1,1997422,0.0,2052.6
15010000,Pinellas,2.51,3.765,1.255,24000,US-19/SR-55/34 ST N,274,0,1,0,0,1,75857220,0.0,361.2
15010000,Pinellas,7.657,8.02,0.363,41500,N/A,231,0,3,0,0,2,37939943,0.0,608.9
15010000,Pinellas,8.02,9.588,1.568,39500,CR-1/PARK ST N,383,0,17,0,0,13,155985816,0.0,245.5
15010000,Pinellas,9.81,10.191,0.381,8600,15010102 SB OFF,7,0,0,0,0,0,8252117,0.0,84.8
15000050,Pinellas,0.0,0.259,0.259,3000,N MYRTLE AVE,16,0,2,0,0,0,1956874,0.0,817.6
15000050,Pinellas,0.259,1.755,1.496,5000,N MLK JR AVE,41,0,3,0,0,3,18838380,0.0,217.6
15000050,Pinellas,1.755,2.048,0.293,5000,CASLER AVE,15,0,0,0,0,0,3689603,0.0,406.5
15000434,Pinellas,0.0,0.185,0.185,4400,SILVER EAGLE DR,25,0,0,0,0,0,2050059,0.0,1219.5
15003000,Pinellas,0.0,0.428,0.428,13500,I-275/SR-93 SB,1,0,0,0,0,0,14551893,0.0,6.9
15003000,Pinellas,0.428,0.666,0.238,48000,N/A,0,0,0,0,0,0,28771344,0.0,0.0
15003000,Pinellas,0.666,0.988,0.322,29500,15003002 WB ON,0,0,0,0,0,0,23923231,0.0,0.0
15003000,Pinellas,0.988,1.285,0.297,22500,15003004 WB ON,0,0,0,0,0,0,16829876,0.0,0.0
15003000,Pinellas,1.285,1.372,0.087,9400,4 ST S,118,0,5,0,0,3,2059629,0.0,5729.2
15000333,Pinellas,0.0,0.607,0.607,50000,SR-686 / EAST BAY DR,16,0,0,0,0,0,76436475,0.0,20.9
15000163,Pinellas,0.0,3.511,3.511,3700,78 AV N,217,0,7,0,0,4,32717078,0.0,663.3
15000163,Pinellas,3.511,4.265,0.754,1850,22 AV N,8,0,1,0,0,0,3513056,0.0,227.7
15000163,Pinellas,4.265,4.514,0.249,3700,9 AVE NE/N,30,0,0,0,0,0,2320294,0.0,1292.9
15000297,Pinellas,0.0,0.255,0.255,2900,MAIN ST/SR 580,11,0,0,0,0,0,1862431,0.0,590.6
15000065,Pinellas,0.0,3.18,3.18,5600,EAST BAY DR,89,0,0,0,0,0,44849448,0.0,198.4
15030000,Pinellas,4.534,5.45,0.916,27177,N/A,161,0,15,0,0,10,62695871,0.0,256.8
15030000,Pinellas,5.45,6.557,1.107,38500,CR-611/49 ST N,202,0,2,0,0,2,107337211,0.0,188.2
15030000,Pinellas,6.557,6.814,0.257,9400,NB ROOSEVELT BLVD,49,0,0,0,0,0,6084192,0.0,805.4
15030000,Pinellas,7.841,8.098,0.257,12000,SR-688/ULMERTON RD,4,0,0,0,0,0,7767054,0.0,51.5
15000173,Pinellas,0.0,1.491,1.491,6200,62 AVE N,55,0,0,0,0,0,23281518,0.0,236.2
15000173,Pinellas,1.491,1.994,0.503,3700,DR MLK JR ST N,23,0,0,0,0,0,4687180,0.0,490.7
15000173,Pinellas,1.994,2.255,0.261,3700,4 ST N,9,0,0,0,0,0,2432115,0.0,370.0
15000048,Pinellas,0.0,2.773,2.773,3000,WYATT ST,189,0,5,0,0,1,20951402,0.0,902.1
15000048,Pinellas,2.773,3.291,0.518,4400,PALMETTO ST,26,0,0,0,0,0,5740165,0.0,452.9
15000053,Pinellas,0.0,0.25,0.25,3800,37 ST S,0,0,0,0,0,0,2392575,0.0,0.0
15000451,Pinellas,0.0,1.747,1.747,52500,72 ST,255,0,5,0,0,2,230990524,0.0,110.4
15010101,Pinellas,0.0,0.76,0.76,9900,US-19A/SR-595/5 AVE,94,0,3,0,0,3,18949194,0.0,496.1
15000025,Pinellas,0.0,1.272,1.272,4000,BELTREES ST,8,0,0,0,0,0,12814128,0.0,62.4
15000025,Pinellas,1.272,1.741,0.469,800,SAN CHRISTOPHER DR,1,0,0,0,0,0,944941,0.0,105.8
15000500,Pinellas,0.0,0.695,0.695,350,FOREST LAKES BLVD,0,0,0,0,0,0,612625,0.0,0.0
15000490,Pinellas,0.0,1.422,1.422,350,SR-584/TAMPA RD,0,0,0,0,0,0,1253457,0.0,0.0
15000188,Pinellas,0.0,0.232,0.232,1200,FROM SR-60 EB,13,0,0,0,0,0,701150,0.0,1854.1
15025000,Pinellas,0.0,0.325,0.325,22000,ALUS-19/SR-60/SR-595,170,0,1,0,0,1,18007275,0.0,944.1
15025000,Pinellas,0.325,1.004,0.679,13500,CLEVELAND ST,121,0,4,0,0,2,23085830,0.0,524.1
15025000,Pinellas,1.004,1.592,0.588,12700,PALMETTO ST,58,0,3,0,0,1,18807151,0.0,308.4
15000134,Pinellas,0.0,0.691,0.691,3500,SR-699/GULF BLVD,17,0,1,0,0,1,6090992,0.0,279.1
15000134,Pinellas,0.691,0.802,0.111,2200,73 AVE,4,0,0,0,0,0,615018,0.0,650.4
15000296,Pinellas,0.0,0.924,0.924,5100,CR-1,20,0,0,0,0,0,11868179,0.0,168.5
15000072,Pinellas,0.186,0.36,0.174,1000,RELIGIOUS RETREAT,12,0,1,0,0,0,438219,0.0,2738.4
15002000,Pinellas,0.0,0.049,0.049,17000,I-275/SR-93,3,0,0,0,0,0,2097910,0.0,143.0
15002000,Pinellas,0.705,0.91,0.205,25500,N/A,5,0,0,0,0,0,13165459,0.0,38.0
15002000,Pinellas,0.91,1.166,0.256,25500,Bridge No-150145,21,0,1,0,0,0,16440768,0.0,127.7
15002000,Pinellas,1.166,1.22,0.054,15000,SR-595/5 AVE N,2,0,0,0,0,0,2039985,0.0,98.0
15000329,Pinellas,0.0,0.386,0.386,6100,ARKANSAS AV NE,4,0,0,0,0,0,5930060,0.0,67.5
15000291,Pinellas,0.0,2.044,2.044,6800,28 ST S,111,0,5,0,0,3,35005135,0.0,317.1
15000446,Pinellas,0.0,0.019,0.019,13500,CAUSEWAY BLVD,21,0,0,0,0,0,645995,0.0,3250.8
15000446,Pinellas,0.019,0.053,0.034,31500,N/A,1,0,0,0,0,0,2697314,0.0,37.1
15000446,Pinellas,0.053,0.074,0.021,13500,N/A,0,0,0,0,0,0,713995,0.0,0.0
15000060,Pinellas,0.0,2.6,2.6,6400,MYRTLE AVE,116,0,2,0,0,0,41907840,0.0,276.8
15000037,Pinellas,0.0,0.665,0.665,1100,EDGEWATER R,9,0,0,0,0,0,1842283,0.0,488.5
15000037,Pinellas,0.748,1.0,0.252,850,NEW YORK AVE,3,0,0,0,0,0,539463,0.0,556.1
15000322,Pinellas,0.0,0.062,0.062,9300,1 AVE S,16,0,0,0,0,0,1452167,0.0,1101.8
15000461,Pinellas,0.0,0.51,0.51,2800,4 ST N,10,0,0,0,0,0,3596418,0.0,278.1
15000461,Pinellas,0.51,1.037,0.527,2000,DR MLK JR ST N,9,0,2,0,0,1,2654499,0.0,339.0
15000106,Pinellas,0.0,2.98,2.98,5900,SR-693/66 ST N,450,0,18,0,0,13,44280267,0.0,1016.3
15000441,Pinellas,0.0,0.643,0.643,3000,FORELOCK RD,4,0,0,0,0,0,4858186,0.0,82.3
15000505,Pinellas,0.0,0.683,0.683,2900,DANIEL ST,0,0,0,0,0,0,4988393,0.0,0.0
15000422,Pinellas,0.0,0.782,0.782,4100,CR-501/BELCHER RD,14,0,0,0,0,0,8074815,0.0,173.4
15000069,Pinellas,0.0,0.803,0.803,13500,SIDEWALK TO PIER,169,0,1,0,0,0,27301799,0.0,619.0
15000069,Pinellas,0.803,1.796,0.993,750,N/A,8,0,0,0,0,0,1875653,0.0,426.5
15000501,Pinellas,0.0,0.3,0.3,4300,LANDMARK DR,0,0,0,0,0,0,3248865,0.0,0.0
15020100,Pinellas,0.0,0.123,0.123,1600,BAYWOOD DR N,0,0,0,0,0,0,495641,0.0,0.0
15000306,Pinellas,0.0,1.246,1.246,4300,US-19,24,0,2,0,0,2,13493619,0.0,177.9
15000030,Pinellas,0.0,1.274,1.274,2000,BELTREES ST,22,0,0,0,0,0,6417138,0.0,342.8
15000294,Pinellas,0.0,0.109,0.109,10700,US-19,20,0,0,0,0,0,2937327,0.0,680.9
15000294,Pinellas,0.554,0.733,0.179,4200,SKY HARBOR ESTATES,15,0,1,0,0,0,1893408,0.0,792.2
15000487,Pinellas,0.0,0.568,0.568,2150,238F FROM MISTY P CT,0,0,0,0,0,0,3075592,0.0,0.0
15000257,Pinellas,0.0,0.205,0.205,9300,CENTRAL AVE,44,0,1,0,0,0,4801520,0.0,916.4
15000424,Pinellas,0.0,0.413,0.413,4200,CR-611/EAST LAKE RD,19,0,0,0,0,0,4368590,0.0,434.9
15000021,Pinellas,0.0,0.759,0.759,5000,ORANGE ST,109,0,3,0,0,2,9557708,0.0,1140.4
15000301,Pinellas,0.0,0.15,0.15,2700,DEAD END/CUL DE SAC,2,0,0,0,0,0,1019992,0.0,196.1
15000486,Pinellas,0.0,0.25,0.25,3600,PELICAN DR S,0,0,0,0,0,0,2266650,0.0,0.0
15000156,Pinellas,0.0,0.186,0.186,2900,4 ST S,33,0,2,0,0,2,1358479,0.0,2429.2
15000279,Pinellas,0.0,0.905,0.905,1200,CR-1,0,0,0,0,0,0,2735091,0.0,0.0
15000440,Pinellas,0.0,1.776,1.776,11500,CR-95,71,0,2,0,0,1,51437844,0.0,138.0
15000404,Pinellas,0.0,0.439,0.439,3700,CR-611/49 ST N,15,0,1,0,0,1,4090800,0.0,366.7
15000404,Pinellas,0.993,1.255,0.262,2700,N/A,3,0,0,0,0,0,1781587,0.0,168.4
15000077,Pinellas,0.0,1.009,1.009,4600,8 AVE SW,24,0,0,0,0,0,11689366,0.0,205.3
15000171,Pinellas,0.0,0.249,0.249,1550,9 AVE N,5,0,0,0,0,0,972015,0.0,514.4
15000018,Pinellas,0.0,0.529,0.529,5000,N GULF DR,16,0,0,0,0,0,6661432,0.0,240.2
15000115,Pinellas,0.0,5.761,5.761,5400,66 ST N,481,0,12,0,0,6,78349024,0.0,613.9
15000089,Pinellas,0.0,1.013,1.013,6700,SR-688/WALSINGHAM RD,19,0,1,0,0,1,17093311,0.0,111.2
15000443,Pinellas,0.0,0.686,0.686,3700,EAST LAKE BUS,13,0,0,0,0,0,6392457,0.0,203.4
15009000,Pinellas,0.0,1.296,1.296,14600,BAYSHORE BLVD,80,0,1,0,0,1,47654050,0.0,167.9
15009000,Pinellas,2.063,2.581,0.518,26000,N/A,135,0,1,0,0,0,33919158,0.0,398.0
15009000,Pinellas,2.581,3.839,1.258,31500,US-19/SR-55,217,0,13,0,0,10,99800600,0.0,217.4
15009000,Pinellas,3.839,4.395,0.556,32000,COUNTRYSIDE BLVD,113,0,2,0,0,1,44809152,0.0,252.2
15009000,Pinellas,4.395,5.312,0.917,19900,CR611/MCMULLEN BOOTH,122,0,6,0,0,6,45958344,0.0,265.5
15000067,Pinellas,0.0,1.153,1.153,3400,INDIAN ROCKS RD,55,0,0,0,0,0,9873024,0.0,557.1
15000067,Pinellas,1.153,1.921,0.768,3400,US19A/SR651/MISSOURI,14,0,0,0,0,0,6576307,0.0,212.9
15000454,Pinellas,0.0,0.08,0.08,1600,N HERCULES AVE,0,0,0,0,0,0,322368,0.0,0.0
15000408,Pinellas,0.0,0.29,0.29,1900,118TH AVE,3,0,0,0,0,0,1387694,0.0,216.2
15000408,Pinellas,0.378,1.017,0.639,1900,N/A,8,0,0,0,0,0,3057711,0.0,261.6
15000502,Pinellas,0.0,0.662,0.662,2600,NO. GANDY BL,0,0,0,0,0,0,4334842,0.0,0.0
15000183,Pinellas,0.0,2.816,2.816,3800,DR MLK JR ST N,102,0,2,0,0,1,26949965,0.0,378.5
15035000,Pinellas,0.0,0.706,0.706,16250,CR-611/49 ST,2,0,0,0,0,0,28893491,0.0,6.9
15035000,Pinellas,0.706,3.694,2.988,32500,SR-686/ROOSEVELT BLV,28,0,0,0,0,0,244571535,0.0,11.4
15000102,Pinellas,0.0,0.693,0.693,9600,THE ATHENIAN ACADEMY,28,0,1,0,0,0,16755077,0.0,167.1
15000286,Pinellas,0.0,0.711,0.711,3600,US-19,11,0,0,0,0,0,6446353,0.0,170.6
15002002,Pinellas,0.0,0.039,0.039,7900,I-375 / SR-592,1,0,1,0,0,1,775950,0.0,128.9
15035003,Pinellas,0.0,0.286,0.286,24500,SR-686 EB,2,0,0,0,0,0,17647129,0.0,11.3
15000403,Pinellas,0.0,0.889,0.889,4900,66 ST N,31,0,3,0,0,2,10970838,0.0,282.6
15000403,Pinellas,1.067,1.764,0.697,4900,N/A,0,0,0,0,0,0,8601433,0.0,0.0
15000496,Pinellas,0.0,0.777,0.777,2150,END OF PAVEMENT,0,0,0,0,0,0,4207280,0.0,0.0
15000189,Pinellas,0.0,0.198,0.198,1200,CR-611 NB,2,0,0,0,0,0,598396,0.0,334.2
15000324,Pinellas,0.217,1.037,0.82,27500,SR-694F / GANDY BLVD,71,0,1,0,0,0,56792175,0.0,125.0
15000472,Pinellas,0.0,1.188,1.188,6700,SR-584/TAMPA RD,0,0,0,0,0,0,20046253,0.0,0.0
15000338,Pinellas,0.0,0.891,0.891,13900,VIRGINIA AVE,59,0,0,0,0,0,31191371,0.0,189.2
15000218,Pinellas,0.0,1.871,1.871,3100,26 AV S,192,0,5,0,0,5,14607552,0.0,1314.4
15000311,Pinellas,0.0,0.19,0.19,1700,3RD ST S / SR-687,16,0,1,0,0,1,813476,0.0,1966.9
15000311,Pinellas,0.19,0.51,0.32,3400,1 ST S,42,0,0,0,0,0,2740128,0.0,1532.8
15000311,Pinellas,0.51,0.546,0.036,1700,1 ST S,7,0,0,0,0,0,154132,0.0,4541.6
15000311,Pinellas,0.546,0.606,0.06,4900,1 AVE S,3,0,0,0,0,0,740439,0.0,405.2
15000311,Pinellas,0.606,1.06,0.454,4900,CENTRAL AVE SE,71,0,1,0,0,1,5602655,0.0,1267.3
15000274,Pinellas,0.0,2.38,2.38,4600,31 ST S,22,0,1,0,0,1,27572538,0.0,79.8
15000475,Pinellas,0.0,0.659,0.659,2600,41 ST S,0,0,0,0,0,0,4315198,0.0,0.0
15000055,Pinellas,0.0,4.526,4.526,8200,INDIAN ROCKS BLVD,265,0,9,0,0,3,93469594,0.0,283.5
15000427,Pinellas,0.0,1.723,1.723,1400,LAKEFRONT DR,5,0,0,0,0,0,6075126,0.0,82.3
15003003,Pinellas,0.0,0.062,0.062,4800,I-175 / SR-594,1,0,0,0,0,0,749506,0.0,133.4
15000339,Pinellas,0.0,0.763,0.763,5100,130 AVE,19,0,0,0,0,0,9800239,0.0,193.9
15000036,Pinellas,0.0,0.127,0.127,5300,HIGHLAND AVE,4,0,0,0,0,0,1695202,0.0,236.0
15000036,Pinellas,0.127,2.391,2.264,7000,MILWAUKEE AVE,94,0,4,0,0,2,39913188,0.0,235.5
15000198,Pinellas,0.0,0.509,0.509,3400,VIRGINIA ST,9,0,2,0,0,2,4358516,0.0,206.5
15000320,Pinellas,2.713,3.745,1.032,5200,5 AVE S,138,0,6,0,0,4,13515278,0.0,1021.1
15000473,Pinellas,0.0,0.894,0.894,3700,GSP WAREHOUSE ACCESS,0,0,0,0,0,0,8330694,0.0,0.0
15000271,Pinellas,0.0,0.496,0.496,5200,ULMERTON RD/SR -688,12,0,0,0,0,0,6495715,0.0,184.7
15000426,Pinellas,0.0,0.818,0.818,1500,LANSBROOK PKWY,4,0,0,0,0,0,3090200,0.0,129.4
15000516,Pinellas,0.0,0.76,0.76,1500,RIDGEMOOR BLVD,0,0,0,0,0,0,2871090,0.0,0.0
15010003,Pinellas,0.0,0.724,0.724,11000,US-19ALT/ SR-595 / T,34,0,1,0,0,1,20057334,0.0,169.5
15000401,Pinellas,0.0,0.716,0.716,31500,UNDERPASS 150257,197,0,3,0,0,2,56802249,0.0,346.8
15000118,Pinellas,0.0,1.544,1.544,8200,DUHME RD,92,0,1,0,0,1,31886225,0.0,288.5
15000438,Pinellas,0.0,1.706,1.706,21500,CR-611/EAST LAKE RD,94,0,2,0,0,1,92376062,0.0,101.8
15000510,Pinellas,0.0,0.682,0.682,4500,CR-1/STARKEY RD,0,0,0,0,0,0,7729277,0.0,0.0
15000083,Pinellas,0.0,1.38,1.38,3700,INDIAN ROCKS RD,72,0,3,0,0,1,12859461,0.0,559.9
15035005,Pinellas,0.059,0.189,0.13,3100,SR-686 WB,6,0,0,0,0,0,1014956,0.0,591.2
15000253,Pinellas,0.0,4.959,4.959,9000,PINELLAS POINT DR S,691,0,22,0,0,15,112403174,0.0,614.8
15000318,Pinellas,0.0,0.251,0.251,4600,US1-9/SR-55/34 ST S,35,0,0,0,0,0,2907860,0.0,1203.6
15000471,Pinellas,0.0,1.115,1.115,5000,US-19,0,0,0,0,0,0,14040638,0.0,0.0
15000435,Pinellas,0.0,0.746,0.746,7900,EAST LAKE RD,42,0,1,0,0,1,14842528,0.0,283.0
15003001,Pinellas,0.0,0.057,0.057,9300,I-175/SR-594 EB,0,0,0,0,0,0,1335057,0.0,0.0
15035023,Pinellas,0.0,0.037,0.037,12000,RAMP,0,0,0,0,0,0,1118214,0.0,0.0
15000331,Pinellas,0.0,0.503,0.503,6400,PINELLAS POINT DR S,16,0,0,0,0,0,8107555,0.0,197.3
15000216,Pinellas,0.0,0.499,0.499,1550,US-19 / SR-55 / 34 S,39,0,1,0,0,0,1947934,0.0,2002.1
15000068,Pinellas,0.0,1.6,1.6,14000,SR-60/MEMORIAL CSWY,32,0,0,0,0,0,56414400,0.0,56.7
15000498,Pinellas,0.0,0.488,0.488,4200,SR-60/GULF TO BAY BL,0,0,0,0,0,0,5161918,0.0,0.0
15030055,Pinellas,0.0,0.226,0.226,1600,SR688/ROOSEVELT BLVD,6,0,1,0,0,0,910690,0.0,658.8
15000185,Pinellas,0.0,1.59,1.59,21000,US-19 NB FRONTAGE RD,263,0,5,0,0,3,84092715,0.0,312.8
15000313,Pinellas,0.0,0.189,0.189,400,US-19 / SR-595 / BAY,1,0,0,0,0,0,190399,0.0,525.2
15000041,Pinellas,0.0,0.763,0.763,5400,NURSERY RD,15,0,0,0,0,0,10376724,0.0,144.6
15000041,Pinellas,0.763,0.875,0.112,5400,SANDRA DR,0,0,0,0,0,0,1523189,0.0,0.0
15000041,Pinellas,0.875,1.369,0.494,5400,JEFFORDS ST,41,0,2,0,0,2,6718351,0.0,610.3
15000041,Pinellas,1.369,4.897,3.528,11000,GULF TO BAY BLVD,212,0,18,0,0,15,97737948,0.0,216.9
15000288,Pinellas,0.161,0.807,0.646,18000,Bridge No-154355,59,0,1,0,0,1,29285118,0.0,201.5
15000463,Pinellas,0.0,0.163,0.163,4800,CR296/BRYAN DAIRY RD,2,0,0,0,0,0,1970474,0.0,101.5
15000061,Pinellas,0.0,1.071,1.071,5000,S BELCHER RD,18,0,0,0,0,0,13486568,0.0,133.5
15000453,Pinellas,0.0,0.185,0.185,12000,49 ST N,24,0,2,0,0,1,5591070,0.0,429.3
15000509,Pinellas,0.0,0.614,0.614,4300,C576/SUNSET POINT RD,0,0,0,0,0,0,6649344,0.0,0.0
15010001,Pinellas,0.038,0.84,0.802,11000,13 AVE N,4,0,0,0,0,0,22218207,0.0,18.0
15000410,Pinellas,0.0,0.504,0.504,3800,71 ST N,25,0,0,0,0,0,4823431,0.0,518.3
15000033,Pinellas,0.0,1.046,1.046,14500,PALMETTO ST,152,0,6,0,0,5,38198090,0.0,397.9
15000489,Pinellas,0.0,0.351,0.351,8500,ENTERPRISE RD E,0,0,0,0,0,0,7513945,0.0,0.0
15000319,Pinellas,0.0,0.666,0.666,16500,8 ST S,67,0,1,0,0,1,27675796,0.0,242.1
15030056,Pinellas,0.0,0.078,0.078,1200,SR-688/ULMERTON RD,0,0,0,0,0,0,235732,0.0,0.0
15000143,Pinellas,0.0,0.538,0.538,1950,TRADE WINDS DR S,12,0,0,0,0,0,2642158,0.0,454.2
15000143,Pinellas,0.538,2.208,1.67,24500,24 AVE S,368,0,14,0,0,6,103044428,0.0,357.1
15000284,Pinellas,0.0,1.253,1.253,1950,S FLORIDA AVE,18,0,1,0,0,0,6153577,0.0,292.5
15000282,Pinellas,0.0,2.912,2.912,8500,ENTERPRISE RD E,56,0,2,0,0,2,62337912,0.0,89.8
15000467,Pinellas,0.0,1.062,1.062,1200,S GULVIEW BLVD,140,0,4,0,0,2,3209576,0.0,4361.9
15000450,Pinellas,0.0,0.526,0.526,1000,BRIDGE #155522,14,0,0,0,0,0,1324731,0.0,1056.8
15000511,Pinellas,0.0,0.615,0.615,4600,END OF PAVEMENT,0,0,0,0,0,0,7124836,0.0,0.0
15000405,Pinellas,0.0,0.863,0.863,3800,TO FRONTAGE RD,22,0,1,0,0,0,8259169,0.0,266.4
15000495,Pinellas,0.0,1.288,1.288,4900,FEATHER SOUND DR,0,0,0,0,0,0,15894757,0.0,0.0
15000215,Pinellas,0.0,0.755,0.755,3700,SR-688/ WAISINGHAM R,17,0,0,0,0,0,7035430,0.0,241.6
15000137,Pinellas,1.09,1.185,0.095,700,N/A,0,0,0,0,0,0,167480,0.0,0.0
15000262,Pinellas,0.0,1.7,1.7,5100,US-19 NB FRONTAGE RD,56,0,1,0,0,1,21835395,0.0,256.5
15000052,Pinellas,0.0,0.5,0.5,13000,SR-60/COURT ST,70,0,1,0,0,0,16370250,0.0,427.6
15035022,Pinellas,0.0,0.013,0.013,12000,SR-686,0,0,0,0,0,0,392886,0.0,0.0
15000250,Pinellas,0.0,0.252,0.252,2600,5 AVE N,29,0,0,0,0,0,1650121,0.0,1757.4
15000407,Pinellas,0.0,1.053,1.053,2500,38 AVE N,67,0,2,0,0,1,6629951,0.0,1010.6
15000034,Pinellas,0.0,1.66,1.66,4000,SUNSET POINT RD,38,0,2,0,0,0,16722840,0.0,227.2
15000087,Pinellas,0.0,4.281,4.281,5100,74 AVE N,217,0,3,0,0,2,54986662,0.0,394.6
15000429,Pinellas,0.0,1.1,1.1,1200,PINELLAS AVE,29,0,0,0,0,0,3324420,0.0,872.3
15000519,Pinellas,0.0,0.173,0.173,1800,LINN HARBOR CT,0,0,0,0,0,0,784261,0.0,0.0
15000220,Pinellas,0.0,0.09,0.09,17000,US-19/SR-595/5 AVE N,24,0,2,0,0,1,3853305,0.0,622.8
15000400,Pinellas,0.0,0.994,0.994,4500,66 ST N,37,0,1,0,0,0,11265250,0.0,328.4
15000031,Pinellas,0.0,1.895,1.895,6000,SUNSET POINT DR,68,0,3,0,0,2,28635345,0.0,237.5
15000488,Pinellas,0.0,0.181,0.181,2200,CR-611/E LAKE RD S,0,0,0,0,0,0,1002867,0.0,0.0
15000205,Pinellas,0.0,0.921,0.921,28000,RR CROSS# 918637-G,125,0,5,0,0,5,64947078,0.0,192.5
15000323,Pinellas,0.0,0.797,0.797,2000,77 AVE N,25,0,3,0,0,2,4014489,0.0,622.7
15000462,Pinellas,0.0,0.395,0.395,1300,GULF BLVD,8,0,0,0,0,0,1293250,0.0,618.6
15000100,Pinellas,0.0,2.588,2.588,5600,66 ST,221,0,4,0,0,3,36500117,0.0,605.5
15000436,Pinellas,0.0,0.39,0.39,2150,RIDGELINE BLVD,11,0,0,0,0,0,2111762,0.0,520.9
15000506,Pinellas,0.0,0.598,0.598,6700,CUTTY BAY CT,0,0,0,0,0,0,10090622,0.0,0.0
15000076,Pinellas,0.0,1.0,1.0,3100,INDIAN ROCKS RD,59,0,3,0,0,3,7807350,0.0,755.7
15000314,Pinellas,0.0,1.263,1.263,6100,21 AVE NE,53,0,1,0,0,1,19403280,0.0,273.1
15000314,Pinellas,1.263,1.625,0.362,9900,BEACH DR,89,0,0,0,0,0,9025800,0.0,986.1
15030101,Pinellas,0.0,0.125,0.125,9500,AVENTURA AT BAY PLAC,25,0,1,0,0,1,2990719,0.0,835.9
15000032,Pinellas,0.0,0.501,0.501,1000,PINELLAS POINT DR S,3,0,0,0,0,0,1261768,0.0,237.8
15000482,Pinellas,0.0,0.354,0.354,12000,DRIFTWOOD DR W,0,0,0,0,0,0,10698588,0.0,0.0
15000075,Pinellas,0.0,2.4,2.4,900,INDIAN ROCKS RD,202,0,1,0,0,1,5439960,0.0,3713.3
15000433,Pinellas,0.0,3.002,3.002,2100,118 ST,75,0,4,0,0,1,15877128,0.0,472.4
15000191,Pinellas,0.0,0.175,0.175,1200,CR-611 SB,6,0,0,0,0,0,528885,0.0,1134.5
15000464,Pinellas,0.0,0.386,0.386,4800,SR-693/66 ST N,22,0,0,0,0,0,4666277,0.0,471.5
15000098,Pinellas,0.0,0.389,0.389,10300,94 AVE N,18,0,4,0,0,3,10090874,0.0,178.4
15000292,Pinellas,0.0,0.854,0.854,1300,US-19A/BAYSHORE BLVD,5,0,0,0,0,0,2796039,0.0,178.8
15000292,Pinellas,0.854,1.166,0.312,800,PATRICIA AVE,3,0,0,0,0,0,628618,0.0,477.2
15035004,Pinellas,0.0,0.5,0.5,11500,I-275 SB RP 15190030,6,0,0,0,0,0,14481375,0.0,41.4
15010302,Pinellas,0.0,0.323,0.323,13500,SR-666/T STUART CSWY,1,0,0,0,0,0,10981919,0.0,9.1
15000413,Pinellas,0.0,1.029,1.029,4600,86 AVE N,37,0,0,0,0,0,11921068,0.0,310.4
15000054,Pinellas,0.0,1.01,1.01,6400,PINELLAS POINT DR,0,0,0,0,0,0,16279584,0.0,0.0
15000497,Pinellas,0.0,0.387,0.387,2300,N JASMINE AVE,0,0,0,0,0,0,2241717,0.0,0.0
15000485,Pinellas,0.0,0.505,0.505,2600,N HERCULES AVE,0,0,0,0,0,0,3306790,0.0,0.0
15000091,Pinellas,0.0,2.172,2.172,3400,90 AVENUE,106,0,2,0,0,1,18598619,0.0,569.9
15000442,Pinellas,0.0,1.69,1.69,350,E LAKE WOODLANDS PKY,18,0,0,0,0,0,1489693,0.0,1208.3
15000508,Pinellas,0.0,0.511,0.511,7900,RIDGEMOOR BLVD,0,0,0,0,0,0,10166933,0.0,0.0
15010002,Pinellas,0.0,0.573,0.573,11000,18 AVE N,3,0,0,0,0,0,15874105,0.0,18.9
15000402,Pinellas,0.0,1.509,1.509,4700,PARK BLVD,25,0,0,0,0,0,17861958,0.0,140.0
15035017,Pinellas,0.0,0.32,0.32,1600,RAMP,0,0,0,0,0,0,1289472,0.0,0.0
15010004,Pinellas,0.0,1.652,1.652,11000,80 ST N,30,0,0,0,0,0,45766182,0.0,65.6
15000190,Pinellas,0.0,0.195,0.195,1200,SR-60 EB,2,0,0,0,0,0,589329,0.0,339.4
15000304,Pinellas,0.0,0.747,0.747,4200,66 ST N,35,0,1,0,0,0,7901542,0.0,443.0
15000097,Pinellas,0.0,2.675,2.675,1700,PARK BLVD,50,0,2,0,0,2,11452879,0.0,436.6
15000281,Pinellas,0.0,1.192,1.192,5500,COUNTRYSIDE BLVD,25,0,1,0,0,1,16511286,0.0,151.4
15000430,Pinellas,0.0,0.83,0.83,600,BEG OF PAVEMENT,0,0,0,0,0,0,1254213,0.0,0.0
15000411,Pinellas,0.2,0.807,0.607,3700,34 ST N,0,0,0,0,0,0,5656299,0.0,0.0
15000499,Pinellas,0.0,1.003,1.003,4900,SR-688/ULMERTON RD,0,0,0,0,0,0,12377672,0.0,0.0
15000325,Pinellas,0.0,0.188,0.188,60000,15241001 WB ON,0,0,0,0,0,0,28408680,0.0,0.0
15000481,Pinellas,0.0,1.01,1.01,3700,MICHAELS CIR,0,0,0,0,0,0,9411634,0.0,0.0
15000119,Pinellas,0.0,4.618,4.618,20000,BELCHER RD,600,0,27,0,0,22,232608660,0.0,257.9
15000298,Pinellas,0.0,2.307,2.307,2200,CR-611/EAST LAKE RD,25,0,3,0,0,2,12782395,0.0,195.6
15000439,Pinellas,0.0,0.598,0.598,3000,TARPON LAKE BLVD,12,0,1,0,0,0,4518189,0.0,265.6
15000512,Pinellas,0.0,0.714,0.714,6700,MAPLELEAF BLVD,0,0,0,0,0,0,12048000,0.0,0.0
15000165,Pinellas,0.0,1.73,1.73,21000,16 ST N,357,0,8,0,0,7,91497105,0.0,390.2
15000302,Pinellas,0.0,1.058,1.058,7200,FRONTAGE RD SB,36,0,1,0,0,1,19184926,0.0,187.6
15000124,Pinellas,0.0,2.967,2.967,300,49 ST S,149,0,5,0,0,1,2241717,0.0,6646.7
15000270,Pinellas,0.0,1.115,1.115,1800,USALT19/PINELLAS AVE,41,0,0,0,0,0,5054630,0.0,811.1
15000066,Pinellas,0.0,4.047,4.047,11000,SR-686/EAST BAY DR,428,0,12,0,0,7,112116064,0.0,381.7
15000448,Pinellas,0.0,0.075,0.075,31500,PIER 60 2ND CROSSWAL,36,0,0,0,0,0,5949956,0.0,605.0
15000448,Pinellas,0.075,0.212,0.137,31500,N/A,80,0,0,0,0,0,10868587,0.0,736.1
15003004,Pinellas,0.0,0.097,0.097,5200,6 ST S,4,0,0,0,0,0,1270331,0.0,314.9
15035018,Pinellas,0.0,0.225,0.225,12000,RAMP,0,0,0,0,0,0,6799950,0.0,0.0
15000251,Pinellas,0.0,1.17,1.17,4100,CENTRAL PARK DR,19,0,1,0,0,1,12081244,0.0,157.3
15000334,Pinellas,0.0,0.38,0.38,5600,MCMULLEN RD,12,0,0,0,0,0,5359368,0.0,223.9
15000203,Pinellas,0.0,0.25,0.25,2050,US-19A/SR-595,9,0,2,0,0,0,1290731,0.0,697.3
15000272,Pinellas,2.966,4.032,1.066,6200,15150400 FRNT RD SB,45,0,3,0,0,2,16645270,0.0,270.3
15035006,Pinellas,0.0,0.23,0.23,2100,118 AVE N,6,0,1,0,0,1,1216436,0.0,493.2
15000415,Pinellas,0.0,0.521,0.521,1750,SR-694/PARK BLVD,18,0,0,0,0,0,2296242,0.0,783.9
15000051,Pinellas,0.0,2.098,2.098,5800,GULF TO BAY BLVD,113,0,3,0,0,1,30646115,0.0,368.7
15000494,Pinellas,0.0,0.557,0.557,4200,SR-60/GULF TO BAY BL,0,0,0,0,0,0,5891779,0.0,0.0
15030102,Pinellas,0.0,0.108,0.108,12000,N FRONTAGE RD,7,0,0,0,0,0,3263976,0.0,214.5
15000491,Pinellas,0.0,0.857,0.857,4500,UNSIGNED,0,0,0,0,0,0,9712595,0.0,0.0
15000255,Pinellas,0.0,2.067,2.067,6800,SR-688 / ULMERTON RD,76,0,4,0,0,4,35399029,0.0,214.7
15000477,Pinellas,0.0,1.22,1.22,3300,RACETRACK RD,0,0,0,0,0,0,10139481,0.0,0.0
15000125,Pinellas,0.0,1.416,1.416,1000,PALM BLVD,6,0,1,0,0,1,3566196,0.0,168.2
15000300,Pinellas,0.0,0.253,0.253,4300,UNNAMED RD,4,0,0,0,0,0,2739876,0.0,146.0
15000431,Pinellas,0.0,0.221,0.221,2800,74 AVE N,7,0,0,0,0,0,1558448,0.0,449.2
15003002,Pinellas,0.0,0.122,0.122,6300,MLK ST S SB,1,0,0,0,0,0,1935719,0.0,51.7
15000332,Pinellas,0.0,0.421,0.421,1000,DEMARET DR,1,0,0,0,0,0,1060288,0.0,94.3
15000493,Pinellas,0.0,0.552,0.552,6700,CR-611/MCMULLEN B RD,0,0,0,0,0,0,9314420,0.0,0.0
15000217,Pinellas,0.0,0.653,0.653,10900,5 AV S,79,0,0,0,0,0,17925927,0.0,440.7
15000217,Pinellas,0.653,0.781,0.128,17000,20 ST S,8,0,0,0,0,0,5480256,0.0,146.0
15000020,Pinellas,0.0,1.928,1.928,3000,BAYSHORE BLVD,37,0,1,0,0,1,14567004,0.0,254.0
15000290,Pinellas,0.0,0.559,0.559,3900,CR-501/BELCHER RD,69,0,0,0,0,0,5490582,0.0,1256.7
15000122,Pinellas,0.0,1.899,1.899,13000,49 ST,206,0,5,0,0,2,62174210,0.0,331.3
15000428,Pinellas,0.0,0.217,0.217,350,LIVE OAK ST,4,0,0,0,0,0,191280,0.0,2091.2
15000412,Pinellas,0.0,0.754,0.754,5600,98 ST N,17,0,0,0,0,0,10634114,0.0,159.9
15000022,Pinellas,0.0,0.933,0.933,2000,BAYSHORE BLVD,8,0,0,0,0,0,4699521,0.0,170.2
15000310,Pinellas,0.0,0.12,0.12,2900,50 AVE N,4,0,0,0,0,0,876438,0.0,456.4
15000277,Pinellas,0.0,0.696,0.696,1650,SOLON AVE,0,0,0,0,0,0,2892245,0.0,0.0
15000466,Pinellas,0.0,0.189,0.189,4800,SR-693/66 ST N,1,0,0,0,0,0,2284783,0.0,43.8
15000056,Pinellas,0.085,1.322,1.237,7100,94 AVE N,0,0,0,0,0,0,22119230,0.0,0.0
15002001,Pinellas,0.0,0.078,0.078,3200,US-19A / SR-595,1,0,1,0,0,0,628618,0.0,159.1
15035024,Pinellas,0.0,0.047,0.047,12000,RAMP,0,0,0,0,0,0,1420434,0.0,0.0
15000219,Pinellas,0.0,0.507,0.507,6400,62 AV S,7,0,0,0,0,0,8172029,0.0,85.7
15000507,Pinellas,0.0,1.138,1.138,18500,CR-584A/NEBRASKA AVE,0,0,0,0,0,0,53021980,0.0,0.0
15000406,Pinellas,0.0,1.026,1.026,6800,EB CR-296/118 AVE N,57,0,0,0,0,0,17571071,0.0,324.4
15000047,Pinellas,0.0,1.328,1.328,8000,DREW ST,75,0,7,0,0,6,26756544,0.0,280.3
15000474,Pinellas,0.0,1.31,1.31,10600,SR-679/PINELLAS BAYW,0,0,0,0,0,0,34971891,0.0,0.0
15000057,Pinellas,0.252,0.428,0.176,1800,RIVO PL,0,0,0,0,0,0,797861,0.0,0.0
15002003,Pinellas,0.0,0.118,0.118,3400,8 ST N,0,0,0,0,0,0,1010422,0.0,0.0
15010053,Pinellas,0.0,0.487,0.487,1700,US-19A/SEMINOLE BLVD,1,0,0,0,0,0,2085066,0.0,48.0
15000258,Pinellas,0.0,1.636,1.636,7600,SR-693 / 66 ST,71,0,3,0,0,2,31314022,0.0,226.7
15000340,Pinellas,0.0,1.224,1.224,7200,58 ST N,33,0,0,0,0,0,22195037,0.0,148.7
15000035,Pinellas,0.0,1.046,1.046,1600,UNION ST,12,0,0,0,0,0,4214962,0.0,284.7
15190037,Pinellas,0.0,0.223,0.223,9700,CR-184 / 38 AVE N,8,0,2,0,0,0,5447767,0.0,146.8
15150013,Pinellas,0.0,0.1,0.1,7200,CR-611/49 ST SB,0,0,0,0,0,0,1813320,0.0,0.0
15190000,Pinellas,0.5,2.555,2.055,102000,Bridge No-150183,334,0,11,0,0,8,527902785,0.0,63.3
15190000,Pinellas,13.785,14.379,0.594,172000,N/A,197,0,11,0,0,8,257310108,0.0,76.6
15110500,Pinellas,0.0,2.627,2.627,2100,CR-138/GULFPORT BLVD,141,0,6,0,0,3,13893809,0.0,1014.8
15230000,Pinellas,0.0,0.606,0.606,26000,PARK ST,150,0,3,0,0,3,39681486,0.0,378.0
15150701,Pinellas,0.0,0.329,0.329,4200,DREW ST,3,0,0,0,0,0,3480063,0.0,86.2
15150000,Pinellas,13.578,14.411,0.833,91500,N/A,30,0,0,0,0,0,191958811,0.0,15.6
15150000,Pinellas,19.845,20.417,0.572,110000,Bridge No-150248,165,0,5,0,0,4,158464020,0.0,104.1
08000059,Hernando,0.0,0.525,0.525,1900,HUNTERS LAKE RD,0,0,0,0,0,0,2512204,0.0,0.0
15190041,Pinellas,0.0,0.186,0.186,6500,22 ST N,3,0,0,0,0,0,3044866,0.0,98.5
15120000,Pinellas,10.566,10.613,0.047,68500,N/A,15,0,0,0,0,0,8108311,0.0,185.0
15506000,Pinellas,0.0,2.382,2.382,5000,US ALT 19,44,0,6,0,0,3,29995335,0.0,146.7
15090001,Pinellas,0.0,0.13,0.13,15500,US-92/SR-687,13,0,0,0,0,0,5074778,0.0,256.2
15090001,Pinellas,0.13,0.218,0.088,6880,100 AV N,64,0,1,0,0,1,1524801,0.0,4197.3
15240050,Pinellas,0.0,0.276,0.276,15000,SR-694 / GANDY BLVD,13,0,0,0,0,0,10426590,0.0,124.7
15150304,Pinellas,0.0,0.029,0.029,1600,US-19 / SR-55,1,0,1,0,0,0,116858,0.0,855.7
08000023,Hernando,0.0,0.656,0.656,1200,CANDLELIGHT BLVD,4,0,0,0,0,0,1982563,0.0,201.8
15190009,Pinellas,0.0,0.167,0.167,5500,26 AVE S,0,0,0,0,0,0,2313242,0.0,0.0
15070000,Pinellas,0.0,0.602,0.602,3600,BROADWAY,43,0,2,0,0,1,5458093,0.0,787.8
15070000,Pinellas,0.602,1.028,0.426,11900,BASS BLVD,37,0,3,0,0,1,12767284,0.0,289.8
15070000,Pinellas,1.028,1.283,0.255,27000,N/A,51,0,1,0,0,1,17339872,0.0,294.1
15070000,Pinellas,1.283,1.782,0.499,27500,CROSLEY DR,122,0,2,0,0,1,34560116,0.0,353.0
15070000,Pinellas,2.797,3.34,0.543,45000,N/A,262,0,3,0,0,0,61539547,0.0,425.7
15070000,Pinellas,3.34,4.136,0.796,36000,US-19/SR-55,222,0,14,0,0,7,72170136,0.0,307.6
15070000,Pinellas,6.153,7.37,1.217,35500,SR-590/PHILIPPE PKWY,31,0,0,0,0,0,108808015,0.0,28.5
15240000,Pinellas,0.66,1.56,0.9,70500,N/A,340,0,3,0,0,3,159798825,0.0,212.8
15240000,Pinellas,3.33,3.376,0.046,37500,15241200 S FRNT RD,44,0,1,0,0,1,4344412,0.0,1012.8
15240000,Pinellas,3.376,5.76,2.384,28500,15241100 N FRNT RD,182,0,6,0,0,5,171116964,0.0,106.4
15240000,Pinellas,5.76,5.883,0.123,4800,N/A,5,0,0,0,0,0,1486922,0.0,336.3
15150106,Pinellas,0.0,0.043,0.043,3100,SR-55 NB FRONTAGE RD,0,0,0,0,0,0,335716,0.0,0.0
15045000,Pinellas,0.0,0.606,0.606,36500,CSWY PARKING ENTR,49,0,0,0,0,0,55706702,0.0,88.0
15045000,Pinellas,1.402,1.697,0.295,29500,SR-60 WB/COURT ST,175,0,5,0,0,4,21917246,0.0,798.5
08000061,Hernando,0.0,0.457,0.457,1900,US-41/N BROAD ST,0,0,0,0,0,0,2186814,0.0,0.0
15190053,Pinellas,0.0,0.207,0.207,15000,I-275 / SR-93,34,0,0,0,0,0,7819942,0.0,434.8
15517000,Pinellas,2.082,3.551,1.469,65500,CR-576/MAIN ST,232,0,12,0,0,11,242328811,0.0,95.7
15517000,Pinellas,3.551,4.332,0.781,68000,CR-638/ENTERPRISE RD,204,0,5,0,0,5,133752498,0.0,152.5
08000009,Hernando,11.546,12.464,0.918,16500,N/A,51,0,1,0,0,1,38147720,0.0,133.7
15501000,Pinellas,4.043,5.976,1.933,18000,N/A,112,0,9,0,0,7,87628689,0.0,127.8
15150207,Pinellas,0.0,0.022,0.022,1600,FRONTAGE RD SB,0,0,0,0,0,0,88651,0.0,0.0
15050005,Pinellas,0.0,1.252,1.252,14500,15150031 NB FRNT RD,0,0,0,0,0,0,45720849,0.0,0.0
15050005,Pinellas,1.252,2.41,1.158,6400,CR-611/MCMULLEN BOOT,0,0,0,0,0,0,18665107,0.0,0.0
15050005,Pinellas,2.41,4.629,2.219,8500,DELAWARE ST,0,0,0,0,0,0,47502688,0.0,0.0
15050005,Pinellas,4.629,5.978,1.349,10000,CR-638/ENTERPRISE RD,0,0,0,0,0,0,33974565,0.0,0.0
15200001,Pinellas,2.97,3.29,0.32,39500,DOLPHIN CAY LN S,74,0,4,0,0,1,31833840,0.0,232.5
15200001,Pinellas,3.29,3.721,0.431,20000,41 ST S,40,0,1,0,0,0,21709470,0.0,184.3
15150004,Pinellas,0.0,0.162,0.162,13500,SR-694/PARK BLVD,33,0,1,0,0,1,5507960,0.0,599.1
15540000,Pinellas,0.0,0.249,0.249,30500,US-19 / 34 TH ST N,153,0,3,0,0,3,19126748,0.0,799.9
15200000,Pinellas,0.0,0.195,0.195,4700,SPUR,0,0,0,0,0,0,2308205,0.0,0.0
15200000,Pinellas,0.195,3.414,3.219,3600,N/A,7,0,4,0,0,4,29185385,0.0,24.0
15200000,Pinellas,3.414,5.144,1.73,5800,ANDERSON BLVD,17,0,1,0,0,1,25270629,0.0,67.3
15200000,Pinellas,5.144,8.366,3.222,16500,Bridge No-150243,51,0,0,0,0,0,133891015,0.0,38.1
15200000,Pinellas,8.366,9.96,1.594,16500,1 ST,76,0,3,0,0,1,66239069,0.0,114.7
15150010,Pinellas,0.0,0.094,0.094,6700,CR-611 / 49 ST,3,0,0,0,0,0,1586151,0.0,189.1
08000038,Hernando,0.0,1.505,1.505,5500,SORREL ST,19,0,1,0,0,1,20846884,0.0,91.1
15190027,Pinellas,0.0,0.153,0.153,9300,I-275 / SR-93,18,0,1,0,0,1,3583574,0.0,502.3
15140501,Pinellas,3.646,4.016,0.37,1200,15000007 SB ON,65,0,0,0,0,0,1118214,0.0,5812.8
15100000,Pinellas,0.0,0.111,0.111,10600,W MARITANA DR,12,0,0,0,0,0,2963267,0.0,405.0
15100000,Pinellas,7.289,7.955,0.666,19900,140 AVE,112,0,4,0,0,3,33378688,0.0,335.5
15100000,Pinellas,7.955,9.354,1.399,29000,N/A,204,0,4,0,0,1,102178063,0.0,199.7
15150101,Pinellas,0.0,0.039,0.039,3100,US-19/SR-55 NB,0,0,0,0,0,0,304487,0.0,0.0
08000013,Hernando,0.0,1.423,1.423,5200,SR-50/CORTEZ BLVD,46,0,2,0,0,1,18635893,0.0,246.8
08000013,Hernando,3.193,4.6,1.407,1800,CR-485/COBB RD,32,0,2,0,0,0,6378353,0.0,501.7
08000013,Hernando,4.6,5.81,1.21,1300,PONCE DE LEON /US-98,20,0,1,0,0,0,3961600,0.0,504.8
15190035,Pinellas,0.0,0.136,0.136,11000,38 AVE N,3,0,0,0,0,0,3767676,0.0,79.6
15241000,Pinellas,0.0,2.245,2.245,57000,15240047 EB OFF,0,0,0,0,0,0,322279852,0.0,0.0
15150110,Pinellas,0.0,0.037,0.037,3100,SR-55 FRONTAGE RD,0,0,0,0,0,0,288872,0.0,0.0
15241200,Pinellas,0.0,1.084,1.084,3000,SR-694/GANDY BL EB,0,0,0,0,0,0,8190162,0.0,0.0
15090101,Pinellas,0.0,0.279,0.279,11500,US-19A/SR-595,120,0,0,0,0,0,8080607,0.0,1485.0
15090101,Pinellas,0.279,0.375,0.096,29000,2 AVE N,33,0,0,0,0,0,7011504,0.0,470.7
15090101,Pinellas,0.375,0.715,0.34,11500,1 AVE N,179,0,10,0,0,4,9847335,0.0,1817.8
15090101,Pinellas,0.715,0.812,0.097,29000,4 AVE S,74,0,0,0,0,0,7084541,0.0,1044.5
15060000,Pinellas,1.884,2.073,0.189,2800,35 AVE N,2,0,0,0,0,0,1332790,0.0,150.1
15190026,Pinellas,0.0,0.137,0.137,5000,54 AVE N,2,0,0,0,0,0,1725172,0.0,115.9
08000020,Hernando,0.0,0.936,0.936,2200,SR-50/CORTEZ BLVD,10,0,0,0,0,0,5186095,0.0,192.8
15061101,Pinellas,0.0,0.187,0.187,1300,US-19/SB FRONTAGE RD,61,0,0,0,0,0,612247,0.0,9963.3
15240003,Pinellas,0.844,1.051,0.207,1000,BEGIN PAVEMENT,4,0,0,0,0,0,521329,0.0,767.3
15150104,Pinellas,0.0,0.021,0.021,3100,SR-55 NB FRONTAGE RD,0,0,0,0,0,0,163954,0.0,0.0
15050001,Pinellas,2.87,4.29,1.42,28000,N NIMBUS AVE,496,0,22,0,0,18,100135560,0.0,495.3
15190909,Pinellas,0.0,4.248,4.248,140000, ,0,0,0,0,0,0,1497802320,0.0,0.0
15900023,Pinellas,0.0,1.102,1.102,5600,BELCHER RD,0,0,0,0,0,0,15542167,0.0,0.0
15036001,Pinellas,0.0,0.467,0.467,1900,CR-296/118 AVE N,0,0,0,0,0,0,2234665,0.0,0.0
15190076,Pinellas,0.0,0.617,0.617,21500,SR-688/ULMERTON RD,14,0,0,0,0,0,33409162,0.0,41.9
08000022,Hernando,0.0,2.453,2.453,1100,CR-550/CORTEZ BLVD,16,0,2,0,0,1,6795669,0.0,235.4
15180503,Pinellas,5.045,5.727,0.682,10900,N/A,243,0,7,0,0,3,18722025,0.0,1297.9
15242000,Pinellas,0.0,2.131,2.131,31500,US-19,0,0,0,0,0,0,169058090,0.0,0.0
15150205,Pinellas,0.0,0.02,0.02,1600,US-19 SB FRONTAGE RD,0,0,0,0,0,0,80592,0.0,0.0
08000006,Hernando,0.0,0.743,0.743,4900,US98/SR700/PONCE LEO,3,0,0,0,0,0,9169103,0.0,32.7
08000006,Hernando,0.743,1.433,0.69,5000,JOYCE DR,27,0,1,0,0,0,8688825,0.0,310.7
15200002,Pinellas,0.0,1.327,1.327,40000,CR-679 / PINELLAS BA,0,0,0,0,0,0,133681980,0.0,0.0
15200002,Pinellas,1.327,1.523,0.196,1300,ANDERSON (1WAY S),0,0,0,0,0,0,641714,0.0,0.0
08000054,Hernando,0.0,0.404,0.404,1300,US-41/BROAD ST,0,0,0,0,0,0,1322716,0.0,0.0
15190074,Pinellas,0.0,0.443,0.443,4600,DR MLK JR N,2,0,0,0,0,0,5132199,0.0,39.0
15110000,Pinellas,0.0,0.509,0.509,20000,BLIND PASS RD,72,0,3,0,0,2,25638330,0.0,280.8
15110000,Pinellas,0.509,1.536,1.027,23500,SAILBOAT KEY BLVD,182,0,6,0,0,3,60782738,0.0,299.4
15110000,Pinellas,1.536,1.775,0.239,28500,GULFPORT BLVD,81,0,7,0,0,4,17154763,0.0,472.2
08000036,Hernando,2.469,6.107,3.638,16500,BARCLAY AVE/CR-585,195,0,13,0,0,11,151178000,0.0,129.0
08000027,Hernando,0.0,1.006,1.006,5100,SR-50/E JEFFERSON ST,26,0,1,0,0,1,12921416,0.0,201.2
15150029,Pinellas,0.0,0.217,0.217,11000,US-19 SB,0,0,0,0,0,0,6011660,0.0,0.0
15190908,Pinellas,0.0,2.172,2.172,140000, ,0,0,0,0,0,0,765825480,0.0,0.0
15190036,Pinellas,0.0,0.232,0.232,9500,I-275 / SR-93,48,0,1,0,0,1,5550774,0.0,864.7
15140000,Pinellas,2.191,3.878,1.687,14686,174 AVE E,127,0,6,0,0,3,62396548,0.0,203.5
15140000,Pinellas,3.878,6.752,2.874,13300,SPUR,222,0,9,0,0,3,96267648,0.0,230.6
15190013,Pinellas,0.0,0.271,0.271,7500,I-275 / SR 93 NB,19,0,0,0,0,0,5118851,0.0,371.2
15150703,Pinellas,0.0,0.057,0.057,1300,ACCESS RD A,0,0,0,0,0,0,186621,0.0,0.0
15190065,Pinellas,0.0,0.22,0.22,17000,US-19A / SR-595 / 5,8,0,0,0,0,0,9419190,0.0,84.9
15240049,Pinellas,0.0,0.531,0.531,12500,I-275/SR-93 SB,7,0,1,0,0,1,16716544,0.0,41.9
15150201,Pinellas,0.0,0.058,0.058,1600,US-19 SB,0,0,0,0,0,0,233717,0.0,0.0
15150014,Pinellas,0.0,0.092,0.092,7200,US 19 NB,2,0,0,0,0,0,1668254,0.0,119.9
08000056,Hernando,0.0,0.25,0.25,2000,US-19,0,0,0,0,0,0,1259250,0.0,0.0
15190032,Pinellas,0.0,0.12,0.12,3100,I-275/SR-93 NB,13,0,0,0,0,0,936882,0.0,1387.6
15242112,Pinellas,0.0,0.12,0.12,4800,SR-690 / GATEWAY EXP,0,0,0,0,0,0,1450656,0.0,0.0
08000018,Hernando,0.0,0.866,0.866,1400,HORSE LAKE RD,8,0,0,0,0,0,3053429,0.0,262.0
15190011,Pinellas,0.0,0.189,0.189,4800,I-275 / SR-93,9,0,0,0,0,0,2284783,0.0,393.9
15050003,Pinellas,0.0,0.247,0.247,14000, ,0,0,0,0,0,0,8708973,0.0,0.0
15050003,Pinellas,0.247,2.89,2.643,20111, ,0,0,0,0,0,0,133866770,0.0,0.0
15150203,Pinellas,0.0,0.045,0.045,1600,US-19 SB,0,0,0,0,0,0,181332,0.0,0.0
08000062,Hernando,0.0,0.224,0.224,850,US-19,0,0,0,0,0,0,479522,0.0,0.0
15190029,Pinellas,0.0,0.656,0.656,21500,15190032 NB OFF,40,0,0,0,0,0,35520924,0.0,112.6
15150019,Pinellas,0.0,2.844,2.844,11000,DREW ST,81,0,1,0,0,1,78788754,0.0,102.8
15150403,Pinellas,0.0,0.081,0.081,1600,FRONTAGE RD,1,0,0,0,0,0,326398,0.0,306.4
15150001,Pinellas,0.0,0.165,0.165,13500,SR-694 / GANDY BLVD,64,0,0,0,0,0,5609959,0.0,1140.8
08000052,Hernando,0.0,0.297,0.297,800,SUZANNE DR,0,0,0,0,0,0,598396,0.0,0.0
15190042,Pinellas,0.0,0.175,0.175,5600,I-275 / SR-93,16,0,3,0,0,2,2468130,0.0,648.3
15150900,Pinellas,0.0,0.713,0.713,11500,SR-682/54 AVE S,5,0,0,0,0,0,20650441,0.0,24.2
15150900,Pinellas,0.713,1.102,0.389,11500,Bridge No-150175,2,0,0,0,0,0,11266510,0.0,17.8
15241100,Pinellas,0.0,1.286,1.286,3000,US92SR600/GANDY BLVD,0,0,0,0,0,0,9716373,0.0,0.0
15150206,Pinellas,0.0,0.04,0.04,1600,US-19 SB,0,0,0,0,0,0,161184,0.0,0.0
15550000,Pinellas,0.0,1.78,1.78,18500,US-19A / SR-595,178,0,2,0,0,1,82934205,0.0,214.6
08000004,Hernando,0.0,9.533,9.533,1000,CORTEZ BLVD/SR-50,25,0,5,0,0,3,24008860,0.0,104.1
15150024,Pinellas,0.0,0.054,0.054,3100,FRONTAGE RD SB,1,0,0,0,0,0,421597,0.0,237.2
15200100,Pinellas,0.0,0.121,0.121,4600,FENCE LINE,7,0,0,0,0,0,1401797,0.0,499.4
15190081,Pinellas,0.0,1.185,1.185,4800,RAMP,0,0,0,0,0,0,14325228,0.0,0.0
15150300,Pinellas,0.0,1.034,1.034,11000,COUNTRYSIDE ENTR,257,0,8,0,0,5,28645419,0.0,897.2
15150023,Pinellas,0.0,0.497,0.497,11000,SR-60/GULF TO BAY WB,180,0,7,0,0,7,13768640,0.0,1307.3
15036004,Pinellas,0.0,0.075,0.075,750,SR-689 / 40 ST N,0,0,0,0,0,0,141666,0.0,0.0
15190072,Pinellas,0.0,0.164,0.164,12000,22 AVE N,6,0,0,0,0,0,4956408,0.0,121.1
15500000,Pinellas,0.251,2.9,2.649,13500,HONEYMOON ISLAND,195,0,1,0,0,1,90065338,0.0,216.5
08000050,Hernando,9.951,10.831,0.88,18000,N/A,61,0,5,0,0,4,39893040,0.0,152.9
15190031,Pinellas,0.0,0.259,0.259,2100,SR-686 / ROOSEVELT B,6,0,0,0,0,0,1369812,0.0,438.0
08000011,Hernando,0.0,1.639,1.639,5400,COUNTY LINE RD/CR578,48,0,2,0,0,1,22290236,0.0,215.3
15240046,Pinellas,0.0,0.649,0.649,11500,15240050 SB ON,13,0,0,0,0,0,18796825,0.0,69.2
15190904,Pinellas,0.0,0.564,0.564,3000,PINELLAS POINT DR S,9,0,0,0,0,0,4261302,0.0,211.2
15190075,Pinellas,0.0,0.719,0.719,8400,15190078 WB ON,7,0,0,0,0,0,15210733,0.0,46.0
15080000,Pinellas,2.127,2.974,0.847,56000,N/A,43,0,1,0,0,1,119457492,0.0,36.0
15240048,Pinellas,0.0,0.263,0.263,13500,SR-694/GANDY BLVD WB,14,0,0,0,0,0,8941934,0.0,156.6
15190010,Pinellas,0.0,0.317,0.317,5600,I-375 / SR-592,6,0,0,0,0,0,4470841,0.0,134.2
15050002,Pinellas,0.0,1.07,1.07,19700,ST PETE DR,42,0,1,0,0,1,53087462,0.0,79.1
15050002,Pinellas,1.07,1.133,0.063,6600,N/A,2,0,0,0,0,0,1047192,0.0,191.0
15190305,Pinellas,0.0,0.342,0.342,8500,RAMP 15190306,14,0,0,0,0,0,7321280,0.0,191.2
15150405,Pinellas,0.0,0.022,0.022,1600,US 19 FRONTAGE RD SB,2,0,0,0,0,0,88651,0.0,2256.0
08000045,Hernando,0.0,1.726,1.726,4000,CORTEZ BLVD,18,0,0,0,0,0,17387724,0.0,103.5
08000025,Hernando,0.0,1.143,1.143,1450,CORTEZ BLVD/SR-50,15,0,0,0,0,0,4174036,0.0,359.4
15120002,Pinellas,0.0,0.267,0.267,12000,SR688/ULMERTON RD,0,0,0,0,0,0,8069274,0.0,0.0
15240002,Pinellas,0.0,0.817,0.817,2000,EDGE OF PAVEMENT,4,0,0,0,0,0,4115229,0.0,97.2
15150302,Pinellas,0.0,0.029,0.029,1600,US-19/SR-55 NB,0,0,0,0,0,0,116858,0.0,0.0
15220000,Pinellas,0.197,1.225,1.028,36500,Bridge No-150043,217,0,3,0,0,2,94499157,0.0,229.6
15220000,Pinellas,1.726,1.959,0.233,14000,SR-60/PIERCE BLVD,6,0,0,0,0,0,8215347,0.0,73.0
15190025,Pinellas,0.0,0.131,0.131,4000,22 AVE S,4,0,0,0,0,0,1319694,0.0,303.1
08000030,Hernando,0.0,1.064,1.064,2400,CR484/MONDON HILL RD,22,0,3,0,0,2,6431242,0.0,342.1
15190016,Pinellas,0.0,0.181,0.181,7400,28 ST S,4,0,0,0,0,0,3373279,0.0,118.6
08000039,Hernando,0.0,0.452,0.452,1600,BROAD ST,8,0,0,0,0,0,1821379,0.0,439.2
15190080,Pinellas,0.0,0.469,0.469,11500,RAMP,0,0,0,0,0,0,13583530,0.0,0.0
08000026,Hernando,0.0,0.722,0.722,1000,WISCON RD,9,0,0,0,0,0,1818357,0.0,495.0
15150400,Pinellas,0.0,2.135,2.135,11000,US-19/SR-55,252,0,7,0,0,6,59146972,0.0,426.1
15190082,Pinellas,0.0,0.031,0.031,3500,CR-806 SB,0,0,0,0,0,0,273257,0.0,0.0
15150015,Pinellas,0.0,0.278,0.278,6700,US-19 NB,2,0,0,0,0,0,4690958,0.0,42.6
08000060,Hernando,0.0,1.213,1.213,1800,CR578/COUNTY LINE RD,0,0,0,0,0,0,5498893,0.0,0.0
15190077,Pinellas,0.0,0.055,0.055,3500,15190076 NB ON,2,0,0,0,0,0,484811,0.0,412.5
15190077,Pinellas,0.055,0.283,0.228,2600,N/A,7,0,1,0,0,1,1492967,0.0,468.9
15516000,Pinellas,0.0,1.854,1.854,15000,PASADENA AVE,124,0,7,0,0,7,70039485,0.0,177.0
15190008,Pinellas,0.0,0.158,0.158,4200,I-275 / SR-93,6,0,0,0,0,0,1671277,0.0,359.0
15241003,Pinellas,0.0,0.083,0.083,12500,15241100 N FRNT RD,0,0,0,0,0,0,2612944,0.0,0.0
15150107,Pinellas,0.0,0.09,0.09,3100,US-19 NB,0,0,0,0,0,0,702662,0.0,0.0
15240047,Pinellas,0.0,0.46,0.46,23500,I-275/SR-93 NB,37,0,2,0,0,2,27224985,0.0,135.9
15150025,Pinellas,0.0,0.251,0.251,11000,US-19 SB / SR-55,51,0,2,0,0,2,6953578,0.0,733.4
08000002,Hernando,0.0,3.212,3.212,3800,CR-493/HEXAM RD,16,0,1,0,0,1,30739804,0.0,52.0
15190902,Pinellas,0.0,0.139,0.139,900,PINELLAS POINT DR S,2,0,0,0,0,0,315064,0.0,634.8
15590001,Pinellas,0.0,1.504,1.504,38000,US-19/34 ST N,755,0,16,0,0,11,143937312,0.0,524.5
15190071,Pinellas,0.0,0.492,0.492,9500,I-275 / SR-93,9,0,0,0,0,0,11771469,0.0,76.5
08000012,Hernando,0.0,6.064,6.064,2000,CHURCH RD,17,0,2,0,0,2,30544368,0.0,55.7
15190017,Pinellas,0.0,0.339,0.339,7200,1-275/SR-93 NB,4,0,0,0,0,0,6147155,0.0,65.1
15150108,Pinellas,0.0,0.094,0.094,3100,US-19/SR-55 NB,0,0,0,0,0,0,733891,0.0,0.0
08000053,Hernando,0.0,1.656,1.656,2000,345 FEET S OF TELLOR,0,0,0,0,0,0,8341272,0.0,0.0
15190903,Pinellas,0.0,0.103,0.103,5200,I-275/SR-93 SB,4,0,0,0,0,0,1348909,0.0,296.5
08000057,Hernando,0.0,0.371,0.371,4000,PIEDMONT DR,0,0,0,0,0,0,3737454,0.0,0.0
15190039,Pinellas,0.0,0.153,0.153,8400,54 AVE N,7,0,0,0,0,0,3236776,0.0,216.3
15070500,Pinellas,4.236,5.242,1.006,20000,CR-776/NEBRASKA AVE,43,0,0,0,0,0,50672220,0.0,84.9
15242111,Pinellas,0.0,0.102,0.102,4800,118 AVE N,0,0,0,0,0,0,1233058,0.0,0.0
15050004,Pinellas,0.0,1.747,1.747,11000,DREW ST,0,0,0,0,0,0,48398014,0.0,0.0
15200003,Pinellas,0.0,0.418,0.418,20000,US-19/SR-55/34 ST S,36,0,0,0,0,0,21054660,0.0,171.0
15150026,Pinellas,0.0,0.003,0.003,3100,US-19/SR-55,0,0,0,0,0,0,23422,0.0,0.0
08000044,Hernando,0.0,2.067,2.067,8300,CORTEZ BLVD,52,0,2,0,0,1,43207638,0.0,120.3
15190030,Pinellas,0.0,0.262,0.262,2500,I-275/SR-93 SB,20,0,2,0,0,2,1649618,0.0,1212.4
15240043,Pinellas,0.0,0.605,0.605,7100,SR-694 / GANDY BLVD,67,0,0,0,0,0,10818217,0.0,619.3
15150401,Pinellas,0.0,0.049,0.049,1600,US-19/SR-55 SB,1,0,0,0,0,0,197450,0.0,506.5
15150202,Pinellas,0.0,0.078,0.078,1600,US-19 FRONTAGE RD,0,0,0,0,0,0,314309,0.0,0.0
15090010,Pinellas,0.0,0.312,0.312,57000,W OF ACCESS RD,4,0,0,0,0,0,44789004,0.0,8.9
15190906,Pinellas,0.0,0.24,0.24,4100,I-275 NB,1,0,0,0,0,0,2478204,0.0,40.4
15150011,Pinellas,0.0,0.086,0.086,6700,US-19 / SR-55,2,0,0,0,0,0,1451160,0.0,137.8
08000058,Hernando,0.0,0.557,0.557,1100,SUNSHINE GROVE RD,0,0,0,0,0,0,1543085,0.0,0.0
15190073,Pinellas,0.0,0.138,0.138,11500,I-275 / SR-93,22,0,1,0,0,0,3996860,0.0,550.4
15140503,Pinellas,0.0,0.608,0.608,9100,GULFVIEW BLVD,175,0,2,0,0,1,13934357,0.0,1255.9
15240001,Pinellas,0.0,0.639,0.639,2000,SR-694/GANDY BLVD,4,0,0,0,0,0,3218643,0.0,124.3
15150032,Pinellas,0.063,1.396,1.333,11000,HILLCREST VILLAS ENT,244,0,5,0,0,5,36928766,0.0,660.7
15150003,Pinellas,0.0,0.209,0.209,13500,US-19/SR-55 SB,9,0,0,0,0,0,7105948,0.0,126.7
08000051,Hernando,0.0,0.259,0.259,800,HALE AVE,0,0,0,0,0,0,521833,0.0,0.0
15190038,Pinellas,0.0,0.209,0.209,10500,I-275 / SR-93 / NB,23,0,2,0,0,2,5526848,0.0,416.2
15190033,Pinellas,0.0,0.21,0.21,11000,I-275 / SR-93,27,0,0,0,0,0,5817735,0.0,464.1
15511000,Pinellas,0.0,0.255,0.255,7500,CR-611/MCMULLE BOOTH,2,0,0,0,0,0,4816631,0.0,41.5
15511000,Pinellas,0.255,0.851,0.596,16500,CR-752/TAMPA RD,150,0,5,0,0,4,24766929,0.0,605.6
15511000,Pinellas,0.851,0.955,0.104,8250,TO EAST LAKE RD SB,0,0,0,0,0,0,2160873,0.0,0.0
08000015,Hernando,0.0,1.24,1.24,6800,CR578/COUNTY LINE RD,68,0,2,0,0,2,21235992,0.0,320.2
15150030,Pinellas,0.0,0.123,0.123,11500,15150095 NB FRNT RD,0,0,0,0,0,0,3562418,0.0,0.0
15190306,Pinellas,0.0,0.895,0.895,8900,I-275/SR-93 SB,12,0,0,0,0,0,20061112,0.0,59.8
08000041,Hernando,0.0,5.035,5.035,5000,CROOM RD,15,0,0,0,0,0,63403238,0.0,23.7
15190034,Pinellas,0.0,0.228,0.228,12000,22 AVE N WB,10,0,2,0,0,2,6890616,0.0,145.1
15190012,Pinellas,0.0,0.156,0.156,12500,I-275 / SR-93,27,0,0,0,0,0,4911075,0.0,549.8
15190901,Pinellas,0.0,0.075,0.075,900,I-275/SR-93 NB,5,0,0,0,0,0,169999,0.0,2941.2
15100500,Pinellas,0.0,1.768,1.768,4000,1 AVE,32,0,0,0,0,0,17810832,0.0,179.7
15150031,Pinellas,0.0,2.403,2.403,11000,US-19 / SR-55 NB,233,0,5,0,0,4,66571510,0.0,350.0
15150002,Pinellas,0.0,0.2,0.2,13500,US-19,18,0,0,0,0,0,6799950,0.0,264.7
08000055,Hernando,0.0,0.509,0.509,1400,CR-445/HOWELL AVE,0,0,0,0,0,0,1794683,0.0,0.0
15241002,Pinellas,0.0,0.15,0.15,11500,SR-694/GANDY BLVD,0,0,0,0,0,0,4344412,0.0,0.0
15190024,Pinellas,0.0,0.173,0.173,9000,22 AVE S,6,0,0,0,0,0,3921304,0.0,153.0
15150028,Pinellas,0.0,0.086,0.086,3100,ACCESS RD,1,0,0,0,0,0,671432,0.0,148.9
08000063,Hernando,0.0,0.073,0.073,3500,CR-445/HOWELL AVE,0,0,0,0,0,0,643477,0.0,0.0
15190028,Pinellas,0.0,0.252,0.252,10000,SR-686/ROOSEVELT BLV,17,0,0,0,0,0,6346620,0.0,267.9
08470002,Hernando,0.0,0.293,0.293,1450,SR 589 SB,2,0,0,0,0,0,1069985,0.0,186.9
08050000,Hernando,10.312,10.982,0.67,16100,JASMINE DR,89,0,4,0,0,4,27167060,0.0,327.6
08050000,Hernando,12.476,12.558,0.082,10500,N/A,11,0,0,0,0,0,2168428,0.0,507.3
08050000,Hernando,12.558,12.766,0.208,12000,N MILDRED AVE,31,0,4,0,0,3,6286176,0.0,493.1
08010000,Hernando,7.678,8.142,0.464,39000,CR-570/WISCON RD,221,0,3,0,0,2,45574776,0.0,484.9
08010000,Hernando,9.291,9.687,0.396,10500,S MILDRED AVE,122,0,4,0,0,2,10471923,0.0,1165.0
08010000,Hernando,10.077,10.362,0.285,12000,US98/SR700/JEFFERSON,31,0,1,0,0,0,8613270,0.0,359.9
08010000,Hernando,16.581,17.786,1.205,4700,CR-476/LK LINDSEY RD,29,0,7,0,0,7,14263525,0.0,203.3
08010000,Hernando,17.786,18.875,1.089,4200,CHILDS RD,8,0,1,0,0,1,11519115,0.0,69.4
08470014,Hernando,0.0,0.489,0.489,1900,US 98,0,0,0,0,0,0,2339938,0.0,0.0
08051000,Hernando,0.0,0.072,0.072,12000,US98/SR700/SR50A,15,0,0,0,0,0,2175984,0.0,689.3
10000274,Hillsborough,0.0,1.405,1.405,7900,HARNEY RD,35,0,0,0,0,0,27954091,0.0,125.2
10000274,Hillsborough,1.405,1.573,0.168,5200,N/A,1,0,0,0,0,0,2200162,0.0,45.5
10190455,Hillsborough,0.0,0.243,0.243,8400,I-4 WB/SR-400,10,0,1,0,0,0,5140762,0.0,194.5
10340000,Hillsborough,2.653,3.134,0.481,30000,U41B/S685/N HIGHLAND,362,0,8,0,0,5,36341955,0.0,996.1
10340000,Hillsborough,5.578,6.34,0.762,15400,US-41/SR-599/N 40 ST,215,0,4,0,0,2,29554094,0.0,727.5
10340000,Hillsborough,6.34,7.285,0.945,24000,SR-583/N 50 ST,272,0,2,0,0,2,57119580,0.0,476.2
10340000,Hillsborough,8.084,8.871,0.787,39500,ORIENT RD,288,0,9,0,0,6,78291350,0.0,367.9
10340000,Hillsborough,11.892,12.291,0.399,44000,N/A,175,0,3,0,0,2,44214786,0.0,395.8
10290000,Hillsborough,0.255,0.505,0.25,54500,TO 10320142 SB ON,376,0,0,0,0,0,34314562,0.0,1095.7
10190140,Hillsborough,0.0,0.288,0.288,8500,SR-400/I-4 WB,5,0,0,0,0,0,6165288,0.0,81.1
10190140,Hillsborough,0.288,0.956,0.668,8500,N/A,13,0,0,0,0,0,14300043,0.0,90.9
10190140,Hillsborough,0.956,1.072,0.116,8500,N/A,3,0,1,0,0,1,2483241,0.0,120.8
10250000,Hillsborough,6.623,6.698,0.075,43500,10002024 EB ON,36,0,0,0,0,0,8216606,0.0,438.1
10250000,Hillsborough,6.698,6.853,0.155,15500,N/A,129,0,4,0,0,4,6050696,0.0,2132.0
10250000,Hillsborough,6.853,7.154,0.301,10000,N/A,96,0,2,0,0,0,7580685,0.0,1266.4
10250000,Hillsborough,7.447,7.92,0.473,3600,10190448 EB ON,197,0,2,0,0,0,4288502,0.0,4593.7
10250000,Hillsborough,7.92,8.177,0.257,7400,SR-585/N 21 ST,29,0,0,0,0,0,4789683,0.0,605.5
10250000,Hillsborough,8.616,9.639,1.023,11700,N/A,343,0,2,0,0,1,30144178,0.0,1137.9
10000057,Hillsborough,0.0,1.894,1.894,2200,S WEST SHORE BLVD,202,0,0,0,0,0,10494086,0.0,1924.9
10000057,Hillsborough,1.894,2.338,0.444,15700,S MACDILL AVE,50,0,0,0,0,0,17555960,0.0,284.8
10000057,Hillsborough,2.338,2.403,0.065,200,S TAMPANIA AV,15,0,0,0,0,0,32740,0.0,45814.8
10000057,Hillsborough,2.403,2.414,0.011,15700,S ARMENIA AV,7,0,0,0,0,0,434945,0.0,1609.4
10000057,Hillsborough,2.414,2.531,0.117,13200,N/A,25,0,0,0,0,0,3889571,0.0,642.7
10190127,Hillsborough,0.0,0.29,0.29,8000,SR-553 / N PARK RD,17,0,0,0,0,0,5842920,0.0,291.0
10250101,Hillsborough,0.013,0.495,0.482,3800,S GORE OF ROUNDABOUT,258,0,5,0,0,5,4612885,0.0,5593.0
10250101,Hillsborough,0.495,0.784,0.289,14000,FROM 10190449 EB OFF,178,0,2,0,0,1,10189851,0.0,1746.8
10250101,Hillsborough,0.784,1.092,0.308,14000,CR-574/E 7 AVE,168,0,0,0,0,0,10859772,0.0,1547.0
10250101,Hillsborough,1.092,1.241,0.149,21000,SR-60/ADAMO DR,49,0,1,0,0,0,7880387,0.0,621.8
10000089,Hillsborough,0.0,0.049,0.049,9000,TYLER ST,3,0,0,0,0,0,1110658,0.0,270.1
10000089,Hillsborough,0.049,0.105,0.056,9000,CASS ST E,15,0,0,0,0,0,1269324,0.0,1181.7
10000089,Hillsborough,0.105,0.49,0.385,9000,E POLK ST,67,0,0,0,0,0,8726602,0.0,767.8
10090000,Hillsborough,0.0,3.777,3.777,9700,TAMPA EAST BLVD,182,0,11,0,0,9,92270033,0.0,197.2
10090000,Hillsborough,3.99,4.117,0.127,44000,LAURA ST,43,0,2,0,0,1,14073378,0.0,305.5
10090000,Hillsborough,5.113,5.638,0.525,26000,S PARSONS AVE,214,0,5,0,0,4,34377525,0.0,622.5
10090000,Hillsborough,14.61,14.767,0.157,3950,SR-39/N ALEXANDER ST,40,0,0,0,0,0,1561848,0.0,2561.1
10320159,Hillsborough,0.0,0.158,0.158,8100,SR-574/MLK JR BLVD,9,0,0,0,0,0,3223176,0.0,279.2
10320000,Hillsborough,0.472,0.708,0.236,156000,10190451 NB ON,186,0,0,0,0,0,92721096,0.0,200.6
10320000,Hillsborough,1.441,2.452,1.011,190000,Bridge No-100204,1258,0,21,0,0,20,483778665,0.0,260.0
10320000,Hillsborough,7.526,8.814,1.288,117000,Bridge No-100236,380,0,10,0,0,9,379527876,0.0,100.1
10000084,Hillsborough,0.0,1.469,1.469,11000,SYMMES RD,47,0,2,0,0,2,40696442,0.0,115.5
10320145,Hillsborough,0.0,0.193,0.193,8200,SR-582 / FOWLER AVE,5,0,0,0,0,0,3985778,0.0,125.4
10270113,Hillsborough,0.0,1.359,1.359,5900,TIA EXIT RP 10270114,30,0,0,0,0,0,20193585,0.0,148.6
10160045,Hillsborough,0.0,0.147,0.147,2300,SR-580 / W HILLSBORO,3,0,0,0,0,0,851505,0.0,352.3
10000240,Hillsborough,0.0,2.01,2.01,13700,SR-580 / W HILLSBORO,246,0,8,0,0,3,69351934,0.0,354.7
10200000,Hillsborough,1.847,2.204,0.357,8900,OAKLAND HEIGHTS AVE,25,0,0,0,0,0,8002030,0.0,312.4
10200000,Hillsborough,2.204,3.249,1.045,10800,CR-580/SAM ALLEN RD,20,0,1,0,0,1,28423791,0.0,70.4
10190099,Hillsborough,0.0,0.253,0.253,4500,US-301/ SR-41,4,0,0,0,0,0,2867312,0.0,139.5
10130000,Hillsborough,3.748,4.259,0.511,29000,WESTSHORE BLVD,307,0,5,0,0,4,37321652,0.0,822.6
10130000,Hillsborough,6.796,7.767,0.971,33500,W BAY TO BAY BLVD,574,0,3,0,0,2,81923027,0.0,700.7
10130000,Hillsborough,7.767,8.521,0.754,33500,W MORRISON AVE,594,0,6,0,0,1,63614792,0.0,933.7
08040500,Hernando,0.184,3.132,2.948,4000,BAYPORT PARK ENTR,48,0,3,0,0,2,29698152,0.0,161.6
08040000,Hernando,0.0,1.377,1.377,36000,COMMERCIAL WAY,311,0,18,0,0,14,124847082,0.0,249.1
08040000,Hernando,5.089,5.79,0.701,36500,CR-585/BARCLAY AVE,189,0,20,0,0,15,64439600,0.0,293.3
08040000,Hernando,5.79,7.049,1.259,22500,08470008 SB ON,200,0,18,0,0,14,71342809,0.0,280.3
08040000,Hernando,9.862,11.315,1.453,8800,SR-50/CORTEZ BLVD,87,0,1,0,0,1,32202548,0.0,270.2
08150001,Hernando,0.0,0.18,0.18,6500,NB I-75/SR-93,4,0,0,0,0,0,2946645,0.0,135.7
08150001,Hernando,0.18,1.163,0.983,6500,N/A,1,0,0,0,0,0,16091956,0.0,6.2
08120100,Hernando,0.0,0.075,0.075,6500,SR-50/CORTEZ BLVD,0,0,0,0,0,0,1227769,0.0,0.0
08002000,Hernando,0.0,1.534,1.534,15700,SR-50/CORTEZ BLVD,172,0,13,0,0,9,60655050,0.0,283.6
08002000,Hernando,2.532,3.295,0.763,25000,MITCHELL RD,66,0,10,0,0,8,48040387,0.0,137.4
08002000,Hernando,3.295,3.86,0.565,24000,CR-581/EMERSON RD,47,0,5,0,0,4,34150860,0.0,137.6
08590000,Hernando,0.0,4.447,4.447,11500,CORTEZ BLVD,48,0,2,0,0,1,128797349,0.0,37.3
08500000,Hernando,0.0,1.974,1.974,2400,CR-491/CITRUS WAY,20,0,1,0,0,1,11931646,0.0,167.6
08500000,Hernando,11.494,12.688,1.194,5000,TO/FROM CR-476,7,0,3,0,0,1,15035445,0.0,46.6
08000070,Hernando,0.0,0.186,0.186,1300,VFW RD,0,0,0,0,0,0,608973,0.0,0.0
08080000,Hernando,0.0,0.33,0.33,7800,US-41/SR-45/BROAD ST,14,0,0,0,0,0,6482619,0.0,216.0
08080000,Hernando,0.33,0.892,0.562,12200,N/A,79,0,6,0,0,6,17267843,0.0,457.5
08080000,Hernando,0.892,1.932,1.04,9300,NORTH AVE W,40,0,4,0,0,4,24358932,0.0,164.2
08080000,Hernando,1.932,4.466,2.534,8300,YONTZ RD,39,0,4,0,0,1,52969596,0.0,73.6
08080000,Hernando,4.466,5.977,1.511,8600,CR-485/COBB RD,52,0,19,0,0,17,32726900,0.0,158.9
08080000,Hernando,5.977,8.121,2.144,8300,CR-476/LAKE LINDSEY,24,0,3,0,0,0,44817211,0.0,53.6
08080000,Hernando,11.98,12.875,0.895,8700,08470013 SB OFF,4,0,1,0,0,0,19610300,0.0,20.4
08570000,Hernando,0.0,0.743,0.743,3900,PONCE DE LEON BLVD,19,0,0,0,0,0,7297857,0.0,260.4
08470001,Hernando,0.0,0.309,0.309,1450,CR578/COUNTY LINE RD,3,0,0,0,0,0,1128414,0.0,265.9
08600000,Hernando,0.0,2.439,2.439,300,CR-572/POWELL RD,5,0,0,0,0,0,1842786,0.0,271.3
08540000,Hernando,0.0,1.659,1.659,6800,US-41/BROAD ST,30,0,2,0,0,2,28411702,0.0,105.6
08150003,Hernando,0.0,0.175,0.175,6300,WB SR-50/CORTEZ BLVD,1,0,0,0,0,0,2776646,0.0,36.0
08150003,Hernando,0.175,0.36,0.185,6300,N/A,2,0,0,0,0,0,2935312,0.0,68.1
08000068,Hernando,0.0,0.186,0.186,6800,US-19/COMMERCIAL WAY,0,0,0,0,0,0,3185399,0.0,0.0
08000068,Hernando,0.186,0.2,0.014,6800,N/A,0,0,0,0,0,0,239761,0.0,0.0
08020000,Hernando,6.445,7.259,0.814,39000,NORTHCLIFFE BLVD,146,0,4,0,0,4,79952301,0.0,182.6
08000064,Hernando,0.0,0.095,0.095,14800,SR-50/CORTEZ BLVD,0,0,0,0,0,0,3541011,0.0,0.0
08470009,Hernando,0.0,0.228,0.228,1100,SR 50/CORTEZ BLVD,1,0,1,0,0,0,631640,0.0,158.3
08150002,Hernando,0.0,0.162,0.162,6200,EB SR-50/CORTEZ BLVD,3,0,0,0,0,0,2529581,0.0,118.6
08150002,Hernando,0.162,0.361,0.199,6200,N/A,2,0,0,0,0,0,3107325,0.0,64.4
08470004,Hernando,0.0,0.194,0.194,4100,CR574/SPRING HILL DR,1,0,1,0,0,0,2003215,0.0,49.9
08504000,Hernando,0.0,3.014,3.014,1100,US-41/SR-45/BROAD ST,17,0,0,0,0,0,8349835,0.0,203.6
08509000,Hernando,0.0,1.633,1.633,800,CR-541/SPRING LK HWY,5,0,0,0,0,0,3290168,0.0,152.0
08000066,Hernando,0.0,0.373,0.373,2600,KENLAKE AVE,0,0,0,0,0,0,2442441,0.0,0.0
08000067,Hernando,0.0,0.166,0.166,1400,FOREST GLENN DR,0,0,0,0,0,0,585299,0.0,0.0
08470003,Hernando,0.0,0.179,0.179,4100,SR 589 NB,13,0,1,0,0,1,1848327,0.0,703.3
08470015,Hernando,0.0,0.482,0.482,600,US 98,0,0,0,0,0,0,728350,0.0,0.0
08520500,Hernando,0.0,0.602,0.602,6200,S MAIN ST,62,0,5,0,0,4,9400049,0.0,659.6
08150100,Hernando,0.0,0.34,0.34,850,CORTEZ BLVD,10,0,0,0,0,0,727846,0.0,1373.9
08150004,Hernando,0.0,0.164,0.164,6000,SB I-75/SR-93,3,0,0,0,0,0,2478204,0.0,121.1
08150004,Hernando,0.164,0.532,0.368,6000,N/A,4,0,0,0,0,0,5560848,0.0,71.9
08000065,Hernando,0.0,0.29,0.29,1100,LONGBOAT DR,0,0,0,0,0,0,803402,0.0,0.0
08470005,Hernando,0.0,0.234,0.234,1400,CR574/SPRING HILL DR,0,0,0,0,0,0,825061,0.0,0.0
08470013,Hernando,0.0,0.461,0.461,1900,SR 589 NB,0,0,0,0,0,0,2205954,0.0,0.0
08501000,Hernando,0.0,1.247,1.247,3500,CR-485/COBB RD,10,0,2,0,0,2,10991993,0.0,91.0
08070100,Hernando,0.0,0.306,0.306,4100,EDGE OF PAVEMENT,0,0,0,0,0,0,3159710,0.0,0.0
08470010,Hernando,0.0,0.265,0.265,1100,SR 589 SB,2,0,1,0,0,1,734143,0.0,272.4
08470007,Hernando,0.0,0.318,0.318,5200,SR 589 NB,12,0,0,0,0,0,4164592,0.0,288.1
08520001,Hernando,0.0,0.786,0.786,5500,US-41/SR-45/BROAD ST,28,0,6,0,0,6,10887476,0.0,257.2
08000069,Hernando,0.0,2.59,2.59,9000,LOOKOUT BLVD,0,0,0,0,0,0,58706235,0.0,0.0
08120000,Hernando,0.0,2.041,2.041,7800,PASCO CO LINE,33,0,3,0,0,3,40094016,0.0,82.3
08502000,Hernando,0.0,1.16,1.16,2800,MITCHELL RD,21,0,0,0,0,0,8180088,0.0,256.7
08470006,Hernando,0.0,0.203,0.203,1400,SR 589 SB,6,0,1,0,0,1,715758,0.0,838.3
08470008,Hernando,0.0,0.285,0.285,5200,SR 50/CORTEZ BLVD,3,0,0,0,0,0,3732417,0.0,80.4
10503000,Hillsborough,0.0,0.222,0.222,24000,SR-60 / SR-685 / KEN,226,0,0,0,0,0,13418568,0.0,1684.2
10503000,Hillsborough,0.222,0.33,0.108,24000,POLK ST E,109,0,0,0,0,0,6527952,0.0,1669.7
10020101,Hillsborough,0.0,0.788,0.788,7700,FLORIDA AVE,84,0,1,0,0,1,15281251,0.0,549.7
10020101,Hillsborough,1.822,2.497,0.675,12000,W COLUMBUS DR,324,0,5,0,0,3,20399850,0.0,1588.2
10020101,Hillsborough,2.497,2.818,0.321,7900,10190183 WB ON,119,0,3,0,0,2,6386664,0.0,1863.3
10020101,Hillsborough,2.818,3.245,0.427,16500,N ASHLEY DR,333,0,2,0,0,0,17744092,0.0,1876.7
10650000,Hillsborough,1.132,1.633,0.501,20500,W FLETCHER AVE,95,0,4,0,0,2,25866254,0.0,367.3
10060000,Hillsborough,25.556,26.226,0.67,37000,SR-60/ADAMO DR,485,0,4,0,0,2,62433615,0.0,776.8
10060000,Hillsborough,26.878,27.604,0.726,5700,N 48 ST,17,0,3,0,0,2,10422057,0.0,163.1
10002030,Hillsborough,0.0,0.2,0.2,7000,SR-599/50 ST,2,0,0,0,0,0,3525900,0.0,56.7
10010000,Hillsborough,16.289,16.7,0.411,73500,BALM-RIVERVIEW DR,251,0,7,0,0,5,76080107,0.0,329.9
10010000,Hillsborough,18.495,18.829,0.334,74000,BLOOMINGDALE AVE,305,0,7,0,0,7,62247246,0.0,490.0
10010000,Hillsborough,20.141,20.645,0.504,49500,FALKENBURG RD S,199,0,5,0,0,4,62831538,0.0,316.7
10010000,Hillsborough,20.645,21.096,0.451,55000,CR-676/CAUSEWAY BLVD,188,0,2,0,0,2,62471393,0.0,300.9
10010000,Hillsborough,21.905,22.51,0.605,36000,PALM RIVER RD,166,0,1,0,0,1,54852930,0.0,302.6
10010000,Hillsborough,24.058,24.816,0.758,38000,OVERPASS RD,250,0,4,0,0,3,72542874,0.0,344.6
10030001,Hillsborough,0.0,0.925,0.925,25500,W BAKER ST,370,0,3,0,0,3,59405119,0.0,622.8
10470018,Hillsborough,0.0,0.377,0.377,5400,SR 589 NB,10,0,0,0,0,0,5127162,0.0,195.0
10513000,Hillsborough,0.0,1.02,1.02,8900,SR-574/M L KING BLV,60,0,0,0,0,0,22862943,0.0,262.4
10075007,Hillsborough,0.0,0.425,0.425,12000,SB I-75/SR -93A,12,0,0,0,0,0,12844350,0.0,93.4
10030000,Hillsborough,19.174,19.468,0.294,13500,N MOBLEY ST,156,0,1,0,0,1,9995927,0.0,1560.6
10030000,Hillsborough,19.468,19.637,0.169,5400,N/A,31,0,0,0,0,0,2298383,0.0,1348.8
10030000,Hillsborough,19.637,20.276,0.639,10000,N/A,96,0,0,0,0,0,16093215,0.0,596.5
10030000,Hillsborough,20.276,20.376,0.1,10000,N/A,34,0,1,0,0,0,2518500,0.0,1350.0
10030000,Hillsborough,21.014,21.501,0.487,14200,GORDON ST,70,0,0,0,0,0,17416435,0.0,401.9
10040000,Hillsborough,0.11,0.216,0.106,10900,E TWIGGS ST,39,0,0,0,0,0,2909875,0.0,1340.3
10040000,Hillsborough,0.216,0.71,0.494,11600,NUCCIO PKWY,74,0,0,0,0,0,14432012,0.0,512.7
10040000,Hillsborough,0.71,0.837,0.127,12200,E 7 AVE,40,0,0,0,0,0,3902164,0.0,1025.1
10040000,Hillsborough,1.149,1.423,0.274,14500,E COLUMBUS DR,90,0,3,0,0,0,10006001,0.0,899.5
10040000,Hillsborough,1.423,2.155,0.732,16200,E 21 AVE,234,0,9,0,0,3,29865380,0.0,783.5
10470030,Hillsborough,0.0,0.18,0.18,2600,HUTCHISON RD,1,0,0,0,0,0,1178658,0.0,84.8
10003000,Hillsborough,0.0,0.488,0.488,15000,CHANNELSIDE DR,109,0,1,0,0,1,18435420,0.0,591.3
10003000,Hillsborough,0.488,0.611,0.123,10800,N/A,59,0,0,0,0,0,3345575,0.0,1763.5
10003000,Hillsborough,0.611,2.609,1.998,9700,E TWIGGS ST,31,0,0,0,0,0,48810041,0.0,63.5
10003000,Hillsborough,2.609,6.272,3.663,21500,10003001 EB ON,79,0,0,0,0,0,198343208,0.0,39.8
10003000,Hillsborough,6.272,6.374,0.102,11000,N/A,2,0,0,0,0,0,2825757,0.0,70.8
10003000,Hillsborough,6.374,7.31,0.936,8200,10003002 WB ON,7,0,0,0,0,0,19329991,0.0,36.2
10003000,Hillsborough,7.31,7.477,0.167,21500,N/A,3,0,0,0,0,0,9042674,0.0,33.2
10003000,Hillsborough,7.477,9.538,2.061,14500,10000305 WB OFF,42,0,3,0,0,3,75264113,0.0,55.8
10003000,Hillsborough,9.538,10.065,0.527,16300,N/A,58,0,3,0,0,3,21634167,0.0,268.1
10075326,Hillsborough,0.0,0.364,0.364,16000,SR-618 EB,10,0,0,0,0,0,14667744,0.0,68.2
10075324,Hillsborough,0.0,1.214,1.214,11500,SR-60/ADAMO DR WB,44,0,0,0,0,0,35160778,0.0,125.1
10075324,Hillsborough,2.727,3.092,0.365,4600,N/A,9,0,0,0,0,0,4228562,0.0,212.8
10075362,Hillsborough,0.0,1.134,1.134,7600,SR-582 / FOWLER AVE,53,0,3,0,0,0,21705440,0.0,244.2
10075331,Hillsborough,0.0,0.209,0.209,4900,ADAMO DR EB/SR-60,13,0,0,0,0,0,2579196,0.0,504.0
10075331,Hillsborough,0.209,0.405,0.196,4900,I-75 NB/SR-93A,0,0,0,0,0,0,2418767,0.0,0.0
10470017,Hillsborough,0.0,0.221,0.221,5400,W LINEBAUGH AVE,1,0,0,0,0,0,3005578,0.0,33.3
10075322,Hillsborough,0.0,0.16,0.16,12000,10075324 SB OFF,4,0,0,0,0,0,4835520,0.0,82.7
10075370,Hillsborough,0.0,1.038,1.038,300,592 FT S OF 14TH AV,18,0,4,0,0,3,784261,0.0,2295.2
10504000,Hillsborough,1.775,3.097,1.322,45000,LAKE MAGDALENE BLVD,174,0,0,0,0,0,149825565,0.0,116.1
10005000,Hillsborough,0.0,0.334,0.334,19400,SR-60 / E ADAMO DR,73,0,0,0,0,0,16318873,0.0,447.3
10005000,Hillsborough,0.334,0.824,0.49,18100,CR-574/E 7 AVE,94,0,4,0,0,3,22336576,0.0,420.8
10005000,Hillsborough,0.824,0.943,0.119,22200,E COLUMBUS DR,32,0,0,0,0,0,6653373,0.0,481.0
10005000,Hillsborough,0.943,1.331,0.388,24500,E 19 AV,94,0,1,0,0,1,23940861,0.0,392.6
10005000,Hillsborough,1.331,1.837,0.506,25000,MELBURNE BLVD,160,0,2,0,0,2,31859025,0.0,502.2
10075355,Hillsborough,0.0,0.186,0.186,7100,RAMP 10075353,3,0,0,0,0,0,3325931,0.0,90.2
10470032,Hillsborough,0.0,0.189,0.189,2700,SR 589 SB,0,0,0,0,0,0,1285191,0.0,0.0
10531000,Hillsborough,0.0,1.91,1.91,3500,SR-574/E DR MLK BLVD,40,0,2,0,0,0,16836172,0.0,237.6
10075064,Hillsborough,0.0,0.014,0.014,8500,SB CR-581,0,0,0,0,0,0,299702,0.0,0.0
10075064,Hillsborough,0.014,0.306,0.292,8500,N/A,5,0,0,0,0,0,6250917,0.0,80.0
10075381,Hillsborough,0.0,0.311,0.311,300,INDIGO BREEZE CT,0,0,0,0,0,0,234976,0.0,0.0
10515000,Hillsborough,2.025,4.733,2.708,4400,Bridge No-100613,20,0,1,0,0,0,30008431,0.0,66.6
10002033,Hillsborough,0.0,0.173,0.173,3200,US-41 / SR-599,5,0,0,0,0,0,1394242,0.0,358.6
10470061,Hillsborough,0.0,0.45,0.45,5000,ANDERSON RD,8,0,1,0,0,0,5666625,0.0,141.2
10002017,Hillsborough,0.0,0.079,0.079,6100,10002038 EB OFF,3,0,0,0,0,0,1213665,0.0,247.2
10075347,Hillsborough,0.0,0.67,0.67,20000,10075345 NB I-75 ON,5,0,0,0,0,0,33747900,0.0,14.8
10020000,Hillsborough,0.385,0.743,0.358,24000,E HARRISON ST,158,0,3,0,0,2,21638952,0.0,730.2
10020000,Hillsborough,1.009,1.328,0.319,10000,E PALM AVE,109,0,1,0,0,0,8034015,0.0,1356.7
10020000,Hillsborough,2.961,3.348,0.387,13100,E VIOLET ST,186,0,3,0,0,1,12768039,0.0,1456.8
10020000,Hillsborough,3.348,4.068,0.72,18600,US-92/SR-600,255,0,12,0,0,5,33727752,0.0,756.1
10075005,Hillsborough,0.0,0.241,0.241,8600,I-75 / SR-93A/SB,7,0,0,0,0,0,5219843,0.0,134.1
10002015,Hillsborough,0.0,0.119,0.119,5200,TAMPA ST SB,2,0,0,0,0,0,1558448,0.0,128.3
10075344,Hillsborough,0.0,0.534,0.534,13000,SB ON RAMP TO I75 SB,16,0,0,0,0,0,17483427,0.0,91.5
10075344,Hillsborough,0.534,1.266,0.732,16000,N/A,1,0,0,0,0,0,29496672,0.0,3.4
10470903,Hillsborough,0.0,4.468,4.468,4600,SR 589 NB,0,0,0,0,0,0,51762227,0.0,0.0
10075327,Hillsborough,0.0,0.44,0.44,6100,EAST END BR# 100487,3,0,0,0,0,0,6759654,0.0,44.4
10075056,Hillsborough,0.0,0.521,0.521,18000,I-75 NB/SR-93 A NB,9,0,0,0,0,0,23618493,0.0,38.1
10075366,Hillsborough,0.0,0.783,0.783,13000,SB CR-581/B B DOWNS,5,0,0,0,0,0,25635812,0.0,19.5
10002022,Hillsborough,0.0,0.238,0.238,6700,N 22 ST,3,0,0,0,0,0,4016000,0.0,74.7
10470028,Hillsborough,0.0,0.148,0.148,1900,EHRLICH RD,1,0,0,0,0,0,708202,0.0,141.2
10002039,Hillsborough,0.0,0.086,0.086,2100,SR-60 WB,0,0,0,0,0,0,454841,0.0,0.0
10075335,Hillsborough,0.0,0.376,0.376,6100,I-75 NB/SR-93A,6,0,0,0,0,0,5776432,0.0,103.9
10075335,Hillsborough,0.376,0.749,0.373,6100,N/A,0,0,0,0,0,0,5730343,0.0,0.0
10030103,Hillsborough,0.0,0.794,0.794,8500,EUREKA SPRINGS RD,11,0,0,0,0,0,16997356,0.0,64.7
10030103,Hillsborough,0.794,1.745,0.951,23500,US-301/SR-41/SR-43,158,0,6,0,0,3,56284697,0.0,280.7
10470019,Hillsborough,0.0,0.154,0.154,3100,SR 589 SB,2,0,0,0,0,0,1202332,0.0,166.3
10075357,Hillsborough,0.0,0.25,0.25,6400,SR-582 / FOWLER AVE,5,0,0,0,0,0,4029600,0.0,124.1
10030101,Hillsborough,0.0,0.642,0.642,9000,N GORDON ST,79,0,1,0,0,1,14551893,0.0,542.9
10030101,Hillsborough,0.642,0.752,0.11,12000,N/A,52,0,0,0,0,0,3324420,0.0,1564.2
10030101,Hillsborough,0.752,1.531,0.779,10500,CR-39/N WHEELER ST,149,0,2,0,0,2,20600071,0.0,723.3
10030101,Hillsborough,1.531,1.782,0.251,13000,SR-39/ALEXANDER ST,107,0,2,0,0,2,8217866,0.0,1302.0
10470006,Hillsborough,0.0,0.021,0.021,1900,10470101 FRONTAGE RD,1,0,0,0,0,0,100488,0.0,995.1
10004003,Hillsborough,0.0,0.382,0.382,1000,SR-618 / SALMON EXPW,0,0,0,0,0,0,962067,0.0,0.0
10075333,Hillsborough,0.0,0.34,0.34,15500,ADAMO DR WB/SR-60,40,0,0,0,0,0,13272495,0.0,301.4
10075333,Hillsborough,0.34,0.907,0.567,15500,I-75 NB/SR-93A,71,0,0,0,0,0,22133837,0.0,320.8
10075011,Hillsborough,0.243,0.402,0.159,28500,N/A,0,0,0,0,0,0,11412583,0.0,0.0
10075011,Hillsborough,0.402,0.906,0.504,28500,N/A,0,0,0,0,0,0,36175734,0.0,0.0
10075367,Hillsborough,0.0,0.22,0.22,6000,CR 581 BRUCE B DOWNS,20,0,0,0,0,0,3324420,0.0,601.6
10002016,Hillsborough,0.0,0.077,0.077,4300,E BROREIN ST,0,0,0,0,0,0,833875,0.0,0.0
10075334,Hillsborough,0.0,0.212,0.212,6700,ADAMO DR EB/SR-60,5,0,1,0,0,1,3577277,0.0,139.8
10470021,Hillsborough,0.0,0.143,0.143,4100,CR 587/GUNN HWY EB,4,0,0,0,0,0,1476597,0.0,270.9
10523000,Hillsborough,4.525,4.735,0.21,8800,N/A,26,0,0,0,0,0,4654188,0.0,558.6
10075316,Hillsborough,0.0,0.693,0.693,12500,US-301 SB,2,0,0,0,0,0,21816506,0.0,9.2
10470022,Hillsborough,0.0,0.202,0.202,4100,SR 589 NB,4,0,0,0,0,0,2085822,0.0,191.8
10512000,Hillsborough,0.0,3.993,3.993,8800,US-41,190,0,25,0,0,19,88496060,0.0,214.7
10640000,Hillsborough,6.169,7.189,1.02,23000,SR-582/FOWLER AVE,169,0,3,0,0,2,59084010,0.0,286.0
10470054,Hillsborough,0.0,0.403,0.403,2000,SR 589 SB,1,0,0,0,0,0,2029911,0.0,49.3
10075009,Hillsborough,0.0,0.447,0.447,6400,CR-672/BIG BEND RD,11,0,1,0,0,1,7204925,0.0,152.7
10472502,Hillsborough,0.0,1.339,1.339,11200,10190502 RAMP,8,0,0,0,0,0,37769441,0.0,21.2
10075014,Hillsborough,0.0,0.23,0.23,21000,GIBSONTON DR WB,40,0,3,0,0,2,12164355,0.0,328.8
10470009,Hillsborough,0.0,0.028,0.028,4000,10470102 FRONTAGE RD,2,0,0,0,0,0,282072,0.0,709.0
10003004,Hillsborough,0.0,0.073,0.073,4200,SR-618 / SELMON EXPY,1,0,0,0,0,0,772172,0.0,129.5
10075364,Hillsborough,0.0,0.805,0.805,7600,US-301,8,0,0,0,0,0,15408183,0.0,51.9
10472506,Hillsborough,0.0,0.606,0.606,2500,SR 618 EB,9,0,0,0,0,0,3815528,0.0,235.9
10070000,Hillsborough,4.051,4.808,0.757,23000,CR-39B/E PARK RD,159,0,0,0,0,0,43849603,0.0,362.6
10070000,Hillsborough,4.808,5.439,0.631,7300,ALSOBROOK ST,125,0,1,0,0,1,11600967,0.0,1077.5
10070000,Hillsborough,5.439,5.535,0.096,5300,REYNOLDS ST,16,0,0,0,0,0,1281413,0.0,1248.6
10470034,Hillsborough,0.0,0.162,0.162,40500,NORTH END BR 100514,2,0,0,0,0,0,16523878,0.0,12.1
10075321,Hillsborough,0.0,0.134,0.134,4600,US-301 / SR-43,0,0,0,0,0,0,1552403,0.0,0.0
10075374,Hillsborough,0.0,0.499,0.499,300,RIVERVIEW DR,0,0,0,0,0,0,377019,0.0,0.0
10002035,Hillsborough,0.0,0.193,0.193,4800,SR-618 EB,5,0,1,0,0,1,2333138,0.0,214.3
10075351,Hillsborough,0.0,0.085,0.085,18000,SR 582,0,0,0,0,0,0,3853305,0.0,0.0
10470029,Hillsborough,0.0,0.17,0.17,2600,SR 589 NB,2,0,0,0,0,0,1113177,0.0,179.7
10030102,Hillsborough,0.964,1.755,0.791,9100,US-301/SR-41/SR-43,19,0,1,0,0,1,18128415,0.0,104.8
10003100,Hillsborough,0.0,0.241,0.241,3300,PROVIDENCE RD,10,0,1,0,0,0,2002963,0.0,499.3
10075336,Hillsborough,0.0,0.757,0.757,19500,SR-93A / I-75 SB,27,0,1,0,0,1,37176838,0.0,72.6
10075336,Hillsborough,0.757,0.819,0.062,19500,N/A,22,0,0,0,0,0,3044866,0.0,722.5
10075004,Hillsborough,0.0,0.3,0.3,7600,SR-674 / EB,6,0,1,0,0,0,5742180,0.0,104.5
10075358,Hillsborough,0.0,0.365,0.365,14000,NB I-75/SR-93A,62,0,2,0,0,0,12869535,0.0,481.8
10075358,Hillsborough,0.365,0.386,0.021,14000,N/A,2,0,0,0,0,0,740439,0.0,270.1
10470033,Hillsborough,0.0,0.255,0.255,2600,WILSKY BOULEVARD,1,0,0,0,0,0,1669766,0.0,59.9
10002020,Hillsborough,0.0,0.124,0.124,10500,SR-618 WB,4,0,0,0,0,0,3279087,0.0,122.0
10075372,Hillsborough,0.0,0.306,0.306,3300,W BRANDON BLVD,0,0,0,0,0,0,2543181,0.0,0.0
10002024,Hillsborough,0.0,0.191,0.191,2100,N 22 ST,4,0,0,0,0,0,1010170,0.0,396.0
10470042,Hillsborough,0.0,0.285,0.285,3700,CR 685A/VAN DYKE RD,1,0,0,0,0,0,2655758,0.0,37.7
10075353,Hillsborough,0.0,0.693,0.693,7600,I-75 SB/SR-93A,13,0,1,0,0,1,13264436,0.0,98.0
10004000,Hillsborough,0.0,2.096,2.096,32500,0.019 E OF 10004002,0,0,0,0,0,0,171560220,0.0,0.0
10075328,Hillsborough,0.0,0.347,0.347,7100,10075324 SB ON,7,0,1,0,0,0,6204828,0.0,112.8
10075319,Hillsborough,0.0,0.83,0.83,5900,10075317 SB OFF,2,0,0,0,0,0,12333094,0.0,16.2
10470023,Hillsborough,0.0,0.17,0.17,5400,SR 589 SB,7,0,0,0,0,0,2311983,0.0,302.8
10470024,Hillsborough,0.0,0.148,0.148,5400,CR 587/GUNN HWY WB,6,0,0,0,0,0,2012785,0.0,298.1
10470025,Hillsborough,0.0,0.213,0.213,6500,EHRLICH RD EB,10,0,1,0,0,1,3486863,0.0,286.8
10075100,Hillsborough,0.0,1.121,1.121,1650,BLOOMINGDALE AVE,18,0,1,0,0,1,4658344,0.0,386.4
10472510,Hillsborough,0.0,0.219,0.219,600,10472508 RAMP,1,0,0,0,0,0,330931,0.0,302.2
10610500,Hillsborough,0.0,0.531,0.531,5800,S WOODROW WILSON ST,7,0,0,0,0,0,7756476,0.0,90.2
10471010,Hillsborough,0.0,0.25,0.25,32000,SR597/DALE MABRY HWY,4,0,0,0,0,0,20148000,0.0,19.9
10075315,Hillsborough,0.0,0.038,0.038,15500,I-75 / NB,11,0,1,0,0,0,1483396,0.0,741.5
10075384,Hillsborough,0.0,0.9,0.9,6900,CR-672/BIG BEND RD,0,0,0,0,0,0,15639885,0.0,0.0
10501500,Hillsborough,0.0,1.612,1.612,10700,PROGRESS BLVD,140,0,8,0,0,8,43440095,0.0,322.3
10002038,Hillsborough,0.0,0.09,0.09,6100,SR-618 WB,1,0,0,0,0,0,1382656,0.0,72.3
10075382,Hillsborough,0.0,0.225,0.225,28500,CR-672/BIG BEND RD,0,0,0,0,0,0,16149881,0.0,0.0
10075346,Hillsborough,0.0,1.477,1.477,15000,I-75/SR-93A SB,53,0,0,0,0,0,55797368,0.0,95.0
10470031,Hillsborough,0.0,0.208,0.208,2700,HUTCHISON RD,0,0,0,0,0,0,1414390,0.0,0.0
10075317,Hillsborough,0.0,0.486,0.486,5500,I-75 / SR-93A,9,0,0,0,0,0,6731950,0.0,133.7
10075368,Hillsborough,0.0,0.121,0.121,15500,10075323 NB OFF,3,0,0,0,0,0,4723447,0.0,63.5
10589117,Hillsborough,0.0,0.347,0.347,7000,SR-589 NB,38,0,1,0,0,1,6117436,0.0,621.2
10002034,Hillsborough,0.0,0.263,0.263,2100,78 ST NB,2,0,0,0,0,0,1390968,0.0,143.8
10470043,Hillsborough,0.0,0.356,0.356,3200,CR 685A/VAN DYKE RD,4,0,2,0,0,2,2869075,0.0,139.4
10075342,Hillsborough,0.0,0.633,0.633,16500,EB I-4/SR-400,23,0,0,0,0,0,26304473,0.0,87.4
10470012,Hillsborough,0.0,0.33,0.33,6800,EB CR 584/WATERS AVE,57,0,0,0,0,0,5651514,0.0,1008.6
10470014,Hillsborough,0.0,0.737,0.737,4600,SR 589 SB,13,0,0,0,0,0,8538219,0.0,152.3
10075345,Hillsborough,0.0,0.558,0.558,16000,I-4/SR-400 WB,38,0,5,0,0,4,22485168,0.0,169.0
10471001,Hillsborough,0.0,0.335,0.335,32000,END BRIDGE 100624,1,0,0,0,0,0,26998320,0.0,3.7
10075338,Hillsborough,0.0,0.295,0.295,12500,SR-574/MLK BLVD EB,4,0,0,0,0,0,9286969,0.0,43.1
10075373,Hillsborough,0.0,0.127,0.127,300,14 AVE SE,0,0,0,0,0,0,95955,0.0,0.0
10470041,Hillsborough,0.0,0.224,0.224,3200,SR 589 NB,2,0,0,0,0,0,1805261,0.0,110.8
10002042,Hillsborough,0.0,0.671,0.671,2200,SR-618 WB,12,0,0,0,0,0,3717810,0.0,322.8
10470026,Hillsborough,0.0,0.135,0.135,6500,SR 589 NB,1,0,0,0,0,0,2209984,0.0,45.2
10003003,Hillsborough,0.0,0.112,0.112,5200,SR-618 / SELMON EXPY,0,0,0,0,0,0,1466774,0.0,0.0
10075359,Hillsborough,0.0,0.39,0.39,5900,I-75/SR-93A SB,10,0,1,0,0,1,5795068,0.0,172.6
10500000,Hillsborough,0.0,1.019,1.019,8100,SR-582 / FOWLER AVE,82,0,2,0,0,0,20787447,0.0,394.5
10060029,Hillsborough,0.0,0.788,0.788,700,US-41 / SR-45,5,0,1,0,0,0,1389205,0.0,359.9
10075369,Hillsborough,0.0,0.466,0.466,300,SR 674/E COLLEGE AVE,6,0,0,0,0,0,352086,0.0,1704.1
10002021,Hillsborough,0.0,0.113,0.113,4500,US-41/SR-45NEBRASKA,7,0,0,0,0,0,1280657,0.0,546.6
10470011,Hillsborough,0.0,0.159,0.159,6500,SR 589 SB,9,0,1,0,0,1,2602870,0.0,345.8
10470020,Hillsborough,0.0,0.203,0.203,3100,10470033 RAMP,3,0,0,0,0,0,1584892,0.0,189.3
10075003,Hillsborough,0.0,0.368,0.368,8400,SR-674 COLLEGE AVE,15,0,1,0,0,1,7785187,0.0,192.7
10002339,Hillsborough,0.0,0.198,0.198,5100,US-301/SR-43 NB,5,0,0,0,0,0,2543181,0.0,196.6
10470904,Hillsborough,0.0,3.132,3.132,4600,SR 589 SB,0,0,0,0,0,0,36284533,0.0,0.0
10004002,Hillsborough,0.0,0.04,0.04,6600,US-92 / SR-600 / S D,0,0,0,0,0,0,664884,0.0,0.0
10004002,Hillsborough,0.04,0.172,0.132,350,N/A,0,0,0,0,0,0,116355,0.0,0.0
10470902,Hillsborough,0.0,5.259,5.259,4800,SR 589 SB,0,0,0,0,0,0,63574999,0.0,0.0
10470010,Hillsborough,0.0,0.149,0.149,6500,HILLSBOROUGH AVE,4,0,1,0,0,1,2439167,0.0,164.0
10075360,Hillsborough,0.0,0.53,0.53,5500,CR 579 FLETCHER AVWB,4,0,0,0,0,0,7341428,0.0,54.5
10075354,Hillsborough,0.718,0.729,0.011,16500,N/A,1,0,0,0,0,0,457108,0.0,218.8
10470901,Hillsborough,0.0,3.156,3.156,5900,SR 589 NB,0,0,0,0,0,0,46895477,0.0,0.0
10075070,Hillsborough,0.0,0.694,0.694,3600,134 AVE NE,0,0,0,0,0,0,6292220,0.0,0.0
10075380,Hillsborough,0.0,0.126,0.126,11500,I-75 SB,0,0,0,0,0,0,3649306,0.0,0.0
10600000,Hillsborough,0.0,4.219,4.219,300,COCKROACH BAY RD,16,0,2,0,0,1,3187665,0.0,501.9
10075013,Hillsborough,0.0,0.224,0.224,6600,GIBSONTON DR,5,0,0,0,0,0,3723350,0.0,134.3
10472508,Hillsborough,0.0,0.439,0.439,1900,10472502 RAMP,0,0,0,0,0,0,2100681,0.0,0.0
10002036,Hillsborough,0.0,0.165,0.165,5100,US-301/SR-43 SB,5,0,0,0,0,0,2119318,0.0,235.9
10002014,Hillsborough,0.0,0.112,0.112,5900,SR-618 / SELMON EXPW,5,0,0,0,0,0,1664225,0.0,300.4
10075343,Hillsborough,0.0,0.867,0.867,18500,10075341NB OFF TO I4,12,0,0,0,0,0,40395481,0.0,29.7
10470062,Hillsborough,0.0,0.12,0.12,4600,10470016 RAMP,0,0,0,0,0,0,1390212,0.0,0.0
10075337,Hillsborough,0.0,0.399,0.399,9800,SR-574/MLK BLVD WB,11,0,0,0,0,0,9847839,0.0,111.7
10002340,Hillsborough,0.0,0.193,0.193,8000,FALKENBERG RD SB,3,0,1,0,0,1,3888564,0.0,77.1
10075365,Hillsborough,0.311,0.317,0.006,15000,N/A,1,0,0,0,0,0,226665,0.0,441.2
10470044,Hillsborough,0.0,0.45,0.45,3700,SR 589 SB,5,0,0,0,0,0,4193302,0.0,119.2
10002032,Hillsborough,0.0,0.146,0.146,3700,SR-618 WB,6,0,2,0,0,2,1360494,0.0,441.0
10002031,Hillsborough,0.0,0.246,0.246,7100,SR-618 EB,12,0,0,0,0,0,4398812,0.0,272.8
10470053,Hillsborough,0.0,0.446,0.446,2000,LUTZ-LAKE FERN RD,2,0,0,0,0,0,2246502,0.0,89.0
10002018,Hillsborough,0.0,0.167,0.167,4500,SR-618 WB,4,0,0,0,0,0,1892653,0.0,211.3
10470016,Hillsborough,0.0,0.466,0.466,5000,SR 589 NB,11,0,4,0,0,1,5868105,0.0,187.5
10520001,Hillsborough,0.0,0.564,0.564,16900,CR-587A / W WATERS A,219,0,5,0,0,3,24005335,0.0,912.3
10470007,Hillsborough,0.0,0.015,0.015,1900,SR 589 SB,0,0,0,0,0,0,71777,0.0,0.0
10004001,Hillsborough,0.0,0.109,0.109,1100,US-92 / SR-600 / S D,0,0,0,0,0,0,301968,0.0,0.0
10075008,Hillsborough,0.0,0.452,0.452,6900,I-75 NB / SR-93A,22,0,1,0,0,1,7854698,0.0,280.1
10002341,Hillsborough,0.0,0.196,0.196,7300,SR-618 EB,5,0,1,0,0,1,3603470,0.0,138.8
10075361,Hillsborough,0.0,0.248,0.248,17000,EB CR-582A/FLETCHER,50,0,0,0,0,0,10617996,0.0,470.9
10075330,Hillsborough,0.0,0.081,0.081,7700,I-75 SB/SR-93A,3,0,0,0,0,0,1570788,0.0,191.0
10470015,Hillsborough,0.0,0.168,0.168,4600,CR 584 WB/WATERS AVE,5,0,0,0,0,0,1946297,0.0,256.9
10075062,Hillsborough,0.0,0.438,0.438,21000,NB I-75/SR-93A,18,0,1,0,0,1,23165163,0.0,77.7
10003001,Hillsborough,0.0,0.17,0.17,6600,SR-618,1,0,0,0,0,0,2825757,0.0,35.4
10075015,Hillsborough,0.0,0.382,0.382,27000,I-75/SR-93A SB,50,0,3,0,0,3,25975809,0.0,192.5
10472500,Hillsborough,0.0,1.378,1.378,18800,BMP BRIDGE 100726,13,0,0,0,0,0,65245268,0.0,19.9
10075065,Hillsborough,0.0,0.409,0.409,8700,I-75 SB,4,0,0,0,0,0,8961579,0.0,44.6
10470013,Hillsborough,0.0,0.228,0.228,6800,SR 589 NB,11,0,1,0,0,1,3904682,0.0,281.7
10075320,Hillsborough,0.0,0.144,0.144,5500,US-301/SR-43 NB,0,0,0,0,0,0,1994652,0.0,0.0
10472505,Hillsborough,0.0,0.87,0.87,18800,SR 618 WB,24,0,1,0,0,0,41192586,0.0,58.3
10075006,Hillsborough,0.0,0.4,0.4,10000,I-75 / SB / SR-93A,3,0,0,0,0,0,10074000,0.0,29.8
10002013,Hillsborough,0.0,0.097,0.097,5600,PLANT AVE,1,0,0,0,0,0,1368049,0.0,73.1
10002019,Hillsborough,0.0,0.14,0.14,4200,S JEFFERSON ST NB,1,0,0,0,0,0,1480878,0.0,67.5
10075348,Hillsborough,0.0,0.5,0.5,14500,RAMP 10075346,7,0,0,0,0,0,18259125,0.0,38.3
10470052,Hillsborough,0.0,0.176,0.176,2600,LUTZ-LAKE FERN RD,5,0,0,0,0,0,1152466,0.0,433.9
10471000,Hillsborough,0.0,0.115,0.115,32450,SR 589/VETERANS EXPY,1,0,0,0,0,0,9398412,0.0,10.6
10471000,Hillsborough,0.115,3.021,2.906,14900,N/A,61,0,4,0,0,3,109049539,0.0,55.9
10003002,Hillsborough,0.0,0.113,0.113,4800,SR-618 / SELMON EXPY,3,0,0,0,0,0,1366034,0.0,219.6
10075002,Hillsborough,0.0,0.491,0.491,8400,I-75 / SR-93A,6,0,1,0,0,1,10387301,0.0,57.8
10075350,Hillsborough,0.0,0.499,0.499,2800,NB I-75/SR 93A,33,0,0,0,0,0,3518848,0.0,937.8
10470008,Hillsborough,0.0,0.2,0.2,4100,SR 589 NB,0,0,0,0,0,0,2065170,0.0,0.0
10075012,Hillsborough,0.0,0.45,0.45,6200,I-75 NB,8,0,5,0,0,4,7026615,0.0,113.9
10075371,Hillsborough,0.0,0.19,0.19,300,SR-674 / COLLEGE AVE,2,0,0,0,0,0,143554,0.0,1393.2
10075383,Hillsborough,0.0,0.218,0.218,6400,10075011 SB OFF,0,0,0,0,0,0,3513811,0.0,0.0
10589116,Hillsborough,0.0,0.33,0.33,7000,ANCHOR PLAZA PKWY,35,0,0,0,0,0,5817735,0.0,601.6
10002023,Hillsborough,0.0,0.249,0.249,4100,SR-618 EB,13,0,1,0,0,0,2571137,0.0,505.6
10470051,Hillsborough,0.0,0.291,0.291,2600,SR 589 NB,5,0,1,0,0,1,1905497,0.0,262.4
10002041,Hillsborough,0.0,0.019,0.019,6700,N 21 ST,6,0,0,0,0,0,320605,0.0,1871.5
10075349,Hillsborough,0.0,0.504,0.504,18000,SR 582/FOWLER AVE EB,9,0,0,0,0,0,22847832,0.0,39.4
10470027,Hillsborough,0.0,0.233,0.233,1900,SR 589 SB,9,0,1,0,0,1,1114940,0.0,807.2
10003005,Hillsborough,0.0,0.005,0.005,1100,SR-618 / SELMON EXPY,0,0,0,0,0,0,13852,0.0,0.0
10000107,Hillsborough,0.0,0.957,0.957,11400,W HILLSBOROUGH AVE,79,0,2,0,0,2,27476331,0.0,287.5
10110000,Hillsborough,6.314,6.516,0.202,61500,FALKENBURG RD,356,0,3,0,0,2,31287325,0.0,1137.8
10110000,Hillsborough,6.516,7.08,0.564,81500,10075334 SB ON,630,0,13,0,0,12,115765371,0.0,544.2
10310000,Hillsborough,2.998,3.32,0.322,47500,10320186 SB OFF,380,0,4,0,0,2,38520457,0.0,986.5
10310000,Hillsborough,4.339,4.593,0.254,52000,N 22 ST,225,0,4,0,0,3,33264348,0.0,676.4
10310000,Hillsborough,4.593,4.847,0.254,52000,N 26 ST,201,0,2,0,0,0,33264348,0.0,604.3
10310000,Hillsborough,5.461,5.858,0.397,43000,N 40 ST,295,0,11,0,0,8,42993313,0.0,686.2
10250001,Hillsborough,0.0,0.203,0.203,35500,N END BR 100338/299,34,0,0,0,0,0,18149570,0.0,187.3
10000063,Hillsborough,1.18,1.745,0.565,6400,W TYLER ST,194,0,1,0,0,1,9106896,0.0,2130.3
10000063,Hillsborough,1.745,1.983,0.238,6400,CENTRAL AVE,17,0,0,0,0,0,3836179,0.0,443.1
10080000,Hillsborough,0.0,0.358,0.358,21000,SR600/DALE MABRY HWY,121,0,0,0,0,0,18934083,0.0,639.1
10080000,Hillsborough,0.358,0.983,0.625,13200,S HIMES AVE,140,0,4,0,0,4,20777625,0.0,673.8
10080000,Hillsborough,2.622,3.254,0.632,34000,S BOULEVARD,346,0,0,0,0,0,54117528,0.0,639.3
10080000,Hillsborough,3.254,3.526,0.272,10500,N ASHLEY DR,171,0,1,0,0,0,7192836,0.0,2377.4
10080000,Hillsborough,3.526,3.632,0.106,9800,N MORGAN ST,61,0,0,0,0,0,2616218,0.0,2331.6
10080000,Hillsborough,3.632,3.86,0.228,12000,N JEFFERSON ST,141,0,0,0,0,0,6890616,0.0,2046.3
10080000,Hillsborough,3.86,3.907,0.047,2600,S NEBRASKA AV,9,0,0,0,0,0,307761,0.0,2924.3
10080000,Hillsborough,3.907,3.995,0.088,12000,SR-45/NEBRASKA AVE,36,0,0,0,0,0,2659536,0.0,1353.6
10080000,Hillsborough,3.995,4.199,0.204,13800,SR-618A/MERIDIAN AVE,103,0,0,0,0,0,7090081,0.0,1452.7
10080000,Hillsborough,4.199,4.569,0.37,26500,CHANNELSIDE DR,97,0,0,0,0,0,24693893,0.0,392.8
10080000,Hillsborough,4.569,4.613,0.044,16000,CHANNELSIDE DR,18,0,0,0,0,0,1773024,0.0,1015.2
10320162,Hillsborough,0.0,0.109,0.109,7300,SR-574/ MLK JR BLVD,12,0,0,0,0,0,2003970,0.0,598.8
10190000,Hillsborough,2.613,3.257,0.644,206000,Bridge No-100117,989,0,19,0,0,15,334114284,0.0,296.0
10190000,Hillsborough,4.339,5.117,0.778,220000,N/A,321,0,5,0,0,4,431066460,0.0,74.5
10190000,Hillsborough,5.117,6.6,1.483,253000,Bridge No-100698,2320,0,35,0,0,30,944938681,0.0,245.5
10190000,Hillsborough,6.6,6.85,0.25,215500,Bridge No-100832,136,0,9,0,0,9,135684188,0.0,100.2
10190000,Hillsborough,7.671,8.435,0.764,184000,10320182 EB ON,732,0,7,0,0,6,354040656,0.0,206.8
10190000,Hillsborough,28.673,29.866,1.193,154000,N/A,445,0,16,0,0,14,462703857,0.0,96.2
10140114,Hillsborough,0.0,0.056,0.056,650,SR-60 / WB,16,0,0,0,0,0,91673,0.0,17453.3
10000045,Hillsborough,0.319,0.605,0.286,11400,N LAUBER WAY,16,0,0,0,0,0,8211317,0.0,194.9
10000045,Hillsborough,0.633,1.126,0.493,11400,E SIDE OF ROUNDABOUT,65,0,0,0,0,0,14154474,0.0,459.2
10160048,Hillsborough,0.0,0.152,0.152,4100,CR-587 GUNN HWY,16,0,0,0,0,0,1569529,0.0,1019.4
10000225,Hillsborough,0.0,3.186,3.186,12500,DALE MABRY HWY,67,0,0,0,0,0,100299262,0.0,66.8
10200001,Hillsborough,0.0,0.17,0.17,10800,0.004 S OF JOE MCINT,0,0,0,0,0,0,4623966,0.0,0.0
10120000,Hillsborough,17.792,22.757,4.965,4200,N/A,21,0,2,0,0,2,52518280,0.0,40.0
10120000,Hillsborough,22.757,23.381,0.624,3700,N/A,1,0,0,0,0,0,5814713,0.0,17.2
10470000,Hillsborough,0.741,1.094,0.353,96800,INDEPENDENCE PKWY WB,58,0,5,0,0,4,86058152,0.0,67.4
10470000,Hillsborough,7.783,8.694,0.911,86300,Bridge No-100548,77,0,10,0,0,9,198002707,0.0,38.9
10470000,Hillsborough,8.694,10.612,1.918,70300,Bridge No-100552,225,0,25,0,0,25,339582955,0.0,66.3
10470000,Hillsborough,10.612,12.37,1.758,73600,Bridge No-100558,244,0,14,0,0,11,325865693,0.0,74.9
10470000,Hillsborough,12.37,12.82,0.45,64900,N/A,28,0,1,0,0,1,73552793,0.0,38.1
10000094,Hillsborough,0.0,0.329,0.329,2500,CHANNELSIDE DR,102,0,0,0,0,0,2071466,0.0,4924.0
10190193,Hillsborough,0.0,0.278,0.278,9700,10190093 SB OFF,3,0,1,0,0,1,6791387,0.0,44.2
10000085,Hillsborough,0.0,0.117,0.117,12500,OLD WATER ST,51,0,0,0,0,0,3683306,0.0,1384.6
10000085,Hillsborough,0.117,0.445,0.328,4300,CHANNELSIDE DR,133,0,0,0,0,0,3552092,0.0,3744.3
10320161,Hillsborough,0.0,0.126,0.126,7500,I-275 SB/SR-93,44,0,0,0,0,0,2379982,0.0,1848.8
10270122,Hillsborough,0.0,0.141,0.141,4800,10270112 NB ON,9,0,0,0,0,0,1704521,0.0,528.0
10000193,Hillsborough,0.0,0.03,0.03,10200,KNIGHTS RUN AVE,8,0,0,0,0,0,770661,0.0,1038.1
10000193,Hillsborough,0.03,0.245,0.215,10200,N/A,29,0,0,0,0,0,5523070,0.0,525.1
10000193,Hillsborough,0.245,0.621,0.376,10200,Bridge No-105629,151,0,1,0,0,0,9658951,0.0,1563.3
10000175,Hillsborough,0.0,0.058,0.058,10900,S FRANKLIN ST,12,0,0,0,0,0,1592196,0.0,753.7
10000175,Hillsborough,0.058,0.381,0.323,10900,S FLORIDA AVE,27,0,0,0,0,0,8866883,0.0,304.5
10140117,Hillsborough,0.0,0.383,0.383,11500,FROM SR-60 EB,6,0,4,0,0,4,11092733,0.0,54.1
10000055,Hillsborough,0.0,0.18,0.18,16200,BRUCE B DOWNS BLVD,53,0,0,0,0,0,7343946,0.0,721.7
10160050,Hillsborough,0.0,0.171,0.171,4100,SR-597 / N DALE MABR,4,0,0,0,0,0,1765720,0.0,226.5
10190090,Hillsborough,0.0,0.183,0.183,6500,EB I-4/SR-400,16,0,1,0,0,0,2995756,0.0,534.1
10000350,Hillsborough,0.0,1.092,1.092,11300,BAYSHORE BLVD,285,0,4,0,0,0,31077283,0.0,917.1
10190503,Hillsborough,0.0,0.142,0.142,11200,10472503 ON RAMP,4,0,1,0,0,0,4005422,0.0,99.9
10190087,Hillsborough,0.0,0.262,0.262,6000,I-4/SR-400 WB,12,0,0,0,0,0,3959082,0.0,303.1
10330000,Hillsborough,1.901,2.135,0.234,28000,NET PARK TAMPABAY,38,0,3,0,0,2,16501212,0.0,230.3
10000199,Hillsborough,0.0,0.505,0.505,1950,HUTCHISON RD,2,0,0,0,0,0,2480093,0.0,80.6
10000199,Hillsborough,0.505,1.043,0.538,1900,LAKE LE CLARE RD,1,0,0,0,0,0,2574411,0.0,38.8
10000199,Hillsborough,1.53,1.722,0.192,1900,N/A,2,0,0,0,0,0,918749,0.0,217.7
10000136,Hillsborough,0.0,0.908,0.908,7800,W LINEBAUGH AVE,40,0,1,0,0,1,17837024,0.0,224.3
10000136,Hillsborough,0.908,1.712,0.804,3000,N ARMENIA AVE,7,0,0,0,0,0,6074622,0.0,115.2
10000136,Hillsborough,1.712,2.2,0.488,3000,N/A,49,0,1,0,0,0,3687084,0.0,1329.0
10140105,Hillsborough,0.554,0.748,0.194,17500,N/A,4,0,0,0,0,0,8550307,0.0,46.8
10000030,Hillsborough,0.0,5.522,5.522,13200,MACDILL AFB ENT/EXIT,785,0,6,0,0,2,183574472,0.0,427.6
10270006,Hillsborough,0.167,0.275,0.108,55500,SR-60/KENNEDY BLVD,63,0,2,0,0,2,15095889,0.0,417.3
10140000,Hillsborough,5.012,5.3,0.288,71500,N ROCKY POINT DR,222,0,2,0,0,1,51860952,0.0,428.1
10140000,Hillsborough,5.3,5.379,0.079,71500,N/A,20,0,0,0,0,0,14225747,0.0,140.6
10140000,Hillsborough,5.379,6.007,0.628,71500,ROCKY POINT CREEK,130,0,2,0,0,1,113085687,0.0,115.0
10000088,Hillsborough,0.0,2.006,2.006,12800,WHITAKER RD,23,0,0,0,0,0,64667021,0.0,35.6
10270000,Hillsborough,1.363,1.608,0.245,55500,S WARD ST,188,0,3,0,0,2,34245304,0.0,549.0
10270000,Hillsborough,2.234,2.748,0.514,41500,S LOIS AVE,420,0,3,0,0,1,53722124,0.0,781.8
10000099,Hillsborough,0.0,0.08,0.08,800,CASS ST,2,0,1,0,0,1,161184,0.0,1240.8
10000099,Hillsborough,0.08,0.517,0.437,2500,PIERCE ST N,78,0,0,0,0,0,2751461,0.0,2834.9
10000099,Hillsborough,0.517,0.548,0.031,2500,N/A,0,0,0,0,0,0,195184,0.0,0.0
10000099,Hillsborough,0.548,0.574,0.026,650,STRAZ CENTER ENT,1,0,0,0,0,0,42563,0.0,2349.5
10190446,Hillsborough,0.0,0.471,0.471,15500,I-4 / SR-400,98,0,3,0,0,3,18386309,0.0,533.0
10360000,Hillsborough,0.282,0.501,0.219,51500,I-275/SR-93,210,0,1,0,0,1,28404902,0.0,739.3
10190114,Hillsborough,0.0,0.273,0.273,5100,I-4/SR-400 WB,4,0,0,0,0,0,3506508,0.0,114.1
10000201,Hillsborough,0.0,0.758,0.758,16000,N LOIS AVE,236,0,0,0,0,0,30544368,0.0,772.6
10000178,Hillsborough,0.0,0.124,0.124,6100,CHANNELSIDE DR,28,0,0,0,0,0,1904993,0.0,1469.8
10240501,Hillsborough,0.0,0.214,0.214,13000,ROWLETT PARK RD,42,0,3,0,0,3,7006467,0.0,599.4
10000080,Hillsborough,0.0,1.494,1.494,6600,JAMES L  REDMAN PKWY,211,0,3,0,0,3,24833417,0.0,849.7
10190119,Hillsborough,0.0,0.385,0.385,6100,I-4/SR-400 EB,10,0,0,0,0,0,5914697,0.0,169.1
10320164,Hillsborough,0.0,0.131,0.131,5800,I-275 NB/SR-93,32,0,0,0,0,0,1913556,0.0,1672.3
10000169,Hillsborough,0.0,0.23,0.23,5200,E JACKSON ST,117,0,0,0,0,0,3012126,0.0,3884.3
10000114,Hillsborough,0.0,0.383,0.383,5000,W VIOLET ST,37,0,0,0,0,0,4822928,0.0,767.2
10150000,Hillsborough,0.0,1.84,1.84,57000,LAFAYETTE BLVD,255,0,5,0,0,2,264140280,0.0,96.5
10150000,Hillsborough,12.345,12.657,0.312,49000,N/A,393,0,3,0,0,2,38502828,0.0,1020.7
10150000,Hillsborough,12.657,12.85,0.193,47000,10320163 SB ON,506,0,5,0,0,3,22845313,0.0,2214.9
10000021,Hillsborough,0.0,1.36,1.36,10500,PATTERSON RD,18,0,0,0,0,0,35964180,0.0,50.0
10000021,Hillsborough,1.36,2.063,0.703,10500,N/A,16,0,0,0,0,0,18590308,0.0,86.1
10190456,Hillsborough,0.0,0.364,0.364,8800,US-41/SR-599/50 ST,6,0,0,0,0,0,8067259,0.0,74.4
10130042,Hillsborough,0.0,0.142,0.142,4000,SR-580 / W HILLSBORO,2,0,0,0,0,0,1430508,0.0,139.8
10320143,Hillsborough,0.0,0.235,0.235,16500,I-275 / SR-93,33,0,0,0,0,0,9765484,0.0,337.9
10000209,Hillsborough,0.0,6.139,6.139,8400,E BLOOMINGDALE AVE,465,0,20,0,0,14,129873001,0.0,358.0
10000098,Hillsborough,0.0,0.055,0.055,550,N JEFFERSON ST,5,0,0,0,0,0,76185,0.0,6563.0
10000098,Hillsborough,0.055,0.391,0.336,550,N PIERCE ST,33,0,0,0,0,0,465419,0.0,7090.4
10190400,Hillsborough,0.0,1.382,1.382,3900,N WHEELER ST,50,0,0,0,0,0,13574211,0.0,368.3
10320154,Hillsborough,0.0,0.111,0.111,8400,N TALIAFERRO AVE,5,0,0,0,0,0,2348249,0.0,212.9
10190016,Hillsborough,0.0,0.187,0.187,9900,I-275 / NB,0,0,0,0,0,0,4662499,0.0,0.0
10000203,Hillsborough,0.0,0.364,0.364,5300,S ASHLEY DR,82,0,0,0,0,0,4858690,0.0,1687.7
10000176,Hillsborough,0.0,0.489,0.489,7100,US-301,27,0,0,0,0,0,8743980,0.0,308.8
10000176,Hillsborough,0.489,1.057,0.568,3900,PASSAGE PL,8,0,0,0,0,0,5578981,0.0,143.4
10000176,Hillsborough,1.057,2.802,1.745,8800,COLLINS ELM SCHOOL,21,0,1,0,0,1,38674086,0.0,54.3
10000060,Hillsborough,0.0,2.574,2.574,12700,W GREEN ST,206,0,6,0,0,6,82329261,0.0,250.2
10190118,Hillsborough,0.0,0.245,0.245,5700,SR-566/THONOTOSASSA,5,0,1,0,0,0,3517085,0.0,142.2
10270112,Hillsborough,0.0,0.208,0.208,23500,SR-60 NB,21,0,0,0,0,0,12310428,0.0,170.6
10270112,Hillsborough,0.208,0.444,0.236,19000,N/A,5,0,0,0,0,0,11292954,0.0,44.3
10000158,Hillsborough,0.0,1.008,1.008,38500,E SHELL POINT RD,13,0,2,0,0,2,97737948,0.0,13.3
10140119,Hillsborough,0.0,0.165,0.165,13000,FROM SR-60 EB,3,0,1,0,0,1,5402182,0.0,55.5
10000050,Hillsborough,0.0,0.705,0.705,9100,W KENNEDY BLVD,25,0,2,0,0,2,16157437,0.0,154.7
10000050,Hillsborough,0.809,5.549,4.74,9100,W GREEN ST,619,0,7,0,0,3,108632979,0.0,569.8
10190068,Hillsborough,0.071,0.331,0.26,11500,10190453 SB OFF,4,0,0,0,0,0,7530315,0.0,53.1
10000300,Hillsborough,0.0,0.48,0.48,4500,E CLARK ST,29,0,0,0,0,0,5439960,0.0,533.1
10190600,Hillsborough,0.0,0.305,0.305,9900,I-275/SR-93 NB,43,0,1,0,0,1,7604611,0.0,565.4
10190600,Hillsborough,0.305,0.539,0.234,13000,N/A,53,0,0,0,0,0,7661277,0.0,691.8
10190088,Hillsborough,0.0,0.172,0.172,4200,WB SR-574/MLK JR BL,5,0,0,0,0,0,1819364,0.0,274.8
10320183,Hillsborough,0.0,0.163,0.163,11000,I-275 / SR-93,19,0,0,0,0,0,4515670,0.0,420.8
10090100,Hillsborough,0.0,0.674,0.674,300,DEAD END,0,0,0,0,0,0,509241,0.0,0.0
10320156,Hillsborough,0.0,0.163,0.163,4500,I-275 / SR-93 / SB,24,0,0,0,0,0,1847320,0.0,1299.2
10190011,Hillsborough,0.0,0.033,0.033,5900,10190454 NB ON,0,0,0,0,0,0,490352,0.0,0.0
10270111,Hillsborough,0.0,0.538,0.538,8400,SR-60 / EB,5,0,0,0,0,0,11381605,0.0,43.9
10000132,Hillsborough,3.163,3.87,0.707,2250,N CLUB CT,47,0,0,0,0,0,4006304,0.0,1173.2
10000044,Hillsborough,0.0,2.264,2.264,17800,30 ST NE,0,0,0,0,0,0,101493535,0.0,0.0
10000247,Hillsborough,0.0,2.493,2.493,2500,W EUCLID AV,161,0,0,0,0,0,15696551,0.0,1025.7
10000079,Hillsborough,0.0,1.018,1.018,6600,GEORGE RD,15,0,0,0,0,0,16921298,0.0,88.6
10000039,Hillsborough,0.0,3.832,3.832,500,30 ST NE,70,0,10,0,0,10,4825446,0.0,1450.6
10000156,Hillsborough,0.0,1.095,1.095,4600,SAMMONDS RD,138,0,2,0,0,0,12685684,0.0,1087.8
10000118,Hillsborough,0.0,2.0,2.0,2700,E MLK BLVD,222,0,1,0,0,1,13599900,0.0,1632.4
10190067,Hillsborough,0.0,0.154,0.154,13500,I-275 / SR-93 / NB,14,0,0,0,0,0,5235962,0.0,267.4
10160000,Hillsborough,6.167,6.818,0.651,58000,W BEARSS AVE,301,0,3,0,0,3,95093523,0.0,316.5
10160000,Hillsborough,11.628,12.767,1.139,43000,W LUTZ LAKE FERN RD,115,0,8,0,0,7,123348574,0.0,93.2
10320157,Hillsborough,0.0,0.106,0.106,6300,FLORIBRASKA AVE,8,0,0,0,0,0,1681854,0.0,475.7
10270124,Hillsborough,0.0,0.102,0.102,1000,10270125 WB OFF,0,0,0,0,0,0,256887,0.0,0.0
10270124,Hillsborough,0.102,0.207,0.105,3600,N/A,0,0,0,0,0,0,951993,0.0,0.0
10000140,Hillsborough,0.0,0.546,0.546,8200,US41/SR45/NEBRASKA,39,0,0,0,0,0,11275828,0.0,345.9
10140112,Hillsborough,0.0,0.097,0.097,400,SR-60 EB,2,0,1,0,0,0,97718,0.0,2046.7
10000251,Hillsborough,0.0,1.519,1.519,7000,S HIMES AVE,69,0,0,0,0,0,26779210,0.0,257.7
10200100,Hillsborough,0.0,0.165,0.165,3900,SR-39A / PAUL S BUCH,0,0,0,0,0,0,1620655,0.0,0.0
10190089,Hillsborough,0.0,0.208,0.208,5300,SB ORIENT RD,2,0,0,0,0,0,2776394,0.0,72.0
10000093,Hillsborough,0.0,0.602,0.602,6200,S HARBOUR ISLAND BLV,42,0,1,0,0,1,9400049,0.0,446.8
10190018,Hillsborough,0.0,0.339,0.339,8700,W LOIS AVE,0,0,0,0,0,0,7427812,0.0,0.0
10000074,Hillsborough,0.0,0.529,0.529,16200,BRUCE B DOWNS BLVD,11,0,0,0,0,0,21583041,0.0,51.0
10000083,Hillsborough,0.0,0.093,0.093,1330,OLD MULBERRY RD,2,0,0,0,0,0,311513,0.0,642.0
10190104,Hillsborough,0.0,0.187,0.187,5300,I-4 / SR-400,4,0,0,0,0,0,2496085,0.0,160.3
10080002,Hillsborough,0.0,0.071,0.071,9300,NEBRASKA AVE,24,0,0,0,0,0,1662966,0.0,1443.2
10320144,Hillsborough,0.0,0.198,0.198,6900,I-275/SR 93 SB,3,0,0,0,0,0,3440775,0.0,87.2
10000170,Hillsborough,0.0,1.055,1.055,12700,SYMMES RD,94,0,9,0,0,7,33744122,0.0,278.6
10140103,Hillsborough,0.0,0.233,0.233,13500,SR-589/SR-60 NB,13,0,0,0,0,0,7921942,0.0,164.1
10140103,Hillsborough,0.233,0.52,0.287,13500,N/A,56,0,0,0,0,0,9757928,0.0,573.9
10000049,Hillsborough,0.0,0.602,0.602,26000,SR-60/SR-685/JFK BLV,105,0,1,0,0,1,39419562,0.0,266.4
10000227,Hillsborough,0.0,3.923,3.923,24000,N DALE MABRY HWY,185,0,3,0,0,3,237121812,0.0,78.0
10190056,Hillsborough,0.0,0.092,0.092,13500,WEST SHORE BLVD,4,0,0,0,0,0,3127977,0.0,127.9
10320141,Hillsborough,0.0,0.524,0.524,16000,I-275/SR-93 NB,7,0,1,0,0,1,21115104,0.0,33.2
10000096,Hillsborough,0.0,0.147,0.147,8800,SR-60/E ADAMO DR,21,0,0,0,0,0,3257932,0.0,644.6
10000096,Hillsborough,0.147,1.58,1.433,1900,N/A,63,0,0,0,0,0,6857120,0.0,918.8
10190126,Hillsborough,0.0,0.281,0.281,6600,I-4 / SR-400,9,0,2,0,0,2,4670810,0.0,192.7
10260000,Hillsborough,5.868,5.947,0.079,19500,HARNEY RD,0,0,0,0,0,0,3879749,0.0,0.0
10000095,Hillsborough,0.0,0.335,0.335,3100,N ASHLEY DR,44,0,0,0,0,0,2615462,0.0,1682.3
10190175,Hillsborough,0.0,0.18,0.18,44000,SR 60 EB,41,0,1,0,0,1,19946520,0.0,205.5
10350000,Hillsborough,0.0,0.28,0.28,37500,N FLORIDA AVE,182,0,3,0,0,2,26444250,0.0,688.2
10350000,Hillsborough,0.28,0.499,0.219,44000,I-275/SR-93,295,0,6,0,0,4,24268266,0.0,1215.6
10000215,Hillsborough,0.0,2.024,2.024,9900,S PARSONS AVE,86,0,2,0,0,0,50464696,0.0,170.4
10000182,Hillsborough,0.0,0.3,0.3,1300,BAYSHORE BLVD,20,0,0,0,0,0,982215,0.0,2036.2
10000070,Hillsborough,2.034,2.843,0.809,6600,N/A,131,0,2,0,0,0,13447279,0.0,974.2
10190109,Hillsborough,0.0,0.225,0.225,7000,I-4/SR-400 EB,10,0,0,0,0,0,3966638,0.0,252.1
10000167,Hillsborough,0.0,0.77,0.77,7600,HARNEY RD,33,0,0,0,0,0,14738262,0.0,223.9
10160047,Hillsborough,0.0,0.173,0.173,4000,SR-597 / DALE MABRY,4,0,0,0,0,0,1742802,0.0,229.5
10320163,Hillsborough,0.0,0.117,0.117,10500,SR-600 EB,16,0,0,0,0,0,3093977,0.0,517.1
10000189,Hillsborough,0.0,0.401,0.401,600,WYNKOOP RD,24,0,0,0,0,0,605951,0.0,3960.7
10000151,Hillsborough,0.0,0.487,0.487,10900,US-301,25,0,1,0,0,1,13368954,0.0,187.0
10140100,Hillsborough,0.0,0.11,0.11,700,SR-60 WB RAMPS,2,0,0,0,0,0,193924,0.0,1031.3
10000053,Hillsborough,0.0,0.92,0.92,9900,LUTZ LAKE FERN RD,4,0,0,0,0,0,22938498,0.0,17.4
10190453,Hillsborough,0.0,0.458,0.458,5900,RAMP 10190071,21,0,0,0,0,0,6805491,0.0,308.6
10190086,Hillsborough,0.0,0.333,0.333,13000,I-4/SR-400 EB,9,0,0,0,0,0,10902586,0.0,82.5
10190021,Hillsborough,0.0,0.226,0.226,13500,US-92 / SR-600,0,0,0,0,0,0,7683944,0.0,0.0
10190143,Hillsborough,0.0,0.268,0.268,7600,EB I-4/SR-400,18,0,1,0,0,1,5129681,0.0,350.9
10320148,Hillsborough,0.0,0.184,0.184,5000,I-275/SR-93 SB,3,0,0,0,0,0,2317020,0.0,129.5
10190009,Hillsborough,0.0,0.99,0.99,26000,10270129 NB OFF,33,0,1,0,0,1,64826190,0.0,50.9
10000206,Hillsborough,0.0,0.195,0.195,6200,W CYPRESS ST,14,0,2,0,0,2,3044866,0.0,459.8
10000077,Hillsborough,0.0,0.05,0.05,8400,N BOULEVARD,3,0,0,0,0,0,1057770,0.0,283.6
10000077,Hillsborough,0.05,2.017,1.967,8400,N GARCIA AV,340,0,11,0,0,7,41612672,0.0,817.1
10000029,Hillsborough,0.0,1.904,1.904,6700,MACDILL AFB,49,0,0,0,0,0,32128001,0.0,152.5
10270008,Hillsborough,0.0,0.311,0.311,12100,10270004 WB ON,100,0,0,0,0,0,9477367,0.0,1055.1
10000186,Hillsborough,0.0,2.288,2.288,12500,BRUCE B DOWNS BLVD,147,0,3,0,0,3,72029100,0.0,204.1
10000131,Hillsborough,0.0,0.731,0.731,6100,E RIVERHILLS DR,22,0,0,0,0,0,11230243,0.0,195.9
10180000,Hillsborough,0.0,0.047,0.047,22500,MACDILL AFB ENTR,10,0,0,0,0,0,2663314,0.0,375.5
10180000,Hillsborough,0.082,0.376,0.294,22500,N/A,49,0,1,0,0,0,16659878,0.0,294.1
10270003,Hillsborough,0.0,0.179,0.179,49500,WEST SHORE MALL ENTR,298,0,1,0,0,0,22315169,0.0,1335.4
10270003,Hillsborough,0.179,1.698,1.519,203000,I-275/SR-93,1266,0,9,0,0,7,776597104,0.0,163.0
10190502,Hillsborough,0.0,0.276,0.276,11200,I-4 WB,4,0,0,0,0,0,7785187,0.0,51.4
10190137,Hillsborough,0.0,0.212,0.212,8000,COUNTY LINE ROAD,0,0,0,0,0,0,4271376,0.0,0.0
10000064,Hillsborough,0.402,1.5,1.098,5900,N TAMPA ST,270,0,0,0,0,0,16315347,0.0,1654.9
10000275,Hillsborough,0.0,1.62,1.62,14000,SR-574/DR MLK BLVD,171,0,0,0,0,0,57119580,0.0,299.4
10190051,Hillsborough,0.0,0.183,0.183,49500,SR-93 WB/I-275 SB,26,0,1,0,0,1,22813832,0.0,114.0
10260100,Hillsborough,0.0,0.301,0.301,3600,SR-41/US-301,15,0,0,0,0,0,2729047,0.0,549.6
10190447,Hillsborough,0.0,0.203,0.203,7100,I-4 / SR-400,23,0,0,0,0,0,3629914,0.0,633.6
10190085,Hillsborough,0.0,0.139,0.139,7000,SR-574/DR MLK JR BVD,6,0,0,0,0,0,2450501,0.0,244.8
10090200,Hillsborough,0.0,0.296,0.296,1650,CVISTA,0,0,0,0,0,0,1230035,0.0,0.0
10320172,Hillsborough,0.0,0.075,0.075,8300,I-275 NB/SR-93,9,0,1,0,0,1,1567766,0.0,574.1
10270128,Hillsborough,0.154,0.264,0.11,3400,N/A,1,0,0,0,0,0,941919,0.0,106.2
10000181,Hillsborough,0.0,0.102,0.102,14000,CHANNELSIDE DR,28,0,0,0,0,0,3596418,0.0,778.6
10140104,Hillsborough,0.0,0.097,0.097,9500,E SIDE OF BR 100693,1,0,0,0,0,0,2320798,0.0,43.1
10000025,Hillsborough,0.0,1.015,1.015,6200,MEMORIAL HWY,106,0,1,0,0,1,15848920,0.0,668.8
10000192,Hillsborough,0.0,0.268,0.268,17100,E SCOTT ST,30,0,0,0,0,0,11541782,0.0,259.9
10000115,Hillsborough,0.0,1.322,1.322,3400,N ARMENIA AVE,27,0,0,0,0,0,11320154,0.0,238.5
10470005,Hillsborough,0.0,0.167,0.167,7000,CR 576/MEMORIAL HWY,3,0,0,0,0,0,2944126,0.0,101.9
10190072,Hillsborough,0.0,0.156,0.156,12500,SCOTT ST,33,0,2,0,0,2,4911075,0.0,672.0
10190103,Hillsborough,0.0,0.207,0.207,11500,SR-400/I-4 EB,32,0,1,0,0,1,5995289,0.0,533.8
10320150,Hillsborough,0.0,0.169,0.169,21000,EB SR-678/BEARSS AVE,12,0,0,0,0,0,8938157,0.0,134.3
10190004,Hillsborough,0.0,0.166,0.166,6500,10190067 SB OFF,23,0,0,0,0,0,2717462,0.0,846.4
10000139,Hillsborough,0.0,1.18,1.18,16200,E FLETCHER AVE,118,0,2,0,0,2,48143646,0.0,245.1
10140106,Hillsborough,0.0,0.177,0.177,18500,10270803 SB OFF,5,0,0,0,0,0,8246828,0.0,60.6
10140106,Hillsborough,0.177,0.369,0.192,14000,N/A,4,0,0,0,0,0,6769728,0.0,59.1
10140106,Hillsborough,0.369,0.911,0.542,20000,N/A,95,0,1,0,0,0,27300540,0.0,348.0
10000056,Hillsborough,0.0,0.189,0.189,700,S WEST SHORE BLVD,2,0,0,0,0,0,333198,0.0,600.2
10000032,Hillsborough,0.0,1.9,1.9,5800,INTERBAY BLVD,171,0,3,0,0,3,27753870,0.0,616.1
10190008,Hillsborough,0.0,0.51,0.51,72500,I-4 / SR 400 WB,127,0,3,0,0,2,93121538,0.0,136.4
10270125,Hillsborough,0.0,0.057,0.057,650,TIA EXIT RAMP,3,0,0,0,0,0,93310,0.0,3215.1
10000184,Hillsborough,0.0,3.063,3.063,8800,N VALRICO RD,84,0,2,0,0,2,67884656,0.0,123.7
10140126,Hillsborough,0.0,0.284,0.284,900,CONCOURSE CENTER ENT,7,0,0,0,0,0,643729,0.0,1087.4
10000034,Hillsborough,0.0,1.169,1.169,29500,SR-573/DALE MABRY HW,332,0,7,0,0,4,86851732,0.0,382.3
10000230,Hillsborough,0.0,3.837,3.837,12900,GUNN HWY,191,0,8,0,0,6,124658950,0.0,153.2
10190504,Hillsborough,0.0,0.428,0.428,18800,I-4 EB,17,0,0,0,0,0,20264858,0.0,83.9
10320166,Hillsborough,0.0,0.157,0.157,12000,SR-600,13,0,0,0,0,0,4744854,0.0,274.0
10270123,Hillsborough,0.0,0.208,0.208,3500,10140106 NB ON,3,0,0,0,0,0,1833468,0.0,163.6
10000187,Hillsborough,0.0,1.012,1.012,5200,N NEBRASKA AVE,284,0,7,0,0,0,13253354,0.0,2142.9
10000134,Hillsborough,0.0,4.025,4.025,5900,N FLORIDA AVE,399,0,3,0,0,3,59808079,0.0,667.1
10140118,Hillsborough,0.0,0.086,0.086,12500,SR-589 NB RAMP,6,0,1,0,0,0,2707388,0.0,221.6
10000046,Hillsborough,0.0,0.737,0.737,900,GATED AIRPORT ENTR,7,0,0,0,0,0,1670521,0.0,419.0
10000046,Hillsborough,0.78,1.28,0.5,900,N/A,8,0,0,0,0,0,1133325,0.0,705.9
10160046,Hillsborough,0.0,0.12,0.12,5800,US-92 / SR-600,4,0,1,0,0,1,1752876,0.0,228.2
10000352,Hillsborough,0.0,1.12,1.12,1750,E US 92,11,0,0,0,0,0,4936260,0.0,222.8
10190505,Hillsborough,0.0,0.446,0.446,11200,10472505 RAMP,32,0,0,0,0,0,12580411,0.0,254.4
10190094,Hillsborough,0.0,0.33,0.33,4600,US-92/SR-600 EB,18,0,2,0,0,1,3823083,0.0,470.8
10000239,Hillsborough,0.0,1.136,1.136,1400,N WEST SHORE BLVD,139,0,0,0,0,0,4005422,0.0,3470.3
10190449,Hillsborough,0.0,0.367,0.367,13500,I-4 / SR-400,46,0,0,0,0,0,12477908,0.0,368.7
10190115,Hillsborough,0.0,0.191,0.191,4400,BRANCH FORBESS RD,5,0,1,0,0,1,2116547,0.0,236.2
10270120,Hillsborough,0.0,0.235,0.235,5400,10140105 NB ON,2,0,0,0,0,0,3195976,0.0,62.6
10000116,Hillsborough,0.0,1.004,1.004,7000,E HILLSBOROUGH AVE,109,0,4,0,0,2,17700018,0.0,615.8
10190095,Hillsborough,0.0,0.184,0.184,8300,US-92/SR-600 WB,13,0,0,0,0,0,3846253,0.0,338.0
10000246,Hillsborough,0.0,1.522,1.522,2500,N MACDILL AV,191,0,3,0,0,2,9582892,0.0,1993.1
10080101,Hillsborough,0.0,0.131,0.131,12500,SR-45,52,0,0,0,0,0,4124044,0.0,1260.9
10080101,Hillsborough,0.131,0.218,0.087,18000,10002020 WB OFF,104,0,0,0,0,0,3943971,0.0,2636.9
10080101,Hillsborough,0.218,0.439,0.221,18500,N JEFFERSON ST,235,0,0,0,0,0,10296887,0.0,2282.2
10080101,Hillsborough,0.439,0.607,0.168,15000,USB41/SR685/N FL AVE,191,0,2,0,0,1,6346620,0.0,3009.5
10000200,Hillsborough,0.0,0.509,0.509,1250,CHANGE OF PAVEMENT,2,0,0,0,0,0,1602396,0.0,124.8
10190111,Hillsborough,0.0,0.254,0.254,7300,MCINTOSH RD,2,0,0,0,0,0,4669803,0.0,42.8
10000159,Hillsborough,0.0,0.816,0.816,550,E WHITING ST,47,0,2,0,0,1,1130303,0.0,4158.2
10190019,Hillsborough,0.0,0.406,0.406,13000,SR-93 / I-275 / SB,0,0,0,0,0,0,13292643,0.0,0.0
10290001,Hillsborough,0.0,0.11,0.11,4500,US-301,0,0,0,0,0,0,1246658,0.0,0.0
10000202,Hillsborough,0.0,0.111,0.111,2450,BAY SHORE BLVD,15,0,0,0,0,0,684906,0.0,2190.1
10270114,Hillsborough,0.529,0.805,0.276,10500,N/A,11,0,0,0,0,0,7298613,0.0,150.7
10000135,Hillsborough,0.0,0.758,0.758,1300,N BOULEVARD,23,0,0,0,0,0,2481730,0.0,926.8
10000135,Hillsborough,0.868,2.6,1.732,2700,N FLORENCE AV,122,0,4,0,0,2,11777513,0.0,1035.9
10140116,Hillsborough,0.0,0.268,0.268,11000,SR-589,10,0,0,0,0,0,7424538,0.0,134.7
10000301,Hillsborough,0.0,1.296,1.296,4200,HANLEY RD,37,0,0,0,0,0,13708699,0.0,269.9
10190098,Hillsborough,0.0,0.18,0.18,7800,US-92 / SR-600,9,0,0,0,0,0,3535974,0.0,254.5
10000104,Hillsborough,0.0,1.454,1.454,16200,TAMPA PALMS BLVD,25,0,0,0,0,0,59322764,0.0,42.1
10190133,Hillsborough,0.0,0.298,0.298,8500,I-4 / SR-400,11,0,0,0,0,0,6379360,0.0,172.4
10000086,Hillsborough,0.0,1.379,1.379,12800,LUTZ LAKE FERN RD,11,0,0,0,0,0,44454547,0.0,24.7
10190300,Hillsborough,0.0,1.443,1.443,3900,S FRONTAGE RD,8,0,0,0,0,0,14173362,0.0,56.4
10320142,Hillsborough,0.0,0.192,0.192,21000,SR-582 / FOWLER AVE,18,0,0,0,0,0,10154592,0.0,177.3
10190012,Hillsborough,0.0,0.055,0.055,7100,10190072 NB ON,0,0,0,0,0,0,983474,0.0,0.0
10000040,Hillsborough,0.466,3.059,2.593,14600,N/A,414,0,2,0,0,2,95344869,0.0,434.2
10000261,Hillsborough,0.0,1.593,1.593,13500,W LINEBAUGH AVE,131,0,3,0,0,2,54161602,0.0,241.9
10190070,Hillsborough,0.0,0.098,0.098,8800,10190457 WB ON,10,0,0,0,0,0,2171954,0.0,460.4
10000124,Hillsborough,0.0,2.937,2.937,3300,HIGHLAND AVE,252,0,5,0,0,3,24409554,0.0,1032.4
10000244,Hillsborough,0.0,2.261,2.261,1550,E LAKE AVE,215,0,1,0,0,1,8826209,0.0,2435.9
10190145,Hillsborough,0.0,0.266,0.266,24500,US-92 / SR-600,14,0,0,0,0,0,16413064,0.0,85.3
10000073,Hillsborough,0.0,0.572,0.572,6600,MEDULLA RD,27,0,0,0,0,0,9507841,0.0,284.0
10270115,Hillsborough,0.0,0.143,0.143,8900,N SIDE OF BR 100682,3,0,0,0,0,0,3205295,0.0,93.6
10000143,Hillsborough,0.0,2.032,2.032,1850,SR-676/CAUSEWAY BLVD,52,0,2,0,0,2,9467545,0.0,549.2
10140113,Hillsborough,0.0,0.063,0.063,650,SR-60 FRONTAGE RD,0,0,0,0,0,0,103133,0.0,0.0
10000043,Hillsborough,0.0,4.054,4.054,16000,MEMORIAL HWY,525,0,7,0,0,6,163359984,0.0,321.4
10160044,Hillsborough,0.0,0.161,0.161,7100,SR-580 / DALE MABRY,49,0,0,0,0,0,2878897,0.0,1702.0
10190458,Hillsborough,0.0,0.328,0.328,4900,SR-39/ALEXANDER ST,2,0,0,0,0,0,4047733,0.0,49.4
10130041,Hillsborough,0.0,0.156,0.156,6500,SR-580 /  W HILLSBOR,2,0,0,0,0,0,2553759,0.0,78.3
10190135,Hillsborough,0.0,0.172,0.172,2600,PAUL S BUCHMAN HWY,4,0,0,0,0,0,1126273,0.0,355.2
10190444,Hillsborough,0.0,0.08,0.08,7100,10190095 WB OFF,1,0,0,0,0,0,1430508,0.0,69.9
10000166,Hillsborough,0.0,0.103,0.103,1650,E ALABAMA ST,0,0,0,0,0,0,428019,0.0,0.0
10000166,Hillsborough,0.15,0.397,0.247,1650,E RENFRO ST,0,0,0,0,0,0,1026415,0.0,0.0
10000166,Hillsborough,0.418,1.751,1.333,1650,N/A,21,0,0,0,0,0,5539315,0.0,379.1
10320167,Hillsborough,0.0,0.114,0.114,7400,I-275 NB/SR-93,26,0,0,0,0,0,2124607,0.0,1223.8
10000051,Hillsborough,0.0,1.657,1.657,11400,TAMPA BAY BLVD,112,0,4,0,0,1,47573961,0.0,235.4
10000038,Hillsborough,0.0,1.52,1.52,500,15 ST SE,16,0,5,0,0,5,1914060,0.0,835.9
10270004,Hillsborough,0.0,0.615,0.615,3500,W KENNEDY BLVD,16,0,0,0,0,0,5421071,0.0,295.1
10000255,Hillsborough,0.0,1.004,1.004,2800,E LAKE AV,107,0,3,0,0,3,7080007,0.0,1511.3
10190093,Hillsborough,0.0,0.522,0.522,1300,I-4/SR-400 EB,9,0,1,0,0,0,1709054,0.0,526.6
10130043,Hillsborough,0.0,0.173,0.173,4100,US-92 / SR-600,7,0,0,0,0,0,1786372,0.0,391.9
10000097,Hillsborough,0.0,0.336,0.336,2500,N ASHLEY DR,36,0,0,0,0,0,2115540,0.0,1701.7
10000097,Hillsborough,0.336,0.618,0.282,1250,PIERCE ST N,17,0,0,0,0,0,887771,0.0,1914.9
10190445,Hillsborough,0.0,0.525,0.525,14500,US-41/SR-599,41,0,1,0,0,1,19172081,0.0,213.9
10320184,Hillsborough,0.0,0.285,0.285,13000,SR-580 / BUSCH BLVD,9,0,1,0,0,1,9331042,0.0,96.5
10190113,Hillsborough,0.0,0.273,0.273,4500,I-4/SR-400 EB,13,0,1,0,0,1,3093977,0.0,420.2
10320160,Hillsborough,0.0,0.136,0.136,10000,I-275 NB/SR-93,37,0,0,0,0,0,3425160,0.0,1080.2
10270119,Hillsborough,0.0,0.131,0.131,21500,SR-60 EB,14,0,0,0,0,0,7093355,0.0,197.4
10000168,Hillsborough,0.0,0.523,0.523,16000,CYPRESS ST,54,0,0,0,0,0,21074808,0.0,256.2
10000130,Hillsborough,0.0,1.025,1.025,8200,E 131ST AVE,149,0,1,0,0,0,21167992,0.0,703.9
10000252,Hillsborough,0.0,0.562,0.562,2450,W SWANN AVE,42,0,0,0,0,0,3467723,0.0,1211.2
10130111,Hillsborough,0.0,0.343,0.343,300,DEAD END,1,0,0,0,0,0,259154,0.0,385.9
10190139,Hillsborough,0.0,0.158,0.158,1800,RP 10190091,1,0,0,0,0,0,716261,0.0,139.6
10000249,Hillsborough,0.0,0.446,0.446,7100,HENDERSON BLVD,49,0,1,0,0,1,7975082,0.0,614.4
10190457,Hillsborough,0.0,0.307,0.307,10500,N ASHLEY DR/RAMP 070,18,0,0,0,0,0,8118385,0.0,221.7
10190096,Hillsborough,0.0,0.183,0.183,5200,US-301/SR-41 SB,4,0,0,0,0,0,2396605,0.0,166.9
10160049,Hillsborough,0.0,0.194,0.194,4000,WB SR-580/W BUSCH BL,4,0,0,0,0,0,1954356,0.0,204.7
10190454,Hillsborough,0.0,0.21,0.21,5900,SCOTT ST,26,0,0,0,0,0,3120422,0.0,833.2
10000105,Hillsborough,0.0,0.501,0.501,7900,N BOULEVARD,39,0,0,0,0,0,9967971,0.0,391.3
10190023,Hillsborough,0.0,0.271,0.271,13500,I-275 / SR-93,0,0,0,0,0,0,9213932,0.0,0.0
10190152,Hillsborough,0.0,0.39,0.39,2800,SR-39A/PAUL BUCHMAN,9,0,1,0,0,0,2750202,0.0,327.2
10000214,Hillsborough,0.502,1.263,0.761,26500,10002340 WB ON,90,0,7,0,0,7,50789330,0.0,177.2
10000081,Hillsborough,0.0,0.508,0.508,21500,N FLORIDA AVE,69,0,2,0,0,1,27507057,0.0,250.8
10000278,Hillsborough,0.0,1.507,1.507,7600,SR-580/E BUSCH BLVD,138,0,0,0,0,0,28844884,0.0,478.4
10190507,Hillsborough,0.0,0.048,0.048,2100,10190506 SB OFF,0,0,0,0,0,0,253865,0.0,0.0
10190092,Hillsborough,0.0,0.255,0.255,6000,10030103 WB OFF,8,0,1,0,0,1,3853305,0.0,207.6
10000075,Hillsborough,0.0,0.554,0.554,1800,SR-60/ADAMO DR,131,0,0,0,0,0,2511448,0.0,5216.1
10000075,Hillsborough,0.554,1.515,0.961,3900,E 12 TH AVE,225,0,3,0,0,2,9439086,0.0,2383.7
10000075,Hillsborough,1.515,2.776,1.261,6800,E LAKE AVE,211,0,3,0,0,2,21595634,0.0,977.0
10320170,Hillsborough,0.0,0.11,0.11,7500,I-275 SB/SR-93,15,0,0,0,0,0,2077762,0.0,721.9
10190010,Hillsborough,0.0,0.243,0.243,8700,N HIMES AVE,6,0,0,0,0,0,5324361,0.0,112.7
10270126,Hillsborough,0.0,0.137,0.137,900,DEAD END,0,0,0,0,0,0,310531,0.0,0.0
10140128,Hillsborough,0.0,0.653,0.653,900,N SHERRILL ST,11,0,0,0,0,0,1480122,0.0,743.2
10190448,Hillsborough,0.0,0.191,0.191,4900,SR-585 / NW 22 ST,17,0,0,0,0,0,2357064,0.0,721.2
10190071,Hillsborough,0.312,0.575,0.263,11500,N/A,17,0,0,0,0,0,7617203,0.0,223.2
10190071,Hillsborough,0.575,0.697,0.122,7900,N/A,17,0,1,0,0,1,2427330,0.0,700.4
10320146,Hillsborough,0.0,0.167,0.167,13000,SR-579 / E FLETCHER,6,0,0,0,0,0,5467664,0.0,109.7
10190015,Hillsborough,0.0,0.524,0.524,13000,I-275 / SB,0,0,0,0,0,0,17156022,0.0,0.0
10270129,Hillsborough,0.0,0.573,0.573,8500,NB I-275/SR-93,123,0,5,0,0,5,12266354,0.0,1002.7
10140115,Hillsborough,0.0,0.088,0.088,650,10140114 WB ON,2,0,0,0,0,0,144058,0.0,1388.3
10000120,Hillsborough,0.0,0.103,0.103,1100,N TAMPA ST,8,0,0,0,0,0,285346,0.0,2803.6
10190132,Hillsborough,0.0,0.346,0.346,9100,COUNTY LINE RD,5,0,0,0,0,0,7929749,0.0,63.1
10190110,Hillsborough,0.0,0.215,0.215,7300,I-4/SR-400 WB,14,0,1,0,0,1,3952786,0.0,354.2
10320153,Hillsborough,0.0,0.153,0.153,6900,SR-678/BEARSS AVE,1,0,0,0,0,0,2658780,0.0,37.6
10000241,Hillsborough,0.0,0.492,0.492,8500,HANNA AVE,32,0,1,0,0,1,10532367,0.0,303.8
10130112,Hillsborough,0.0,0.282,0.282,300,EMPTY LOT,0,0,0,0,0,0,213065,0.0,0.0
10000091,Hillsborough,0.0,1.535,1.535,16200,BRUCE B DOWNS BLVD,104,0,1,0,0,1,62627540,0.0,166.1
10190138,Hillsborough,0.0,0.404,0.404,30000,I-4/SR-400 WB,5,0,0,0,0,0,30524220,0.0,16.4
10190380,Hillsborough,0.0,0.321,0.321,7100,SR-533/PARK RD SB,5,0,0,0,0,0,5739913,0.0,87.1
10320185,Hillsborough,0.0,0.155,0.155,12500,SR-580/BUSH BLVD WB,8,0,0,0,0,0,4879594,0.0,163.9
10190022,Hillsborough,0.0,0.281,0.281,13500,US-92 / SR-600,0,0,0,0,0,0,9553930,0.0,0.0
10190105,Hillsborough,0.0,0.211,0.211,4800,CR-579 / MANGO RD,5,0,1,0,0,1,2550737,0.0,196.0
10320152,Hillsborough,0.0,0.144,0.144,8100,SB I-275/SR-93,9,0,0,0,0,0,2937578,0.0,306.4
10190150,Hillsborough,0.0,0.295,0.295,4900,I-4 / SR-400,7,0,0,0,0,0,3640492,0.0,192.3
10000092,Hillsborough,0.0,1.668,1.668,37000,CROSS CREEK BLVD,52,0,1,0,0,0,155431746,0.0,33.5
10320168,Hillsborough,0.0,0.106,0.106,7300,E SLIGH AVE,9,0,0,0,0,0,1948815,0.0,461.8
10190020,Hillsborough,0.0,0.472,0.472,9800,I-275 / SR-93,0,0,0,0,0,0,11649574,0.0,0.0
10000204,Hillsborough,0.0,0.093,0.093,3300,HILLSBOROUGH AVE,13,0,0,0,0,0,772928,0.0,1681.9
10320186,Hillsborough,0.0,0.27,0.27,10000,I-275/SR-93 SB,33,0,0,0,0,0,6799950,0.0,485.3
10190017,Hillsborough,0.0,0.318,0.318,13500,LOIS AVE,0,0,0,0,0,0,10811920,0.0,0.0
10190120,Hillsborough,0.0,0.345,0.345,5100,I-4/SR-400 WB,8,0,0,0,0,0,4431301,0.0,180.5
10240500,Hillsborough,0.0,2.236,2.236,8200,ROWLETTE PARK DR,268,0,3,0,0,1,46177201,0.0,580.4
10000071,Hillsborough,0.0,3.863,3.863,12200,TAMPA PALMS BLVD,175,0,4,0,0,4,118693379,0.0,147.4
10190121,Hillsborough,0.0,0.234,0.234,5900,W THONOTOSASSA RD,2,0,0,0,0,0,3477041,0.0,57.5
10320151,Hillsborough,0.0,0.175,0.175,24500,NB I-275/SR-93,32,0,0,0,0,0,10798069,0.0,296.3
10000152,Hillsborough,0.0,1.517,1.517,11500,RIVERVIEW DR,131,0,11,0,0,7,43936492,0.0,298.2
10000128,Hillsborough,0.0,0.504,0.504,8400,N FLORIDA AVE,139,0,1,0,0,1,10662322,0.0,1303.7
10000052,Hillsborough,0.0,2.78,2.78,12200,TAMPA PALMS BLVD W,111,0,2,0,0,2,85417446,0.0,130.0
10190506,Hillsborough,0.0,0.16,0.16,600,EMP BR 100711,1,0,1,0,0,0,241776,0.0,413.6
10190097,Hillsborough,0.0,0.23,0.23,2900,NB US-301/SR-41,6,0,0,0,0,0,1679840,0.0,357.2
10190141,Hillsborough,0.0,0.507,0.507,8600,10190123 EB OFF,9,0,0,0,0,0,10981164,0.0,82.0
10190154,Hillsborough,0.0,0.322,0.322,2000,10190140 WB OFF,5,0,0,0,0,0,1621914,0.0,308.3
10320182,Hillsborough,0.0,0.707,0.707,28000,SR-93 / I-275 / SB,70,0,2,0,0,2,49856226,0.0,140.4
10190112,Hillsborough,0.0,0.255,0.255,6700,BRANCH FORBES RD,0,0,0,0,0,0,4302857,0.0,0.0
10190452,Hillsborough,0.0,0.327,0.327,8600,I-4 / SR-400 / WB,16,0,1,0,0,1,7082526,0.0,225.9
10000113,Hillsborough,0.0,0.82,0.82,8500,SR-60/KENNEDY BLVD,194,0,2,0,0,1,17553945,0.0,1105.2
10190025,Hillsborough,0.0,0.194,0.194,13500,I-275/SR-93 SB,0,0,0,0,0,0,6595952,0.0,0.0
10190379,Hillsborough,0.0,0.293,0.293,7900,I-4/SR-400 EB,21,0,0,0,0,0,5829572,0.0,360.2
10320171,Hillsborough,0.0,0.081,0.081,10500,E BIRD ST,6,0,0,0,0,0,2141984,0.0,280.1
10270127,Hillsborough,0.0,0.022,0.022,2500,FROM TIA TO SR-616,3,0,0,0,0,0,138518,0.0,2165.8
10000023,Hillsborough,0.0,1.14,1.14,3300,DOUBLE BRANCH RD,10,0,0,0,0,0,9474597,0.0,105.5
10190451,Hillsborough,0.0,0.313,0.313,21000,SR-400 / I-4 / WB,28,0,1,0,0,1,16554100,0.0,169.1
10000103,Hillsborough,0.0,3.871,3.871,1750,US-92,71,0,1,0,0,1,17060949,0.0,416.2
10470004,Hillsborough,0.0,0.203,0.203,7000,SR 589 NB,31,0,1,0,0,1,3578788,0.0,866.2
10180101,Hillsborough,0.0,0.11,0.11,11250,SR573/DALE MABRY HWY,10,0,0,0,0,0,3116644,0.0,320.9
10190183,Hillsborough,0.0,0.188,0.188,18500,SR-685 / N TAMPA ST,34,0,1,0,0,1,8759343,0.0,388.2
10190136,Hillsborough,0.0,0.209,0.209,7900,I-4 / SR-400,5,0,0,0,0,0,4158295,0.0,120.2
10190108,Hillsborough,0.0,0.219,0.219,6200,MCINTOSH RD SB,2,0,0,0,0,0,3419619,0.0,58.5
10320149,Hillsborough,0.0,0.177,0.177,4200,SR-579 / E FLETCHER,2,0,0,0,0,0,1872253,0.0,106.8
10000775,Hillsborough,0.0,0.276,0.276,2700,S BEACH DR,0,0,0,0,0,0,1876786,0.0,0.0
10000551,Hillsborough,0.0,0.363,0.363,14000,N TAMPA ST,204,0,1,0,0,0,12799017,0.0,1593.9
10000551,Hillsborough,0.363,0.591,0.228,14000,CENTRAL AVE,11,0,0,0,0,0,8039052,0.0,136.8
10000747,Hillsborough,0.0,0.262,0.262,7100,BELL SHOALS RD,0,0,0,0,0,0,4684914,0.0,0.0
10002000,Hillsborough,0.302,1.5,1.198,44500,Bridge No-100306,89,0,1,0,0,1,134263754,0.0,66.3
10002000,Hillsborough,2.123,4.157,2.034,67500,Bridge No-100314,241,0,4,0,0,2,345777458,0.0,69.7
10002000,Hillsborough,4.157,4.91,0.753,77500,Bridge No-100326,92,0,2,0,0,2,146973364,0.0,62.6
10002000,Hillsborough,4.91,5.111,0.201,78500,Bridge No-100332,33,0,1,0,0,1,39738152,0.0,83.0
10002000,Hillsborough,5.5,5.8,0.3,67000,Bridge No-100332,21,0,2,0,0,1,50621850,0.0,41.5
10002000,Hillsborough,5.8,6.98,1.18,74000,Bridge No-100332,149,0,2,0,0,2,219915420,0.0,67.8
10002000,Hillsborough,6.98,7.115,0.135,74000,Bridge No-100443,7,0,0,0,0,0,25159815,0.0,27.8
10002000,Hillsborough,7.115,8.209,1.094,58500,Bridge No-100443,98,0,1,0,0,1,161181481,0.0,60.8
10002000,Hillsborough,8.209,9.13,0.921,106000,Bridge No-100451,115,0,0,0,0,0,245871081,0.0,46.8
10002000,Hillsborough,13.776,14.217,0.441,62000,Bridge No-100489,8,0,0,0,0,0,68860827,0.0,11.6
10000645,Hillsborough,9.715,11.18,1.465,21000,VAN DYKE RD,95,0,4,0,0,4,77481652,0.0,122.6
10000645,Hillsborough,11.777,13.183,1.406,18700,LUTZ LAKE FERN RD,96,0,7,0,0,6,66216906,0.0,145.0
10000550,Hillsborough,0.0,0.277,0.277,2500,JACKSON ST,41,0,0,0,0,0,1744061,0.0,2350.8
10000550,Hillsborough,0.277,0.331,0.054,2500,POLK ST E,7,0,1,0,0,0,339997,0.0,2058.8
10000550,Hillsborough,0.331,0.69,0.359,2500,CASS ST E,40,0,0,0,0,0,2260354,0.0,1769.6
10000739,Hillsborough,0.0,0.471,0.471,7100,FISHHAWK BLVD,0,0,0,0,0,0,8422116,0.0,0.0
10002004,Hillsborough,0.0,0.117,0.117,7200,SR-618/SELMON EXPWY,10,0,0,0,0,0,2121584,0.0,471.3
10000723,Hillsborough,0.0,1.246,1.246,2400,CR-587/W SHORE BLVD,0,0,0,0,0,0,7531322,0.0,0.0
10000778,Hillsborough,0.0,0.252,0.252,2400,S MANHATTAN,0,0,0,0,0,0,1523189,0.0,0.0
10000620,Hillsborough,0.0,0.695,0.695,5800,SPUR,27,0,0,0,0,0,10152073,0.0,266.0
10000701,Hillsborough,0.0,0.519,0.519,13600,SR-674 / E COLLEGE A,0,0,0,0,0,0,17776580,0.0,0.0
10000605,Hillsborough,0.0,0.903,0.903,10300,HILLSBOROUGH AVE,115,0,1,0,0,0,23424317,0.0,490.9
10000742,Hillsborough,0.0,1.512,1.512,7100,US-301 / SR-43,0,0,0,0,0,0,27036601,0.0,0.0
10000367,Hillsborough,0.0,0.073,0.073,10700,BALM RIVERVIEW RD,10,0,2,0,0,2,1967200,0.0,508.3
10002012,Hillsborough,0.0,0.077,0.077,8500,SR-618 / SELMON EXPW,56,0,0,0,0,0,1648358,0.0,3397.3
10000722,Hillsborough,0.0,1.268,1.268,2700,SR-573/S DALE MABRY,0,0,0,0,0,0,8622337,0.0,0.0
10000633,Hillsborough,0.0,0.146,0.146,6700,95FT N OF WELDON ST,13,0,0,0,0,0,2463597,0.0,527.7
10000774,Hillsborough,0.0,0.17,0.17,1300,S BOULEVARD,0,0,0,0,0,0,556589,0.0,0.0
10000643,Hillsborough,0.0,0.152,0.152,7100,E LINEBAUGH AVE,7,0,0,0,0,0,2717965,0.0,257.5
10000643,Hillsborough,0.152,0.304,0.152,7100,E LINEBAUGH AVE,3,0,0,0,0,0,2717965,0.0,110.4
10000740,Hillsborough,0.0,0.61,0.61,7100,US-301/ SR-43,0,0,0,0,0,0,10907624,0.0,0.0
10000364,Hillsborough,0.0,0.587,0.587,4800,US-41/NEBRASKA AVE,29,0,0,0,0,0,7096126,0.0,408.7
10000364,Hillsborough,0.587,0.89,0.303,6400,E 7TH AVE,32,0,1,0,0,1,4883875,0.0,655.2
10000364,Hillsborough,0.89,1.027,0.137,2500,14 ST SB,8,0,0,0,0,0,862586,0.0,927.4
10000642,Hillsborough,0.0,2.583,2.583,3600,E SLIGH AVE,15,0,1,0,0,1,23419028,0.0,64.1
10000552,Hillsborough,0.0,0.088,0.088,18500,N MORGAN ST,10,0,0,0,0,0,4100118,0.0,243.9
10000552,Hillsborough,0.088,0.178,0.09,18500,US41B/SR685/N FL AVE,66,0,0,0,0,0,4193302,0.0,1573.9
10000763,Hillsborough,0.0,0.883,0.883,34500,US-301,0,0,0,0,0,0,76722325,0.0,0.0
10000702,Hillsborough,0.0,0.519,0.519,4100,18 ST NE,0,0,0,0,0,0,5359116,0.0,0.0
10000615,Hillsborough,0.0,0.193,0.193,8500,S MERIDIAN AVE,37,0,0,0,0,0,4131599,0.0,895.5
10000006,Hillsborough,0.0,0.348,0.348,2100,MARBELLA BLVD,16,0,0,0,0,0,1840520,0.0,869.3
10000006,Hillsborough,0.348,1.455,1.107,4100,N/A,24,0,1,0,0,1,11430716,0.0,210.0
10000006,Hillsborough,2.502,6.216,3.714,13600,N US-41,2,0,0,0,0,0,127210442,0.0,1.6
10002002,Hillsborough,0.0,0.18,0.18,7900,END BR # 3100304,13,0,2,0,0,0,3581307,0.0,363.0
10000710,Hillsborough,0.0,0.422,0.422,9100,W DE LEON ST,0,0,0,0,0,0,9671544,0.0,0.0
10000616,Hillsborough,0.0,0.274,0.274,7200,CHANNELSIDE DR,38,0,0,0,0,0,4968497,0.0,764.8
10000616,Hillsborough,0.274,2.212,1.938,17500,N/A,716,0,7,0,0,7,85414928,0.0,838.3
10000767,Hillsborough,0.0,0.346,0.346,300,GOLF AND SEA BLVD,0,0,0,0,0,0,261420,0.0,0.0
10000755,Hillsborough,0.0,2.617,2.617,28000,BRIGHTON KNOLL LOOP,0,0,0,0,0,0,184545606,0.0,0.0
10000732,Hillsborough,0.0,2.757,2.757,3300,COUNTRYWAY BLVD,0,0,0,0,0,0,22913565,0.0,0.0
10000374,Hillsborough,0.0,0.811,0.811,14100,W HILLSBOROUGH AVE,51,0,3,0,0,3,28799299,0.0,177.1
10000772,Hillsborough,0.0,1.005,1.005,9100,K BAR RANCH PKWY,0,0,0,0,0,0,23032942,0.0,0.0
10000716,Hillsborough,0.0,1.918,1.918,2300,N 22 ST,0,0,0,0,0,0,11110111,0.0,0.0
10000630,Hillsborough,0.0,0.372,0.372,25500,W KENNEDY BLVD,141,0,2,0,0,2,23890491,0.0,590.2
10000630,Hillsborough,0.372,1.027,0.655,25000,CR-587 / WEST SHORE,243,0,3,0,0,2,41240437,0.0,589.2
10000504,Hillsborough,8.863,8.911,0.048,4500,N/A,0,0,0,0,0,0,543996,0.0,0.0
10000748,Hillsborough,0.0,1.419,1.419,7100,BOYETTE RD,0,0,0,0,0,0,25373636,0.0,0.0
10000628,Hillsborough,0.0,0.355,0.355,8500,W SWANN AVE,0,0,0,0,0,0,7599574,0.0,0.0
10000705,Hillsborough,0.0,1.77,1.77,2250,SR-60/E ADAMO DR,0,0,0,0,0,0,10029926,0.0,0.0
10000703,Hillsborough,0.0,0.908,0.908,4100,US-41 / SR-45,0,0,0,0,0,0,9375872,0.0,0.0
10000611,Hillsborough,1.863,1.974,0.111,22500,S FLORIDA AVE,28,0,0,0,0,0,6289954,0.0,445.2
10000611,Hillsborough,1.974,2.144,0.17,14000,S MORGAN ST,57,0,0,0,0,0,5994030,0.0,950.9
10000611,Hillsborough,2.144,2.173,0.029,14000,OLD WATER ST,7,0,0,0,0,0,1022511,0.0,684.6
10000611,Hillsborough,2.173,2.874,0.701,14000,S CAESAR ST,139,0,0,0,0,0,24716559,0.0,562.4
10000731,Hillsborough,0.0,1.009,1.009,7100,RHODINE RD,0,0,0,0,0,0,18042282,0.0,0.0
10000613,Hillsborough,0.0,0.137,0.137,7100,PHYSICAL GORE SB,2,0,0,0,0,0,2449745,0.0,81.6
10000613,Hillsborough,0.137,0.747,0.61,2200,N/A,30,0,0,0,0,0,3379827,0.0,887.6
10000791,Hillsborough,0.0,0.052,0.052,3500,BEGIN,0,0,0,0,0,0,458367,0.0,0.0
10000606,Hillsborough,0.0,3.447,3.447,7900,W WATERS AVE,167,0,5,0,0,5,68582029,0.0,243.5
10000373,Hillsborough,0.0,0.068,0.068,5300,E BROREIN ST,27,0,0,0,0,0,907667,0.0,2974.7
10000373,Hillsborough,0.068,0.525,0.457,5300,XTOWN EXPY OFF RP WB,176,0,0,0,0,0,6100059,0.0,2885.2
10000373,Hillsborough,0.525,0.83,0.305,5300,E POLK ST,96,0,0,0,0,0,4071155,0.0,2358.1
10000708,Hillsborough,0.0,0.343,0.343,2200,SR-60 / W KENNEDY BL,0,0,0,0,0,0,1900460,0.0,0.0
10000711,Hillsborough,0.0,0.235,0.235,2200,W KENNEDY BLVD,0,0,0,0,0,0,1302064,0.0,0.0
10000789,Hillsborough,0.0,0.239,0.239,4100,US-41,0,0,0,0,0,0,2467878,0.0,0.0
10000638,Hillsborough,0.0,0.257,0.257,13500,BRIDGE 100290,35,0,0,0,0,0,8737936,0.0,400.6
10000602,Hillsborough,0.089,0.72,0.631,4600,BRANDON PKWY,36,0,0,0,0,0,7310198,0.0,492.5
10000707,Hillsborough,0.0,0.573,0.573,1300,N BLVD,0,0,0,0,0,0,1876031,0.0,0.0
10000790,Hillsborough,0.0,0.84,0.84,4100,MIRABAY BLVD,0,0,0,0,0,0,8673714,0.0,0.0
10000608,Hillsborough,0.0,0.062,0.062,200,S ARMENIA AV,9,0,0,0,0,0,31229,0.0,28819.0
10000608,Hillsborough,0.062,0.526,0.464,2200,S TAMPANIA AV,8,0,0,0,0,0,2570885,0.0,311.2
10000612,Hillsborough,0.0,0.06,0.06,8900,PORT OF TAMPA GATE,4,0,0,0,0,0,1344879,0.0,297.4
10000612,Hillsborough,0.06,0.228,0.168,6200,N/A,30,0,0,0,0,0,2623270,0.0,1143.6
10000777,Hillsborough,0.0,0.033,0.033,2400,S DALE MABRY HWY,0,0,0,0,0,0,199465,0.0,0.0
10000759,Hillsborough,0.0,2.52,2.52,9100,KINNAN ST,0,0,0,0,0,0,57754242,0.0,0.0
10000737,Hillsborough,0.0,1.353,1.353,4100,GOLF AND SEA,0,0,0,0,0,0,13970875,0.0,0.0
10000784,Hillsborough,0.0,0.198,0.198,4100,MALAGA DR,0,0,0,0,0,0,2044518,0.0,0.0
10000378,Hillsborough,0.0,0.403,0.403,700,CSX TERMINAL,14,0,0,0,0,0,710469,0.0,1970.5
10000750,Hillsborough,0.0,1.544,1.544,18500,D MAPLE D/CASTLE C D,0,0,0,0,0,0,71938434,0.0,0.0
10000730,Hillsborough,0.0,1.687,1.687,7100,CR-672,0,0,0,0,0,0,30165837,0.0,0.0
10000610,Hillsborough,0.0,0.055,0.055,5800,WB PARK RD,1,0,0,0,0,0,803402,0.0,124.5
10000610,Hillsborough,0.055,0.909,0.854,17700,PLANT CITY PARK,57,0,1,0,0,1,38069142,0.0,149.7
10000764,Hillsborough,0.0,0.631,0.631,7100,NATURES WAY BLVD,0,0,0,0,0,0,11283132,0.0,0.0
10000746,Hillsborough,0.0,0.26,0.26,7100,NATURES WAY BLVD,0,0,0,0,0,0,4649151,0.0,0.0
10002008,Hillsborough,0.0,0.152,0.152,6200,SR-618 / SELMON EXPW,13,0,0,0,0,0,2373434,0.0,547.7
10000724,Hillsborough,0.0,0.275,0.275,2400,S GEORGIA AVE,0,0,0,0,0,0,1662210,0.0,0.0
10000622,Hillsborough,0.0,2.387,2.387,11000,US-92 / SR-600,219,0,3,0,0,2,66128254,0.0,331.2
10000781,Hillsborough,0.0,0.5,0.5,5700,DEAD END,0,0,0,0,0,0,7177725,0.0,0.0
10000714,Hillsborough,0.0,0.193,0.193,14000,S JEFFERSON ST,0,0,0,0,0,0,6804987,0.0,0.0
10000400,Hillsborough,0.0,1.038,1.038,6200,N RIVERVIEW AVE,85,0,0,0,0,0,16208059,0.0,524.4
10000400,Hillsborough,1.038,3.064,2.026,10100,W HILLSBOROUGH AVE,230,0,0,0,0,0,51535058,0.0,446.3
10000400,Hillsborough,3.064,3.574,0.51,6200,W WATERS AVE,37,0,0,0,0,0,7963497,0.0,464.6
10000706,Hillsborough,0.0,0.604,0.604,13200,W CLEVELAND ST,0,0,0,0,0,0,20079497,0.0,0.0
10000782,Hillsborough,0.0,0.562,0.562,4300,US-301,0,0,0,0,0,0,6086207,0.0,0.0
10000375,Hillsborough,0.0,2.23,2.23,3400,US-41 / SR-45 / NN N,20,0,0,0,0,0,19095267,0.0,104.7
10000741,Hillsborough,0.0,0.817,0.817,7100,WOODBRIDGE DR,0,0,0,0,0,0,14609063,0.0,0.0
10000372,Hillsborough,0.0,1.007,1.007,4300,E LINEBAUGH AVE,201,0,2,0,0,2,10905357,0.0,1843.1
10000718,Hillsborough,0.0,0.756,0.756,2200,E FRONTAGE RD,0,0,0,0,0,0,4188769,0.0,0.0
10000621,Hillsborough,0.0,1.288,1.288,11000,US-92 W / SR-600,104,0,2,0,0,1,35682108,0.0,291.5
10000795,Hillsborough,0.0,0.256,0.256,2400,BEGIN,0,0,0,0,0,0,1547366,0.0,0.0
10000637,Hillsborough,0.0,0.253,0.253,10500,W TYLER ST,29,0,0,0,0,0,6690395,0.0,433.5
10000756,Hillsborough,0.0,1.507,1.507,16900,GORNTO LAKE RD,0,0,0,0,0,0,64141914,0.0,0.0
10002005,Hillsborough,0.0,0.11,0.11,5700,EUCLID AVE,2,0,0,0,0,0,1579100,0.0,126.7
10000717,Hillsborough,0.0,0.506,0.506,5900,N BLVD,0,0,0,0,0,0,7518730,0.0,0.0
10000753,Hillsborough,0.0,0.529,0.529,37000,K B RANCH P/OAK P BL,0,0,0,0,0,0,49294600,0.0,0.0
10002010,Hillsborough,0.0,0.143,0.143,4600,CLEVELAND ST,3,0,0,0,0,0,1656669,0.0,181.1
10000720,Hillsborough,0.0,1.12,1.12,13800,N SAINT PETER AVE,0,0,0,0,0,0,38925936,0.0,0.0
10000757,Hillsborough,0.0,0.72,0.72,4100,WATERSET BLVD,0,0,0,0,0,0,7434612,0.0,0.0
10000734,Hillsborough,0.0,0.685,0.685,7100,CULBRETH RD,0,0,0,0,0,0,12248725,0.0,0.0
10000736,Hillsborough,0.0,0.42,0.42,8000,SR-60 / W BRANDON BL,0,0,0,0,0,0,8462160,0.0,0.0
10002011,Hillsborough,0.0,0.127,0.127,7800,PLATT ST,1,0,0,0,0,0,2494826,0.0,40.1
10000726,Hillsborough,0.0,0.26,0.26,2400,MONTEREY BLVD,0,0,0,0,0,0,1571544,0.0,0.0
10000733,Hillsborough,0.0,0.929,0.929,6700,CR-579/MORRIS B. RD,0,0,0,0,0,0,15675900,0.0,0.0
10002007,Hillsborough,0.0,0.095,0.095,4500,BAY TO BAY BLVD,1,0,0,0,0,0,1076659,0.0,92.9
10000769,Hillsborough,0.0,3.093,3.093,7100,S US HWY 301,0,0,0,0,0,0,55307016,0.0,0.0
10000715,Hillsborough,0.0,2.27,2.27,2300,SR-45/N NEBRASKA AVE,0,0,0,0,0,0,13149088,0.0,0.0
10000765,Hillsborough,0.0,0.35,0.35,7100,BOYETTE RD,0,0,0,0,0,0,6258472,0.0,0.0
10000641,Hillsborough,0.0,0.089,0.089,9000,NUCCIO PKWY,9,0,0,0,0,0,2017318,0.0,446.1
10000369,Hillsborough,0.0,0.164,0.164,6000,S ROME AVE,30,0,0,0,0,0,2478204,0.0,1210.6
10000792,Hillsborough,0.0,0.772,0.772,2400,BEGIN,0,0,0,0,0,0,4666277,0.0,0.0
10000554,Hillsborough,0.0,0.372,0.372,1350,US-41,0,0,0,0,0,0,1264791,0.0,0.0
10000601,Hillsborough,0.0,1.061,1.061,26000,CITRUS PARK DR,93,0,5,0,0,4,69475341,0.0,133.9
10000727,Hillsborough,0.0,1.035,1.035,5200,SPANISH MAIN RESORT,0,0,0,0,0,0,13554567,0.0,0.0
10000788,Hillsborough,0.0,0.279,0.279,7100,US-301,0,0,0,0,0,0,4988897,0.0,0.0
10000749,Hillsborough,0.0,0.378,0.378,1650,DEAD END,0,0,0,0,0,0,1570788,0.0,0.0
10000729,Hillsborough,0.0,0.779,0.779,9100,CR-581/BRUCE B D BL,0,0,0,0,0,0,17853395,0.0,0.0
10000771,Hillsborough,0.0,0.469,0.469,9100,COUNTY LINE,0,0,0,0,0,0,10748706,0.0,0.0
10000773,Hillsborough,0.0,0.518,0.518,3300,N 40 ST,0,0,0,0,0,0,4305124,0.0,0.0
10000719,Hillsborough,0.0,0.186,0.186,200,S CLEARVIEW AVE,0,0,0,0,0,0,93688,0.0,0.0
10002009,Hillsborough,0.0,0.142,0.142,4300,SR-618 / SELMON EXPW,2,0,0,0,0,0,1537796,0.0,130.1
10000725,Hillsborough,0.0,1.508,1.508,2400,S WEST SHORE BLVD,0,0,0,0,0,0,9114955,0.0,0.0
10000785,Hillsborough,0.0,0.383,0.383,4100,GOLF AND SEA BLVD,0,0,0,0,0,0,3954801,0.0,0.0
10000603,Hillsborough,0.0,4.229,4.229,18000,RACE TRACK RD,495,0,8,0,0,6,191713257,0.0,258.2
10000751,Hillsborough,0.0,2.135,2.135,4300,PASEO DEL MAR,0,0,0,0,0,0,23121089,0.0,0.0
10002003,Hillsborough,0.0,0.23,0.23,6600,SR-600 WB/DALE MABRY,3,0,0,0,0,0,3823083,0.0,78.5
10000709,Hillsborough,0.0,0.604,0.604,2700,E 24 AVE,0,0,0,0,0,0,4107170,0.0,0.0
10000776,Hillsborough,0.0,0.509,0.509,2500,S LOIS AVE,0,0,0,0,0,0,3204791,0.0,0.0
10000728,Hillsborough,0.0,0.083,0.083,15700,S TAMPANIA AVE,0,0,0,0,0,0,3281857,0.0,0.0
10000704,Hillsborough,0.0,0.582,0.582,2200,I-275,0,0,0,0,0,0,3224687,0.0,0.0
10000371,Hillsborough,0.0,2.318,2.318,7100,BENJAMIN RD,290,0,2,0,0,1,41448969,0.0,699.7
10002006,Hillsborough,0.0,0.223,0.223,5500,SR-618 / SELMON EXPW,10,0,0,0,0,0,3088940,0.0,323.7
10000721,Hillsborough,0.0,0.54,0.54,2700,0.046 M E OF DUNMORE,0,0,0,0,0,0,3671973,0.0,0.0
10000625,Hillsborough,0.0,0.086,0.086,4900,TAMPA BAY BLVD (WB),8,0,0,0,0,0,1061296,0.0,753.8
10000752,Hillsborough,0.0,0.23,0.23,13600,PASEO AL MAR BLVD,0,0,0,0,0,0,7877868,0.0,0.0
10000738,Hillsborough,0.0,0.625,0.625,5700,0.167 OF PICNIC I B,0,0,0,0,0,0,8972156,0.0,0.0
10000713,Hillsborough,0.0,1.522,1.522,13800,US-41/SR-45/N NEBRAS,0,0,0,0,0,0,52897567,0.0,0.0
10000012,Hillsborough,0.0,2.99,2.99,1500,N FRONTAGE RD,16,0,0,0,0,0,11295472,0.0,141.6
10000001,Hillsborough,0.0,3.0,3.0,4300,SR-674 / SUN CITY CE,65,0,5,0,0,5,32488650,0.0,200.1
10000015,Hillsborough,0.0,0.493,0.493,6600,S WIGGINS RD,13,0,0,0,0,0,8194695,0.0,158.6
10000008,Hillsborough,0.0,1.736,1.736,11400,THONOTOSASSA RD,37,0,2,0,0,2,49842122,0.0,74.2
10000003,Hillsborough,0.0,1.939,1.939,500,GULF CITY RD,9,0,2,0,0,1,2441686,0.0,368.6
10900007,Hillsborough,0.0,1.711,1.711,2400,W PLATT ST,261,0,2,0,0,1,10341968,0.0,2523.7
10740000,Hillsborough,0.0,1.0,1.0,7800,SR-39/COLLINS ST,56,0,0,0,0,0,19644300,0.0,285.1
10740000,Hillsborough,1.0,3.323,2.323,7800,N/A,86,0,2,0,0,2,45633709,0.0,188.5
10720000,Hillsborough,0.0,1.575,1.575,28000,BMP BR 104143/104144,159,0,12,0,0,7,111065850,0.0,143.2
10810000,Hillsborough,0.0,0.984,0.984,4000,NICHOLS RD,8,0,0,0,0,0,9912816,0.0,80.7
10760000,Hillsborough,0.0,4.437,4.437,19000,CR-582 / GUM HWY,389,0,8,0,0,6,212317106,0.0,183.2
10900004,Hillsborough,0.0,0.753,0.753,1650,N/A,27,0,0,0,0,0,3129110,0.0,862.9
10820000,Hillsborough,0.0,1.561,1.561,19200,SR-580 / HILLSBOROUG,92,0,2,0,0,2,75482467,0.0,121.9
10710000,Hillsborough,0.0,1.753,1.753,11400,.129M E OF RIVERNOOK,128,0,2,0,0,1,50330208,0.0,254.3
10760500,Hillsborough,0.0,1.959,1.959,12800,N US-41,61,0,2,0,0,1,63151891,0.0,96.6
10900001,Hillsborough,0.0,0.701,0.701,2250,17 AVE,20,0,3,0,0,3,3972304,0.0,503.5
10700000,Hillsborough,0.0,4.522,4.522,15300,PINELLAS COUNTY LINE,130,0,4,0,0,3,174246452,0.0,74.6
10740500,Hillsborough,0.0,3.419,3.419,1330,POLK COUNTY LINE RD,76,0,2,0,0,0,11452299,0.0,663.6
10821500,Hillsborough,0.0,0.452,0.452,3000,W FLETCHER AVE,3,0,1,0,0,0,3415086,0.0,87.8
10900029,Hillsborough,0.0,0.381,0.381,4500,EXECUTIVE DR,0,0,0,0,0,0,4317968,0.0,0.0
10900005,Hillsborough,0.0,1.711,1.711,12700,BAYSHORE BLVD,143,0,0,0,0,0,54726249,0.0,261.3
10740001,Hillsborough,0.0,0.809,0.809,27000,CORONET,169,0,2,0,0,2,55011596,0.0,307.2
10730000,Hillsborough,0.0,10.774,10.774,1600,SR-674,43,0,5,0,0,4,43414910,0.0,99.0
14000026,Pasco,0.92,1.791,0.871,3400,ATLANTIC AVE,16,0,3,0,0,1,7458286,0.0,214.5
14000001,Pasco,0.0,3.575,3.575,500,BELLAMY BROTHERS BLV,9,0,0,0,0,0,4501819,0.0,199.9
14000034,Pasco,0.0,0.789,0.789,5500,US301/SR39/GALL BLVD,240,0,2,0,0,2,10929031,0.0,2196.0
14000034,Pasco,0.789,1.107,0.318,4000,SR-54/5 AVE,61,0,0,0,0,0,3203532,0.0,1904.1
14000034,Pasco,1.107,1.27,0.163,1600,A AVE,8,0,0,0,0,0,656825,0.0,1218.0
14000015,Pasco,0.274,2.092,1.818,11000,N/A,24,0,1,0,0,0,50364963,0.0,47.7
14000024,Pasco,0.0,4.075,4.075,1600,CR-587/RIDGE RD,57,0,1,0,0,0,16420620,0.0,347.1
14000005,Pasco,0.0,2.756,2.756,1050,CR-577/CURLEY RD,9,0,1,0,0,1,7288035,0.0,123.5
14000008,Pasco,0.0,1.022,1.022,8000,E COUNTY LINE RD,67,0,1,0,0,1,20591256,0.0,325.4
14000023,Pasco,0.0,0.325,0.325,1800,US-19/SR-55,10,0,1,0,0,1,1473322,0.0,678.7
14000023,Pasco,1.426,2.217,0.791,8100,MARICOPA AVE,23,0,1,0,0,1,16136281,0.0,142.5
14000023,Pasco,2.217,2.848,0.631,1900,CR-1/LITTLE RD,6,0,0,0,0,0,3019430,0.0,198.7
14000032,Pasco,0.0,1.235,1.235,5000,MASSACHUSETTS AVE,47,0,5,0,0,1,15551738,0.0,302.2
14000032,Pasco,1.235,1.273,0.038,2750,N/A,8,0,1,0,0,0,263183,0.0,3039.7
14000039,Pasco,1.185,1.388,0.203,8000,BANJO LAKE RD,3,0,0,0,0,0,4090044,0.0,73.3
14000003,Pasco,0.0,1.004,1.004,8700,CR-54,47,0,1,0,0,0,21998594,0.0,213.7
14000012,Pasco,0.0,5.808,5.808,14900,OLD PASCO RD,66,0,4,0,0,3,217948975,0.0,30.3
14000036,Pasco,0.0,0.133,0.133,3700,MERIDIAN AVE,10,0,0,0,0,0,1239354,0.0,806.9
14000036,Pasco,0.133,0.793,0.66,2000,CARTER AVE,18,0,0,0,0,0,3324420,0.0,541.4
14000019,Pasco,0.0,0.925,0.925,3900,GRAND BLVD,36,0,1,0,0,1,9085489,0.0,396.2
14000019,Pasco,0.925,1.985,1.06,5100,BROOKSIDE LN,32,0,2,0,0,1,13615011,0.0,235.0
14000040,Pasco,0.0,0.317,0.317,2600,COURT ST,4,0,0,0,0,0,2075748,0.0,192.7
14000040,Pasco,0.317,1.283,0.966,950,ORANGE BLOSSOM DR,28,0,1,0,0,0,2311227,0.0,1211.5
14000022,Pasco,1.215,1.312,0.097,9400,NORTH AVE,4,0,0,0,0,0,2296368,0.0,174.2
14000022,Pasco,1.312,1.351,0.039,9400,N/A,0,0,0,0,0,0,923282,0.0,0.0
14000006,Pasco,0.0,0.186,0.186,1800,SCENIC DR,8,0,0,0,0,0,843194,0.0,948.8
14000011,Pasco,0.0,0.977,0.977,2100,CR-578/SAINT JOE RD,12,0,3,0,0,3,5167206,0.0,232.2
14000014,Pasco,0.0,1.28,1.28,2050,LYNBROOK DR,7,0,0,0,0,0,6608544,0.0,105.9
14000037,Pasco,1.472,1.551,0.079,6000,CITADEL CIR,2,0,0,0,0,0,1193769,0.0,167.5
14000037,Pasco,1.551,1.763,0.212,6700,HILLCREST DR,7,0,0,0,0,0,3577277,0.0,195.7
