roadway,begin_post,end_post,facility,match_m,class_is_a_guess
14000117,1.969,2.078,collector,12,no
10000213,0.0,4.048,minor arterial,43,no
10140100,0.11,0.64,freeway,14,no
14000068,0.0,0.513,principal arterial,324,no
10270121,0.0,0.185,freeway,21,no
10825000,0.0,6.052,collector,194,no
15000315,0.0,0.16,minor arterial,33,no
10320169,0.0,0.105,freeway,32,no
15190032,0.12,0.333,freeway,64,no
15010000,0.0,0.103,principal arterial,8,no
15000321,0.0,0.951,collector,1,no
14150000,0.0,2.241,collector,512,yes
14000133,0.0,2.182,collector,419,no
14040000,0.84,1.011,freeway,35,no
15000420,0.0,0.845,collector,229,no
15190905,0.0,0.39,collector,39,no
10250000,5.6,6.476,collector,86,no
15040000,1.214,1.661,collector,54,no
10020102,0.0,0.056,principal arterial,7,no
10040000,0.0,0.11,principal arterial,1,no
15190018,0.0,0.3,freeway,23,no
15000273,0.0,0.5,collector,15,no
10002001,0.0,0.228,freeway,22,no
14000041,0.0,0.668,minor arterial,610,yes
15000288,0.0,0.161,minor arterial,33,no
10320147,0.0,0.18,freeway,7,no
10320165,0.0,0.136,freeway,68,no
14620000,0.0,0.67,collector,191,no
08060000,0.0,2.049,collector,296,no
10030000,16.407,16.9,principal arterial,88,no
10020000,5.169,5.362,principal arterial,6,no
14050000,20.483,21.161,principal arterial,18,no
10190123,0.0,0.562,freeway,59,no
10000013,0.0,0.445,principal arterial,41,no
14000026,0.0,0.92,collector,15,no
15190040,0.0,0.268,freeway,81,no
10900006,0.0,0.474,collector,109,no
14000052,0.0,0.81,collector,409,no
10000061,0.0,1.618,collector,46,no
10000177,0.0,0.649,collector,129,no
10000382,0.0,2.272,collector,151,no
10000198,0.028,0.339,freeway,46,no
10720000,1.575,1.832,principal arterial,32,no
10190102,0.0,0.195,freeway,29,no
15000308,0.0,0.251,minor arterial,244,no
02000052,0.0,0.76,collector,17,no
15000425,0.0,0.863,collector,43,no
14000077,0.0,0.587,collector,826,yes
10000223,0.0,0.592,principal arterial,49,no
10002338,0.0,0.275,freeway,63,no
15000330,0.0,0.71,collector,156,no
10002037,0.0,0.233,freeway,33,no
14000104,0.0,4.174,principal arterial,1079,yes
14000132,0.0,1.002,collector,114,no
14000007,0.0,3.612,collector,501,yes
14000075,0.0,1.405,collector,66,no
15000001,0.0,2.038,collector,493,no
15000137,0.0,1.039,collector,274,no
15000042,0.0,1.3,collector,50,no
10020000,0.743,1.009,principal arterial,87,no
10000070,0.0,2.034,collector,247,no
15000256,0.0,1.546,collector,83,no
10030000,6.498,6.977,principal arterial,29,no
08050000,11.725,12.476,principal arterial,110,no
10075356,0.0,0.303,freeway,11,no
14050000,11.342,11.637,principal arterial,49,no
15190014,0.0,0.441,freeway,32,no
15504000,0.0,3.216,collector,204,no
08070000,8.543,9.519,freeway,354,no
08000024,0.0,1.168,principal arterial,39,no
10270114,0.0,0.529,freeway,58,no
10190450,0.0,0.294,freeway,30,no
14000106,0.0,3.269,collector,375,no
10000016,0.0,2.645,collector,484,no
10060000,26.226,26.565,principal arterial,23,no
14000166,0.0,1.353,collector,89,no
10330000,0.155,0.911,principal arterial,8,no
10140104,0.097,0.444,freeway,20,no
02000037,0.0,1.503,collector,274,no
10020101,1.546,1.822,principal arterial,19,no
15000203,0.25,1.036,minor arterial,80,no
02040000,5.44,6.681,principal arterial,545,yes
10620500,0.0,1.585,collector,381,no
15150000,4.874,5.876,freeway,15,no
08010000,9.687,10.077,principal arterial,97,no
14000020,0.0,3.359,collector,190,no
08010000,10.362,11.328,principal arterial,25,no
10570000,0.0,4.973,collector,473,no
10000205,0.0,0.535,collector,18,no
15061000,6.946,7.16,principal arterial,4,no
15120000,0.0,1.192,principal arterial,40,no
14570002,0.0,0.176,principal arterial,22,no
10060001,0.0,0.367,principal arterial,39,no
15190304,0.0,0.28,freeway,5,no
14030000,11.474,13.838,freeway,142,no
10190200,0.0,3.048,collector,23,no
14050000,3.764,4.425,principal arterial,71,no
10270000,2.748,2.874,principal arterial,6,no
15000142,0.0,3.748,collector,216,no
15070001,0.0,0.479,minor arterial,52,no
10020000,1.328,1.608,principal arterial,85,no
14140001,0.0,0.239,freeway,41,no
10250000,8.177,8.616,minor arterial,8,no
10250000,7.154,7.447,principal arterial,12,no
10000063,0.0,1.18,collector,65,no
08550000,3.889,8.693,minor arterial,188,no
10000619,0.0,0.339,minor arterial,31,no
10040000,4.996,5.17,principal arterial,61,no
10000090,3.753,5.829,minor arterial,133,no
15010000,5.948,6.068,principal arterial,20,no
15180503,0.0,1.957,minor arterial,17,no
10040000,7.199,8.207,principal arterial,11,no
15010303,0.0,0.323,principal arterial,28,no
15035002,0.0,0.382,freeway,12,no
10260000,3.681,4.597,principal arterial,63,no
15010102,0.0,0.423,principal arterial,45,no
08050000,10.982,11.725,principal arterial,76,no
15120000,10.613,11.472,principal arterial,23,no
14000074,0.0,1.247,collector,195,no
14000160,0.0,2.256,collector,673,yes
10075365,0.0,0.311,freeway,23,no
10340000,3.134,3.317,principal arterial,2,no
15000312,0.0,2.831,principal arterial,40,no
10190091,0.0,0.774,principal arterial,35,no
10020000,5.362,5.887,principal arterial,15,no
14030000,0.0,0.626,freeway,11,no
15000151,0.0,0.897,minor arterial,118,no
15010000,0.577,1.1,freeway,86,no
10589000,0.0,0.896,freeway,21,no
15230000,0.606,1.129,principal arterial,50,no
15007000,0.0,1.535,principal arterial,6,no
14000082,0.0,3.897,collector,444,no
14540000,0.0,8.004,minor arterial,23,no
08002000,1.534,2.532,freeway,18,no
10270118,0.265,0.396,freeway,42,no
14510001,0.0,1.891,collector,502,yes
14030000,13.838,16.996,freeway,46,no
08010000,8.975,9.291,principal arterial,88,no
15000414,0.0,0.504,collector,6,no
15180503,1.957,5.045,collector,37,no
15190307,0.0,0.43,freeway,63,no
08010000,12.089,14.304,principal arterial,61,no
14570000,0.875,2.72,principal arterial,24,no
15100000,4.023,4.97,principal arterial,71,no
10650000,1.633,3.645,collector,479,no
14140020,0.0,0.403,freeway,23,no
14050000,19.479,20.483,principal arterial,14,no
08000013,1.423,3.193,collector,449,no
14000107,0.0,1.987,collector,45,no
10040000,3.165,4.173,principal arterial,6,no
10030000,20.376,21.014,principal arterial,20,no
10030000,0.0,1.002,principal arterial,35,no
14000139,0.0,0.663,collector,312,no
10040000,5.692,6.191,principal arterial,1,no
10000619,0.339,0.591,minor arterial,18,no
15000117,0.0,4.607,minor arterial,38,no
10040000,8.979,9.493,principal arterial,21,no
14090000,21.704,22.458,minor arterial,73,no
08030000,2.082,6.667,principal arterial,24,no
10010000,15.693,16.289,principal arterial,51,no
10020000,2.336,2.961,principal arterial,225,no
10000125,0.0,4.046,collector,76,no
14000023,0.325,1.426,collector,414,no
14050000,3.067,3.764,principal arterial,132,no
10040000,0.837,1.149,principal arterial,7,no
15010101,0.76,1.216,principal arterial,25,no
15010000,13.518,14.034,principal arterial,12,no
10821500,0.66,1.748,minor arterial,174,no
10514000,0.0,0.828,collector,355,no
10210502,0.0,7.249,collector,523,yes
14050000,16.633,19.479,principal arterial,369,no
10090000,14.111,14.61,minor arterial,17,no
14000105,2.174,3.038,collector,131,no
10040000,6.191,7.199,principal arterial,26,no
10200000,1.242,1.847,principal arterial,143,no
14570000,2.72,3.109,principal arterial,32,no
10090000,7.738,11.362,minor arterial,43,no
10290000,0.0,0.255,principal arterial,61,no
10501000,0.0,2.031,collector,76,no
15000039,0.0,2.419,collector,85,no
08070000,7.026,8.543,freeway,20,no
10000144,0.0,2.353,collector,99,no
08630000,0.0,6.824,collector,1217,yes
10000035,0.0,2.192,collector,4,no
15000146,0.0,5.772,collector,64,no
02000003,0.0,5.379,collector,1398,yes
15090500,0.0,3.386,collector,104,no
10250001,0.203,1.315,principal arterial,86,no
15000204,0.0,2.566,freeway,58,no
15040000,3.441,4.44,principal arterial,11,no
10310000,5.858,6.863,principal arterial,20,no
10030000,18.061,19.174,principal arterial,248,no
10075069,0.08,1.782,collector,242,no
02000010,2.681,5.118,collector,203,no
10190071,0.0,0.312,freeway,47,no
02600000,0.0,2.502,collector,381,no
08550000,0.0,3.385,minor arterial,718,yes
02040000,0.137,5.44,principal arterial,606,yes
08020000,4.76,6.445,freeway,46,no
10150000,8.412,9.484,principal arterial,27,no
15000026,0.0,1.6,collector,116,no
14120000,0.0,2.012,principal arterial,23,no
15501500,0.0,1.932,minor arterial,85,no
10020000,1.608,2.336,collector,133,no
10260000,4.597,5.868,principal arterial,213,no
14000003,1.004,2.973,collector,159,no
10060000,23.547,24.36,principal arterial,468,no
10000377,0.0,2.147,minor arterial,125,no
10040000,4.173,4.996,principal arterial,135,no
10020101,0.788,1.546,collector,95,no
14700000,0.0,5.277,collector,310,no
08100000,5.64,10.945,minor arterial,56,no
10070000,2.02,4.051,principal arterial,14,no
10520000,0.0,2.782,minor arterial,17,no
14000022,0.0,1.215,principal arterial,55,no
14070000,0.0,5.35,collector,1466,yes
10060000,24.36,25.556,principal arterial,18,no
10516000,0.0,4.07,collector,107,no
02010000,5.994,11.052,principal arterial,318,no
10075011,0.0,0.243,freeway,86,no
10030000,6.977,9.284,principal arterial,318,no
02540000,2.206,18.686,minor arterial,1490,yes
10310000,3.32,4.339,principal arterial,31,no
08100000,0.0,5.64,minor arterial,1250,yes
10000006,1.455,2.502,minor arterial,39,no
10290000,0.505,2.036,principal arterial,13,no
10519000,0.0,4.32,collector,212,no
15110502,0.0,2.509,collector,117,no
10030002,1.127,1.41,freeway,8,no
10030000,4.057,4.772,principal arterial,14,no
14050000,5.834,6.354,minor arterial,43,no
10000102,0.0,4.05,collector,249,no
10000017,0.0,4.058,minor arterial,899,yes
15000023,0.0,1.462,collector,302,no
10040000,2.155,3.165,principal arterial,14,no
08000021,0.0,3.866,collector,285,no
15010000,15.544,16.559,principal arterial,21,no
08010000,11.328,12.089,principal arterial,227,no
15530500,0.0,2.195,collector,13,no
10030000,9.284,12.827,principal arterial,102,no
15020001,0.0,1.002,minor arterial,99,no
10000014,1.542,2.126,principal arterial,148,no
02620000,0.0,9.187,collector,1813,yes
14091000,7.493,10.613,principal arterial,73,no
14000018,0.0,3.37,collector,215,no
10150000,6.019,7.028,principal arterial,24,no
10650000,0.0,1.132,minor arterial,68,no
08010000,14.304,16.581,minor arterial,798,yes
10020000,7.378,8.388,principal arterial,126,no
15150000,5.876,7.897,freeway,7,no
08010000,0.0,1.386,principal arterial,136,no
10010000,21.096,21.905,principal arterial,42,no
02510000,0.052,5.42,collector,656,yes
14050000,4.936,5.74,principal arterial,80,no
15020000,2.59,3.206,minor arterial,322,no
14010000,0.012,1.427,principal arterial,95,no
14090000,16.075,18.817,principal arterial,145,no
15600000,0.0,1.084,minor arterial,109,no
10000210,0.0,4.81,collector,127,no
15150000,7.897,8.843,freeway,8,no
15540500,0.0,4.273,minor arterial,18,no
10000082,0.0,0.949,minor arterial,141,no
15150000,2.879,4.874,freeway,9,no
02010005,0.0,0.207,freeway,70,no
10030000,12.827,14.641,principal arterial,203,no
10020000,6.365,7.378,principal arterial,21,no
10110000,1.2,2.101,principal arterial,71,no
10270000,2.874,3.381,principal arterial,9,no
08030000,0.0,2.082,principal arterial,618,yes
14050000,11.637,13.476,principal arterial,14,no
08010000,3.642,4.498,principal arterial,170,no
15030018,0.0,0.583,principal arterial,30,no
10270118,0.0,0.265,freeway,34,no
14620000,0.67,4.059,minor arterial,456,no
14520000,2.366,9.674,collector,88,no
15000141,0.0,2.569,collector,205,no
14680000,0.0,0.794,principal arterial,75,no
10000368,0.025,1.393,collector,10,no
10823000,0.0,4.063,minor arterial,149,no
10000644,0.0,3.642,collector,65,no
08000035,0.0,4.224,collector,441,no
14000044,0.0,2.512,collector,124,no
02050000,21.762,24.33,freeway,196,no
02010000,13.177,14.041,principal arterial,59,no
15120000,9.851,10.169,principal arterial,64,no
10505000,0.0,1.353,minor arterial,141,no
15060000,2.073,4.873,minor arterial,19,no
10310000,2.817,2.998,principal arterial,16,no
10000054,0.0,0.217,collector,37,no
10000078,0.0,1.707,collector,48,no
14712000,0.0,2.755,collector,113,no
15000299,0.0,1.917,collector,56,no
10010000,0.0,5.691,collector,555,yes
10720500,0.0,0.694,principal arterial,16,no
15010000,1.1,1.755,principal arterial,2,no
10160000,1.035,2.045,principal arterial,9,no
10010000,5.691,11.171,principal arterial,344,no
14570000,10.444,11.345,principal arterial,211,no
14000037,0.0,1.472,collector,245,no
10110000,2.101,4.099,principal arterial,7,no
10270000,1.608,2.234,principal arterial,27,no
02010000,12.215,12.502,freeway,17,no
10090000,11.362,12.409,minor arterial,118,no
14030000,4.176,4.658,freeway,18,no
15090000,0.0,0.895,principal arterial,56,no
10000031,0.0,11.188,collector,22,no
14050000,6.862,9.103,collector,29,no
14570000,3.344,4.344,collector,128,no
15000099,0.0,2.501,collector,119,no
15000120,0.0,6.674,collector,277,no
10060000,17.212,19.267,principal arterial,56,no
10020000,0.0,0.385,principal arterial,2,no
15020000,5.465,5.909,minor arterial,43,no
14030000,4.658,7.71,freeway,227,no
10075325,0.0,0.511,freeway,62,no
10030000,2.267,3.522,principal arterial,27,no
10000273,0.0,0.505,minor arterial,20,no
08540000,1.783,3.931,minor arterial,67,no
10040000,8.207,8.979,principal arterial,12,no
10506000,0.0,3.03,minor arterial,42,no
14000161,0.0,1.525,collector,17,no
10160000,2.045,2.969,principal arterial,4,no
15061000,4.95,5.947,principal arterial,26,no
10250000,0.0,1.153,minor arterial,25,no
08000009,0.0,9.593,minor arterial,949,yes
08040500,3.132,6.529,collector,503,yes
10000214,0.0,0.502,collector,19,no
10075323,2.631,3.114,freeway,56,no
15040000,1.913,3.441,minor arterial,18,no
08000028,0.0,2.102,minor arterial,174,no
15007000,2.283,3.041,principal arterial,18,no
15120000,8.114,8.495,principal arterial,57,no
15120000,6.053,7.209,principal arterial,42,no
02030000,15.09,20.742,freeway,174,no
15000210,0.0,6.022,principal arterial,41,no
10002000,0.085,0.302,freeway,14,no
15100000,1.763,2.202,principal arterial,118,no
10200000,0.0,1.242,minor arterial,199,no
15230000,3.26,5.392,principal arterial,30,no
10000220,0.0,5.973,collector,126,no
15502000,0.0,2.347,minor arterial,234,no
10020000,4.068,5.169,principal arterial,24,no
08000007,0.0,1.95,collector,345,no
10000056,0.366,3.618,collector,213,no
15010000,9.588,9.81,principal arterial,28,no
10030000,14.641,16.407,principal arterial,87,no
14090000,18.817,19.334,principal arterial,56,no
02560000,0.0,7.793,minor arterial,854,yes
08610000,0.0,7.261,collector,1347,yes
15150000,27.662,29.68,freeway,24,no
10537000,0.0,3.959,collector,309,no
10000117,0.0,1.0,collector,51,no
15010000,14.034,15.544,principal arterial,30,no
15000209,0.0,1.111,collector,134,no
10080000,4.613,5.238,principal arterial,34,no
02000020,0.0,7.147,collector,911,yes
14000081,1.875,7.418,minor arterial,390,no
10060000,7.603,9.184,principal arterial,50,no
14530000,0.0,6.726,collector,1205,yes
08010000,1.386,3.642,principal arterial,543,yes
15010000,10.191,11.247,principal arterial,11,no
10000026,0.0,1.544,collector,48,no
10075318,0.0,0.887,freeway,24,no
10000045,1.126,2.405,collector,137,no
15110501,0.0,2.0,minor arterial,361,no
10120000,8.475,17.792,minor arterial,427,no
15120000,8.495,9.851,principal arterial,21,no
10120000,6.07,8.475,minor arterial,69,no
15030000,3.557,4.534,principal arterial,24,no
02550000,0.0,3.47,collector,570,yes
14000073,0.0,1.26,collector,37,no
15010000,4.638,5.948,principal arterial,35,no
14050000,0.0,3.067,principal arterial,135,no
10020000,8.388,9.682,principal arterial,329,no
15000121,0.0,1.922,minor arterial,86,no
15090000,4.403,6.857,principal arterial,29,no
14030000,7.71,11.474,freeway,146,no
10060000,19.267,22.033,principal arterial,339,no
15020000,13.207,13.839,minor arterial,115,no
14580000,3.019,5.386,minor arterial,171,no
14140021,0.0,0.297,freeway,31,no
14560000,0.0,1.02,minor arterial,293,no
10140105,0.0,0.554,freeway,100,no
14120000,3.028,9.257,minor arterial,2,no
14000117,0.0,1.969,collector,266,no
10550000,0.0,6.018,minor arterial,129,no
10003000,10.065,10.766,principal arterial,95,no
10120000,0.0,1.69,minor arterial,19,no
14030000,16.996,19.688,freeway,75,no
15000181,0.0,2.707,minor arterial,137,no
15000152,0.322,1.36,collector,52,no
08060000,2.049,6.041,freeway,1060,yes
10340000,8.871,10.752,principal arterial,35,no
15000214,0.0,1.255,principal arterial,11,no
10150000,4.849,6.019,principal arterial,49,no
02010000,4.651,5.994,principal arterial,10,no
10110000,11.456,13.487,freeway,34,no
15010000,3.765,4.638,principal arterial,32,no
14030000,0.626,2.511,freeway,17,no
14000080,0.0,3.891,minor arterial,357,no
15040000,1.661,1.913,principal arterial,35,no
10110000,19.498,23.74,collector,292,no
10000047,0.0,3.76,collector,305,no
10290000,6.184,7.829,principal arterial,121,no
10000276,0.0,1.481,minor arterial,181,no
14507000,0.0,3.066,collector,329,no
10000619,0.591,1.812,minor arterial,144,no
15000307,0.0,0.524,minor arterial,74,no
10340000,0.0,0.756,principal arterial,7,no
14570000,0.0,0.875,principal arterial,61,no
14120000,26.634,29.098,minor arterial,265,no
15120000,4.035,4.545,principal arterial,3,no
14580001,0.0,1.249,collector,50,no
02000006,0.0,5.336,collector,806,yes
10040000,5.17,5.692,principal arterial,33,no
15007000,1.535,2.283,principal arterial,21,no
10060000,0.0,4.491,principal arterial,1362,yes
14000061,0.0,8.077,collector,575,yes
15100000,0.111,1.763,principal arterial,84,no
14090000,25.267,28.651,collector,539,yes
10075354,0.0,0.718,freeway,49,no
14010000,11.342,19.811,principal arterial,790,yes
10020000,5.887,6.365,principal arterial,17,no
14120000,11.515,12.438,principal arterial,117,no
10000645,6.042,7.76,minor arterial,60,no
14000043,0.0,2.005,minor arterial,54,no
08000009,9.593,11.546,minor arterial,91,no
10190500,0.0,3.092,collector,75,no
15513000,0.0,2.753,minor arterial,156,no
10000033,0.0,2.079,collector,131,no
02030000,5.66,8.055,collector,780,yes
15030000,0.0,0.789,principal arterial,63,no
14680000,0.794,3.124,principal arterial,553,yes
08020000,7.259,11.91,freeway,1126,yes
10210000,0.0,10.145,principal arterial,974,yes
15020000,13.839,15.225,collector,167,no
10000300,0.48,3.25,collector,119,no
10040000,11.166,11.614,principal arterial,87,no
10000362,0.0,1.534,collector,114,no
15045101,0.0,0.764,principal arterial,40,no
10130000,2.96,3.748,principal arterial,62,no
02030000,13.524,14.648,freeway,79,no
15000089,4.297,5.053,principal arterial,6,no
10075363,0.0,1.667,collector,17,no
10040000,12.378,13.393,principal arterial,33,no
15030000,1.548,2.888,principal arterial,3,no
15020000,7.39,9.309,minor arterial,205,no
15070000,4.136,5.217,collector,111,no
10140000,8.048,9.371,principal arterial,38,no
15507000,0.0,7.425,minor arterial,36,no
15030000,8.505,9.3,freeway,81,no
10260000,0.478,1.083,principal arterial,25,no
08000016,0.0,1.671,minor arterial,398,no
14000039,0.0,1.185,collector,352,no
10000645,11.18,11.777,minor arterial,301,no
10000002,0.0,4.113,minor arterial,70,no
14000016,0.0,3.015,collector,39,no
02090000,0.0,6.184,minor arterial,1460,yes
10080000,0.983,1.736,principal arterial,24,no
10030000,21.501,24.593,principal arterial,32,no
10000112,1.548,5.334,collector,220,no
10340000,0.756,1.265,collector,19,no
15000187,0.0,2.465,collector,73,no
10340000,10.752,11.892,minor arterial,17,no
02030000,0.0,1.914,freeway,421,no
15030000,10.029,10.666,principal arterial,21,no
15000089,5.053,7.631,minor arterial,147,no
10090000,4.117,5.113,minor arterial,6,no
10000632,0.0,8.281,collector,739,yes
10110000,16.491,19.498,freeway,111,no
14130000,0.851,1.602,principal arterial,61,no
10260000,2.695,3.681,principal arterial,88,no
14030020,0.0,0.859,minor arterial,75,no
02010000,11.685,12.215,principal arterial,204,no
08000029,0.0,3.683,minor arterial,182,no
10200000,4.272,10.934,principal arterial,368,no
02030000,1.914,5.66,freeway,195,no
15150000,29.68,31.275,freeway,11,no
15000079,0.0,2.917,collector,256,no
15061000,1.764,2.693,principal arterial,17,no
15090000,0.895,1.891,principal arterial,22,no
08000017,4.161,7.089,collector,699,yes
10060000,14.269,17.212,principal arterial,119,no
10070000,0.0,2.02,principal arterial,15,no
10090000,5.638,7.738,minor arterial,387,no
10160000,9.162,9.539,principal arterial,24,no
10000107,0.957,6.302,minor arterial,175,no
15060000,0.25,1.884,minor arterial,28,no
14000116,1.023,4.286,collector,1034,yes
02000046,0.0,6.836,collector,1391,yes
10472503,0.0,1.313,freeway,111,no
10340000,7.285,8.084,principal arterial,21,no
10150000,10.814,12.345,principal arterial,34,no
10130000,5.0,6.796,principal arterial,10,no
14120000,21.393,23.381,principal arterial,160,no
08520000,0.0,9.267,minor arterial,738,yes
10150000,9.484,10.814,principal arterial,8,no
15045000,0.606,1.402,collector,36,no
02030000,9.83,12.251,freeway,143,no
14610000,1.004,2.626,principal arterial,32,no
15004501,0.0,6.154,minor arterial,140,no
10000112,0.0,1.548,minor arterial,230,no
10030000,1.002,2.267,principal arterial,25,no
14000071,0.0,2.68,collector,184,no
08507000,0.0,9.283,collector,931,yes
10240000,1.771,2.884,collector,127,no
10000272,0.0,0.732,minor arterial,143,no
10003100,0.431,1.344,minor arterial,111,no
15010000,16.559,17.066,principal arterial,6,no
10340000,4.31,5.578,principal arterial,11,no
10130000,4.259,5.0,principal arterial,32,no
10060000,4.491,7.603,principal arterial,58,no
02580000,0.0,7.115,collector,167,no
10000067,0.0,3.262,collector,518,yes
15070000,5.217,6.153,principal arterial,99,no
10340000,1.265,2.653,principal arterial,21,no
15000308,0.267,5.525,collector,80,no
10000049,0.602,2.524,collector,147,no
10130000,8.521,9.137,principal arterial,47,no
15008500,0.0,4.122,minor arterial,25,no
15007000,3.041,3.785,principal arterial,4,no
15530000,2.195,4.517,principal arterial,40,no
14090000,12.313,16.075,collector,167,no
14090000,22.458,25.267,collector,331,no
15035000,3.694,4.192,freeway,17,no
10360000,0.0,0.282,minor arterial,3,no
10120000,2.774,5.042,minor arterial,28,no
15030000,8.098,8.505,principal arterial,24,no
14030000,2.511,3.028,freeway,23,no
10000196,0.0,1.448,collector,251,no
15000151,0.897,2.388,minor arterial,46,no
08090000,0.0,3.108,minor arterial,566,yes
10110000,0.0,1.2,principal arterial,56,no
08000008,0.0,4.825,minor arterial,368,no
10040000,13.393,15.446,principal arterial,72,no
10030000,16.9,18.061,principal arterial,134,no
15000089,1.013,4.297,minor arterial,57,no
14000100,0.0,2.249,collector,486,no
10010000,16.7,18.495,collector,101,no
15040000,4.44,5.732,freeway,22,no
15000107,0.0,4.546,minor arterial,192,no
10000600,0.0,1.621,collector,111,no
10770000,0.0,4.771,minor arterial,20,no
08000050,5.383,9.951,collector,117,no
10509000,0.0,5.763,collector,573,yes
10526000,0.044,4.678,collector,1014,yes
15240000,1.56,1.842,freeway,41,no
10090000,12.409,14.111,minor arterial,71,no
15000017,0.0,2.011,minor arterial,118,no
15000180,0.0,4.086,collector,103,no
15090000,2.903,4.403,principal arterial,17,no
02010000,16.531,18.1,principal arterial,403,no
10110000,13.487,16.491,freeway,121,no
10075325,0.511,1.792,freeway,102,no
10533000,0.0,3.459,collector,278,no
10160000,0.0,1.035,principal arterial,10,no
15020000,3.206,5.082,collector,123,no
08040000,3.877,5.089,freeway,288,no
14050000,14.976,16.633,principal arterial,5,no
10504000,3.598,5.481,minor arterial,277,no
14070001,14.989,19.849,collector,230,no
15000084,0.0,1.738,collector,30,no
08510000,1.001,8.717,collector,1168,yes
10515000,0.0,1.644,collector,146,no
10330000,0.911,1.901,principal arterial,24,no
15090000,7.645,9.992,freeway,79,no
15502500,0.0,3.794,minor arterial,4,no
15000254,0.0,1.473,minor arterial,69,no
15140000,0.0,2.191,principal arterial,170,no
02590000,0.0,6.964,collector,1005,yes
10000218,0.0,2.02,collector,640,yes
15000272,0.0,2.937,collector,43,no
10260000,1.083,2.695,principal arterial,65,no
15000264,0.0,6.78,minor arterial,243,no
15061000,5.947,6.946,principal arterial,13,no
15010000,1.755,2.51,collector,7,no
14571000,2.945,3.282,principal arterial,7,no
10110000,9.439,9.706,freeway,46,no
14580000,0.0,3.019,collector,155,no
10822000,0.265,6.216,collector,294,no
15000260,0.0,1.757,freeway,66,no
10000036,0.0,2.256,collector,38,no
10000014,0.0,1.542,principal arterial,21,no
15000182,0.0,1.377,minor arterial,29,no
08050000,0.0,6.117,minor arterial,199,no
15030000,0.789,1.548,principal arterial,14,no
08000010,0.0,5.307,minor arterial,43,no
02070000,0.0,11.893,minor arterial,647,yes
10523000,0.0,4.525,collector,125,no
10535000,0.0,1.57,collector,11,no
10040000,11.614,12.378,principal arterial,29,no
15180500,0.0,2.327,minor arterial,50,no
15000409,0.0,4.304,collector,15,no
10250000,3.189,5.374,principal arterial,203,no
14000070,0.0,3.102,collector,183,no
02030000,8.055,9.83,freeway,419,no
02050000,0.0,2.378,freeway,648,yes
15150000,24.58,25.839,freeway,62,no
15000164,0.0,1.968,collector,208,no
10110000,4.099,5.048,principal arterial,13,no
14570101,0.0,0.386,principal arterial,34,no
08020000,11.91,13.975,freeway,503,yes
14010000,1.427,3.919,principal arterial,98,no
10180000,0.376,1.826,minor arterial,34,no
10525503,0.0,2.023,minor arterial,15,no
14091000,10.613,13.609,principal arterial,167,no
15200001,1.424,2.97,principal arterial,58,no
10000009,0.0,3.795,minor arterial,327,no
15000064,0.0,3.376,collector,241,no
10000270,0.0,4.898,minor arterial,94,no
15009000,1.296,2.063,minor arterial,34,no
15230000,1.129,2.171,principal arterial,31,no
14000009,0.0,3.075,collector,202,no
15020000,1.126,2.59,minor arterial,301,no
10020000,9.682,11.211,principal arterial,90,no
10010000,18.829,20.141,principal arterial,52,no
15240000,0.0,0.66,principal arterial,26,no
10120000,1.69,2.774,minor arterial,4,no
10160000,6.818,9.162,principal arterial,38,no
10000604,0.0,0.664,minor arterial,79,no
10000221,0.0,1.5,collector,62,no
15120000,10.169,10.566,principal arterial,2,no
10130000,11.05,12.024,principal arterial,14,no
08000005,0.0,2.856,collector,444,no
08080000,8.121,11.98,principal arterial,860,yes
15000033,1.046,2.982,collector,36,no
02050000,3.443,6.811,freeway,380,no
02050000,15.906,16.668,collector,224,no
10790000,0.0,1.895,collector,25,no
02000025,0.0,2.412,collector,639,yes
15061000,0.942,1.764,principal arterial,15,no
10250000,1.153,3.189,minor arterial,68,no
10000350,1.092,3.396,minor arterial,51,no
14570000,5.137,8.115,principal arterial,188,no
14501000,1.381,6.363,collector,360,no
14000087,0.0,9.005,principal arterial,75,no
10821000,0.499,4.007,minor arterial,15,no
08010000,8.142,8.975,principal arterial,17,no
10000005,0.0,5.904,collector,289,no
10030000,3.522,4.057,principal arterial,31,no
15030000,9.3,10.029,collector,21,no
10000365,0.0,1.569,collector,18,no
10670000,0.0,5.488,minor arterial,128,no
10504000,0.0,0.494,minor arterial,31,no
10590000,0.0,3.809,collector,218,no
10140000,7.58,8.048,principal arterial,29,no
10000146,0.0,5.942,minor arterial,35,no
08020000,1.087,4.76,freeway,88,no
10080001,5.488,9.803,collector,163,no
15080500,0.0,4.712,collector,431,no
15000114,0.0,4.719,collector,250,no
15010000,6.068,7.657,principal arterial,26,no
14000054,0.0,2.113,collector,203,no
10528000,0.0,4.102,collector,755,yes
15010000,11.247,13.518,principal arterial,13,no
08470000,0.0,3.46,freeway,325,no
10290000,4.019,6.184,principal arterial,10,no
14070001,19.849,21.824,minor arterial,262,no
14040000,0.0,0.84,freeway,140,no
15509000,0.0,2.519,minor arterial,114,no
10010000,22.51,24.058,principal arterial,67,no
14000076,0.0,6.613,freeway,585,yes
02050000,17.626,21.762,freeway,165,no
15010000,17.066,21.212,collector,70,no
15150000,25.839,27.662,freeway,34,no
08508000,0.0,5.292,minor arterial,497,no
10000090,0.0,3.753,minor arterial,29,no
10000645,2.693,6.042,freeway,222,no
14000114,0.0,7.845,minor arterial,696,yes
15150000,9.23,11.096,freeway,17,no
10780000,0.0,5.522,minor arterial,1175,yes
14090000,1.786,3.631,freeway,29,no
14010000,4.976,6.653,principal arterial,21,no
15150098,0.0,6.746,collector,77,no
08000043,0.0,6.356,collector,634,yes
14120000,9.257,11.515,principal arterial,155,no
10340000,3.317,4.31,principal arterial,8,no
15100000,2.202,4.023,principal arterial,96,no
14570000,4.344,4.913,principal arterial,11,no
10030102,0.0,0.964,freeway,37,no
10002000,5.111,5.5,minor arterial,29,no
15000044,0.0,2.544,minor arterial,155,no
10130000,9.137,10.033,principal arterial,10,no
14610000,0.0,1.004,minor arterial,70,no
02050000,11.514,13.564,freeway,73,no
14572000,0.422,1.774,principal arterial,15,no
10180500,0.0,4.506,minor arterial,151,no
15140501,0.0,3.12,principal arterial,211,no
14090000,9.312,11.635,principal arterial,120,no
10700000,5.117,12.971,minor arterial,120,no
15150000,8.843,9.23,freeway,16,no
02505000,0.0,10.803,minor arterial,375,no
15120000,4.545,6.053,principal arterial,42,no
10075000,21.665,22.862,freeway,72,no
15002000,0.049,0.705,freeway,24,no
10190007,0.0,0.317,freeway,48,no
08020000,13.975,19.514,collector,1262,yes
10310000,4.847,5.461,principal arterial,5,no
10000150,0.0,2.4,collector,275,no
14070000,5.35,8.183,principal arterial,57,no
15150000,22.551,24.58,freeway,13,no
10075000,20.081,21.665,freeway,36,no
10530000,0.0,20.553,minor arterial,144,no
15120000,11.472,12.913,principal arterial,7,no
14560000,1.02,6.651,minor arterial,1157,yes
10010000,24.816,25.614,principal arterial,19,no
10010000,25.614,26.253,principal arterial,43,no
15150200,0.027,4.987,principal arterial,90,no
10000363,0.0,3.56,minor arterial,35,no
02050000,13.564,15.906,freeway,196,no
14590000,0.0,1.461,minor arterial,84,no
10110000,9.706,11.456,freeway,33,no
14510000,0.0,2.248,minor arterial,413,no
10190000,12.858,13.947,principal arterial,97,no
15000445,0.0,4.141,collector,378,no
10330000,4.654,6.169,principal arterial,16,no
15150000,0.867,1.874,freeway,39,no
10620000,0.0,12.71,collector,1210,yes
10525000,0.0,4.2,minor arterial,3,no
02050000,7.31,11.514,freeway,146,no
14120000,23.381,26.634,principal arterial,506,yes
15150000,1.874,2.879,freeway,3,no
15200001,0.0,1.424,principal arterial,153,no
14571000,0.0,2.945,principal arterial,147,no
02520000,2.366,11.897,minor arterial,1763,yes
10000374,0.811,3.258,collector,100,no
08010000,4.498,7.678,principal arterial,391,no
14090000,4.641,9.312,collector,154,no
02100000,0.0,3.382,freeway,124,no
10000366,0.0,2.265,minor arterial,28,no
15150000,31.275,33.146,freeway,56,no
10000129,0.0,2.746,collector,70,no
02000012,0.0,3.573,principal arterial,1198,yes
10320000,0.171,0.472,freeway,17,no
02000045,0.0,5.857,collector,1325,yes
10040000,9.493,11.166,principal arterial,70,no
10060000,12.516,14.269,principal arterial,117,no
15000008,0.0,2.531,minor arterial,114,no
02080000,0.0,25.621,minor arterial,1155,yes
14140000,0.242,1.358,freeway,13,no
14000042,0.0,2.55,collector,101,no
10005000,1.837,2.845,principal arterial,14,no
10000020,1.534,9.624,collector,1756,yes
08505000,0.0,6.805,collector,123,no
10030002,0.0,1.127,principal arterial,24,no
10000153,0.0,2.832,collector,315,no
15120000,1.192,2.25,principal arterial,35,no
14000025,0.0,2.444,collector,522,yes
10080000,1.736,2.622,principal arterial,8,no
08050000,6.117,10.312,freeway,141,no
02010000,23.552,29.816,collector,649,yes
10110000,7.936,8.942,freeway,37,no
14570002,0.176,1.66,principal arterial,211,no
14000069,0.165,6.863,collector,857,yes
15514000,0.0,5.074,minor arterial,32,no
10508000,0.0,10.954,minor arterial,572,yes
15560000,0.0,5.84,minor arterial,336,no
10110000,8.942,9.439,freeway,2,no
14000049,0.0,9.322,minor arterial,217,no
10075000,6.473,13.089,freeway,201,no
15120500,0.0,1.571,minor arterial,9,no
14010000,9.868,11.342,principal arterial,211,no
08040000,1.377,3.877,freeway,558,yes
10000191,0.0,1.672,principal arterial,94,no
10000132,0.0,3.023,collector,239,no
10000007,0.0,2.513,minor arterial,28,no
08070000,4.065,7.026,freeway,377,no
10000367,0.073,3.368,collector,185,no
10310000,1.315,2.817,principal arterial,275,no
10080500,0.0,3.077,minor arterial,231,no
10190000,15.88,17.423,freeway,23,no
10000645,7.76,9.715,minor arterial,166,no
10000028,2.455,4.354,minor arterial,70,no
15000320,0.0,2.713,collector,86,no
08000019,0.0,4.185,collector,365,no
10330000,2.135,3.15,principal arterial,42,no
08000017,0.0,4.161,freeway,732,yes
10002000,1.5,2.123,freeway,106,no
15000305,5.537,9.527,minor arterial,252,no
10091000,0.0,6.904,principal arterial,66,no
15190000,5.27,6.296,collector,25,no
14090000,0.0,1.786,freeway,131,no
10190000,24.713,26.776,freeway,38,no
10060000,9.184,12.516,principal arterial,29,no
10470000,4.127,4.551,freeway,30,no
10000010,0.0,6.296,collector,170,no
15030000,2.888,3.557,principal arterial,67,no
02060000,0.0,4.031,minor arterial,680,yes
10310000,0.0,1.315,principal arterial,76,no
10000185,0.0,3.048,collector,449,no
15004503,0.0,3.61,minor arterial,60,no
10075324,1.214,2.727,freeway,80,no
14120000,2.012,3.028,principal arterial,147,no
10000504,0.0,8.863,minor arterial,447,no
02000021,0.0,3.13,collector,100,no
08000036,0.0,2.469,collector,216,no
10190000,17.423,21.163,freeway,249,no
15040000,5.732,9.443,freeway,146,no
02000027,0.0,3.073,collector,331,no
10000611,0.0,1.863,collector,8,no
08470000,3.46,7.258,freeway,244,no
15020000,9.309,11.556,minor arterial,38,no
08020000,0.0,1.087,freeway,56,no
10190000,2.153,2.613,freeway,121,no
10150000,7.028,8.412,principal arterial,31,no
10160000,2.969,4.818,principal arterial,35,no
10075000,16.508,20.081,freeway,175,no
14000048,0.0,3.915,principal arterial,97,no
14000121,0.0,2.452,collector,446,no
10150000,1.84,3.46,principal arterial,17,no
10120000,5.042,6.07,minor arterial,158,no
15000457,0.0,2.673,minor arterial,324,no
08070000,0.0,4.065,freeway,138,no
15520000,0.0,5.168,collector,145,no
08000040,0.0,10.174,collector,1909,yes
08000042,0.0,2.778,collector,353,no
15150000,13.04,13.578,principal arterial,24,no
15000289,0.0,3.711,collector,472,no
15510000,2.779,8.963,principal arterial,142,no
10000379,0.0,3.162,collector,292,no
15230000,2.171,3.26,principal arterial,14,no
10130001,0.0,2.96,freeway,685,yes
14010000,3.919,4.976,principal arterial,44,no
15070000,1.782,2.797,minor arterial,60,no
02030000,20.742,25.107,freeway,343,no
10140000,0.0,5.012,freeway,379,no
08040000,7.049,9.862,freeway,318,no
14050000,9.103,11.342,principal arterial,142,no
15080000,1.006,2.127,principal arterial,12,no
10010000,14.175,15.693,principal arterial,31,no
14000053,0.0,3.528,collector,355,no
15150000,15.306,16.803,freeway,18,no
14000045,0.0,5.578,minor arterial,175,no
15100000,4.97,7.289,principal arterial,118,no
10190000,10.533,12.006,freeway,296,no
02010000,18.475,23.552,principal arterial,264,no
10000271,0.0,3.029,collector,82,no
10680000,1.611,4.021,minor arterial,24,no
10536000,0.0,2.534,minor arterial,114,no
14140000,18.885,20.352,freeway,147,no
10010000,11.171,14.175,principal arterial,110,no
10540000,0.0,11.845,minor arterial,204,no
14571000,6.515,8.289,freeway,133,no
15061000,0.0,0.942,principal arterial,45,no
15080000,0.0,1.006,principal arterial,26,no
15012500,0.0,2.945,principal arterial,254,no
14610000,2.626,4.509,principal arterial,198,no
14510000,2.248,12.088,minor arterial,362,no
02000056,0.0,7.969,collector,230,no
14140000,11.477,18.885,freeway,304,no
15150000,11.096,13.04,principal arterial,38,no
15120000,7.209,8.114,principal arterial,25,no
14110000,0.0,2.742,principal arterial,96,no
10517000,0.0,2.653,collector,225,no
10110000,5.048,6.314,principal arterial,105,no
10320000,4.311,5.008,freeway,4,no
10690000,0.0,8.597,minor arterial,158,no
10000028,0.0,2.455,collector,275,no
10630500,0.0,3.635,collector,123,no
15190000,6.296,7.322,collector,69,no
15501000,1.932,4.043,minor arterial,15,no
10190000,26.776,27.982,freeway,166,no
15000028,0.0,10.663,collector,198,no
15190000,2.555,3.555,collector,13,no
15000317,0.0,2.503,collector,28,no
10060000,22.033,23.547,principal arterial,27,no
15190000,12.477,13.785,freeway,34,no
15190000,3.555,4.506,collector,70,no
14091000,0.761,1.487,freeway,53,no
10130000,10.033,11.05,principal arterial,3,no
10002000,12.982,13.776,freeway,33,no
10110000,7.08,7.936,freeway,22,no
10330000,3.15,4.654,principal arterial,119,no
10525000,4.2,5.761,minor arterial,26,no
14000155,0.0,1.816,freeway,1175,yes
10320000,6.517,7.526,freeway,37,no
10075323,0.0,2.631,freeway,87,no
14571000,3.282,4.427,freeway,61,no
10190000,0.0,2.153,freeway,57,no
10290000,2.036,4.019,principal arterial,6,no
10000222,0.0,2.188,collector,117,no
14140000,4.848,11.477,collector,47,no
10270118,0.396,1.642,freeway,121,no
10680000,0.0,1.611,principal arterial,174,no
15120000,2.25,4.035,principal arterial,113,no
10075000,27.118,31.196,freeway,81,no
14030000,3.028,4.176,freeway,85,no
10000087,0.0,3.749,collector,126,no
15000186,0.0,6.246,principal arterial,11,no
10580000,0.0,9.91,collector,1353,yes
10000019,0.0,8.409,collector,474,no
14000112,0.0,4.78,collector,136,no
10075000,32.305,36.252,freeway,147,no
10320000,5.008,6.517,freeway,5,no
08470000,7.258,18.653,freeway,329,no
10000370,0.0,4.743,minor arterial,5,no
15150000,14.411,15.306,collector,43,no
10075000,36.252,39.854,freeway,573,yes
10150000,3.46,4.849,principal arterial,61,no
14091000,5.437,7.493,principal arterial,138,no
10320000,8.814,16.021,freeway,725,yes
10000137,0.0,3.324,minor arterial,23,no
15190900,0.0,1.196,freeway,39,no
14140000,1.358,4.848,freeway,117,no
10000607,0.0,4.543,collector,139,no
10190000,21.163,24.713,freeway,288,no
10590000,7.468,11.528,minor arterial,161,no
10470000,5.72,7.783,freeway,393,no
10160000,4.818,6.167,principal arterial,79,no
14000118,0.468,2.475,collector,302,no
10320000,2.452,3.47,freeway,28,no
10075000,25.671,27.118,freeway,21,no
15190000,10.565,12.477,freeway,82,no
10511000,0.0,3.915,collector,67,no
15061000,2.693,4.95,principal arterial,17,no
14120000,17.823,21.393,principal arterial,1076,yes
14120000,12.438,17.823,principal arterial,1130,yes
10000645,0.0,2.693,minor arterial,64,no
10821000,4.007,6.524,minor arterial,24,no
15190000,8.365,10.565,collector,391,no
10190000,27.982,28.673,freeway,105,no
10000179,0.0,5.037,minor arterial,321,no
10470000,4.551,5.72,freeway,100,no
10470000,1.094,2.06,minor arterial,29,no
15150000,18.332,19.845,freeway,21,no
15170000,4.247,8.535,freeway,166,no
15150000,16.803,18.332,freeway,134,no
15070500,0.0,4.236,minor arterial,235,no
14010000,6.653,9.868,principal arterial,60,no
10160000,9.539,11.628,freeway,108,no
15190000,4.506,5.27,freeway,29,no
10190000,3.836,4.339,collector,86,no
10190000,3.257,3.836,freeway,14,no
10320000,0.708,1.441,freeway,11,no
10075000,0.0,6.473,freeway,615,yes
10190000,8.435,10.533,minor arterial,51,no
10190000,12.006,12.858,freeway,128,no
10524000,0.0,4.08,minor arterial,24,no
10190000,6.85,7.362,freeway,18,no
15150000,20.417,22.551,principal arterial,162,no
10075000,13.089,16.508,collector,299,no
10075000,22.862,25.671,freeway,54,no
14571000,4.427,6.515,freeway,85,no
15000305,0.0,5.537,minor arterial,166,no
15517000,0.038,2.082,principal arterial,8,no
10190000,29.866,32.836,collector,91,no
14470000,11.08,19.865,freeway,1110,yes
10320000,3.47,4.311,freeway,100,no
15000316,0.0,4.524,collector,95,no
10075000,31.196,32.305,freeway,17,no
10190000,13.947,15.88,collector,64,no
10002000,11.126,12.982,freeway,114,no
15190000,14.379,19.655,freeway,572,yes
15190000,7.322,8.365,freeway,118,no
10002000,9.13,11.126,freeway,26,no
10590000,3.809,7.468,minor arterial,44,no
15000019,0.0,3.096,collector,331,no
14550000,0.021,10.5,minor arterial,689,yes
08150000,7.054,11.468,freeway,378,no
10470000,12.82,16.052,freeway,144,no
10470000,2.06,4.127,freeway,122,no
08150000,0.0,7.054,collector,715,yes
15170001,0.0,4.143,freeway,240,no
14470000,1.28,11.08,freeway,106,no
02000016,0.0,4.366,collector,1277,yes
14000242,0.0,5.991,minor arterial,301,no
14140008,0.0,0.119,freeway,64,no
14140008,0.119,0.219,freeway,53,no
14000061,8.077,9.652,collector,1013,yes
02010000,0.0,1.14,principal arterial,15,no
02010000,1.14,4.651,principal arterial,539,yes
02010000,11.052,11.685,principal arterial,25,no
02010000,12.72,13.136,freeway,38,no
02010000,13.136,13.177,principal arterial,12,no
02010000,14.041,16.531,principal arterial,383,no
02010000,18.1,18.475,principal arterial,50,no
02010000,29.816,30.062,principal arterial,52,no
14000216,0.0,0.387,collector,2208,yes
14000128,0.0,0.134,collector,9,no
14000128,0.134,0.157,collector,5,no
15000013,0.0,0.109,principal arterial,9,no
14050200,0.0,0.374,principal arterial,28,no
14090000,11.635,11.912,principal arterial,46,no
14090000,11.912,12.313,collector,254,no
14090000,19.334,20.286,principal arterial,45,no
14570000,5.125,5.137,principal arterial,31,no
14000102,0.0,0.477,principal arterial,352,no
02470004,0.0,0.431,freeway,121,no
02000069,0.0,1.156,collector,2254,yes
14050000,4.425,4.936,principal arterial,48,no
14050000,5.74,5.834,principal arterial,31,no
14050000,6.354,6.862,principal arterial,25,no
14050000,13.476,14.152,minor arterial,174,no
14050000,14.152,14.787,minor arterial,24,no
14050000,14.787,14.976,principal arterial,10,no
14050000,21.161,22.212,principal arterial,463,no
14140022,0.0,0.235,freeway,51,no
14000060,0.0,2.265,collector,52,no
02050000,2.378,3.443,minor arterial,712,yes
02050000,6.811,7.051,freeway,253,no
02050000,7.051,7.31,minor arterial,145,no
02000028,0.0,1.077,collector,267,no
14000243,0.0,0.664,collector,305,no
14000131,0.0,0.602,freeway,377,no
14140004,0.0,0.246,freeway,98,no
14000169,0.0,0.484,minor arterial,237,no
14000196,0.0,1.435,collector,279,no
14000172,0.0,0.159,freeway,628,yes
14000172,0.159,0.965,principal arterial,535,yes
14000172,0.965,1.175,principal arterial,403,no
15000003,0.0,2.137,collector,125,no
14120000,29.098,30.31,minor arterial,235,no
14120000,30.31,32.217,minor arterial,139,no
14120000,32.217,33.127,minor arterial,127,no
14120000,33.127,33.403,minor arterial,16,no
14140030,0.0,0.539,collector,67,no
14000105,0.0,2.174,collector,464,no
02000064,0.0,0.7,collector,1401,yes
14000126,0.0,2.492,collector,464,no
15000016,0.0,0.206,principal arterial,18,no
02000074,0.0,0.382,collector,1822,yes
14075000,0.0,0.148,collector,135,no
14075000,0.148,0.265,freeway,65,no
14091000,0.0,0.761,freeway,20,no
14091000,1.487,3.729,principal arterial,74,no
14091000,3.729,5.437,principal arterial,71,no
14140020,0.403,0.431,freeway,33,no
14000096,0.0,0.246,collector,2429,yes
02470002,0.0,0.356,freeway,87,no
02000066,0.0,1.0,collector,77,no
14140014,0.0,0.571,minor arterial,155,no
14000225,0.0,2.69,collector,265,no
14572000,0.0,0.422,principal arterial,17,no
14000177,0.0,1.445,minor arterial,1008,yes
14000213,0.0,3.077,collector,127,no
14510000,12.088,14.172,collector,83,no
14000171,0.0,0.447,minor arterial,281,no
14000110,0.0,0.229,collector,23,no
14000110,0.229,1.421,collector,102,no
02000061,0.0,0.874,collector,792,yes
14470011,0.0,0.281,freeway,115,no
14000088,0.0,0.513,minor arterial,109,no
14000088,0.513,2.378,minor arterial,7,no
14000088,2.378,3.814,minor arterial,4,no
02000031,0.0,2.279,collector,109,no
14000244,0.0,0.25,collector,27,no
14140005,0.0,0.125,freeway,37,no
14000064,0.0,1.66,collector,167,no
02030000,12.251,13.524,freeway,189,no
02030000,14.648,15.09,freeway,91,no
14000204,0.0,1.486,principal arterial,1406,yes
14680000,3.124,4.592,collector,164,no
14000145,0.0,1.842,collector,583,yes
14000145,1.842,4.855,collector,137,no
14000145,4.855,4.937,minor arterial,264,no
14000145,4.937,5.477,minor arterial,56,no
14000145,5.477,5.883,minor arterial,59,no
14000145,5.883,6.141,minor arterial,28,no
14140012,0.0,0.103,freeway,4,no
14000069,0.0,0.165,collector,26,no
02000019,0.0,1.329,collector,263,no
14000197,0.0,0.762,minor arterial,236,no
14000151,0.0,1.055,freeway,741,yes
15000015,0.0,0.148,principal arterial,61,no
14000186,0.0,0.467,collector,38,no
14000120,0.0,1.936,principal arterial,1449,yes
02610000,0.0,3.161,collector,441,no
02000057,0.0,2.685,collector,60,no
14470052,0.0,0.46,freeway,120,no
14000095,0.0,0.763,collector,44,no
14000095,0.763,1.501,collector,60,no
02530000,0.0,6.051,collector,217,no
02000018,0.0,3.653,collector,206,no
14140019,0.0,0.339,freeway,70,no
14140019,0.339,0.445,freeway,11,no
02000002,0.0,6.151,collector,32,no
14000203,0.0,0.369,collector,1105,yes
14660000,0.0,2.339,collector,124,no
14050300,0.0,0.029,principal arterial,45,no
14050300,0.029,0.447,principal arterial,27,no
02000070,0.0,0.493,collector,109,no
14070015,0.0,0.028,principal arterial,4,no
14070015,0.028,0.219,principal arterial,38,no
14000124,0.0,1.013,collector,17,no
02000043,0.0,2.298,freeway,1556,yes
14140024,0.0,1.673,freeway,126,no
14000089,0.0,0.656,minor arterial,61,no
02506000,0.0,4.039,collector,632,yes
14000240,0.0,0.077,collector,17,no
14000240,0.077,0.337,collector,259,no
14000240,0.337,0.58,collector,105,no
14140000,0.0,0.242,freeway,42,no
14000058,0.0,0.751,collector,101,no
14000207,0.0,0.738,collector,176,no
14000127,0.0,1.216,collector,328,no
14080000,0.0,1.826,principal arterial,34,no
14520000,0.0,2.366,collector,61,no
14520000,10.426,11.192,collector,297,no
02470000,0.0,4.329,freeway,450,no
02470000,4.329,12.171,freeway,1065,yes
02000068,0.0,0.267,collector,15,no
14502000,0.0,0.23,collector,56,no
14000047,0.0,0.255,collector,13,no
14000138,0.0,0.133,collector,47,no
14000138,0.133,0.247,collector,9,no
14470014,0.0,0.273,freeway,21,no
14000072,0.0,2.503,collector,498,no
02000007,0.0,4.21,collector,214,no
02000007,4.292,5.408,collector,271,no
14000141,0.0,0.521,collector,459,no
14000183,0.0,3.148,collector,141,no
14000222,0.0,0.45,principal arterial,314,no
14000176,0.0,1.141,collector,168,no
14000118,0.0,0.468,collector,33,no
14470004,0.0,0.345,freeway,114,no
14000077,0.587,1.007,principal arterial,232,no
02000041,0.0,0.455,collector,23,no
14140010,0.0,0.122,freeway,39,no
02040002,0.0,0.024,principal arterial,7,no
02000029,0.0,2.113,collector,436,no
14000234,0.0,0.509,collector,891,yes
14000144,0.0,0.419,collector,26,no
14000155,1.816,3.17,collector,1433,yes
14000116,0.0,0.162,minor arterial,65,no
14000116,0.162,0.989,collector,123,no
14000116,4.286,6.288,principal arterial,1605,yes
14000116,6.288,8.829,collector,38,no
14000043,2.005,3.718,minor arterial,732,yes
02000055,0.0,0.33,minor arterial,45,no
14140025,0.0,0.597,principal arterial,39,no
14000154,0.0,1.047,collector,490,no
14000154,1.047,2.004,collector,580,yes
14000219,0.0,0.745,principal arterial,604,yes
14000119,0.0,0.736,collector,111,no
14000119,0.736,1.406,minor arterial,486,no
14470016,0.0,0.308,freeway,39,no
14000103,0.0,0.431,collector,116,no
02050001,0.0,0.087,freeway,189,no
02000048,0.0,1.424,freeway,791,yes
14000056,0.0,0.5,collector,120,no
02000032,0.0,2.989,collector,23,no
14000191,0.0,0.632,minor arterial,507,yes
14580000,5.386,6.122,collector,93,no
14580000,6.122,7.308,collector,201,no
14000149,0.0,1.002,collector,32,no
14470015,0.0,0.289,freeway,13,no
14000093,0.0,1.224,collector,124,no
02520000,0.0,2.294,minor arterial,1154,yes
14000231,0.0,2.116,collector,276,no
14140009,0.0,0.14,freeway,22,no
02510000,0.0,0.052,collector,51,no
02000005,0.0,1.342,collector,155,no
14000223,0.0,1.257,principal arterial,618,yes
14130000,0.0,0.569,principal arterial,37,no
14130000,0.569,0.851,principal arterial,32,no
02000001,0.0,1.555,collector,358,no
14000066,0.0,0.508,minor arterial,14,no
14000201,0.0,1.366,principal arterial,405,no
14630000,0.0,3.903,collector,721,yes
14630000,3.903,6.273,principal arterial,934,yes
14630000,6.273,8.781,minor arterial,971,yes
14070001,11.821,12.299,minor arterial,268,no
14070001,12.299,12.499,minor arterial,286,no
14070001,12.499,14.989,minor arterial,88,no
02470005,0.0,0.513,freeway,44,no
02000040,0.0,2.17,collector,1311,yes
02000040,2.17,2.178,collector,489,no
14470000,0.0,1.28,freeway,126,no
02000035,0.0,1.387,collector,154,no
14000189,0.0,2.3,principal arterial,456,no
02000073,0.0,0.566,collector,13,no
14470050,0.0,0.253,freeway,34,no
14000217,0.0,0.216,minor arterial,202,no
14000217,0.216,0.227,minor arterial,11,no
14000111,0.0,0.624,minor arterial,577,yes
15000014,0.0,0.208,principal arterial,41,no
14570003,0.0,0.122,collector,11,no
14000099,0.0,0.766,collector,14,no
02512000,0.0,0.113,collector,15,no
02000042,0.0,2.078,freeway,899,yes
14030030,0.0,0.729,collector,200,no
14140029,0.0,0.357,freeway,54,no
02000030,0.0,2.041,collector,106,no
14000229,0.0,1.027,principal arterial,243,no
14140011,0.0,0.378,minor arterial,123,no
14000174,0.0,0.503,collector,126,no
14000220,0.0,0.294,collector,316,no
14000175,0.0,1.317,freeway,775,yes
14000122,0.0,0.32,collector,17,no
15000006,0.0,2.026,collector,121,no
14140021,0.297,0.332,freeway,1,no
14000233,0.0,1.637,collector,114,no
14000206,0.0,0.04,principal arterial,14,no
14000206,0.04,0.905,principal arterial,345,no
14000206,0.905,0.913,principal arterial,44,no
14000097,0.0,0.216,collector,159,no
02000065,0.0,1.261,collector,2009,yes
02000038,0.0,0.886,collector,127,no
14000226,0.0,0.194,minor arterial,285,no
14000140,0.0,0.563,collector,116,no
15000004,0.0,1.444,collector,182,no
14000182,0.0,1.349,collector,426,no
14000168,0.0,0.049,minor arterial,46,no
14000168,0.049,0.062,minor arterial,97,no
02000075,0.0,0.127,collector,1556,yes
14470012,0.0,0.287,freeway,131,no
14000200,0.0,1.18,principal arterial,730,yes
14000157,0.0,1.807,principal arterial,1544,yes
14000052,0.81,1.955,minor arterial,333,no
02000022,0.0,4.448,collector,563,yes
14000208,0.0,0.397,minor arterial,360,no
15000293,0.0,0.917,collector,131,no
15020000,0.0,1.011,collector,39,no
15020000,1.011,1.103,collector,29,no
15020000,1.103,1.126,collector,16,no
15020000,5.082,5.465,minor arterial,9,no
15020000,5.909,7.39,minor arterial,48,no
15020000,11.556,13.207,minor arterial,63,no
15000081,0.0,1.209,collector,397,no
15000444,0.0,0.751,collector,57,no
15000513,0.0,0.504,collector,317,no
15000254,1.473,1.696,minor arterial,25,no
15000254,1.696,1.717,minor arterial,28,no
15000254,1.717,2.502,minor arterial,111,no
15000336,0.0,2.049,collector,38,no
15150702,0.0,0.053,freeway,55,no
15040000,0.0,0.247,collector,43,no
15040000,0.247,1.214,collector,29,no
15190078,0.0,0.523,freeway,141,no
15140502,0.0,2.364,principal arterial,127,no
15510000,0.0,2.779,minor arterial,163,no
15190015,0.0,0.184,freeway,75,no
15090000,1.891,2.903,principal arterial,33,no
02000009,0.0,5.675,collector,753,yes
14140006,0.0,0.113,freeway,72,no
14140006,0.113,0.376,freeway,52,no
14000125,0.0,0.616,collector,123,no
14000148,0.0,0.993,collector,307,no
14000187,0.0,0.648,collector,319,no
02000047,0.0,2.867,minor arterial,2099,yes
14470053,0.0,0.459,freeway,62,no
02540000,0.0,1.782,collector,433,no
02000024,0.0,3.374,collector,181,no
14000065,0.0,1.076,collector,216,no
14000198,0.0,0.557,collector,194,no
14000078,0.0,0.44,collector,93,no
02050003,0.0,0.081,freeway,63,no
02000054,0.0,1.569,collector,289,no
14040100,0.0,0.181,freeway,68,no
14140027,0.0,0.135,freeway,71,no
14000076,6.613,7.656,collector,86,no
02000034,0.0,2.668,minor arterial,489,no
14000235,0.0,0.287,principal arterial,238,no
14140023,0.0,0.227,freeway,51,no
14000081,0.0,1.875,principal arterial,74,no
02000017,0.0,1.78,collector,335,no
14140007,0.0,0.161,freeway,28,no
14140007,0.161,0.258,freeway,52,no
14000055,0.0,2.297,collector,271,no
02010001,0.0,0.066,principal arterial,22,no
14000215,0.0,1.413,collector,75,no
15000009,0.0,0.1,principal arterial,12,no
14050100,0.0,0.069,principal arterial,45,no
14000101,0.0,1.314,collector,113,no
02470001,0.0,0.412,freeway,7,no
02000049,0.0,0.866,collector,215,no
02000008,0.0,3.703,collector,477,no
14000230,0.0,0.928,collector,99,no
14000130,0.0,4.056,collector,465,no
02000072,0.0,0.489,freeway,111,no
14121000,0.0,4.36,principal arterial,208,no
14121000,0.0,4.36,principal arterial,208,no
14000184,0.0,0.576,minor arterial,415,no
14000194,0.0,0.337,collector,58,no
14000167,0.0,1.797,collector,195,no
15000012,0.0,0.149,freeway,25,no
14050001,0.0,0.022,collector,280,no
14050001,0.022,0.399,principal arterial,69,no
14501000,0.0,1.381,collector,786,yes
02000044,0.0,2.261,collector,437,no
14000062,0.0,1.006,collector,764,yes
02000036,0.0,1.253,collector,23,no
14000228,0.0,0.435,minor arterial,132,no
14600000,0.0,4.543,collector,455,no
14000135,0.0,0.061,principal arterial,49,no
15000005,0.0,2.369,collector,304,no
14000209,0.0,1.552,minor arterial,902,yes
14000107,1.987,3.53,collector,98,no
02900002,0.0,0.388,collector,11,no
02000060,0.0,0.26,collector,2067,yes
14470003,0.0,0.367,freeway,118,no
14000098,0.0,2.728,principal arterial,890,yes
02500000,0.0,7.633,collector,1267,yes
02000063,0.0,0.981,freeway,697,yes
02000023,0.0,1.484,collector,228,no
14000195,0.0,1.039,principal arterial,784,yes
14000150,0.0,1.106,collector,647,yes
14570100,0.0,0.119,principal arterial,87,no
14000185,0.0,0.373,principal arterial,289,no
02000058,0.0,5.229,collector,334,no
14470051,0.0,0.353,freeway,89,no
14000094,0.0,0.839,principal arterial,728,yes
02470003,0.0,0.346,freeway,121,no
02000015,0.0,2.878,collector,136,no
14140013,0.0,0.091,freeway,33,no
14000199,0.0,2.26,collector,177,no
14000199,2.26,5.3,principal arterial,1922,yes
14000067,0.0,1.996,principal arterial,665,yes
14092000,0.0,0.394,minor arterial,17,no
14506000,3.915,4.565,collector,1,no
14000123,0.0,1.045,collector,200,no
02000039,0.0,1.298,freeway,240,no
14030018,0.0,1.976,collector,503,yes
14470001,0.0,0.372,freeway,8,no
14000084,0.0,2.27,collector,52,no
14000193,0.0,0.959,collector,77,no
14000170,0.0,0.721,principal arterial,711,yes
14000079,0.0,1.013,minor arterial,1052,yes
02000067,0.0,0.392,principal arterial,454,no
14140026,0.0,0.32,freeway,109,no
14000051,0.0,0.502,collector,140,no
02000033,0.0,1.332,collector,29,no
14000227,0.0,0.235,collector,208,no
14000178,0.0,0.72,collector,428,no
14000221,0.0,1.483,principal arterial,1183,yes
14000173,0.0,0.716,collector,98,no
02000071,0.0,0.24,collector,8,no
14110000,2.742,3.448,principal arterial,64,no
14470002,0.0,0.384,freeway,1,no
02000050,0.0,1.756,collector,157,no
14040101,0.0,0.248,freeway,59,no
15000011,0.0,0.177,principal arterial,12,no
14000179,0.0,0.039,collector,938,yes
14000237,0.0,0.077,collector,43,no
14000134,0.0,1.903,freeway,491,no
14000163,0.0,1.686,collector,206,no
14000202,0.0,0.344,collector,409,no
14470013,0.0,0.27,freeway,116,no
14000092,0.0,1.341,collector,150,no
02000062,0.0,0.481,collector,1449,yes
14000050,0.0,1.115,collector,175,no
14000050,1.115,2.312,collector,160,no
14000210,0.0,1.27,principal arterial,1008,yes
14000146,0.0,3.265,collector,555,yes
14000129,0.0,1.006,collector,53,no
02000051,0.0,2.189,principal arterial,260,no
14000083,0.0,5.383,minor arterial,117,no
14000115,0.0,0.191,minor arterial,16,no
02000059,0.0,4.865,collector,123,no
14000241,0.0,1.477,freeway,563,yes
02000004,0.0,3.284,minor arterial,765,yes
14000059,0.0,1.531,collector,109,no
14570200,0.0,0.077,principal arterial,74,no
14000090,0.198,0.565,collector,12,no
02000026,0.0,1.422,collector,100,no
14000245,0.0,0.412,collector,245,no
14000164,0.0,0.953,collector,297,no
14000190,0.0,0.309,minor arterial,710,yes
15000038,0.0,1.03,collector,218,no
15000492,0.0,0.651,collector,144,no
15000465,0.0,0.177,principal arterial,34,no
15000275,0.0,0.427,collector,133,no
15000275,0.427,0.936,collector,539,yes
15000275,0.936,2.004,collector,24,no
15000432,0.0,0.356,collector,10,no
15000504,0.0,0.509,minor arterial,330,no
15000504,0.509,0.566,collector,3,no
15000504,0.566,1.153,collector,153,no
15000503,0.0,0.516,collector,33,no
15035001,0.0,0.568,freeway,42,no
15000252,0.0,2.114,collector,16,no
15000423,0.0,0.246,minor arterial,142,no
15000024,0.0,1.262,collector,49,no
15000152,0.0,0.322,principal arterial,32,no
15010000,0.103,0.5,freeway,53,no
15010000,0.5,0.577,principal arterial,1,no
15010000,2.51,3.765,principal arterial,12,no
15010000,7.657,8.02,principal arterial,20,no
15010000,8.02,9.588,principal arterial,56,no
15010000,9.81,10.191,collector,46,no
15000050,0.0,0.259,collector,36,no
15000050,0.259,1.755,collector,94,no
15000050,1.755,2.048,collector,9,no
15000434,0.0,0.185,collector,16,no
15003000,0.0,0.428,freeway,18,no
15003000,0.428,0.666,freeway,33,no
15003000,0.666,0.988,freeway,27,no
15003000,0.988,1.285,minor arterial,20,no
15003000,1.285,1.372,principal arterial,18,no
15000333,0.0,0.607,collector,81,no
15000163,0.0,3.511,collector,126,no
15000163,3.511,4.265,collector,192,no
15000163,4.265,4.514,collector,100,no
15000297,0.0,0.255,collector,26,no
15000065,0.0,3.18,minor arterial,243,no
15030000,4.534,5.45,principal arterial,33,no
15030000,5.45,6.557,principal arterial,111,no
15030000,6.557,6.814,principal arterial,43,no
15030000,7.841,8.098,principal arterial,91,no
15000173,0.0,1.491,collector,212,no
15000173,1.491,1.994,collector,65,no
15000173,1.994,2.255,collector,47,no
15000048,0.0,2.773,collector,72,no
15000048,2.773,3.291,collector,49,no
15000053,0.0,0.25,collector,31,no
15000451,0.0,1.747,principal arterial,124,no
15010101,0.0,0.76,freeway,74,no
15000025,0.0,1.272,collector,25,no
15000025,1.272,1.741,collector,55,no
15000500,0.0,0.695,collector,469,no
15000490,0.0,1.422,collector,560,yes
15000188,0.0,0.232,principal arterial,49,no
15025000,0.0,0.325,minor arterial,23,no
15025000,0.325,1.004,minor arterial,179,no
15025000,1.004,1.592,minor arterial,26,no
15000134,0.0,0.691,collector,103,no
15000134,0.691,0.802,collector,77,no
15000296,0.0,0.924,collector,134,no
15000072,0.186,0.36,collector,74,no
15002000,0.0,0.049,freeway,29,no
15002000,0.705,0.91,principal arterial,28,no
15002000,0.91,1.166,minor arterial,17,no
15002000,1.166,1.22,freeway,4,no
15000329,0.0,0.386,collector,79,no
15000291,0.0,2.044,collector,75,no
15000446,0.0,0.019,principal arterial,2,no
15000446,0.019,0.053,principal arterial,1,no
15000446,0.053,0.074,collector,15,no
15000060,0.0,2.6,collector,9,no
15000037,0.0,0.665,collector,234,no
15000037,0.748,1.0,collector,297,no
15000322,0.0,0.062,principal arterial,15,no
15000461,0.0,0.51,collector,7,no
15000461,0.51,1.037,collector,214,no
15000106,0.0,2.98,collector,188,no
15000441,0.0,0.643,collector,11,no
15000505,0.0,0.683,collector,201,no
15000422,0.0,0.782,collector,182,no
15000069,0.0,0.803,collector,56,no
15000069,0.803,1.796,collector,103,no
15000501,0.0,0.3,collector,52,no
15020100,0.0,0.123,minor arterial,31,no
15000306,0.0,1.246,collector,338,no
15000030,0.0,1.274,collector,140,no
15000294,0.0,0.109,freeway,118,no
15000294,0.554,0.733,freeway,134,no
15000487,0.0,0.568,collector,876,yes
15000257,0.0,0.205,principal arterial,22,no
15000424,0.0,0.413,collector,16,no
15000021,0.0,0.759,minor arterial,114,no
15000301,0.0,0.15,collector,212,no
15000486,0.0,0.25,principal arterial,206,no
15000156,0.0,0.186,collector,51,no
15000279,0.0,0.905,minor arterial,572,yes
15000440,0.0,1.776,collector,64,no
15000404,0.0,0.439,collector,19,no
15000404,0.993,1.255,collector,212,no
15000077,0.0,1.009,principal arterial,120,no
15000171,0.0,0.249,collector,39,no
15000018,0.0,0.529,collector,12,no
15000115,0.0,5.761,collector,143,no
15000089,0.0,1.013,collector,327,no
15000443,0.0,0.686,principal arterial,532,yes
15009000,0.0,1.296,minor arterial,89,no
15009000,2.063,2.581,minor arterial,14,no
15009000,2.581,3.839,principal arterial,81,no
15009000,3.839,4.395,principal arterial,90,no
15009000,4.395,5.312,principal arterial,133,no
15000067,0.0,1.153,minor arterial,194,no
15000067,1.153,1.921,collector,228,no
15000454,0.0,0.08,collector,18,no
15000408,0.0,0.29,collector,194,no
15000408,0.378,1.017,collector,224,no
15000502,0.0,0.662,collector,138,no
15000183,0.0,2.816,collector,248,no
15035000,0.0,0.706,principal arterial,30,no
15035000,0.706,3.694,collector,152,no
15000102,0.0,0.693,collector,231,no
15000286,0.0,0.711,collector,35,no
15002002,0.0,0.039,freeway,19,no
15035003,0.0,0.286,freeway,113,no
15000403,0.0,0.889,collector,48,no
15000403,1.067,1.764,collector,569,yes
15000496,0.0,0.777,collector,39,no
15000189,0.0,0.198,freeway,20,no
15000324,0.217,1.037,collector,6,no
15000472,0.0,1.188,minor arterial,128,no
15000338,0.0,0.891,collector,108,no
15000218,0.0,1.871,collector,107,no
15000311,0.0,0.19,collector,51,no
15000311,0.19,0.51,collector,62,no
15000311,0.51,0.546,collector,18,no
15000311,0.546,0.606,collector,5,no
15000311,0.606,1.06,collector,10,no
15000274,0.0,2.38,collector,47,no
15000475,0.0,0.659,collector,37,no
15000055,0.0,4.526,principal arterial,117,no
15000427,0.0,1.723,collector,298,no
15003003,0.0,0.062,freeway,39,no
15000339,0.0,0.763,collector,86,no
15000036,0.0,0.127,collector,21,no
15000036,0.127,2.391,collector,286,no
15000198,0.0,0.509,collector,155,no
15000320,2.713,3.745,freeway,2,no
15000473,0.0,0.894,principal arterial,231,no
15000271,0.0,0.496,collector,68,no
15000426,0.0,0.818,collector,21,no
15000516,0.0,0.76,collector,584,yes
15010003,0.0,0.724,principal arterial,13,no
15000401,0.0,0.716,principal arterial,30,no
15000118,0.0,1.544,principal arterial,158,no
15000438,0.0,1.706,minor arterial,172,no
15000510,0.0,0.682,minor arterial,545,yes
15000083,0.0,1.38,collector,179,no
15035005,0.059,0.189,freeway,16,no
15000253,0.0,4.959,collector,21,no
15000318,0.0,0.251,collector,36,no
15000471,0.0,1.115,collector,31,no
15000435,0.0,0.746,collector,79,no
15003001,0.0,0.057,freeway,55,no
15035023,0.0,0.037,freeway,29,no
15000331,0.0,0.503,collector,57,no
15000216,0.0,0.499,collector,48,no
15000068,0.0,1.6,collector,68,no
15000498,0.0,0.488,collector,106,no
15030055,0.0,0.226,principal arterial,15,no
15000185,0.0,1.59,minor arterial,8,no
15000313,0.0,0.189,collector,20,no
15000041,0.0,0.763,collector,169,no
15000041,0.763,0.875,collector,18,no
15000041,0.875,1.369,collector,28,no
15000041,1.369,4.897,collector,122,no
15000288,0.161,0.807,minor arterial,96,no
15000463,0.0,0.163,principal arterial,20,no
15000061,0.0,1.071,collector,96,no
15000453,0.0,0.185,minor arterial,21,no
15000509,0.0,0.614,collector,243,no
15010001,0.038,0.84,principal arterial,34,no
15000410,0.0,0.504,collector,16,no
15000033,0.0,1.046,collector,7,no
15000489,0.0,0.351,collector,1,no
15000319,0.0,0.666,collector,49,no
15030056,0.0,0.078,principal arterial,7,no
15000143,0.0,0.538,collector,178,no
15000143,0.538,2.208,minor arterial,31,no
15000284,0.0,1.253,collector,74,no
15000282,0.0,2.912,collector,256,no
15000467,0.0,1.062,principal arterial,105,no
15000450,0.0,0.526,principal arterial,7,no
15000511,0.0,0.615,minor arterial,343,no
15000405,0.0,0.863,collector,132,no
15000495,0.0,1.288,collector,411,no
15000215,0.0,0.755,collector,127,no
15000137,1.09,1.185,collector,87,no
15000262,0.0,1.7,collector,135,no
15000052,0.0,0.5,minor arterial,13,no
15035022,0.0,0.013,freeway,23,no
15000250,0.0,0.252,principal arterial,152,no
15000407,0.0,1.053,collector,46,no
15000034,0.0,1.66,collector,17,no
15000087,0.0,4.281,minor arterial,346,no
15000429,0.0,1.1,collector,90,no
15000519,0.0,0.173,freeway,147,no
15000220,0.0,0.09,collector,3,no
15000400,0.0,0.994,collector,273,no
15000031,0.0,1.895,collector,383,no
15000488,0.0,0.181,collector,125,no
15000205,0.0,0.921,minor arterial,10,no
15000323,0.0,0.797,collector,182,no
15000462,0.0,0.395,principal arterial,100,no
15000100,0.0,2.588,principal arterial,398,no
15000436,0.0,0.39,collector,130,no
15000506,0.0,0.598,principal arterial,428,no
15000076,0.0,1.0,collector,355,no
15000314,0.0,1.263,collector,181,no
15000314,1.263,1.625,collector,48,no
15030101,0.0,0.125,principal arterial,13,no
15000032,0.0,0.501,collector,330,no
15000482,0.0,0.354,collector,495,no
15000075,0.0,2.4,collector,115,no
15000433,0.0,3.002,collector,152,no
15000191,0.0,0.175,principal arterial,18,no
15000464,0.0,0.386,principal arterial,45,no
15000098,0.0,0.389,minor arterial,30,no
15000292,0.0,0.854,collector,155,no
15000292,0.854,1.166,collector,233,no
15035004,0.0,0.5,freeway,83,no
15010302,0.0,0.323,principal arterial,36,no
15000413,0.0,1.029,collector,48,no
15000054,0.0,1.01,collector,145,no
15000497,0.0,0.387,minor arterial,252,no
15000485,0.0,0.505,minor arterial,309,no
15000091,0.0,2.172,collector,155,no
15000442,0.0,1.69,collector,152,no
15000508,0.0,0.511,collector,158,no
15010002,0.0,0.573,principal arterial,81,no
15000402,0.0,1.509,collector,174,no
15035017,0.0,0.32,freeway,91,no
15010004,0.0,1.652,principal arterial,21,no
15000190,0.0,0.195,freeway,18,no
15000304,0.0,0.747,collector,212,no
15000097,0.0,2.675,collector,452,no
15000281,0.0,1.192,collector,119,no
15000430,0.0,0.83,minor arterial,744,yes
15000411,0.2,0.807,collector,174,no
15000499,0.0,1.003,collector,91,no
15000325,0.0,0.188,freeway,11,no
15000481,0.0,1.01,principal arterial,352,no
15000119,0.0,4.618,collector,155,no
15000298,0.0,2.307,collector,445,no
15000439,0.0,0.598,collector,58,no
15000512,0.0,0.714,principal arterial,408,no
15000165,0.0,1.73,collector,37,no
15000302,0.0,1.058,collector,42,no
15000124,0.0,2.967,minor arterial,154,no
15000270,0.0,1.115,collector,106,no
15000066,0.0,4.047,collector,60,no
15000448,0.0,0.075,principal arterial,2,no
15000448,0.075,0.212,principal arterial,12,no
15003004,0.0,0.097,freeway,10,no
15035018,0.0,0.225,freeway,25,no
15000251,0.0,1.17,collector,228,no
15000334,0.0,0.38,collector,48,no
15000203,0.0,0.25,minor arterial,21,no
15000272,2.966,4.032,minor arterial,124,no
15035006,0.0,0.23,freeway,33,no
15000415,0.0,0.521,collector,79,no
15000051,0.0,2.098,collector,12,no
15000494,0.0,0.557,freeway,380,no
15030102,0.0,0.108,principal arterial,18,no
15000491,0.0,0.857,collector,155,no
15000255,0.0,2.067,collector,71,no
15000477,0.0,1.22,collector,210,no
15000125,0.0,1.416,collector,235,no
15000300,0.0,0.253,collector,11,no
15000431,0.0,0.221,collector,48,no
15003002,0.0,0.122,freeway,12,no
15000332,0.0,0.421,collector,284,no
15000493,0.0,0.552,principal arterial,454,no
15000217,0.0,0.653,collector,12,no
15000217,0.653,0.781,collector,10,no
15000020,0.0,1.928,minor arterial,245,no
15000290,0.0,0.559,collector,20,no
15000122,0.0,1.899,principal arterial,44,no
15000428,0.0,0.217,freeway,133,no
15000412,0.0,0.754,collector,142,no
15000022,0.0,0.933,collector,26,no
15000310,0.0,0.12,collector,8,no
15000277,0.0,0.696,collector,43,no
15000466,0.0,0.189,principal arterial,5,no
15000056,0.085,1.322,collector,203,no
15002001,0.0,0.078,freeway,17,no
15035024,0.0,0.047,principal arterial,39,no
15000219,0.0,0.507,collector,58,no
15000507,0.0,1.138,collector,22,no
15000406,0.0,1.026,collector,171,no
15000047,0.0,1.328,collector,70,no
15000474,0.0,1.31,principal arterial,71,no
15000057,0.252,0.428,collector,52,no
15002003,0.0,0.118,freeway,7,no
15010053,0.0,0.487,principal arterial,86,no
15000258,0.0,1.636,collector,23,no
15000340,0.0,1.224,collector,258,no
15000035,0.0,1.046,collector,213,no
15190037,0.0,0.223,freeway,33,no
15150013,0.0,0.1,freeway,13,no
15190000,0.5,2.555,collector,55,no
15190000,13.785,14.379,freeway,41,no
15110500,0.0,2.627,collector,88,no
15230000,0.0,0.606,principal arterial,13,no
15150701,0.0,0.329,collector,35,no
15150000,13.578,14.411,principal arterial,57,no
15150000,19.845,20.417,freeway,15,no
08000059,0.0,0.525,freeway,125,no
15190041,0.0,0.186,freeway,74,no
15120000,10.566,10.613,principal arterial,28,no
15506000,0.0,2.382,collector,128,no
15090001,0.0,0.13,principal arterial,28,no
15090001,0.13,0.218,principal arterial,10,no
15240050,0.0,0.276,freeway,48,no
15150304,0.0,0.029,principal arterial,25,no
08000023,0.0,0.656,collector,147,no
15190009,0.0,0.167,freeway,25,no
15070000,0.0,0.602,collector,58,no
15070000,0.602,1.028,minor arterial,76,no
15070000,1.028,1.283,minor arterial,18,no
15070000,1.283,1.782,minor arterial,19,no
15070000,2.797,3.34,minor arterial,15,no
15070000,3.34,4.136,principal arterial,22,no
15070000,6.153,7.37,principal arterial,178,no
15240000,0.66,1.56,freeway,116,no
15240000,3.33,3.376,principal arterial,1,no
15240000,3.376,5.76,principal arterial,121,no
15240000,5.76,5.883,freeway,89,no
15150106,0.0,0.043,freeway,24,no
15045000,0.0,0.606,principal arterial,101,no
15045000,1.402,1.697,principal arterial,51,no
08000061,0.0,0.457,principal arterial,334,no
15190053,0.0,0.207,freeway,41,no
15517000,2.082,3.551,principal arterial,16,no
15517000,3.551,4.332,principal arterial,43,no
08000009,11.546,12.464,minor arterial,557,yes
15501000,4.043,5.976,minor arterial,6,no
15150207,0.0,0.022,freeway,12,no
15050005,0.0,1.252,minor arterial,50,no
15050005,1.252,2.41,minor arterial,41,no
15050005,2.41,4.629,minor arterial,231,no
15050005,4.629,5.978,minor arterial,137,no
15200001,2.97,3.29,principal arterial,3,no
15200001,3.29,3.721,principal arterial,40,no
15150004,0.0,0.162,principal arterial,31,no
15540000,0.0,0.249,minor arterial,14,no
15200000,0.0,0.195,minor arterial,14,no
15200000,0.195,3.414,minor arterial,192,no
15200000,3.414,5.144,minor arterial,209,no
15200000,5.144,8.366,minor arterial,381,no
15200000,8.366,9.96,minor arterial,138,no
15150010,0.0,0.094,freeway,49,no
08000038,0.0,1.505,minor arterial,605,yes
15190027,0.0,0.153,freeway,19,no
15140501,3.646,4.016,principal arterial,90,no
15100000,0.0,0.111,collector,25,no
15100000,7.289,7.955,principal arterial,41,no
15100000,7.955,9.354,minor arterial,2,no
15150101,0.0,0.039,freeway,35,no
08000013,0.0,1.423,collector,358,no
08000013,3.193,4.6,principal arterial,391,no
08000013,4.6,5.81,collector,63,no
15190035,0.0,0.136,freeway,35,no
15241000,0.0,2.245,principal arterial,195,no
15150110,0.0,0.037,freeway,52,no
15241200,0.0,1.084,principal arterial,125,no
15090101,0.0,0.279,principal arterial,10,no
15090101,0.279,0.375,principal arterial,2,no
15090101,0.375,0.715,principal arterial,22,no
15090101,0.715,0.812,principal arterial,1,no
15060000,1.884,2.073,collector,90,no
15190026,0.0,0.137,freeway,26,no
08000020,0.0,0.936,collector,154,no
15061101,0.0,0.187,principal arterial,36,no
15240003,0.844,1.051,minor arterial,54,no
15150104,0.0,0.021,freeway,13,no
15050001,2.87,4.29,minor arterial,192,no
15190909,0.0,4.248,principal arterial,58,no
15900023,0.0,1.102,collector,153,no
15036001,0.0,0.467,collector,20,no
15190076,0.0,0.617,freeway,54,no
08000022,0.0,2.453,collector,528,yes
15180503,5.045,5.727,minor arterial,73,no
15242000,0.0,2.131,freeway,39,no
15150205,0.0,0.02,freeway,5,no
08000006,0.0,0.743,principal arterial,376,no
08000006,0.743,1.433,collector,493,no
15200002,0.0,1.327,minor arterial,1154,yes
15200002,1.327,1.523,minor arterial,1748,yes
08000054,0.0,0.404,principal arterial,287,no
15190074,0.0,0.443,freeway,55,no
15110000,0.0,0.509,principal arterial,36,no
15110000,0.509,1.536,principal arterial,24,no
15110000,1.536,1.775,principal arterial,10,no
08000036,2.469,6.107,collector,395,no
08000027,0.0,1.006,collector,226,no
15150029,0.0,0.217,freeway,21,no
15190908,0.0,2.172,freeway,31,no
15190036,0.0,0.232,freeway,91,no
15140000,2.191,3.878,principal arterial,35,no
15140000,3.878,6.752,principal arterial,628,yes
15190013,0.0,0.271,freeway,6,no
15150703,0.0,0.057,collector,15,no
15190065,0.0,0.22,freeway,26,no
15240049,0.0,0.531,freeway,84,no
15150201,0.0,0.058,principal arterial,9,no
15150014,0.0,0.092,freeway,23,no
08000056,0.0,0.25,collector,31,no
15190032,0.0,0.12,freeway,75,no
15242112,0.0,0.12,freeway,31,no
08000018,0.0,0.866,collector,26,no
15190011,0.0,0.189,freeway,60,no
15050003,0.0,0.247,collector,77,no
15050003,0.247,2.89,minor arterial,9,no
15150203,0.0,0.045,freeway,28,no
08000062,0.0,0.224,freeway,184,no
15190029,0.0,0.656,freeway,37,no
15150019,0.0,2.844,freeway,68,no
15150403,0.0,0.081,freeway,9,no
15150001,0.0,0.165,freeway,19,no
08000052,0.0,0.297,freeway,192,no
15190042,0.0,0.175,freeway,41,no
15150900,0.0,0.713,freeway,73,no
15150900,0.713,1.102,freeway,46,no
15241100,0.0,1.286,principal arterial,7,no
15150206,0.0,0.04,principal arterial,15,no
15550000,0.0,1.78,minor arterial,22,no
08000004,0.0,9.533,collector,623,yes
15150024,0.0,0.054,freeway,13,no
15200100,0.0,0.121,freeway,74,no
15190081,0.0,1.185,freeway,72,no
15150300,0.0,1.034,principal arterial,73,no
15150023,0.0,0.497,freeway,8,no
15036004,0.0,0.075,collector,144,no
15190072,0.0,0.164,freeway,67,no
15500000,0.251,2.9,collector,118,no
08000050,9.951,10.831,collector,103,no
15190031,0.0,0.259,freeway,46,no
08000011,0.0,1.639,collector,106,no
15240046,0.0,0.649,freeway,37,no
15190904,0.0,0.564,freeway,25,no
15190075,0.0,0.719,minor arterial,67,no
15080000,2.127,2.974,principal arterial,22,no
15240048,0.0,0.263,freeway,9,no
15190010,0.0,0.317,freeway,19,no
15050002,0.0,1.07,principal arterial,27,no
15050002,1.07,1.133,principal arterial,28,no
15190305,0.0,0.342,freeway,17,no
15150405,0.0,0.022,principal arterial,12,no
08000045,0.0,1.726,freeway,1047,yes
08000025,0.0,1.143,collector,204,no
15120002,0.0,0.267,principal arterial,4,no
15240002,0.0,0.817,freeway,132,no
15150302,0.0,0.029,principal arterial,41,no
15220000,0.197,1.225,principal arterial,158,no
15220000,1.726,1.959,collector,20,no
15190025,0.0,0.131,freeway,27,no
08000030,0.0,1.064,collector,442,no
15190016,0.0,0.181,freeway,80,no
08000039,0.0,0.452,freeway,126,no
15190080,0.0,0.469,freeway,27,no
08000026,0.0,0.722,collector,25,no
15150400,0.0,2.135,principal arterial,18,no
15190082,0.0,0.031,minor arterial,10,no
15150015,0.0,0.278,freeway,10,no
08000060,0.0,1.213,minor arterial,799,yes
15190077,0.0,0.055,minor arterial,74,no
15190077,0.055,0.283,freeway,35,no
15516000,0.0,1.854,minor arterial,75,no
15190008,0.0,0.158,freeway,62,no
15241003,0.0,0.083,collector,13,no
15150107,0.0,0.09,principal arterial,23,no
15240047,0.0,0.46,freeway,71,no
15150025,0.0,0.251,freeway,40,no
08000002,0.0,3.212,freeway,1641,yes
15190902,0.0,0.139,freeway,71,no
15590001,0.0,1.504,minor arterial,30,no
15190071,0.0,0.492,freeway,109,no
08000012,0.0,6.064,collector,578,yes
15190017,0.0,0.339,freeway,60,no
15150108,0.0,0.094,freeway,8,no
08000053,0.0,1.656,minor arterial,310,no
15190903,0.0,0.103,freeway,49,no
08000057,0.0,0.371,freeway,243,no
15190039,0.0,0.153,freeway,31,no
15070500,4.236,5.242,collector,65,no
15242111,0.0,0.102,freeway,12,no
15050004,0.0,1.747,minor arterial,8,no
15200003,0.0,0.418,collector,71,no
15150026,0.0,0.003,freeway,44,no
08000044,0.0,2.067,collector,505,yes
15190030,0.0,0.262,freeway,56,no
15240043,0.0,0.605,collector,24,no
15150401,0.0,0.049,freeway,26,no
15150202,0.0,0.078,principal arterial,65,no
15090010,0.0,0.312,freeway,220,no
15190906,0.0,0.24,freeway,74,no
15150011,0.0,0.086,freeway,14,no
08000058,0.0,0.557,freeway,149,no
15190073,0.0,0.138,freeway,57,no
15140503,0.0,0.608,principal arterial,65,no
15240001,0.0,0.639,freeway,93,no
15150032,0.063,1.396,freeway,48,no
15150003,0.0,0.209,principal arterial,25,no
08000051,0.0,0.259,collector,209,no
15190038,0.0,0.209,freeway,63,no
15190033,0.0,0.21,freeway,63,no
15511000,0.0,0.255,principal arterial,87,no
15511000,0.255,0.851,principal arterial,66,no
15511000,0.851,0.955,principal arterial,0,no
08000015,0.0,1.24,collector,19,no
15150030,0.0,0.123,freeway,21,no
15190306,0.0,0.895,freeway,20,no
08000041,0.0,5.035,collector,3259,yes
15190034,0.0,0.228,freeway,80,no
15190012,0.0,0.156,freeway,21,no
15190901,0.0,0.075,freeway,62,no
15100500,0.0,1.768,collector,274,no
15150031,0.0,2.403,freeway,91,no
15150002,0.0,0.2,freeway,72,no
08000055,0.0,0.509,principal arterial,411,no
15241002,0.0,0.15,freeway,39,no
15190024,0.0,0.173,freeway,17,no
15150028,0.0,0.086,freeway,4,no
08000063,0.0,0.073,collector,4,no
15190028,0.0,0.252,freeway,5,no
08470002,0.0,0.293,freeway,39,no
08050000,10.312,10.982,principal arterial,50,no
08050000,12.476,12.558,principal arterial,33,no
08050000,12.558,12.766,principal arterial,88,no
08010000,7.678,8.142,principal arterial,7,no
08010000,9.291,9.687,principal arterial,9,no
08010000,10.077,10.362,principal arterial,26,no
08010000,16.581,17.786,principal arterial,403,no
08010000,17.786,18.875,principal arterial,1626,yes
08470014,0.0,0.489,freeway,89,no
08051000,0.0,0.072,principal arterial,19,no
10000274,0.0,1.405,collector,104,no
10000274,1.405,1.573,collector,154,no
10190455,0.0,0.243,freeway,57,no
10340000,2.653,3.134,principal arterial,17,no
10340000,5.578,6.34,principal arterial,3,no
10340000,6.34,7.285,principal arterial,34,no
10340000,8.084,8.871,principal arterial,8,no
10340000,11.892,12.291,minor arterial,15,no
10290000,0.255,0.505,principal arterial,16,no
10190140,0.0,0.288,freeway,45,no
10190140,0.288,0.956,principal arterial,28,no
10190140,0.956,1.072,freeway,39,no
10250000,6.623,6.698,principal arterial,12,no
10250000,6.698,6.853,principal arterial,15,no
10250000,6.853,7.154,principal arterial,11,no
10250000,7.447,7.92,minor arterial,41,no
10250000,7.92,8.177,minor arterial,6,no
10250000,8.616,9.639,minor arterial,2,no
10000057,0.0,1.894,collector,140,no
10000057,1.894,2.338,minor arterial,72,no
10000057,2.338,2.403,minor arterial,48,no
10000057,2.403,2.414,minor arterial,20,no
10000057,2.414,2.531,minor arterial,6,no
10190127,0.0,0.29,freeway,85,no
10250101,0.013,0.495,minor arterial,66,no
10250101,0.495,0.784,principal arterial,8,no
10250101,0.784,1.092,collector,69,no
10250101,1.092,1.241,principal arterial,23,no
10000089,0.0,0.049,minor arterial,34,no
10000089,0.049,0.105,minor arterial,5,no
10000089,0.105,0.49,collector,88,no
10090000,0.0,3.777,freeway,83,no
10090000,3.99,4.117,minor arterial,65,no
10090000,5.113,5.638,minor arterial,55,no
10090000,14.61,14.767,principal arterial,29,no
10320159,0.0,0.158,principal arterial,18,no
10320000,0.472,0.708,freeway,38,no
10320000,1.441,2.452,freeway,45,no
10320000,7.526,8.814,freeway,8,no
10000084,0.0,1.469,freeway,343,no
10320145,0.0,0.193,freeway,85,no
10270113,0.0,1.359,collector,96,no
10160045,0.0,0.147,principal arterial,14,no
10000240,0.0,2.01,collector,116,no
10200000,1.847,2.204,principal arterial,65,no
10200000,2.204,3.249,principal arterial,128,no
10190099,0.0,0.253,principal arterial,13,no
10130000,3.748,4.259,principal arterial,60,no
10130000,6.796,7.767,principal arterial,121,no
10130000,7.767,8.521,principal arterial,20,no
08040500,0.184,3.132,collector,203,no
08040000,0.0,1.377,freeway,327,no
08040000,5.089,5.79,freeway,39,no
08040000,5.79,7.049,freeway,39,no
08040000,9.862,11.315,principal arterial,103,no
08150001,0.0,0.18,freeway,441,no
08150001,0.18,1.163,freeway,59,no
08120100,0.0,0.075,principal arterial,65,no
08002000,0.0,1.534,freeway,146,no
08002000,2.532,3.295,freeway,156,no
08002000,3.295,3.86,freeway,51,no
08590000,0.0,4.447,principal arterial,120,no
08500000,0.0,1.974,minor arterial,353,no
08500000,11.494,12.688,collector,70,no
08000070,0.0,0.186,principal arterial,474,no
08080000,0.0,0.33,principal arterial,6,no
08080000,0.33,0.892,principal arterial,159,no
08080000,0.892,1.932,principal arterial,62,no
08080000,1.932,4.466,principal arterial,481,no
08080000,4.466,5.977,principal arterial,412,no
08080000,5.977,8.121,principal arterial,220,no
08080000,11.98,12.875,freeway,145,no
08570000,0.0,0.743,collector,155,no
08470001,0.0,0.309,freeway,67,no
08600000,0.0,2.439,collector,422,no
08540000,0.0,1.659,minor arterial,274,no
08150003,0.0,0.175,freeway,97,no
08150003,0.175,0.36,freeway,45,no
08000068,0.0,0.186,collector,28,no
08000068,0.186,0.2,collector,88,no
08020000,6.445,7.259,freeway,67,no
08000064,0.0,0.095,collector,95,no
08470009,0.0,0.228,freeway,127,no
08150002,0.0,0.162,freeway,95,no
08150002,0.162,0.361,freeway,76,no
08470004,0.0,0.194,freeway,46,no
08504000,0.0,3.014,collector,104,no
08509000,0.0,1.633,freeway,401,no
08000066,0.0,0.373,freeway,333,no
08000067,0.0,0.166,collector,687,yes
08470003,0.0,0.179,freeway,58,no
08470015,0.0,0.482,freeway,14,no
08520500,0.0,0.602,collector,78,no
08150100,0.0,0.34,freeway,120,no
08150004,0.0,0.164,freeway,142,no
08150004,0.164,0.532,freeway,83,no
08000065,0.0,0.29,collector,530,yes
08470005,0.0,0.234,freeway,62,no
08470013,0.0,0.461,freeway,137,no
08501000,0.0,1.247,collector,135,no
08070100,0.0,0.306,freeway,220,no
08470010,0.0,0.265,freeway,79,no
08470007,0.0,0.318,freeway,53,no
08520001,0.0,0.786,collector,72,no
08000069,0.0,2.59,minor arterial,359,no
08120000,0.0,2.041,principal arterial,485,no
08502000,0.0,1.16,minor arterial,270,no
08470006,0.0,0.203,freeway,124,no
08470008,0.0,0.285,freeway,22,no
10503000,0.0,0.222,collector,22,no
10503000,0.222,0.33,minor arterial,10,no
10020101,0.0,0.788,principal arterial,184,no
10020101,1.822,2.497,principal arterial,6,no
10020101,2.497,2.818,collector,15,no
10020101,2.818,3.245,principal arterial,54,no
10650000,1.132,1.633,minor arterial,24,no
10060000,25.556,26.226,principal arterial,7,no
10060000,26.878,27.604,principal arterial,65,no
10002030,0.0,0.2,freeway,71,no
10010000,16.289,16.7,principal arterial,56,no
10010000,18.495,18.829,principal arterial,34,no
10010000,20.141,20.645,principal arterial,25,no
10010000,20.645,21.096,principal arterial,60,no
10010000,21.905,22.51,principal arterial,2,no
10010000,24.058,24.816,principal arterial,27,no
10030001,0.0,0.925,minor arterial,92,no
10470018,0.0,0.377,freeway,35,no
10513000,0.0,1.02,collector,36,no
10075007,0.0,0.425,freeway,17,no
10030000,19.174,19.468,principal arterial,22,no
10030000,19.468,19.637,principal arterial,53,no
10030000,19.637,20.276,principal arterial,114,no
10030000,20.276,20.376,principal arterial,9,no
10030000,21.014,21.501,principal arterial,20,no
10040000,0.11,0.216,principal arterial,7,no
10040000,0.216,0.71,principal arterial,11,no
10040000,0.71,0.837,principal arterial,22,no
10040000,1.149,1.423,principal arterial,31,no
10040000,1.423,2.155,principal arterial,11,no
10470030,0.0,0.18,freeway,64,no
10003000,0.0,0.488,minor arterial,43,no
10003000,0.488,0.611,principal arterial,31,no
10003000,0.611,2.609,collector,59,no
10003000,2.609,6.272,freeway,133,no
10003000,6.272,6.374,freeway,51,no
10003000,6.374,7.31,freeway,109,no
10003000,7.31,7.477,freeway,10,no
10003000,7.477,9.538,collector,11,no
10003000,9.538,10.065,principal arterial,22,no
10075326,0.0,0.364,freeway,15,no
10075324,0.0,1.214,freeway,24,no
10075324,2.727,3.092,freeway,25,no
10075362,0.0,1.134,collector,158,no
10075331,0.0,0.209,freeway,38,no
10075331,0.209,0.405,freeway,39,no
10470017,0.0,0.221,freeway,42,no
10075322,0.0,0.16,freeway,52,no
10075370,0.0,1.038,freeway,148,no
10504000,1.775,3.097,minor arterial,50,no
10005000,0.0,0.334,minor arterial,17,no
10005000,0.334,0.824,minor arterial,43,no
10005000,0.824,0.943,minor arterial,1,no
10005000,0.943,1.331,minor arterial,17,no
10005000,1.331,1.837,principal arterial,31,no
10075355,0.0,0.186,freeway,79,no
10470032,0.0,0.189,freeway,35,no
10531000,0.0,1.91,collector,397,no
10075064,0.0,0.014,freeway,40,no
10075064,0.014,0.306,freeway,97,no
10075381,0.0,0.311,minor arterial,77,no
10515000,2.025,4.733,collector,399,no
10002033,0.0,0.173,freeway,86,no
10470061,0.0,0.45,freeway,49,no
10002017,0.0,0.079,freeway,5,no
10075347,0.0,0.67,freeway,64,no
10020000,0.385,0.743,principal arterial,39,no
10020000,1.009,1.328,principal arterial,161,no
10020000,2.961,3.348,principal arterial,82,no
10020000,3.348,4.068,principal arterial,161,no
10075005,0.0,0.241,freeway,21,no
10002015,0.0,0.119,collector,42,no
10075344,0.0,0.534,freeway,50,no
10075344,0.534,1.266,freeway,182,no
10470903,0.0,4.468,freeway,247,no
10075327,0.0,0.44,freeway,9,no
10075056,0.0,0.521,freeway,23,no
10075366,0.0,0.783,freeway,59,no
10002022,0.0,0.238,freeway,16,no
10470028,0.0,0.148,freeway,60,no
10002039,0.0,0.086,freeway,37,no
10075335,0.0,0.376,freeway,90,no
10075335,0.376,0.749,freeway,105,no
10030103,0.0,0.794,freeway,5,no
10030103,0.794,1.745,principal arterial,26,no
10470019,0.0,0.154,freeway,12,no
10075357,0.0,0.25,freeway,21,no
10030101,0.0,0.642,principal arterial,148,no
10030101,0.642,0.752,principal arterial,5,no
10030101,0.752,1.531,collector,93,no
10030101,1.531,1.782,principal arterial,6,no
10470006,0.0,0.021,freeway,7,no
10004003,0.0,0.382,freeway,39,no
10075333,0.0,0.34,freeway,66,no
10075333,0.34,0.907,freeway,98,no
10075011,0.243,0.402,freeway,135,no
10075011,0.402,0.906,minor arterial,84,no
10075367,0.0,0.22,freeway,20,no
10002016,0.0,0.077,minor arterial,26,no
10075334,0.0,0.212,freeway,43,no
10470021,0.0,0.143,freeway,37,no
10523000,4.525,4.735,collector,147,no
10075316,0.0,0.693,freeway,101,no
10470022,0.0,0.202,freeway,49,no
10512000,0.0,3.993,collector,192,no
10640000,6.169,7.189,minor arterial,6,no
10470054,0.0,0.403,freeway,126,no
10075009,0.0,0.447,freeway,177,no
10472502,0.0,1.339,freeway,170,no
10075014,0.0,0.23,freeway,110,no
10470009,0.0,0.028,freeway,22,no
10003004,0.0,0.073,freeway,33,no
10075364,0.0,0.805,freeway,109,no
10472506,0.0,0.606,freeway,35,no
10070000,4.051,4.808,minor arterial,39,no
10070000,4.808,5.439,minor arterial,45,no
10070000,5.439,5.535,minor arterial,4,no
10470034,0.0,0.162,freeway,66,no
10075321,0.0,0.134,freeway,18,no
10075374,0.0,0.499,freeway,419,no
10002035,0.0,0.193,freeway,29,no
10075351,0.0,0.085,freeway,5,no
10470029,0.0,0.17,freeway,63,no
10030102,0.964,1.755,principal arterial,63,no
10003100,0.0,0.241,collector,13,no
10075336,0.0,0.757,freeway,52,no
10075336,0.757,0.819,freeway,42,no
10075004,0.0,0.3,freeway,13,no
10075358,0.0,0.365,freeway,66,no
10075358,0.365,0.386,minor arterial,22,no
10470033,0.0,0.255,minor arterial,48,no
10002020,0.0,0.124,freeway,13,no
10075372,0.0,0.306,collector,11,no
10002024,0.0,0.191,freeway,4,no
10470042,0.0,0.285,freeway,71,no
10075353,0.0,0.693,freeway,79,no
10004000,0.0,2.096,freeway,68,no
10075328,0.0,0.347,freeway,33,no
10075319,0.0,0.83,freeway,79,no
10470023,0.0,0.17,freeway,12,no
10470024,0.0,0.148,freeway,4,no
10470025,0.0,0.213,freeway,48,no
10075100,0.0,1.121,freeway,163,no
10472510,0.0,0.219,freeway,12,no
10610500,0.0,0.531,principal arterial,156,no
10471010,0.0,0.25,freeway,45,no
10075315,0.0,0.038,freeway,6,no
10075384,0.0,0.9,freeway,60,no
10501500,0.0,1.612,collector,23,no
10002038,0.0,0.09,freeway,24,no
10075382,0.0,0.225,collector,24,no
10075346,0.0,1.477,freeway,290,no
10470031,0.0,0.208,freeway,52,no
10075317,0.0,0.486,freeway,27,no
10075368,0.0,0.121,freeway,5,no
10589117,0.0,0.347,freeway,59,no
10002034,0.0,0.263,freeway,43,no
10470043,0.0,0.356,freeway,141,no
10075342,0.0,0.633,freeway,147,no
10470012,0.0,0.33,freeway,116,no
10470014,0.0,0.737,freeway,124,no
10075345,0.0,0.558,freeway,63,no
10471001,0.0,0.335,freeway,11,no
10075338,0.0,0.295,freeway,94,no
10075373,0.0,0.127,collector,19,no
10470041,0.0,0.224,freeway,90,no
10002042,0.0,0.671,freeway,93,no
10470026,0.0,0.135,freeway,56,no
10003003,0.0,0.112,freeway,20,no
10075359,0.0,0.39,freeway,181,no
10500000,0.0,1.019,collector,22,no
10060029,0.0,0.788,principal arterial,226,no
10075369,0.0,0.466,minor arterial,122,no
10002021,0.0,0.113,freeway,30,no
10470011,0.0,0.159,freeway,11,no
10470020,0.0,0.203,freeway,40,no
10075003,0.0,0.368,freeway,24,no
10002339,0.0,0.198,freeway,65,no
10470904,0.0,3.132,freeway,226,no
10004002,0.0,0.04,principal arterial,22,no
10004002,0.04,0.172,freeway,32,no
10470902,0.0,5.259,minor arterial,38,no
10470010,0.0,0.149,freeway,78,no
10075360,0.0,0.53,freeway,171,no
10075354,0.718,0.729,freeway,8,no
10470901,0.0,3.156,collector,102,no
10075070,0.0,0.694,minor arterial,135,no
10075380,0.0,0.126,freeway,23,no
10600000,0.0,4.219,collector,451,no
10075013,0.0,0.224,freeway,118,no
10472508,0.0,0.439,principal arterial,42,no
10002036,0.0,0.165,freeway,65,no
10002014,0.0,0.112,minor arterial,53,no
10075343,0.0,0.867,freeway,59,no
10470062,0.0,0.12,freeway,23,no
10075337,0.0,0.399,freeway,43,no
10002340,0.0,0.193,freeway,67,no
10075365,0.311,0.317,principal arterial,24,no
10470044,0.0,0.45,freeway,64,no
10002032,0.0,0.146,freeway,53,no
10002031,0.0,0.246,freeway,27,no
10470053,0.0,0.446,freeway,63,no
10002018,0.0,0.167,freeway,27,no
10470016,0.0,0.466,freeway,113,no
10520001,0.0,0.564,minor arterial,11,no
10470007,0.0,0.015,freeway,8,no
10004001,0.0,0.109,freeway,12,no
10075008,0.0,0.452,freeway,149,no
10002341,0.0,0.196,freeway,56,no
10075361,0.0,0.248,freeway,113,no
10075330,0.0,0.081,freeway,17,no
10470015,0.0,0.168,freeway,58,no
10075062,0.0,0.438,freeway,87,no
10003001,0.0,0.17,freeway,14,no
10075015,0.0,0.382,freeway,133,no
10472500,0.0,1.378,collector,37,no
10075065,0.0,0.409,freeway,154,no
10470013,0.0,0.228,freeway,91,no
10075320,0.0,0.144,freeway,8,no
10472505,0.0,0.87,freeway,118,no
10075006,0.0,0.4,freeway,91,no
10002013,0.0,0.097,freeway,20,no
10002019,0.0,0.14,freeway,33,no
10075348,0.0,0.5,freeway,34,no
10470052,0.0,0.176,freeway,25,no
10471000,0.0,0.115,freeway,50,no
10471000,0.115,3.021,minor arterial,164,no
10003002,0.0,0.113,freeway,29,no
10075002,0.0,0.491,freeway,114,no
10075350,0.0,0.499,freeway,183,no
10470008,0.0,0.2,freeway,51,no
10075012,0.0,0.45,freeway,138,no
10075371,0.0,0.19,collector,15,no
10075383,0.0,0.218,freeway,38,no
10589116,0.0,0.33,freeway,15,no
10002023,0.0,0.249,freeway,13,no
10470051,0.0,0.291,freeway,48,no
10002041,0.0,0.019,freeway,4,no
10075349,0.0,0.504,freeway,46,no
10470027,0.0,0.233,freeway,32,no
10003005,0.0,0.005,freeway,10,no
10000107,0.0,0.957,collector,21,no
10110000,6.314,6.516,principal arterial,27,no
10110000,6.516,7.08,freeway,12,no
10310000,2.998,3.32,principal arterial,8,no
10310000,4.339,4.593,principal arterial,2,no
10310000,4.593,4.847,principal arterial,30,no
10310000,5.461,5.858,principal arterial,62,no
10250001,0.0,0.203,principal arterial,42,no
10000063,1.18,1.745,minor arterial,15,no
10000063,1.745,1.983,minor arterial,64,no
10080000,0.0,0.358,minor arterial,5,no
10080000,0.358,0.983,minor arterial,93,no
10080000,2.622,3.254,principal arterial,7,no
10080000,3.254,3.526,principal arterial,16,no
10080000,3.526,3.632,principal arterial,23,no
10080000,3.632,3.86,principal arterial,12,no
10080000,3.86,3.907,principal arterial,6,no
10080000,3.907,3.995,principal arterial,9,no
10080000,3.995,4.199,principal arterial,9,no
10080000,4.199,4.569,principal arterial,6,no
10080000,4.569,4.613,principal arterial,2,no
10320162,0.0,0.109,freeway,52,no
10190000,2.613,3.257,freeway,27,no
10190000,4.339,5.117,freeway,73,no
10190000,5.117,6.6,freeway,35,no
10190000,6.6,6.85,freeway,26,no
10190000,7.671,8.435,freeway,27,no
10190000,28.673,29.866,freeway,329,no
10140114,0.0,0.056,freeway,9,no
10000045,0.319,0.605,collector,21,no
10000045,0.633,1.126,collector,31,no
10160048,0.0,0.152,principal arterial,32,no
10000225,0.0,3.186,collector,166,no
10200001,0.0,0.17,principal arterial,37,no
10120000,17.792,22.757,minor arterial,1402,yes
10120000,22.757,23.381,minor arterial,2039,yes
10470000,0.741,1.094,freeway,64,no
10470000,7.783,8.694,freeway,57,no
10470000,8.694,10.612,freeway,104,no
10470000,10.612,12.37,freeway,187,no
10470000,12.37,12.82,freeway,130,no
10000094,0.0,0.329,collector,41,no
10190193,0.0,0.278,principal arterial,34,no
10000085,0.0,0.117,minor arterial,77,no
10000085,0.117,0.445,principal arterial,1,no
10320161,0.0,0.126,freeway,53,no
10270122,0.0,0.141,freeway,51,no
10000193,0.0,0.03,collector,30,no
10000193,0.03,0.245,collector,72,no
10000193,0.245,0.621,collector,4,no
10000175,0.0,0.058,collector,3,no
10000175,0.058,0.381,collector,20,no
10140117,0.0,0.383,freeway,42,no
10000055,0.0,0.18,minor arterial,101,no
10160050,0.0,0.171,principal arterial,20,no
10190090,0.0,0.183,freeway,32,no
10000350,0.0,1.092,minor arterial,21,no
10190503,0.0,0.142,freeway,5,no
10190087,0.0,0.262,freeway,72,no
10330000,1.901,2.135,principal arterial,9,no
10000199,0.0,0.505,freeway,522,yes
10000199,0.505,1.043,collector,235,no
10000199,1.53,1.722,minor arterial,94,no
10000136,0.0,0.908,minor arterial,95,no
10000136,0.908,1.712,collector,25,no
10000136,1.712,2.2,collector,117,no
10140105,0.554,0.748,freeway,30,no
10000030,0.0,5.522,collector,38,no
10270006,0.167,0.275,principal arterial,3,no
10140000,5.012,5.3,freeway,14,no
10140000,5.3,5.379,freeway,52,no
10140000,5.379,6.007,freeway,8,no
10000088,0.0,2.006,collector,887,yes
10270000,1.363,1.608,principal arterial,16,no
10270000,2.234,2.748,principal arterial,10,no
10000099,0.0,0.08,minor arterial,13,no
10000099,0.08,0.517,minor arterial,6,no
10000099,0.517,0.548,collector,41,no
10000099,0.548,0.574,collector,21,no
10190446,0.0,0.471,freeway,16,no
10360000,0.282,0.501,principal arterial,4,no
10190114,0.0,0.273,freeway,56,no
10000201,0.0,0.758,collector,45,no
10000178,0.0,0.124,collector,24,no
10240501,0.0,0.214,collector,3,no
10000080,0.0,1.494,principal arterial,112,no
10190119,0.0,0.385,minor arterial,114,no
10320164,0.0,0.131,principal arterial,82,no
10000169,0.0,0.23,principal arterial,25,no
10000114,0.0,0.383,principal arterial,30,no
10150000,0.0,1.84,principal arterial,40,no
10150000,12.345,12.657,principal arterial,18,no
10150000,12.657,12.85,freeway,9,no
10000021,0.0,1.36,minor arterial,191,no
10000021,1.36,2.063,minor arterial,256,no
10190456,0.0,0.364,freeway,102,no
10130042,0.0,0.142,principal arterial,5,no
10320143,0.0,0.235,freeway,10,no
10000209,0.0,6.139,collector,3,no
10000098,0.0,0.055,minor arterial,41,no
10000098,0.055,0.391,principal arterial,35,no
10190400,0.0,1.382,freeway,294,no
10320154,0.0,0.111,freeway,24,no
10190016,0.0,0.187,freeway,9,no
10000203,0.0,0.364,collector,14,no
10000176,0.0,0.489,collector,43,no
10000176,0.489,1.057,collector,30,no
10000176,1.057,2.802,collector,190,no
10000060,0.0,2.574,collector,181,no
10190118,0.0,0.245,collector,91,no
10270112,0.0,0.208,freeway,5,no
10270112,0.208,0.444,freeway,19,no
10000158,0.0,1.008,collector,97,no
10140119,0.0,0.165,freeway,29,no
10000050,0.0,0.705,collector,128,no
10000050,0.809,5.549,collector,205,no
10190068,0.071,0.331,freeway,25,no
10000300,0.0,0.48,freeway,17,no
10190600,0.0,0.305,freeway,54,no
10190600,0.305,0.539,minor arterial,98,no
10190088,0.0,0.172,freeway,25,no
10320183,0.0,0.163,freeway,28,no
10090100,0.0,0.674,freeway,115,no
10320156,0.0,0.163,freeway,54,no
10190011,0.0,0.033,freeway,6,no
10270111,0.0,0.538,freeway,54,no
10000132,3.163,3.87,collector,73,no
10000044,0.0,2.264,collector,141,no
10000247,0.0,2.493,collector,54,no
10000079,0.0,1.018,collector,71,no
10000039,0.0,3.832,collector,433,no
10000156,0.0,1.095,collector,80,no
10000118,0.0,2.0,collector,46,no
10190067,0.0,0.154,freeway,44,no
10160000,6.167,6.818,collector,33,no
10160000,11.628,12.767,freeway,99,no
10320157,0.0,0.106,freeway,55,no
10270124,0.0,0.102,freeway,34,no
10270124,0.102,0.207,freeway,74,no
10000140,0.0,0.546,collector,95,no
10140112,0.0,0.097,freeway,12,no
10000251,0.0,1.519,collector,53,no
10200100,0.0,0.165,principal arterial,54,no
10190089,0.0,0.208,freeway,55,no
10000093,0.0,0.602,collector,28,no
10190018,0.0,0.339,freeway,19,no
10000074,0.0,0.529,collector,386,no
10000083,0.0,0.093,collector,23,no
10190104,0.0,0.187,freeway,36,no
10080002,0.0,0.071,principal arterial,7,no
10320144,0.0,0.198,freeway,10,no
10000170,0.0,1.055,collector,99,no
10140103,0.0,0.233,freeway,17,no
10140103,0.233,0.52,freeway,15,no
10000049,0.0,0.602,collector,115,no
10000227,0.0,3.923,collector,173,no
10190056,0.0,0.092,freeway,32,no
10320141,0.0,0.524,freeway,35,no
10000096,0.0,0.147,minor arterial,126,no
10000096,0.147,1.58,collector,28,no
10190126,0.0,0.281,freeway,85,no
10260000,5.868,5.947,principal arterial,11,no
10000095,0.0,0.335,collector,37,no
10190175,0.0,0.18,freeway,14,no
10350000,0.0,0.28,minor arterial,21,no
10350000,0.28,0.499,freeway,4,no
10000215,0.0,2.024,collector,297,no
10000182,0.0,0.3,collector,65,no
10000070,2.034,2.843,minor arterial,14,no
10190109,0.0,0.225,freeway,26,no
10000167,0.0,0.77,collector,192,no
10160047,0.0,0.173,principal arterial,61,no
10320163,0.0,0.117,freeway,42,no
10000189,0.0,0.401,collector,107,no
10000151,0.0,0.487,collector,38,no
10140100,0.0,0.11,freeway,58,no
10000053,0.0,0.92,minor arterial,881,yes
10190453,0.0,0.458,principal arterial,10,no
10190086,0.0,0.333,principal arterial,116,no
10190021,0.0,0.226,freeway,26,no
10190143,0.0,0.268,freeway,10,no
10320148,0.0,0.184,freeway,39,no
10190009,0.0,0.99,freeway,61,no
10000206,0.0,0.195,collector,87,no
10000077,0.0,0.05,collector,6,no
10000077,0.05,2.017,collector,3,no
10000029,0.0,1.904,collector,481,no
10270008,0.0,0.311,principal arterial,11,no
10000186,0.0,2.288,collector,271,no
10000131,0.0,0.731,collector,113,no
10180000,0.0,0.047,minor arterial,8,no
10180000,0.082,0.376,minor arterial,60,no
10270003,0.0,0.179,freeway,29,no
10270003,0.179,1.698,freeway,75,no
10190502,0.0,0.276,freeway,11,no
10190137,0.0,0.212,freeway,30,no
10000064,0.402,1.5,principal arterial,9,no
10000275,0.0,1.62,collector,26,no
10190051,0.0,0.183,freeway,71,no
10260100,0.0,0.301,collector,44,no
10190447,0.0,0.203,freeway,28,no
10190085,0.0,0.139,freeway,37,no
10090200,0.0,0.296,principal arterial,79,no
10320172,0.0,0.075,freeway,11,no
10270128,0.154,0.264,freeway,50,no
10000181,0.0,0.102,minor arterial,19,no
10140104,0.0,0.097,freeway,54,no
10000025,0.0,1.015,collector,47,no
10000192,0.0,0.268,minor arterial,44,no
10000115,0.0,1.322,collector,35,no
10470005,0.0,0.167,freeway,25,no
10190072,0.0,0.156,freeway,23,no
10190103,0.0,0.207,freeway,7,no
10320150,0.0,0.169,freeway,39,no
10190004,0.0,0.166,freeway,28,no
10000139,0.0,1.18,collector,169,no
10140106,0.0,0.177,freeway,36,no
10140106,0.177,0.369,freeway,8,no
10140106,0.369,0.911,freeway,72,no
10000056,0.0,0.189,collector,8,no
10000032,0.0,1.9,collector,498,no
10190008,0.0,0.51,freeway,34,no
10270125,0.0,0.057,freeway,24,no
10000184,0.0,3.063,collector,634,yes
10140126,0.0,0.284,freeway,54,no
10000034,0.0,1.169,minor arterial,58,no
10000230,0.0,3.837,collector,198,no
10190504,0.0,0.428,freeway,42,no
10320166,0.0,0.157,freeway,33,no
10270123,0.0,0.208,freeway,31,no
10000187,0.0,1.012,collector,31,no
10000134,0.0,4.025,minor arterial,98,no
10140118,0.0,0.086,freeway,31,no
10000046,0.0,0.737,collector,387,no
10000046,0.78,1.28,collector,186,no
10160046,0.0,0.12,principal arterial,8,no
10000352,0.0,1.12,collector,165,no
10190505,0.0,0.446,freeway,93,no
10190094,0.0,0.33,principal arterial,33,no
10000239,0.0,1.136,collector,17,no
10190449,0.0,0.367,freeway,50,no
10190115,0.0,0.191,freeway,41,no
10270120,0.0,0.235,freeway,17,no
10000116,0.0,1.004,collector,59,no
10190095,0.0,0.184,principal arterial,20,no
10000246,0.0,1.522,collector,61,no
10080101,0.0,0.131,freeway,23,no
10080101,0.131,0.218,principal arterial,6,no
10080101,0.218,0.439,principal arterial,44,no
10080101,0.439,0.607,principal arterial,4,no
10000200,0.0,0.509,collector,24,no
10190111,0.0,0.254,freeway,29,no
10000159,0.0,0.816,minor arterial,29,no
10190019,0.0,0.406,freeway,87,no
10290001,0.0,0.11,principal arterial,75,no
10000202,0.0,0.111,minor arterial,81,no
10270114,0.529,0.805,freeway,31,no
10000135,0.0,0.758,collector,183,no
10000135,0.868,2.6,collector,176,no
10140116,0.0,0.268,freeway,88,no
10000301,0.0,1.296,collector,302,no
10190098,0.0,0.18,principal arterial,19,no
10000104,0.0,1.454,minor arterial,425,no
10190133,0.0,0.298,freeway,116,no
10000086,0.0,1.379,collector,220,no
10190300,0.0,1.443,collector,377,no
10320142,0.0,0.192,principal arterial,61,no
10190012,0.0,0.055,freeway,14,no
10000040,0.466,3.059,collector,18,no
10000261,0.0,1.593,collector,409,no
10190070,0.0,0.098,freeway,28,no
10000124,0.0,2.937,collector,78,no
10000244,0.0,2.261,freeway,162,no
10190145,0.0,0.266,freeway,31,no
10000073,0.0,0.572,collector,34,no
10270115,0.0,0.143,freeway,45,no
10000143,0.0,2.032,collector,432,no
10140113,0.0,0.063,freeway,9,no
10000043,0.0,4.054,collector,11,no
10160044,0.0,0.161,principal arterial,17,no
10190458,0.0,0.328,freeway,50,no
10130041,0.0,0.156,principal arterial,10,no
10190135,0.0,0.172,freeway,21,no
10190444,0.0,0.08,principal arterial,6,no
10000166,0.0,0.103,collector,217,no
10000166,0.15,0.397,collector,336,no
10000166,0.418,1.751,collector,151,no
10320167,0.0,0.114,freeway,7,no
10000051,0.0,1.657,collector,60,no
10000038,0.0,1.52,collector,383,no
10270004,0.0,0.615,freeway,101,no
10000255,0.0,1.004,minor arterial,11,no
10190093,0.0,0.522,principal arterial,44,no
10130043,0.0,0.173,principal arterial,46,no
10000097,0.0,0.336,collector,40,no
10000097,0.336,0.618,collector,71,no
10190445,0.0,0.525,freeway,24,no
10320184,0.0,0.285,freeway,37,no
10190113,0.0,0.273,freeway,75,no
10320160,0.0,0.136,principal arterial,29,no
10270119,0.0,0.131,freeway,22,no
10000168,0.0,0.523,collector,11,no
10000130,0.0,1.025,collector,45,no
10000252,0.0,0.562,collector,56,no
10130111,0.0,0.343,freeway,18,no
10190139,0.0,0.158,principal arterial,40,no
10000249,0.0,0.446,principal arterial,80,no
10190457,0.0,0.307,freeway,8,no
10190096,0.0,0.183,principal arterial,14,no
10160049,0.0,0.194,principal arterial,8,no
10190454,0.0,0.21,freeway,37,no
10000105,0.0,0.501,collector,56,no
10190023,0.0,0.271,freeway,26,no
10190152,0.0,0.39,freeway,6,no
10000214,0.502,1.263,collector,40,no
10000081,0.0,0.508,collector,20,no
10000278,0.0,1.507,collector,98,no
10190507,0.0,0.048,freeway,8,no
10190092,0.0,0.255,freeway,48,no
10000075,0.0,0.554,collector,4,no
10000075,0.554,1.515,collector,55,no
10000075,1.515,2.776,collector,316,no
10320170,0.0,0.11,freeway,51,no
10190010,0.0,0.243,freeway,66,no
10270126,0.0,0.137,freeway,46,no
10140128,0.0,0.653,freeway,34,no
10190448,0.0,0.191,freeway,51,no
10190071,0.312,0.575,freeway,22,no
10190071,0.575,0.697,freeway,32,no
10320146,0.0,0.167,minor arterial,28,no
10190015,0.0,0.524,freeway,53,no
10270129,0.0,0.573,freeway,84,no
10140115,0.0,0.088,freeway,7,no
10000120,0.0,0.103,collector,2,no
10190132,0.0,0.346,freeway,29,no
10190110,0.0,0.215,freeway,88,no
10320153,0.0,0.153,freeway,83,no
10000241,0.0,0.492,collector,120,no
10130112,0.0,0.282,freeway,29,no
10000091,0.0,1.535,collector,642,yes
10190138,0.0,0.404,principal arterial,39,no
10190380,0.0,0.321,collector,73,no
10320185,0.0,0.155,freeway,17,no
10190022,0.0,0.281,freeway,7,no
10190105,0.0,0.211,freeway,22,no
10320152,0.0,0.144,freeway,25,no
10190150,0.0,0.295,freeway,9,no
10000092,0.0,1.668,collector,127,no
10320168,0.0,0.106,freeway,51,no
10190020,0.0,0.472,freeway,13,no
10000204,0.0,0.093,collector,2,no
10320186,0.0,0.27,freeway,44,no
10190017,0.0,0.318,freeway,14,no
10190120,0.0,0.345,freeway,80,no
10240500,0.0,2.236,collector,177,no
10000071,0.0,3.863,collector,445,no
10190121,0.0,0.234,freeway,66,no
10320151,0.0,0.175,freeway,21,no
10000152,0.0,1.517,collector,9,no
10000128,0.0,0.504,freeway,1,no
10000052,0.0,2.78,minor arterial,447,no
10190506,0.0,0.16,principal arterial,26,no
10190097,0.0,0.23,principal arterial,26,no
10190141,0.0,0.507,freeway,85,no
10190154,0.0,0.322,freeway,11,no
10320182,0.0,0.707,freeway,47,no
10190112,0.0,0.255,freeway,105,no
10190452,0.0,0.327,freeway,14,no
10000113,0.0,0.82,minor arterial,24,no
10190025,0.0,0.194,freeway,22,no
10190379,0.0,0.293,freeway,95,no
10320171,0.0,0.081,freeway,17,no
10270127,0.0,0.022,freeway,3,no
10000023,0.0,1.14,collector,356,no
10190451,0.0,0.313,freeway,30,no
10000103,0.0,3.871,collector,317,no
10470004,0.0,0.203,freeway,95,no
10180101,0.0,0.11,minor arterial,19,no
10190183,0.0,0.188,freeway,5,no
10190136,0.0,0.209,freeway,18,no
10190108,0.0,0.219,freeway,40,no
10320149,0.0,0.177,freeway,48,no
10000775,0.0,0.276,collector,187,no
10000551,0.0,0.363,principal arterial,23,no
10000551,0.363,0.591,principal arterial,172,no
10000747,0.0,0.262,collector,20,no
10002000,0.302,1.5,freeway,63,no
10002000,2.123,4.157,freeway,128,no
10002000,4.157,4.91,freeway,54,no
10002000,4.91,5.111,collector,11,no
10002000,5.5,5.8,principal arterial,51,no
10002000,5.8,6.98,principal arterial,103,no
10002000,6.98,7.115,freeway,1,no
10002000,7.115,8.209,freeway,27,no
10002000,8.209,9.13,freeway,35,no
10002000,13.776,14.217,freeway,71,no
10000645,9.715,11.18,minor arterial,87,no
10000645,11.777,13.183,minor arterial,434,no
10000550,0.0,0.277,collector,10,no
10000550,0.277,0.331,collector,15,no
10000550,0.331,0.69,collector,31,no
10000739,0.0,0.471,minor arterial,395,no
10002004,0.0,0.117,freeway,45,no
10000723,0.0,1.246,collector,216,no
10000778,0.0,0.252,minor arterial,116,no
10000620,0.0,0.695,collector,407,no
10000701,0.0,0.519,collector,25,no
10000605,0.0,0.903,minor arterial,97,no
10000742,0.0,1.512,collector,24,no
10000367,0.0,0.073,collector,16,no
10002012,0.0,0.077,freeway,3,no
10000722,0.0,1.268,minor arterial,435,no
10000633,0.0,0.146,minor arterial,4,no
10000774,0.0,0.17,collector,177,no
10000643,0.0,0.152,collector,10,no
10000643,0.152,0.304,collector,7,no
10000740,0.0,0.61,principal arterial,403,no
10000364,0.0,0.587,minor arterial,29,no
10000364,0.587,0.89,collector,29,no
10000364,0.89,1.027,minor arterial,22,no
10000642,0.0,2.583,collector,209,no
10000552,0.0,0.088,collector,20,no
10000552,0.088,0.178,principal arterial,10,no
10000763,0.0,0.883,collector,34,no
10000702,0.0,0.519,collector,268,no
10000615,0.0,0.193,minor arterial,18,no
10000006,0.0,0.348,collector,228,no
10000006,0.348,1.455,minor arterial,76,no
10000006,2.502,6.216,minor arterial,202,no
10002002,0.0,0.18,freeway,15,no
10000710,0.0,0.422,minor arterial,178,no
10000616,0.0,0.274,minor arterial,28,no
10000616,0.274,2.212,collector,77,no
10000767,0.0,0.346,collector,29,no
10000755,0.0,2.617,minor arterial,227,no
10000732,0.0,2.757,collector,166,no
10000374,0.0,0.811,collector,43,no
10000772,0.0,1.005,collector,343,no
10000716,0.0,1.918,collector,4,no
10000630,0.0,0.372,minor arterial,3,no
10000630,0.372,1.027,minor arterial,4,no
10000504,8.863,8.911,minor arterial,21,no
10000748,0.0,1.419,collector,187,no
10000628,0.0,0.355,collector,38,no
10000705,0.0,1.77,minor arterial,154,no
10000703,0.0,0.908,collector,471,no
10000611,1.863,1.974,minor arterial,8,no
10000611,1.974,2.144,minor arterial,17,no
10000611,2.144,2.173,minor arterial,4,no
10000611,2.173,2.874,minor arterial,24,no
10000731,0.0,1.009,collector,406,no
10000613,0.0,0.137,collector,4,no
10000613,0.137,0.747,collector,24,no
10000791,0.0,0.052,minor arterial,87,no
10000606,0.0,3.447,collector,121,no
10000373,0.0,0.068,freeway,13,no
10000373,0.068,0.525,minor arterial,30,no
10000373,0.525,0.83,minor arterial,32,no
10000708,0.0,0.343,minor arterial,194,no
10000711,0.0,0.235,principal arterial,173,no
10000789,0.0,0.239,principal arterial,204,no
10000638,0.0,0.257,freeway,13,no
10000602,0.089,0.72,collector,40,no
10000707,0.0,0.573,collector,270,no
10000790,0.0,0.84,collector,68,no
10000608,0.0,0.062,minor arterial,40,no
10000608,0.062,0.526,minor arterial,224,no
10000612,0.0,0.06,principal arterial,168,no
10000612,0.06,0.228,collector,4,no
10000777,0.0,0.033,principal arterial,105,no
10000759,0.0,2.52,collector,288,no
10000737,0.0,1.353,collector,133,no
10000784,0.0,0.198,collector,357,no
10000378,0.0,0.403,collector,134,no
10000750,0.0,1.544,collector,175,no
10000730,0.0,1.687,collector,199,no
10000610,0.0,0.055,collector,181,no
10000610,0.055,0.909,principal arterial,60,no
10000764,0.0,0.631,collector,30,no
10000746,0.0,0.26,collector,22,no
10002008,0.0,0.152,freeway,20,no
10000724,0.0,0.275,freeway,70,no
10000622,0.0,2.387,collector,397,no
10000781,0.0,0.5,collector,1509,yes
10000714,0.0,0.193,minor arterial,3,no
10000400,0.0,1.038,collector,239,no
10000400,1.038,3.064,minor arterial,167,no
10000400,3.064,3.574,minor arterial,333,no
10000706,0.0,0.604,collector,199,no
10000782,0.0,0.562,principal arterial,430,no
10000375,0.0,2.23,collector,67,no
10000741,0.0,0.817,collector,405,no
10000372,0.0,1.007,collector,30,no
10000718,0.0,0.756,collector,190,no
10000621,0.0,1.288,collector,21,no
10000795,0.0,0.256,minor arterial,206,no
10000637,0.0,0.253,freeway,37,no
10000756,0.0,1.507,collector,50,no
10002005,0.0,0.11,freeway,47,no
10000717,0.0,0.506,collector,46,no
10000753,0.0,0.529,collector,8,no
10002010,0.0,0.143,freeway,6,no
10000720,0.0,1.12,collector,151,no
10000757,0.0,0.72,collector,60,no
10000734,0.0,0.685,collector,189,no
10000736,0.0,0.42,freeway,344,no
10002011,0.0,0.127,freeway,22,no
10000726,0.0,0.26,collector,401,no
10000733,0.0,0.929,collector,124,no
10002007,0.0,0.095,freeway,38,no
10000769,0.0,3.093,collector,321,no
10000715,0.0,2.27,minor arterial,328,no
10000765,0.0,0.35,collector,20,no
10000641,0.0,0.089,minor arterial,77,no
10000369,0.0,0.164,collector,39,no
10000792,0.0,0.772,principal arterial,437,no
10000554,0.0,0.372,principal arterial,194,no
10000601,0.0,1.061,minor arterial,105,no
10000727,0.0,1.035,minor arterial,632,yes
10000788,0.0,0.279,collector,58,no
10000749,0.0,0.378,minor arterial,239,no
10000729,0.0,0.779,collector,37,no
10000771,0.0,0.469,collector,41,no
10000773,0.0,0.518,principal arterial,309,no
10000719,0.0,0.186,principal arterial,200,no
10002009,0.0,0.142,freeway,48,no
10000725,0.0,1.508,minor arterial,673,yes
10000785,0.0,0.383,principal arterial,327,no
10000603,0.0,4.229,minor arterial,28,no
10000751,0.0,2.135,collector,282,no
10002003,0.0,0.23,freeway,18,no
10000709,0.0,0.604,collector,38,no
10000776,0.0,0.509,collector,221,no
10000728,0.0,0.083,minor arterial,24,no
10000704,0.0,0.582,minor arterial,198,no
10000371,0.0,2.318,minor arterial,129,no
10002006,0.0,0.223,freeway,64,no
10000721,0.0,0.54,collector,127,no
10000625,0.0,0.086,collector,9,no
10000752,0.0,0.23,minor arterial,314,no
10000738,0.0,0.625,collector,896,yes
10000713,0.0,1.522,collector,324,no
10000012,0.0,2.99,collector,666,yes
10000001,0.0,3.0,collector,595,yes
10000015,0.0,0.493,collector,283,no
10000008,0.0,1.736,collector,58,no
10000003,0.0,1.939,collector,473,no
10900007,0.0,1.711,collector,131,no
10740000,0.0,1.0,collector,367,no
10740000,1.0,3.323,collector,226,no
10720000,0.0,1.575,principal arterial,27,no
10810000,0.0,0.984,collector,90,no
10760000,0.0,4.437,minor arterial,122,no
10900004,0.0,0.753,collector,105,no
10820000,0.0,1.561,minor arterial,79,no
10710000,0.0,1.753,collector,171,no
10760500,0.0,1.959,collector,388,no
10900001,0.0,0.701,collector,193,no
10700000,0.0,4.522,minor arterial,347,no
10740500,0.0,3.419,collector,325,no
10821500,0.0,0.452,minor arterial,258,no
10900029,0.0,0.381,collector,242,no
10900005,0.0,1.711,minor arterial,33,no
10740001,0.0,0.809,principal arterial,18,no
10730000,0.0,10.774,minor arterial,1555,yes
14000026,0.92,1.791,freeway,360,no
14000001,0.0,3.575,collector,2620,yes
14000034,0.0,0.789,principal arterial,96,no
14000034,0.789,1.107,collector,54,no
14000034,1.107,1.27,principal arterial,127,no
14000015,0.274,2.092,collector,930,yes
14000024,0.0,4.075,collector,222,no
14000005,0.0,2.756,collector,209,no
14000008,0.0,1.022,collector,132,no
14000023,0.0,0.325,collector,62,no
14000023,1.426,2.217,principal arterial,272,no
14000023,2.217,2.848,collector,99,no
14000032,0.0,1.235,collector,113,no
14000032,1.235,1.273,collector,5,no
14000039,1.185,1.388,collector,116,no
14000003,0.0,1.004,collector,23,no
14000012,0.0,5.808,collector,459,no
14000036,0.0,0.133,minor arterial,209,no
14000036,0.133,0.793,collector,91,no
14000019,0.0,0.925,collector,258,no
14000019,0.925,1.985,collector,182,no
14000040,0.0,0.317,collector,356,no
14000040,0.317,1.283,collector,194,no
14000022,1.215,1.312,minor arterial,11,no
14000022,1.312,1.351,minor arterial,89,no
14000006,0.0,0.186,collector,9,no
14000011,0.0,0.977,collector,275,no
14000014,0.0,1.28,collector,478,no
14000037,1.472,1.551,minor arterial,409,no
14000037,1.551,1.763,minor arterial,173,no
