roadway,county,begin_post,end_post,length_mi,aadt,description,ksi_observed,ksi_spf,eb_weight,ksi_eb,vmt_period,r_per_pmt
14000117,Pasco,1.969,2.078,0.109,2050,OTIS ALLEN RD,4,0.074,0.9176,0.397,562759,1.424373
10000213,Hillsborough,0.0,4.048,4.048,350,ALAFIA BLVD,22,0.770,0.6541,8.113,3568211,4.288165
10140100,Hillsborough,0.11,0.64,0.53,700,N/A,0,0.114,0.8974,0.102,934364,0.180457
14000068,Pasco,0.0,0.513,0.513,800,AUTUMN PALM DR,0,0.187,0.8859,0.166,1033592,0.264592
10270121,Hillsborough,0.0,0.185,0.185,2400,N SIDE OF BR 100683,0,0.110,0.9003,0.099,1118214,0.146506
10825000,Hillsborough,0.0,6.052,6.052,300,DEAD END,26,1.230,0.4013,16.058,4572589,6.225569
15000315,Pinellas,0.0,0.16,0.16,7900,WEST BRIDGE JOINT,0,0.305,0.8266,0.252,3183384,0.130930
10320169,Hillsborough,0.0,0.105,0.105,6100,I-275 NB/SR-93,0,0.135,0.8803,0.119,1613099,0.122029
15190032,Pinellas,0.12,0.333,0.213,3100,N/A,2,0.157,0.8639,0.408,1662966,0.541384
15010000,Pinellas,0.0,0.103,0.103,14000,US-92/SR-687/4 ST N,2,0.381,0.7923,0.717,3631677,0.435956
15000321,Pinellas,0.0,0.951,0.951,800,GULFPORT BLVD S,0,0.358,0.6974,0.249,1916075,0.214961
14150000,Pasco,0.0,2.241,2.241,700,US-301 / SR-35,1,0.775,0.5154,0.884,3950771,0.521450
14000133,Pasco,0.0,2.182,2.182,400,E SHELL POINT RD,0,0.531,0.6082,0.323,2198147,0.242626
14040000,Pasco,0.84,1.011,0.171,5500,BRINSON RD,0,0.202,0.8310,0.168,2368649,0.117271
15000420,Pinellas,0.0,0.845,0.845,2300,HIGHPOINT DR,0,0.617,0.5720,0.353,4894705,0.119015
15190905,Pinellas,0.0,0.39,0.39,2500,CONDOMINIUM,0,0.300,0.7332,0.220,2455538,0.147890
10250000,Hillsborough,5.6,6.476,0.876,2250,N/A,2,0.631,0.5666,1.224,4963964,0.374966
15040000,Pinellas,1.214,1.661,0.447,2300,CLEVELAND ST,2,0.326,0.7164,0.801,2589270,0.683041
10020102,Hillsborough,0.0,0.056,0.056,18500,EB SR-60/JACKSON ST,0,0.259,0.8485,0.220,2609166,0.139193
10040000,Hillsborough,0.0,0.11,0.11,9600,SR-60/E KENNEDY BLVD,1,0.299,0.8290,0.419,2659536,0.249079
15190018,Pinellas,0.0,0.3,0.3,7300,15003800 EB OFF,2,0.449,0.6892,0.931,5515515,0.488913
15000273,Pinellas,0.0,0.5,0.5,2350,BELCHER RD,1,0.370,0.6903,0.565,2959238,0.444973
10002001,Hillsborough,0.0,0.228,0.228,5400,US-92 / SR-600/GANDY,1,0.266,0.7892,0.421,3100777,0.316063
14000041,Pasco,0.0,0.668,0.668,1900,CHANCEY RD,1,0.444,0.7662,0.574,3196480,0.283766
15000288,Pinellas,0.0,0.161,0.161,7900,GULF BLVD,0,0.307,0.8257,0.254,3203280,0.130788
10320147,Hillsborough,0.0,0.18,0.18,14500,I-275 / SR-93,1,0.476,0.6767,0.645,6573285,0.228704
10320165,Hillsborough,0.0,0.136,0.136,9600,I-275 SB/SR-93,1,0.255,0.7958,0.407,3288154,0.288713
14620000,Pasco,0.0,0.67,0.67,1950,GRAND BLVD,3,0.441,0.6515,1.333,3290420,0.852601
08060000,Hernando,0.0,2.049,2.049,650,PASCO CO LINE,1,0.676,0.5493,0.822,3354264,0.571257
10030000,Hillsborough,16.407,16.9,0.493,13800,N/A,6,1.800,0.4463,4.126,17134363,0.699395
10020000,Hillsborough,5.169,5.362,0.193,22500,BIRD ST,3,1.047,0.5810,1.865,10936586,0.359037
14050000,Pasco,20.483,21.161,0.678,9300,US-98/SR-700,27,1.799,0.4465,15.747,15880150,1.512375
10190123,Hillsborough,0.0,0.562,0.562,2900,SR-39A/ALEXANDER ST,1,0.392,0.7177,0.563,4104651,0.319809
10000013,Hillsborough,0.0,0.445,0.445,3900,PARK RD,1,0.584,0.7129,0.704,4370857,0.375188
14000026,Pasco,0.0,0.92,0.92,3800,CLARK ST,3,0.920,0.4725,2.017,8804676,0.336870
15190040,Pinellas,0.0,0.268,0.268,7000,I-275/SR-93 SB,6,0.387,0.7199,1.960,4724706,0.776870
10900006,Hillsborough,0.0,0.474,0.474,16000,BAYWEST COMMERCE PK,4,1.169,0.4135,2.830,19100304,0.560785
14000052,Pasco,0.0,0.81,0.81,4900,CR-54/EILAND BLVD,0,0.951,0.4644,0.441,9995927,0.072927
10000061,Hillsborough,0.0,1.618,1.618,1300,BAYSHORE BLVD,3,0.825,0.4997,1.913,5297413,0.760377
10000177,Hillsborough,0.0,0.649,0.649,3300,BRANDON PKWY,3,0.594,0.5811,1.602,5393871,0.625226
10000382,Hillsborough,0.0,2.272,2.272,1900,LITHIA PINECREST RD,2,1.471,0.3592,1.810,10871861,0.482160
10000198,Hillsborough,0.028,0.339,0.311,7100,W LAUREL ST,0,0.455,0.6864,0.312,5561100,0.092703
10720000,Hillsborough,1.575,1.832,0.257,17300,DAVIS RD,0,1.127,0.5629,0.634,11197503,0.093540
10190102,Hillsborough,0.0,0.195,0.195,11500,CR-579,1,0.425,0.7007,0.597,5647736,0.246431
15000308,Pinellas,0.0,0.251,0.251,9000,22 AVE S,1,0.528,0.7340,0.653,5689292,0.267570
02000052,Citrus,0.0,0.76,0.76,3000,W YULEE DR,0,0.655,0.5571,0.365,5742180,0.104993
15000425,Pinellas,0.0,0.863,0.863,2700,LANSBROOK PKWY,1,0.697,0.5420,0.836,5868357,0.331798
14000077,Pasco,0.0,0.587,0.587,4000,TUCKER RD,1,0.606,0.5761,0.773,5913438,0.206591
10000223,Hillsborough,0.0,0.592,0.592,8000,US-301,5,1.391,0.5107,3.157,11927616,0.659089
10002338,Hillsborough,0.0,0.275,0.275,8700,SR-618 WB,2,0.476,0.6766,0.969,6025511,0.355102
15000330,Pinellas,0.0,0.71,0.71,3400,CR 1/KEENE RD,1,0.662,0.5545,0.813,6079659,0.311535
10002037,Hillsborough,0.0,0.233,0.233,10500,SR-618 EB,2,0.471,0.6787,0.962,6161510,0.344922
14000104,Pasco,0.0,4.174,4.174,3600,US-19,14,5.138,0.2203,12.048,37843988,1.037003
14000132,Pasco,0.0,1.002,1.002,5000,DAUGHTERY RD,0,1.191,0.4091,0.487,12617685,0.063749
14000007,Pasco,0.0,3.612,3.612,1400,PAUL S BUCHMAN HWY,2,1.930,0.2992,1.979,12735551,0.450083
14000075,Pasco,0.0,1.405,1.405,3600,US-19/SR-55,2,1.359,0.3776,1.758,12738573,0.304730
15000001,Pinellas,0.0,2.038,2.038,2500,SEMINOLE ST,2,1.567,0.3447,1.851,12831757,0.219325
15000137,Pinellas,0.0,1.039,1.039,2500,PASS-A-GRILLE WAY,0,0.799,0.5078,0.406,6541804,0.102419
15000042,Pinellas,0.0,1.3,1.3,2000,N KEENE RD,0,0.869,0.4868,0.423,6548100,0.106685
10020000,Hillsborough,0.743,1.009,0.266,9800,E ESTELLE ST,2,0.736,0.6634,1.162,6565226,0.390752
10000070,Hillsborough,0.0,2.034,2.034,1300,S DAVIS ROUNDABOUT,2,1.038,0.4427,1.574,6659418,0.521935
15000256,Pinellas,0.0,1.546,1.546,1750,SR-688 / ULMERTON RD,2,0.951,0.4645,1.513,6813802,0.337524
10030000,Hillsborough,6.498,6.977,0.479,17900,GARDEN LN,4,2.159,0.4020,3.260,21593871,0.482470
08050000,Hernando,11.725,12.476,0.751,7700,US41/SR45/N BROAD ST,14,1.710,0.4590,8.359,14563730,0.882529
10075356,Hillsborough,0.0,0.303,0.303,9600,SR 582 FOWLER AVE WB,4,0.569,0.6363,1.817,7325813,0.500126
14050000,Pasco,11.342,11.637,0.295,30000,US-98/SR-35/SR-700,14,2.019,0.4182,8.990,22288725,0.758953
15190014,Pinellas,0.0,0.441,0.441,6700,31 ST S,2,0.615,0.6182,1.144,7441412,0.339383
15504000,Pinellas,0.0,3.216,3.216,6500,66 TH ST N / SR-693,12,4.507,0.1546,10.841,52646724,0.251943
08070000,Hernando,8.543,9.519,0.976,9300,US-301 / SR-35,12,1.785,0.3580,8.343,22859921,0.857293
08000024,Hernando,0.0,1.168,1.168,2600,US-41/SR-45/BROAD ST,2,1.105,0.5678,1.492,7648181,0.296574
10270114,Hillsborough,0.0,0.529,0.529,17500,BR# 100675 FROM TIA,0,1.633,0.3787,0.619,23315014,0.043805
10190450,Hillsborough,0.0,0.294,0.294,10500,21 ST,1,0.595,0.6261,0.746,7774610,0.223653
14000106,Pasco,0.0,3.269,3.269,950,CR-578/ST JOE RD,0,1.370,0.3757,0.515,7821328,0.108640
10000016,Hillsborough,0.0,2.645,2.645,2400,E KEYSVILLE RD,1,1.983,0.2937,1.289,15987438,0.127343
10060000,Hillsborough,26.226,26.565,0.339,37500,CR-574/BROADWAY AVE,4,2.780,0.3430,3.582,32016431,0.159647
14000166,Pasco,0.0,1.353,1.353,2400,BOYETE RD,1,1.014,0.4483,1.006,8178073,0.194426
10330000,Hillsborough,0.155,0.911,0.756,26000,E 21 AVE,9,4.609,0.2395,7.949,49503636,0.275237
10140104,Hillsborough,0.097,0.444,0.347,9500,N/A,1,0.646,0.6065,0.785,8302235,0.220412
02000037,Citrus,0.0,1.503,1.503,2200,N FLORIDA AVE,1,1.067,0.4359,1.029,8327672,0.287976
10020101,Hillsborough,1.546,1.822,0.276,12000,E FLORIBRASKA AVE,0,0.900,0.6172,0.556,8341272,0.109973
15000203,Pinellas,0.25,1.036,0.786,4400,N/A,2,0.973,0.5994,1.384,8709980,0.350993
02040000,Citrus,5.44,6.681,1.241,14000,CR-491/N LECANTO HWY,9,4.585,0.2404,7.938,43756419,0.547437
10620500,Hillsborough,0.0,1.585,1.585,6600,US-301/FT KING HWY,2,2.242,0.2688,2.065,26346028,0.227022
15150000,Pinellas,4.874,5.876,1.002,38500,US19A/SR595/5 AVE N,19,5.944,0.1435,17.127,97156175,0.501558
08010000,Hernando,9.687,10.077,0.39,9000,CR-445/S MAIN ST,2,1.008,0.5902,1.414,8839935,0.353325
14000020,Pasco,0.0,3.359,3.359,2100,CR-595/GRAND BLVD,5,2.316,0.2625,4.295,17765247,0.469070
08010000,Hernando,10.362,11.328,0.966,11052,CR484/MONDON HILL RD,6,2.947,0.3299,4.993,26888090,0.539382
10570000,Hillsborough,0.0,4.973,4.973,1450,MANATEE CO LINE,4,2.717,0.2328,3.701,18160526,0.531197
10000205,Hillsborough,0.0,0.535,0.535,6900,COLLINS ELM SCHOOL,0,0.778,0.5144,0.400,9297043,0.071103
15061000,Pinellas,6.946,7.16,0.214,17500,CR-376/142 AVE N,5,0.947,0.6051,2.548,9431783,0.375383
15120000,Pinellas,0.0,1.192,1.192,16200,SR-699 / GULF BLVD,4,4.956,0.2265,4.217,48633242,0.328202
14570002,Pasco,0.0,0.176,0.176,44000,OLD MILL POND DR,11,1.643,0.4691,6.610,19503264,0.686882
10060001,Hillsborough,0.0,0.367,0.367,32000,OLD COLUMBUS DR(UNS),4,2.647,0.3541,3.521,29577264,0.310254
15190304,Pinellas,0.0,0.28,0.28,14000,SR-682/PINELLAS BAYW,0,0.719,0.5808,0.417,9872520,0.069804
14030000,Pasco,11.474,13.838,2.364,51500,N/A,60,17.844,0.0528,57.772,306617301,0.428867
10190200,Hillsborough,0.0,3.048,3.048,3900,PARK RD,6,3.099,0.2101,5.391,29937913,0.523030
14050000,Pasco,3.764,4.425,0.661,24000,SR-39,11,3.777,0.2776,8.995,39953484,0.367768
10270000,Hillsborough,2.748,2.874,0.126,31500,US-92/SR-600,1,0.897,0.6180,0.937,9995926,0.148021
15000142,Pinellas,0.0,3.748,3.748,6400,49 ST S,25,5.201,0.1368,22.291,60411763,0.489620
15070001,Pinellas,0.0,0.479,0.479,8400,BROADWAY,1,0.957,0.6034,0.974,10133437,0.151838
10020000,Hillsborough,1.328,1.608,0.28,14500,E COLUMBUS DR,1,1.064,0.5769,1.037,10225110,0.160239
14140001,Pasco,0.0,0.239,0.239,17000,CR-54 EB,0,0.720,0.5802,0.418,10232666,0.067444
10250000,Hillsborough,8.177,8.616,0.439,9300,N/A,0,0.945,0.6062,0.573,10282280,0.092040
10250000,Hillsborough,7.154,7.447,0.293,14000,CR-574/7 AVE,1,1.082,0.5728,1.047,10330887,0.236221
10000063,Hillsborough,0.0,1.18,1.18,3500,N HOWARD AVE,1,1.121,0.4237,1.051,10401405,0.159684
08550000,Hernando,3.889,8.693,4.804,2600,CR-581/EMERSON RD,1,4.029,0.2654,1.804,31457072,0.133626
10000619,Hillsborough,0.0,0.339,0.339,12300,19 AVE,3,0.898,0.6185,1.700,10501389,0.340759
10040000,Hillsborough,4.996,5.17,0.174,24000,E BIRD ST,1,0.994,0.5934,0.997,10517256,0.220822
10000090,Hillsborough,3.753,5.829,2.076,4100,REPUBLICA DE CUBA,2,2.439,0.3738,2.164,21436465,0.222931
15010000,Pinellas,5.948,6.068,0.12,35500,22 AV N,4,0.941,0.6066,2.145,10728810,0.285288
15180503,Pinellas,0.0,1.957,1.957,13100,SR-693/PASADENA AVE,14,5.431,0.2114,12.189,64566029,0.485056
10040000,Hillsborough,7.199,8.207,1.008,25500,W FOWLER AVE,6,6.050,0.1935,6.010,64735524,0.173880
15010303,Pinellas,0.0,0.323,0.323,13500,US-19A/SR-595,2,1.159,0.5561,1.532,10981919,0.308107
15035002,Pinellas,0.0,0.382,0.382,11500,RP 15190029,1,0.833,0.5444,0.909,11063770,0.129818
10260000,Hillsborough,3.681,4.597,0.916,14500,JEFFERSON RD,4,3.482,0.2942,3.847,33450717,0.231963
15010102,Pinellas,0.0,0.423,0.423,10500,CR-666 / TOM STUART,0,1.238,0.5396,0.668,11185918,0.098629
08050000,Hernando,10.982,11.725,0.743,12000,E DR MLK JR BLVD,0,2.423,0.3746,0.908,22454946,0.066744
15120000,Pinellas,10.613,11.472,0.859,37500,UNSIGNED,17,7.044,0.1708,15.299,81127181,0.275929
14000074,Pasco,0.0,1.247,1.247,3700,CR77/REGENCY PARK BL,3,1.227,0.4019,2.287,11620107,0.289404
14000160,Pasco,0.0,2.256,2.256,2050,GREEN SLOPE DR,2,1.532,0.3499,1.836,11647559,0.239704
10075365,Hillsborough,0.0,0.311,0.311,15000,I-75 SB/SR-93A,2,0.845,0.5409,1.375,11748802,0.258521
10340000,Hillsborough,3.134,3.317,0.183,25500,TO 10320159 SB ON,3,1.098,0.5692,1.918,11752580,0.239881
15000312,Pinellas,0.0,2.831,2.831,3300,BEACH DR NE,5,3.248,0.3088,4.459,23528583,0.263380
10190091,Hillsborough,0.0,0.774,0.774,6100,US-301/SR-41 SB,1,1.460,0.4985,1.229,11890846,0.163330
10020000,Hillsborough,5.362,5.887,0.525,27000,WATERS AVE,4,3.300,0.3054,3.786,35699737,0.151360
14030000,Pasco,0.0,0.626,0.626,60500,PINELLAS CO LINE,30,5.400,0.1557,26.170,95383150,0.461530
15000151,Pinellas,0.0,0.897,0.897,15900,22 AVE S,4,2.873,0.3363,3.621,35919603,0.143865
15010000,Pinellas,0.577,1.1,0.523,9100,N/A,2,0.940,0.5145,1.454,11986297,0.184495
10589000,Hillsborough,0.0,0.896,0.896,16000,SR-60 WB,4,2.569,0.2793,3.600,36105216,0.201093
15230000,Pinellas,0.606,1.129,0.523,27500,CR-150/CENTRAL AVE,7,3.337,0.3031,5.890,36222326,0.373872
15007000,Pinellas,0.0,1.535,1.535,34500,SR-686/E BAY DR,13,11.766,0.1098,12.865,133373464,0.220361
14000082,Pasco,0.0,3.897,3.897,2500,NEW YORK AVE,3,2.997,0.2157,2.999,24536486,0.179725
14540000,Pasco,0.0,8.004,8.004,4900,SR-52,31,10.728,0.1195,28.578,98774563,0.480937
08002000,Hernando,1.534,2.532,0.998,29500,US-41/SR-45/BROAD ST,15,4.749,0.1733,13.223,74147158,0.563851
10270118,Hillsborough,0.265,0.396,0.131,37500,N/A,0,0.760,0.5670,0.431,12372131,0.057534
14510001,Pasco,0.0,1.891,1.891,5200,CR-577/CURLEY RD,7,2.303,0.2636,5.762,24764914,0.535011
14030000,Pasco,13.838,16.996,3.158,39000,N/A,80,18.935,0.0500,76.950,310183497,0.373220
08010000,Hernando,8.975,9.291,0.316,15600,SR-700/PONCE DE LEON,4,1.274,0.5325,2.549,12415198,0.414000
15000414,Pinellas,0.0,0.504,0.504,9800,46 AVE N,2,0.914,0.4742,1.485,12439375,0.181510
15180503,Pinellas,1.957,5.045,3.088,9600,49 ST,8,5.528,0.1298,7.679,74660429,0.133986
15190307,Pinellas,0.0,0.43,0.43,11500,54 AVE S,1,0.938,0.5150,0.968,12453982,0.181108
08010000,Hernando,12.089,14.304,2.215,11200,CR-445/HOWELL AVE,19,6.831,0.1752,16.868,62478948,0.460762
14570000,Pasco,0.875,2.72,1.845,35000,CR-595/GRAND BLVD,47,14.308,0.0921,43.989,162632138,0.350068
15100000,Pinellas,4.023,4.97,0.947,15900,N/A,4,3.878,0.2723,3.967,37921810,0.210961
10650000,Hillsborough,1.633,3.645,2.012,2500,W FLETCHER AVE,1,1.547,0.3476,1.190,12668055,0.148446
14140020,Pasco,0.0,0.403,0.403,12500,I-75 / SR-93,1,0.942,0.5139,0.970,12686944,0.178167
14050000,Pasco,19.479,20.483,1.004,15324,OWENSBORO RD,5,3.991,0.2667,4.731,38747868,0.304053
08000013,Hernando,1.423,3.193,1.77,2900,CITRUS WAY/CR-491,4,1.494,0.3555,3.109,12927460,0.485038
14000107,Pasco,0.0,1.987,1.987,5200,HICKS RD,4,2.420,0.2541,3.599,26022149,0.278900
10040000,Hillsborough,3.165,4.173,1.008,20500,E HILLSBOROUGH AVE,8,5.070,0.2225,7.348,52042284,0.183930
10030000,Hillsborough,20.376,21.014,0.638,8100,N/A,0,1.514,0.4895,0.741,13015104,0.094002
10030000,Hillsborough,0.0,1.002,1.002,41500,SR-45,13,8.919,0.1399,12.429,104726786,0.271134
14000139,Pasco,0.0,0.663,0.663,7900,21 ST,2,1.050,0.4398,1.582,13191147,0.182381
10040000,Hillsborough,5.692,6.191,0.499,21000,E BUSCH BLVD,3,2.559,0.3619,2.841,26391361,0.158246
10000619,Hillsborough,0.339,0.591,0.252,20800,10190446 EB OFF,7,0.985,0.5965,3.412,13200970,0.468773
15000117,Pinellas,0.0,4.607,4.607,5700,PARK ST N,7,6.906,0.1741,6.984,66135558,0.191536
10040000,Hillsborough,8.979,9.493,0.514,20500,SKIPPER RD,2,2.586,0.3595,2.211,26537435,0.241245
14090000,Pasco,21.704,22.458,0.754,14000,SR39/US301/GALL BLVD,1,2.198,0.3984,1.477,26585286,0.129483
08030000,Hernando,2.082,6.667,4.585,7000,SR-50/CORTEZ BLVD,24,9.667,0.1305,22.129,80831258,0.566357
10010000,Hillsborough,15.693,16.289,0.596,45000,BOYETTE RD,10,5.664,0.2040,9.116,67546170,0.281318
10020000,Hillsborough,2.336,2.961,0.625,8600,SR-574/DR MLK JR BLV,1,1.557,0.4825,1.269,13536938,0.148054
10000125,Hillsborough,0.0,4.046,4.046,4000,N FLORIDA AVE/US-41B,9,4.180,0.1647,8.206,40759404,0.345113
14000023,Pasco,0.325,1.426,1.101,4900,N/A,4,1.292,0.3895,2.945,13587056,0.309358
14050000,Pasco,3.067,3.764,0.697,15600,CHANCEY RD,15,2.811,0.3405,10.849,27384154,0.598586
10040000,Hillsborough,0.837,1.149,0.312,17500,E PALM AVE,1,1.381,0.5125,1.195,13751010,0.137314
15010101,Pinellas,0.76,1.216,0.456,12000,8 ST N,3,1.487,0.4939,2.253,13781232,0.344123
15010000,Pinellas,13.518,14.034,0.516,32000,CR-296/102 AVE N,6,3.722,0.2806,5.361,41585472,0.241451
10821500,Hillsborough,0.66,1.748,1.088,35500,ROSEWOOD CENTER ENTR,6,6.314,0.1874,6.059,97274544,0.180924
10514000,Hillsborough,0.0,0.828,0.828,6700,JAMES L REDMAN PKWY,0,1.183,0.4108,0.486,13971631,0.057406
10210502,Hillsborough,0.0,7.249,7.249,4600,SR-583/N 56 ST,13,8.176,0.0916,12.558,83980390,0.341632
14050000,Pasco,16.633,19.479,2.846,21500,PAYNE RD,36,14.879,0.0889,34.123,154104496,0.507857
10090000,Hillsborough,14.111,14.61,0.499,11200,N WOODROW WILSON ST,3,1.233,0.5414,2.043,14075393,0.305625
14000105,Pasco,2.174,3.038,0.864,6500,OAKELLER DR,1,1.211,0.4051,1.085,14143896,0.121237
10040000,Hillsborough,6.191,7.199,1.008,22500,E LINEBAUGH AVE,3,5.467,0.2098,3.518,57119580,0.129641
10200000,Hillsborough,1.242,1.847,0.605,9400,10190400 FRNT RD,0,1.619,0.4727,0.765,14322710,0.088233
14570000,Pasco,2.72,3.109,0.389,44000,CR-77/SEVEN SPRINGS,19,3.630,0.2856,14.611,43106646,0.578462
10090000,Hillsborough,7.738,11.362,3.624,14200,MCINTOSH RD,15,10.675,0.1200,14.481,129604025,0.205703
10290000,Hillsborough,0.0,0.255,0.255,22500,N FLORIDA AVE,0,1.383,0.5120,0.708,14449894,0.080924
10501000,Hillsborough,0.0,2.031,2.031,17000,SR-676 / CAUSEWAY BL,15,5.205,0.1367,13.661,86956250,0.341091
15000039,Pinellas,0.0,2.419,2.419,2400,EDGEWATER DR,0,1.813,0.3125,0.567,14621404,0.064000
08070000,Hernando,7.026,8.543,1.517,11500,US-98 / SR-700,8,3.308,0.2313,6.915,43936492,0.421516
10000144,Hillsborough,0.0,2.353,2.353,5000,LITHIA-PINECREST RD,2,2.797,0.2277,2.181,29630153,0.111937
08630000,Hernando,0.0,6.824,6.824,2600,SR-50/CORTEZ BLVD,13,5.379,0.1329,11.987,44684234,0.516611
10000035,Hillsborough,0.0,2.192,2.192,2700,CR587/WESTSHORE BLVD,2,1.769,0.3178,1.927,14905490,0.196541
15000146,Pinellas,0.0,5.772,5.772,3100,26 AVE S,22,5.081,0.1396,19.638,45064024,0.709451
02000003,Citrus,0.0,5.379,5.379,6700,US-19/SUNCOAST BLVD,19,7.682,0.0969,17.903,90764977,0.392784
15090500,Pinellas,0.0,3.386,3.386,8900,54 AVE S,14,5.780,0.1248,12.974,75896005,0.262858
10250001,Hillsborough,0.203,1.315,1.112,43500,S 22 ST,3,10.282,0.1237,3.901,121824882,0.108066
15000204,Pinellas,0.0,2.566,2.566,7100,0.180M SOUTH OF GRAN,4,3.753,0.2096,3.948,45883544,0.122804
15040000,Pinellas,3.441,4.44,0.999,55000,CR-501/S BELCHER RD,14,11.169,0.1150,13.674,138378983,0.151952
10310000,Hillsborough,5.858,6.863,1.005,36500,N/A,19,8.063,0.1525,17.332,92384876,0.266783
10030000,Hillsborough,18.061,19.174,1.113,11000,ENTERPRISE ST,4,3.383,0.3002,3.815,30833995,0.176565
10075069,Hillsborough,0.08,1.782,1.702,3600,END C&G RIGHT SIDE,0,1.646,0.3337,0.549,15431353,0.058771
02000010,Citrus,2.681,5.118,2.437,5100,W 7 RIVERS DR,2,2.933,0.2194,2.205,31301681,0.203983
10190071,Hillsborough,0.0,0.312,0.312,20000,I-275/SR-93 SB,0,1.076,0.4806,0.517,15715440,0.054330
02600000,Citrus,0.0,2.502,2.502,2500,S FLORIDA AVE,1,1.924,0.2999,1.277,15753217,0.188931
08550000,Hernando,0.0,3.385,3.385,7400,US-41/SR-45/BROAD ST,14,6.156,0.1912,12.500,63085906,0.440967
02040000,Citrus,0.137,5.44,5.303,9500,SR200/CARL G ROSE HW,14,14.315,0.0921,14.029,126878252,0.246079
08020000,Hernando,4.76,6.445,1.685,41500,FOREST OAKS BLVD,46,10.636,0.0856,42.973,176112409,0.425566
10150000,Hillsborough,8.412,9.484,1.072,65500,AIR CARGO RD,5,13.805,0.0951,5.838,176838996,0.100374
15000026,Pinellas,0.0,1.6,1.6,4000,BAYSHORE BLVD,0,1.653,0.3328,0.550,16118400,0.056347
14120000,Pasco,0.0,2.012,2.012,25500,US-19/SR-55,54,12.076,0.1073,49.502,129214161,0.724964
15501500,Pinellas,0.0,1.932,1.932,6700,EDGEWATER DR,5,3.264,0.3084,4.465,32600471,0.190337
10020000,Hillsborough,1.608,2.336,0.728,8900,E FLORIBRASKA AVE,2,1.243,0.3988,1.698,16317865,0.158216
10260000,Hillsborough,4.597,5.868,1.271,25500,SR-582/E FOWLER AVE,7,7.628,0.1598,7.100,81625844,0.242253
14000003,Pasco,1.004,2.973,1.969,3300,PRETTY POND RD,9,1.803,0.3138,6.742,16364457,0.706187
10060000,Hillsborough,23.547,24.36,0.813,32000,CAUSEWAY BLVD,8,5.864,0.1984,7.576,65521296,0.256674
10000377,Hillsborough,0.0,2.147,2.147,6100,E COLUMBUS DR,4,3.384,0.3008,3.815,32984039,0.233246
10040000,Hillsborough,4.173,4.996,0.823,24000,E SLIGH AVE,8,4.703,0.2358,7.223,49745412,0.255714
10020101,Hillsborough,0.788,1.546,0.758,8700,SR-574/W DR MLK JR B,3,1.276,0.3926,2.323,16608500,0.294449
14700000,Pasco,0.0,5.277,5.277,1250,BELLAMY BROS RD,5,2.627,0.2389,4.433,16612656,0.517704
08100000,Hernando,5.64,10.945,5.305,5000,US-41/SR-45/BROAD ST,6,7.218,0.1678,6.204,66803213,0.221870
10070000,Hillsborough,2.02,4.051,2.031,23000,E TRAPNELL RD,7,11.213,0.1146,7.483,117646690,0.208015
10520000,Hillsborough,0.0,2.782,2.782,36000,FLORIDA AVE,22,16.311,0.0819,21.534,252232812,0.161007
14000022,Pasco,0.0,1.215,1.215,5500,US-301/SR-35,2,2.108,0.4078,2.044,16829876,0.184651
14070000,Pasco,0.0,5.35,5.35,7600,CR-54 / POLK CO LINE,21,8.270,0.0906,19.846,102402210,0.526680
10060000,Hillsborough,24.36,25.556,1.196,34000,BRISTOL BAY WAY,16,9.060,0.1381,15.042,102412284,0.218271
10516000,Hillsborough,0.0,4.07,4.07,10000,SR-60/ADAMO DR,12,7.475,0.0993,11.550,102502950,0.222422
02010000,Citrus,5.994,11.052,5.058,12100,CR 48/E ORANGE AVE,23,16.606,0.0804,22.486,154136733,0.343599
10075011,Hillsborough,0.0,0.243,0.243,28500,I-75/SR-93A SB,1,1.124,0.4698,1.058,17441872,0.141364
10030000,Hillsborough,6.977,9.284,2.307,15100,N/A,16,9.061,0.1381,15.042,87733710,0.309224
02540000,Citrus,2.206,18.686,16.48,3400,GREENTREE,17,16.855,0.0795,16.989,141116592,0.396965
10310000,Hillsborough,3.32,4.339,1.019,41500,N/A,10,9.070,0.1379,9.872,106503587,0.193214
08100000,Hernando,0.0,5.64,5.64,2500,US-98/PONCE DE LEON,3,4.595,0.2406,3.384,35510850,0.200589
10000006,Hillsborough,1.455,2.502,1.047,13600,MANILA PALM WAY,12,2.987,0.3276,9.047,35861425,0.497955
10290000,Hillsborough,0.505,2.036,1.531,55915,US-41/SR-45/N NEBRAS,11,17.346,0.0772,11.490,215598371,0.087055
10519000,Hillsborough,0.0,4.32,4.32,14900,S US-41 HWY,71,10.191,0.0748,66.449,162110808,0.478623
15110502,Pinellas,0.0,2.509,2.509,8600,34 ST S,10,4.192,0.1643,9.045,54342682,0.278276
10030002,Hillsborough,1.127,1.41,0.283,25500,N/A,1,1.193,0.4548,1.088,18174755,0.139496
10030000,Hillsborough,4.057,4.772,0.715,40500,N/A,10,6.240,0.1887,9.290,72929464,0.212973
14050000,Pasco,5.834,6.354,0.52,28000,NORTH AVE,6,2.531,0.3651,4.734,36669360,0.308387
10000102,Hillsborough,0.0,4.05,4.05,7200,US-41/SR-599/S 50 ST,22,6.052,0.1199,20.088,73439460,0.445301
10000017,Hillsborough,0.0,4.058,4.058,3600,TURKEY CREEK RD,1,4.330,0.2516,1.838,36792263,0.116397
15000023,Pinellas,0.0,1.462,1.462,5000,BAYSHORE BLVD,0,1.738,0.3218,0.559,18410235,0.050145
10040000,Hillsborough,2.155,3.165,1.01,14500,SR-574/E MLK JR BLVD,4,3.839,0.2743,3.956,36883433,0.153063
08000021,Hernando,0.0,3.866,3.866,1900,N END BRG 140059,7,2.503,0.2478,5.886,18499390,0.577091
15010000,Pinellas,15.544,16.559,1.015,43500,SR-688/ULMERTON RD,5,9.386,0.1339,5.587,111198071,0.069833
08010000,Hernando,11.328,12.089,0.761,9700,CR-480/CROOM RD,10,2.089,0.4099,6.757,18590811,0.607658
15530500,Pinellas,0.0,2.195,2.195,30500,38 AVE N,43,8.119,0.0922,39.785,168607279,0.423240
10030000,Hillsborough,9.284,12.827,3.543,12700,N/A,18,12.097,0.1071,17.368,113322678,0.220981
15020001,Pinellas,0.0,1.002,1.002,15000,S PINELLAS AVE,2,3.074,0.3214,2.345,37853055,0.094196
10000014,Hillsborough,1.542,2.126,0.584,13000,N PARK RD,0,2.032,0.4167,0.847,19120452,0.073113
02620000,Citrus,0.0,9.187,9.187,5800,E END OF ROUNDABOUT,14,11.985,0.0644,13.870,134197265,0.336667
14091000,Pasco,7.493,10.613,3.12,22000,MEADOW POINTE BLVD,23,16.617,0.0803,22.487,172869840,0.306381
14000018,Pasco,0.0,3.37,3.37,6800,MOOG RD,11,4.858,0.1451,10.109,57713946,0.423811
10150000,Hillsborough,6.019,7.028,1.009,53000,HANLEY RD,8,10.947,0.1171,8.345,134681824,0.080715
10650000,Hillsborough,0.0,1.132,1.132,6800,W COUNTRY CLUB DR,0,1.934,0.4295,0.830,19386406,0.070732
08010000,Hernando,14.304,16.581,2.277,6800,CR-581/SNOW MEM HWY,10,3.890,0.2723,8.336,38995447,0.357383
10020000,Hillsborough,7.378,8.388,1.01,23000,SR-582/E FOWLER AVE,1,5.576,0.2065,1.945,58504755,0.052526
15150000,Pinellas,5.876,7.897,2.021,46000,22 AVE N,29,13.893,0.0669,27.990,234134871,0.203591
08010000,Hernando,0.0,1.386,1.386,11200,CR578/COUNTY LINE RD,18,4.275,0.2535,14.521,39095179,0.535557
10010000,Hillsborough,21.096,21.905,0.809,38500,10002339 EB ON,22,6.777,0.1764,19.315,78442460,0.464367
02510000,Citrus,0.052,5.42,5.368,4400,COURTHOUSE SQUARE,4,5.888,0.1228,4.232,59484955,0.185417
14050000,Pasco,4.936,5.74,0.804,19600,5 AVE,3,3.900,0.2712,3.244,39687530,0.120177
15020000,Pinellas,2.59,3.206,0.616,12800,N/A,0,1.680,0.4642,0.780,19857869,0.064853
14010000,Pasco,0.012,1.427,1.415,33500,WILLOW BEND PKWY,32,10.591,0.1205,29.420,119383196,0.501829
14090000,Pasco,16.075,18.817,2.742,17300,CR-579/MORRIS BRG RD,29,12.023,0.1077,27.171,119469077,0.242924
15600000,Pinellas,0.0,1.084,1.084,7300,FT HARRISON AVE,1,1.952,0.4272,1.407,19929394,0.111500
10000210,Hillsborough,0.0,4.81,4.81,1650,HOLLY TREE LN,4,2.850,0.2244,3.742,19988075,0.267178
15150000,Pinellas,7.897,8.843,0.946,50500,N/A,23,7.026,0.1241,21.017,120316300,0.192967
15540500,Pinellas,0.0,4.273,4.273,16800,US-19A/TYRONE BLVD,30,14.254,0.0927,28.541,180794048,0.265551
10000082,Hillsborough,0.0,0.949,0.949,8500,SR 60/CHANNELSIDE D,0,1.912,0.4322,0.826,20315480,0.067172
15150000,Pinellas,2.879,4.874,1.995,44500,22 AVE S,29,13.343,0.0694,27.913,223586134,0.159766
02010005,Citrus,0.0,0.207,0.207,39000,US-41/SR-45/SR-44/W,9,1.241,0.4451,5.547,20331850,0.349117
10030000,Hillsborough,12.827,14.641,1.814,13400,MCINTOSH RD,7,6.468,0.1833,6.903,61218691,0.259261
10020000,Hillsborough,6.365,7.378,1.013,24000,E LINEBAUGH AVE,3,5.789,0.2005,3.559,61229772,0.085458
10110000,Hillsborough,1.2,2.101,0.901,36000,SR-569/N 39 ST,6,7.148,0.1688,6.194,81690066,0.220243
10270000,Hillsborough,2.874,3.381,0.507,32000,S STERLING AVE,2,3.657,0.2841,2.471,40860144,0.133534
08030000,Hernando,0.0,2.082,2.082,7800,PASCO CO LINE,4,4.791,0.2325,4.184,40899433,0.206310
14050000,Pasco,11.637,13.476,1.839,26500,CR-52A/CLINTON AVE,21,11.387,0.1131,19.913,122735320,0.354512
08010000,Hernando,3.642,4.498,0.856,19000,HIGHBURY BLVD,9,4.049,0.2639,7.694,40960884,0.321972
15030018,Pinellas,0.0,0.583,0.583,14000,15030055 EB OFF,0,2.154,0.4026,0.867,20555997,0.069649
10270118,Hillsborough,0.0,0.265,0.265,31000,SR-60 WB TO TIA RAMP,0,1.314,0.4311,0.566,20689478,0.045200
14620000,Pasco,0.67,4.059,3.389,9700,DAVIS LN,33,7.529,0.1620,28.874,82791406,0.432927
14520000,Pasco,2.366,9.674,7.308,4500,Bridge No-140940,14,8.130,0.0921,13.460,82823391,0.361669
15000141,Pinellas,0.0,2.569,2.569,6400,62 AVE S,20,3.565,0.1878,16.913,41408170,0.573296
14680000,Pasco,0.0,0.794,0.794,10500,CR-579,10,2.324,0.3844,7.049,20996734,0.561290
10000368,Hillsborough,0.025,1.393,1.368,6100,40 ST,2,1.842,0.3092,1.951,21016379,0.205023
10823000,Hillsborough,0.0,4.063,4.063,18500,US-41/S 50TH ST,17,14.556,0.0909,16.778,189304312,0.156774
10000644,Hillsborough,0.0,3.642,3.642,2300,N FLORIDA AVE,1,2.658,0.2367,1.393,21096467,0.104285
08000035,Hernando,0.0,4.224,4.224,13900,SR-50/CORTEZ BLVD,26,9.539,0.0795,24.691,147870202,0.334282
14000044,Pasco,0.0,2.512,2.512,6700,CHANCEY RD,4,3.588,0.1868,3.923,42387362,0.186649
02050000,Citrus,21.762,24.33,2.568,16400,S SHAD TER,10,7.514,0.1170,9.709,106067131,0.228590
02010000,Citrus,13.177,14.041,0.864,19500,US-41,8,4.174,0.2580,7.013,42431688,0.366871
15120000,Pinellas,9.851,10.169,0.318,53000,CR-611/49 ST N,3,3.450,0.2961,3.133,42446799,0.108528
10505000,Hillsborough,0.0,1.353,1.353,25000,N DALE MABRY HWY,16,6.057,0.1938,14.073,85188262,0.350404
15060000,Pinellas,2.073,4.873,2.8,12100,38 AVE N,13,7.327,0.1657,12.060,85326780,0.221450
10310000,Hillsborough,2.817,2.998,0.181,47000,N/A,3,1.782,0.4489,2.453,21424880,0.168343
10000054,Hillsborough,0.0,0.217,0.217,78500,E BROREIN ST,0,1.453,0.3620,0.526,42901388,0.020243
10000078,Hillsborough,0.0,1.707,1.707,5000,SUN CITYCENTER BLVD,4,2.029,0.2889,3.430,21495398,0.227758
14712000,Pasco,0.0,2.755,2.755,28000,US-19/SR-55,67,9.657,0.0786,62.490,194277090,0.380606
15000299,Pinellas,0.0,1.917,1.917,4500,EAST LAKE RD,1,2.133,0.2788,1.316,21725840,0.141124
10010000,Hillsborough,0.0,5.691,5.691,13700,MANATEE CO LINE,46,12.736,0.0608,43.978,196359134,0.456630
10720500,Hillsborough,0.0,0.694,0.694,25000,SR-583/N 56 ST,3,4.099,0.2615,3.287,43695975,0.110610
15010000,Pinellas,1.1,1.755,0.655,26500,N/A,5,4.056,0.2635,4.751,43714864,0.151049
10160000,Hillsborough,1.035,2.045,1.01,69000,W SLIGH AVE,10,13.566,0.0966,10.345,175514265,0.098535
10010000,Hillsborough,5.691,11.171,5.48,22500,SR-674/SUN CITY CENT,85,29.722,0.0466,82.426,310531050,0.482682
14570000,Pasco,10.444,11.345,0.901,9800,VANDERBILT RD,0,2.494,0.3678,0.917,22237851,0.068123
14000037,Pasco,0.0,1.472,1.472,6000,C AVE,4,1.962,0.2959,3.397,22243392,0.307981
10110000,Hillsborough,2.101,4.099,1.998,30953,US-41/SR-599,15,14.028,0.0938,14.909,155754351,0.207828
10270000,Hillsborough,1.608,2.234,0.626,42500,S WEST SHORE BLVD,6,5.681,0.2035,5.935,67004692,0.120209
02010000,Citrus,12.215,12.502,0.287,31000,N/A,3,1.423,0.4117,2.351,22407095,0.220855
10090000,Hillsborough,11.362,12.409,1.047,17000,S FORBES RD,3,3.523,0.2923,3.153,44826782,0.148072
14030000,Pasco,4.176,4.658,0.482,55482,N/A,14,3.870,0.2046,11.927,67350543,0.272311
15090000,Pinellas,0.0,0.895,0.895,10000,DALI BLVD S/5 AVE S,4,2.518,0.3656,3.458,22540575,0.218962
10000031,Hillsborough,0.0,11.188,11.188,2400,INTERBAY BLVD,25,8.387,0.0895,23.513,67624747,0.543372
14050000,Pasco,6.862,9.103,2.241,24000,DAUGHTERY RD,25,7.131,0.1036,23.148,135455004,0.267064
14570000,Pasco,3.344,4.344,1.0,9000,N/A,1,1.719,0.3241,1.233,22666500,0.085945
15000099,Pinellas,0.0,2.501,2.501,3600,OAKHURST RD,0,2.418,0.2542,0.615,22675567,0.044768
15000120,Pinellas,0.0,6.674,6.674,2700,PARK ST N,12,5.387,0.1327,11.122,45382866,0.391799
10060000,Hillsborough,17.212,19.267,2.055,39500,SYMMES RD,30,17.575,0.0763,29.052,204432941,0.239051
10020000,Hillsborough,0.0,0.385,0.385,23500,E KENNEDY BLVD,4,2.163,0.4016,3.262,22786129,0.204326
15020000,Pinellas,5.465,5.909,0.444,20600,DUCHESS BLVD,3,1.722,0.4580,2.415,23035208,0.154125
14030000,Pasco,4.658,7.71,3.052,57000,GULF DR,27,25.057,0.0382,26.926,438128334,0.107440
10075325,Hillsborough,0.0,0.511,0.511,18000,SR-93A / I-75,2,1.615,0.3814,1.853,23165163,0.176662
10030000,Hillsborough,2.267,3.522,1.255,44000,US-41/SR-599/N 40 ST,13,11.713,0.1103,12.858,139071570,0.211226
10000273,Hillsborough,0.0,0.505,0.505,36500,N ARMENIA AVE,4,2.991,0.3273,3.670,46422251,0.159428
08540000,Hernando,1.783,3.931,2.148,4300,CR-476/LK LINDSEY RD,2,2.614,0.3577,2.220,23261873,0.210713
10040000,Hillsborough,8.207,8.979,0.772,24000,FLETCHER AVE,7,4.412,0.2475,6.359,46662768,0.181023
10506000,Hillsborough,0.0,3.03,3.03,21400,SR-60/E BRANDON BLVD,14,12.090,0.1075,13.795,163304577,0.217048
14000161,Pasco,0.0,1.525,1.525,6100,MARINE PKWY,0,2.053,0.2865,0.588,23428346,0.041456
10160000,Hillsborough,2.045,2.969,0.924,60500,W WATERS AVE,7,11.158,0.1151,7.479,140789187,0.173724
15061000,Pinellas,4.95,5.947,0.997,37500,N/A,7,8.176,0.1508,7.177,94160419,0.138257
10250000,Hillsborough,0.0,1.153,1.153,32500,US-301/SR-43,6,6.268,0.1885,6.050,94374491,0.087007
08000009,Hernando,0.0,9.593,9.593,21500,US-19/COMMERCIAL WAY,108,38.409,0.0365,105.459,519439366,0.345741
08040500,Hernando,3.132,6.529,3.397,8300,CR597/SHOAL LINE BLV,4,5.550,0.1293,4.200,71009359,0.119296
10000214,Hillsborough,0.0,0.502,0.502,37500,CR-676/CAUSEWAY BLVD,9,2.114,0.2806,7.068,47410762,0.255554
10075323,Hillsborough,2.631,3.114,0.483,19500,N/A,4,1.631,0.3790,3.102,23720492,0.263746
15040000,Pinellas,1.913,3.441,1.528,49500,CR-385/S LAKE DR,42,11.340,0.1138,38.512,190489266,0.237873
08000028,Hernando,0.0,2.102,2.102,27000,C-578/COUNTY LINE RD,32,9.961,0.1275,29.190,142934949,0.415869
15007000,Pinellas,2.283,3.041,0.758,25000,CR-488/LAKEVIEW,2,4.477,0.2448,2.606,47725575,0.083038
15120000,Pinellas,8.114,8.495,0.381,50000,SR-693/66 ST,12,3.943,0.2690,9.832,47977425,0.250738
15120000,Pinellas,6.053,7.209,1.156,66000,CR-1/STARKEY RD,4,14.978,0.0883,4.970,192151476,0.036912
02030000,Citrus,15.09,20.742,5.652,18700,CR-495/CITRUS AVE,23,18.436,0.0512,22.766,266186309,0.265619
15000210,Pinellas,0.0,6.022,6.022,4800,PASADENA AVE,29,9.356,0.1343,26.362,72798754,0.540065
10002000,Hillsborough,0.085,0.302,0.217,44500,BEG OF BR 100305 R,1,1.451,0.4069,1.184,24319895,0.113412
15100000,Pinellas,1.763,2.202,0.439,22000,N/A,0,2.338,0.3830,0.895,24323673,0.060789
10200000,Hillsborough,0.0,1.242,1.242,7800,W REYNOLDS ST,1,2.348,0.3827,1.516,24398221,0.098164
15230000,Pinellas,3.26,5.392,2.132,45500,40 AV N,30,20.445,0.0663,29.367,244309611,0.177393
10000220,Hillsborough,0.0,5.973,5.973,6500,E BROADWAY AVE,6,8.370,0.0897,6.212,97779503,0.086226
15502000,Pinellas,0.0,2.347,2.347,29000,ALT 19/TYRONE BLVD,14,11.726,0.1104,13.749,171416666,0.178505
10020000,Hillsborough,4.068,5.169,1.101,17700,E LAMBRIGHT ST,4,4.918,0.2279,4.209,49079772,0.122393
08000007,Hernando,0.0,1.95,1.95,5000,JEFFERSON ST,6,2.318,0.2624,5.034,24555375,0.383967
10000056,Hillsborough,0.366,3.618,3.252,3000,N/A,1,2.805,0.2272,1.410,24570486,0.090659
15010000,Pinellas,9.588,9.81,0.222,44000,100 WAY,1,2.072,0.4119,1.442,24600708,0.136548
10030000,Hillsborough,14.641,16.407,1.766,11100,FRITZKE RD,9,5.407,0.2116,8.240,49369148,0.213590
14090000,Pasco,18.817,19.334,0.517,19000,ALLEN RD,6,2.446,0.3724,4.676,24739225,0.354035
02560000,Citrus,0.0,7.793,7.793,11400,SUNCOAST BLVD,36,19.512,0.0694,34.855,223744044,0.357298
08610000,Hernando,0.0,7.261,7.261,6800,CR-595/OSOWAW BLVD,23,10.467,0.0730,22.085,124350434,0.373884
15150000,Pinellas,27.662,29.68,2.018,93000,N/A,67,24.852,0.0385,65.377,472656969,0.222975
10537000,Hillsborough,0.0,3.959,3.959,5000,SR-674,7,4.705,0.1491,6.658,49853708,0.307079
10000117,Hillsborough,0.0,1.0,1.0,9900,E HILLSBOROUGH AVE,1,1.825,0.3112,1.257,24933150,0.079631
15010000,Pinellas,14.034,15.544,1.51,33000,110 AVE N,14,11.166,0.1150,13.674,125496855,0.167545
15000209,Pinellas,0.0,1.111,1.111,9000,BELCHER RD,1,1.910,0.3015,1.274,25182482,0.079947
10080000,Hillsborough,4.613,5.238,0.625,32000,10080102 EB ON,1,4.508,0.2435,1.854,50370000,0.058162
02000020,Citrus,0.0,7.147,7.147,1400,E BUSHNELL RD,3,3.820,0.1775,3.145,25199607,0.183519
14000081,Pasco,1.875,7.418,5.543,10900,YONKERS BLVD,18,13.425,0.0978,17.553,152164496,0.302343
10060000,Hillsborough,7.603,9.184,1.581,25500,SR-674/E COLLEGE AVE,15,9.489,0.1327,14.269,101534587,0.212326
14530000,Pasco,0.0,6.726,6.726,1500,CR-41/BLANTON RD,4,3.754,0.1801,3.956,25409146,0.222176
08010000,Hernando,1.386,3.642,2.256,17900,CR-576/AYERS RD,13,10.169,0.1249,12.646,101703074,0.194831
15010000,Pinellas,10.191,11.247,1.056,38500,15010102 SB OFF,2,8.846,0.1409,2.965,102392136,0.044028
10000026,Hillsborough,0.0,1.544,1.544,6600,DANA SHORES DR,0,2.184,0.2740,0.598,25664522,0.038506
10075318,Hillsborough,0.0,0.887,0.887,11500,10075324 NB ON,1,1.934,0.3398,1.317,25689959,0.081022
10000045,Hillsborough,1.126,2.405,1.279,8000,DALE MABRY HWY,3,2.042,0.2876,2.724,25769292,0.155438
15110501,Pinellas,0.0,2.0,2.0,15400,58 ST S,10,6.256,0.1888,9.293,77569800,0.200292
10120000,Hillsborough,8.475,17.792,9.317,11031,CR-579,33,22.766,0.0601,32.385,258840920,0.323430
15120000,Pinellas,8.495,9.851,1.356,45500,US-19/SR-55,11,13.003,0.1004,11.201,155386413,0.117752
10120000,Hillsborough,6.07,8.475,2.405,21500,US-301/SR-43,14,9.629,0.1313,13.426,130225339,0.158534
15030000,Pinellas,3.557,4.534,0.977,42500,US-19/SR-55,16,8.866,0.1407,14.996,104574416,0.167587
02550000,Citrus,0.0,3.47,3.47,3000,@ TOP OF BOAT RAMP,6,2.993,0.2160,5.350,26217585,0.276963
14000073,Pasco,0.0,1.26,1.26,8300,CR-77/ROWAN RD,1,2.059,0.2859,1.303,26338473,0.078141
15010000,Pinellas,4.638,5.948,1.31,24000,5 AVE N,9,7.486,0.1624,8.754,79181640,0.237545
14050000,Pasco,0.0,3.067,3.067,24000,HILLSBOROUGH CO LINE,27,17.527,0.0765,26.276,185381748,0.342647
10020000,Hillsborough,8.388,9.682,1.294,24500,SR579/E FLETCHER AVE,1,7.519,0.1618,2.055,79844006,0.040658
15000121,Pinellas,0.0,1.922,1.922,5500,PARK ST N,2,2.806,0.3416,2.275,26623064,0.129948
15090000,Pinellas,4.403,6.857,2.454,34500,N/A,23,18.811,0.0716,22.700,213223766,0.117603
14030000,Pasco,7.71,11.474,3.764,53500,CR-524/RIDGE RD,124,29.323,0.0328,120.891,507160419,0.279357
10060000,Hillsborough,19.267,22.033,2.766,34500,RIVERVIEW DR,20,21.202,0.0641,20.077,240332900,0.209189
15020000,Pinellas,13.207,13.839,0.632,16800,E TARPON AVE,2,2.108,0.4084,2.044,26740426,0.168820
14580000,Pasco,3.019,5.386,2.367,4500,SR-54,2,2.979,0.3282,2.321,26825803,0.131573
14140021,Pasco,0.0,0.297,0.297,36000,SR-56,1,1.667,0.3740,1.249,26927802,0.108109
14560000,Pasco,0.0,1.02,1.02,10500,LAND O LAKES BLVD,4,2.403,0.3772,3.398,26973135,0.254030
10140105,Hillsborough,0.0,0.554,0.554,19500,O'BRIEN ST,1,1.871,0.3473,1.302,27207356,0.111554
14120000,Pasco,3.028,9.257,6.229,29500,INDIAN DR,89,31.518,0.0441,86.463,462788227,0.316980
14000117,Pasco,0.0,1.969,1.969,5500,WIRE RD,3,2.484,0.2491,2.872,27274096,0.154793
10550000,Hillsborough,0.0,6.018,6.018,12600,DR MLK JR BLVD,13,16.226,0.0823,13.266,190969796,0.158698
10003000,Hillsborough,10.065,10.766,0.701,15500,N/A,6,2.812,0.3404,4.915,27364762,0.336402
10120000,Hillsborough,0.0,1.69,1.69,19300,TAMIAMI TRL,14,6.247,0.1890,12.535,82145914,0.287121
14030000,Pasco,16.996,19.688,2.692,44500,N/A,43,18.004,0.0524,41.690,301701189,0.269379
15000181,Pinellas,0.0,2.707,2.707,16100,35 AVE N,17,8.750,0.1426,15.823,109763030,0.299072
15000152,Pinellas,0.322,1.36,1.038,10500,4 AVE N,5,1.966,0.2955,4.103,27449132,0.207765
08060000,Hernando,2.049,6.041,3.992,8200,SR-50/CORTEZ BLVD,14,6.579,0.1314,13.025,82441586,0.351601
10340000,Hillsborough,8.871,10.752,1.881,35000,N/A,14,14.587,0.0905,14.053,165805448,0.188629
15000214,Pinellas,0.0,1.255,1.255,17500,US-19/34 ST N,9,5.554,0.2072,8.286,55312556,0.256793
10150000,Hillsborough,4.849,6.019,1.17,47000,CR-576/MEMORIAL HWY,19,11.518,0.1119,18.163,138492315,0.186498
02010000,Citrus,4.651,5.994,1.343,8200,C480/E STAGE COAC TR,3,3.218,0.3108,3.068,27735233,0.162625
10110000,Hillsborough,11.456,13.487,2.031,38000,S VALRICO RD,17,11.918,0.0771,16.608,194372793,0.125021
15010000,Pinellas,3.765,4.638,0.873,38000,CR-611/49 ST N,6,7.236,0.1671,6.206,83548719,0.139139
14030000,Pasco,0.626,2.511,1.885,82500,CONTINENTAL DR,116,21.021,0.0452,111.705,391658231,0.339776
14000080,Pasco,0.0,3.891,3.891,20000,CR-579/HANDCART RD,41,14.767,0.0897,38.646,195989670,0.360854
15040000,Pinellas,1.661,1.913,0.252,44500,S HIGHLAND AVE,1,2.373,0.3795,1.521,28242459,0.085095
10110000,Hillsborough,19.498,23.74,4.242,26500,CR-39/JL REDMAN PKWY,28,14.365,0.0543,27.260,283112140,0.291588
10000047,Hillsborough,0.0,3.76,3.76,6000,PHY GORE @ROUNDABOUT,7,5.011,0.1413,6.719,56817360,0.214496
10290000,Hillsborough,6.184,7.829,1.645,20600,10075349 SB ON,11,8.307,0.1487,10.600,85344409,0.251692
10000276,Hillsborough,0.0,1.481,1.481,15300,WATERS AVE,3,4.610,0.2400,3.386,57067447,0.087243
14507000,Pasco,0.0,3.066,3.066,7400,SR-52,12,4.661,0.1503,10.897,57140735,0.233322
10000619,Hillsborough,0.591,1.812,1.221,9400,US-41/SR-599/50 ST,1,2.650,0.3545,1.585,28905832,0.086635
15000307,Pinellas,0.0,0.524,0.524,22000,VIRGINIA ST,3,2.134,0.4055,2.649,29033268,0.192064
10340000,Hillsborough,0.0,0.756,0.756,30500,DALE MABRY HWY,7,5.245,0.2167,6.620,58071573,0.262107
14570000,Pasco,0.0,0.875,0.875,26500,US-19/SR-55,10,5.418,0.2113,9.032,58397719,0.194735
14120000,Pasco,26.634,29.098,2.464,9500,CR-577/CURLEY ST,5,5.391,0.2126,5.083,58953048,0.214723
15120000,Pinellas,4.035,4.545,0.51,46000,113 ST,1,4.934,0.2273,1.894,59084010,0.050650
14580001,Pasco,0.0,1.249,1.249,9400,US-19/SR-55,3,2.206,0.2720,2.784,29568701,0.138435
02000006,Citrus,0.0,5.336,5.336,2200,CR-488/W DUNNELLON R,5,3.788,0.1787,4.783,29565175,0.313881
10040000,Hillsborough,5.17,5.692,0.522,22500,E WATERS AVE,0,2.831,0.3389,0.959,29579783,0.053560
15007000,Pinellas,1.535,2.283,0.748,31500,BELLEAIR RD,6,5.327,0.2141,5.856,59340897,0.133923
10060000,Hillsborough,0.0,4.491,4.491,21000,MANATEE CO LINE,35,23.035,0.0593,34.291,237522254,0.362178
14000061,Pasco,0.0,8.077,8.077,7300,FIVAY RD,33,12.174,0.0634,31.679,148496049,0.305775
15100000,Pinellas,0.111,1.763,1.652,21500,SR-682/PINELLAS BAYW,4,8.636,0.1439,4.667,89452083,0.074459
14090000,Pasco,25.267,28.651,3.384,7000,LUMBERTON RD,11,4.968,0.1423,10.142,59658228,0.344501
10075354,Hillsborough,0.0,0.718,0.718,16500,RAMP 10075350,1,2.111,0.3204,1.356,29836670,0.105914
14010000,Pasco,11.342,19.811,8.469,9800,SR-52,30,23.444,0.0583,29.618,209025930,0.296828
10020000,Hillsborough,5.887,6.365,0.478,25000,SR-580/E BUSCH BLVD,0,2.823,0.3395,0.959,30096075,0.052591
14120000,Pasco,11.515,12.438,0.923,26000,PIERCE LAKE RD,5,5.628,0.2050,5.129,60438963,0.211323
10000645,Hillsborough,6.042,7.76,1.718,21000,SHELDON RD,5,6.760,0.1772,5.312,90862443,0.113417
14000043,Pasco,0.0,2.005,2.005,12000,MORRIS BRIDGE RD,6,5.214,0.2182,5.829,60595110,0.180161
08000009,Hernando,9.593,11.546,1.953,18500,N/A,8,6.997,0.1722,7.827,90994664,0.112054
10190500,Hillsborough,0.0,3.092,3.092,3900,N PARK RD,0,3.144,0.2077,0.653,30370088,0.035509
15513000,Pinellas,0.0,2.753,2.753,22000,34 ST N,19,11.212,0.1149,18.105,152535471,0.135007
10000033,Hillsborough,0.0,2.079,2.079,11700,WESTSHORE BLVD,3,4.214,0.1636,3.199,61260750,0.076765
02030000,Citrus,5.66,8.055,2.395,25500,W MCKINLEY ST,14,7.917,0.0943,13.426,153811091,0.194269
15030000,Pinellas,0.0,0.789,0.789,46500,SEMINOLE BLVD,7,7.700,0.1586,7.111,92399987,0.176959
14680000,Pasco,0.794,3.124,2.33,10500,HOPE LN,19,6.820,0.1755,16.863,61615102,0.467090
08020000,Hernando,7.259,11.91,4.651,26424,SR-50/CORTEZ BLVD,65,20.201,0.0470,62.896,309518673,0.353980
10210000,Hillsborough,0.0,10.145,10.145,19500,417FT N OF HARNEY RD,52,49.007,0.0288,51.914,498228559,0.283856
15020000,Pinellas,13.839,15.225,1.386,17900,N/A,10,3.669,0.1835,8.838,62482474,0.236485
10000300,Hillsborough,0.48,3.25,2.77,4500,N/A,2,3.081,0.2111,2.228,31393102,0.156745
10040000,Hillsborough,11.166,11.614,0.448,56000,US-41B/SR685/FLA AVE,5,5.082,0.2221,5.018,63184128,0.197790
10000362,Hillsborough,0.0,1.534,1.534,8200,US-41 / SR-45,4,2.487,0.2489,3.623,31679708,0.230666
15045101,Pinellas,0.0,0.764,0.764,16500,SR-60/CHESTNUT ST,5,3.224,0.3104,4.449,31748211,0.194744
10130000,Hillsborough,2.96,3.748,0.788,48000,N/A,4,7.891,0.1554,4.604,95259744,0.097480
02030000,Citrus,13.524,14.648,1.124,22500,N/A,12,4.273,0.1889,10.540,63692865,0.264551
15000089,Pinellas,4.297,5.053,0.756,33500,US19A/SR-595/SEMINOL,5,5.659,0.2041,5.134,63783531,0.200468
10075363,Hillsborough,0.0,1.667,1.667,7600,FOWLER AVE/SR-582,0,2.577,0.2424,0.625,31907380,0.032320
10040000,Hillsborough,12.378,13.393,1.015,50000,DEBUEL RD,6,10.505,0.1214,6.547,127813875,0.148788
15030000,Pinellas,1.548,2.888,1.34,57000,CR-1/STARKEY RD,20,15.420,0.0860,19.606,192363030,0.227182
15020000,Pinellas,7.39,9.309,1.919,20000,CR-752/TAMPA RD,4,7.283,0.1666,4.547,96660030,0.067132
15070000,Pinellas,4.136,5.217,1.081,35500,N/A,25,4.398,0.1578,21.748,96648697,0.351654
10140000,Hillsborough,8.048,9.371,1.323,48500,CR-587/N WESTSHORE B,17,13.360,0.0980,16.643,161600812,0.213662
15507000,Pinellas,0.0,7.425,7.425,17300,TOM STUART CSWY,34,25.312,0.0544,33.528,323507621,0.224979
15030000,Pinellas,8.505,9.3,0.795,48500,N/A,11,5.710,0.1485,10.215,97107064,0.171826
10260000,Hillsborough,0.478,1.083,0.605,42500,SLIGH AVE,3,5.490,0.2091,3.521,64756931,0.148970
08000016,Hernando,0.0,1.671,1.671,7800,US-19/COMMERCIAL WAY,5,3.159,0.3154,4.419,32825625,0.261202
14000039,Pasco,0.0,1.185,1.185,11000,LAND O' LAKES BLVD,0,2.310,0.2630,0.608,32828648,0.030559
10000645,Hillsborough,11.18,11.777,0.597,22000,TARPON SPRINGS RD,4,2.431,0.3745,3.413,33077979,0.147234
10000002,Hillsborough,0.0,4.113,4.113,29000,E HILLSBOROUGH AVE,19,20.550,0.0661,19.103,300399125,0.162827
14000016,Pasco,0.0,3.015,3.015,4400,STRAUBER MEM HWY,2,3.307,0.1995,2.261,33410421,0.149432
02090000,Citrus,0.0,6.184,6.184,8600,S SUNCOAST BLVD,7,12.568,0.1038,7.578,133939874,0.102622
10080000,Hillsborough,0.983,1.736,0.753,35500,S MATANZAS AVE,4,5.907,0.1972,4.376,67323283,0.131090
10030000,Hillsborough,21.501,24.593,3.092,13000,N/A,9,10.758,0.1189,9.209,101233626,0.116416
10000112,Hillsborough,1.548,5.334,3.786,7100,W BUSCH BLVD,6,5.608,0.1282,5.950,67698791,0.209949
10340000,Hillsborough,0.756,1.265,0.509,26500,N MAC DILL AV,4,1.724,0.3235,3.264,33970787,0.137104
15000187,Pinellas,0.0,2.465,2.465,5500,SR-60 / GULF  TO BAY,1,3.110,0.2095,1.442,34144564,0.098422
10340000,Hillsborough,10.752,11.892,1.14,48000,10075338 SB ON,14,8.270,0.1497,13.142,137812320,0.179438
02030000,Citrus,0.0,1.914,1.914,14300,HERNANDO CO LINE,11,4.999,0.1661,10.004,68931849,0.180015
15030000,Pinellas,10.029,10.666,0.637,21500,N/A,3,3.330,0.3035,3.100,34492117,0.132147
15000089,Pinellas,5.053,7.631,2.578,32000,98 ST N,29,13.854,0.0951,27.560,207766176,0.310129
10090000,Hillsborough,4.117,5.113,0.996,41500,LEMON AVE,5,6.488,0.1832,5.273,104099679,0.070393
10000632,Hillsborough,0.0,8.281,8.281,8400,KEYSVILLE RD,9,13.631,0.0570,9.264,175187867,0.113620
10110000,Hillsborough,16.491,19.498,3.007,28000,TURKEY CREEK RD,15,13.702,0.0677,14.912,212047626,0.199125
14130000,Pasco,0.851,1.602,0.751,18700,SR-52/MERIDIAN AVE,2,3.507,0.2927,2.441,35369058,0.104941
10260000,Hillsborough,2.695,3.681,0.986,28500,HARNEY RD,2,6.475,0.1831,2.819,70772369,0.087975
14030020,Pasco,0.0,0.859,0.859,16400,PINELLAS/PASCO CO LN,14,2.815,0.3409,10.188,35479621,0.342775
02010000,Citrus,11.685,12.215,0.53,26700,N/A,5,3.302,0.3054,4.481,35639293,0.174758
08000029,Hernando,0.0,3.683,3.683,27000,MARINER COMMONS,49,17.454,0.0770,46.572,250442158,0.290010
10200000,Hillsborough,4.272,10.934,6.662,19200,KNIGHTS GRIFFIN RD,30,31.781,0.0437,30.078,322142342,0.253392
02030000,Citrus,1.914,5.66,3.746,19029,US-98 / SR-700 /PONC,26,12.397,0.0743,24.989,179525314,0.182920
15150000,Pinellas,29.68,31.275,1.595,80500,N/A,24,17.429,0.0540,23.645,323369104,0.115765
15000079,Pinellas,0.0,2.917,2.917,4900,INDIAN ROCKS RD,0,3.423,0.1941,0.664,35997676,0.030474
15061000,Pinellas,1.764,2.693,0.929,46500,58 ST,11,9.067,0.1380,10.733,108795422,0.161153
15090000,Pinellas,0.895,1.891,0.996,29000,US-19A/SR595/5 AVE N,13,6.634,0.1795,11.857,72744354,0.196897
08000017,Hernando,4.161,7.089,2.928,14800,CR-572/POWELL RD,8,6.878,0.1070,7.880,109137686,0.127164
10060000,Hillsborough,14.269,17.212,2.943,29500,CR-672/BIG BEND RD,24,19.874,0.0681,23.719,218652392,0.171745
10070000,Hillsborough,0.0,2.02,2.02,21500,SR-60,8,10.560,0.1208,8.309,109378455,0.133799
10090000,Hillsborough,5.638,7.738,2.1,20700,S KINGSWAY RD,6,8.175,0.1511,6.329,109479195,0.167920
10160000,Hillsborough,9.162,9.539,0.377,38500,CR-685A/VAN DYKE RD,4,3.158,0.3149,3.735,36554768,0.145815
10000107,Hillsborough,0.957,6.302,5.345,16300,N/A,28,17.436,0.0771,27.186,219420535,0.267556
15060000,Pinellas,0.25,1.884,1.634,17900,9 AVE N,6,5.713,0.2031,5.942,73662599,0.151078
14000116,Pasco,1.023,4.286,3.263,9000,N/A,9,5.609,0.1281,8.565,73960790,0.148209
02000046,Citrus,0.0,6.836,6.836,4300,W MUSTAGE BLVD,9,7.391,0.1003,8.838,74030804,0.256521
10472503,Hillsborough,0.0,1.313,1.313,11200,22ND ST,1,2.801,0.2622,1.472,37036054,0.092636
10340000,Hillsborough,7.285,8.084,0.799,37000,10190085 WB ON,11,6.481,0.1830,10.173,74454415,0.223197
10150000,Hillsborough,10.814,12.345,1.531,58000,N ARMENIA AVE,9,17.868,0.0751,9.666,223637763,0.092868
10130000,Hillsborough,5.0,6.796,1.796,33000,SR-573/DALE MABRY HW,4,13.280,0.0985,4.914,149266458,0.066396
14120000,Pasco,21.393,23.381,1.988,30000,BELLAMY BROTHERS BLV,22,13.609,0.0964,21.191,150203340,0.266073
08520000,Hernando,0.0,9.267,9.267,9700,PASCO CO LINE(PIPES),26,20.589,0.0660,25.643,226387713,0.226763
10150000,Hillsborough,9.484,10.814,1.33,68000,N/A,8,17.654,0.0760,8.733,227773140,0.067530
15045000,Pinellas,0.606,1.402,0.796,19000,SR-60 WB/COURT ST,10,2.187,0.2737,7.862,38089794,0.345057
02030000,Citrus,9.83,12.251,2.421,25000,W LONGFELLOW ST,11,10.044,0.0902,10.914,152432212,0.088813
14610000,Pasco,1.004,2.626,1.622,28000,SR-56,13,10.501,0.1214,12.696,114380196,0.134088
15004501,Pinellas,0.0,6.154,6.154,32000,SR-688/ULMERTON RD,45,33.071,0.0422,44.497,495963168,0.171368
10000112,Hillsborough,0.0,1.548,1.548,9800,W SLIGH AVE,1,3.465,0.2958,1.729,38206652,0.105469
10030000,Hillsborough,1.002,2.267,1.265,48000,N/A,16,12.667,0.1028,15.657,152923320,0.119653
14000071,Pasco,0.0,2.68,2.68,5700,US-19,21,3.458,0.1925,17.623,38472606,0.513043
08507000,Hernando,0.0,9.283,9.283,3300,US-41/SR-45/BROAD ST,9,8.499,0.0884,8.956,77151477,0.249410
10240000,Hillsborough,1.771,2.884,1.113,13800,E SLIGH AVE,5,2.502,0.2478,4.381,38682649,0.157402
10000272,Hillsborough,0.0,0.732,0.732,42000,SMITTER RD,5,4.810,0.2323,4.956,77428764,0.124178
10003100,Hillsborough,0.431,1.344,0.913,16900,BRANDON PKWY,4,3.059,0.3224,3.697,38859699,0.191845
15010000,Pinellas,16.559,17.066,0.507,30500,N/A,5,3.517,0.2921,4.567,38944825,0.162978
10340000,Hillsborough,4.31,5.578,1.268,24500,SR-585/N 22 ST,8,7.368,0.1646,7.896,78239721,0.224024
10130000,Hillsborough,4.259,5.0,0.741,42000,MANHATTAN AVE,6,6.660,0.1789,6.118,78380757,0.146200
10060000,Hillsborough,4.491,7.603,3.112,25000,COCKROACH BAY RD,32,18.381,0.0732,31.003,195939300,0.291119
02580000,Citrus,0.0,7.115,7.115,4400,N FLORIDA AVE,4,7.804,0.0955,4.363,78844161,0.144239
10000067,Hillsborough,0.0,3.262,3.262,4800,LUMSDEN RD,1,3.779,0.1791,1.498,39433666,0.088501
15070000,Pinellas,5.217,6.153,0.936,33500,N/A,4,7.006,0.1716,4.516,78970086,0.115325
10340000,Hillsborough,1.265,2.653,1.388,34000,N ARMENIA AVE,12,10.514,0.1213,11.820,118853052,0.158985
15000308,Pinellas,0.267,5.525,5.258,9000,18 AVE S,19,9.038,0.0836,18.167,119180457,0.173386
10000049,Hillsborough,0.602,2.524,1.922,16500,W NASSAU ST,5,4.834,0.1457,4.976,79869191,0.086584
10130000,Hillsborough,8.521,9.137,0.616,51500,SR-60/W KENNEDY BLVD,4,6.530,0.1818,4.460,79896894,0.079667
15008500,Pinellas,0.0,4.122,4.122,15400,S FT HARRISON AVE,18,12.893,0.1014,17.482,159871358,0.157670
15007000,Pinellas,3.041,3.785,0.744,43000,S MISSOURI AVE,8,6.816,0.1756,7.792,80571852,0.125981
15530000,Pinellas,2.195,4.517,2.322,34500,73 AVE,25,17.799,0.0754,24.457,201754517,0.160851
14090000,Pasco,12.313,16.075,3.762,30000,N/A,54,13.771,0.0565,51.728,284237910,0.320916
14090000,Pasco,22.458,25.267,2.809,11500,16 ST,19,5.632,0.1277,17.293,81356365,0.241774
15035000,Pinellas,3.694,4.192,0.498,32500,15035005 WB OFF,1,2.567,0.2794,1.438,40761923,0.082205
10360000,Hillsborough,0.0,0.282,0.282,57500,US-41B/SR-685/N FLOR,4,2.338,0.3837,3.362,40837477,0.117505
10120000,Hillsborough,2.774,5.042,2.268,43000,10075003 SB ON,28,15.166,0.0876,26.876,245614194,0.212529
15030000,Pinellas,8.098,8.505,0.407,40000,15030055 NB OFF,14,3.516,0.2921,10.937,41001180,0.410186
14030000,Pasco,2.511,3.028,0.517,63000,MOOG RD,23,4.611,0.1776,19.735,82030063,0.265763
10000196,Hillsborough,0.0,1.448,1.448,11300,SEVERN AVE,1,2.871,0.2231,1.417,41208704,0.080152
15000151,Pinellas,0.897,2.388,1.491,11000,9 AVE S,10,3.636,0.2859,8.180,41305918,0.331097
08090000,Hernando,0.0,3.108,3.108,5300,PONCE DE LEON BLVD,7,4.415,0.2479,6.359,41485739,0.278031
10110000,Hillsborough,0.0,1.2,1.2,27500,N 22 ST,1,7.656,0.1594,2.061,83110500,0.039173
08000008,Hernando,0.0,4.825,4.825,27500,SPRINGHILL DR,50,23.178,0.0591,48.415,334173469,0.184414
10040000,Hillsborough,13.393,15.446,2.053,40500,CR-583A/SUNSET LN,17,17.917,0.0749,17.069,209404460,0.169102
10030000,Hillsborough,16.9,18.061,1.161,14378,N/A,1,4.383,0.2488,1.842,42040963,0.102073
15000089,Pinellas,1.013,4.297,3.284,5100,102 AVE N,2,4.534,0.2430,2.616,42180845,0.136949
14000100,Pasco,0.0,2.249,2.249,14900,SR-54,13,5.305,0.1345,11.965,84395187,0.222142
10010000,Hillsborough,16.7,18.495,1.795,56000,RIVERVIEW DR,28,9.723,0.0782,26.572,253159620,0.135462
15040000,Pinellas,4.44,5.732,1.292,52000,SR-55/US-19,40,9.831,0.0920,37.226,169202904,0.261578
15000107,Pinellas,0.0,4.546,4.546,18500,PARK ST,36,16.286,0.0820,34.383,211808368,0.197545
10000600,Hillsborough,0.0,1.621,1.621,10400,43 ST,3,3.051,0.2127,3.011,42457880,0.104261
10770000,Hillsborough,0.0,4.771,4.771,42500,SHELDON ROAD,29,31.629,0.0440,29.116,510669949,0.121232
08000050,Hernando,5.383,9.951,4.568,18500,OLD SHADY HILLS RD,39,12.344,0.0626,37.331,212833398,0.268790
10509000,Hillsborough,0.0,5.763,5.763,8800,N DOVER RD,10,9.768,0.0778,9.982,127724216,0.195164
10526000,Hillsborough,0.044,4.678,4.634,7300,HAKSTONE TRAIL BLVD,4,6.985,0.1056,4.315,85196322,0.132006
15240000,Pinellas,1.56,1.842,0.282,60000,I-275/SR-93 SB,11,2.416,0.2918,8.495,42613020,0.247278
10090000,Hillsborough,12.409,14.111,1.702,10000,CR-574B / TURKEY CRE,3,3.868,0.2734,3.237,42864870,0.158986
15000017,Pinellas,0.0,2.011,2.011,17000,PALM HARBOR BLVD,7,6.767,0.1770,6.959,86099960,0.146599
15000180,Pinellas,0.0,4.086,4.086,21000,HAINES RD N,26,11.956,0.0645,25.094,216102411,0.205850
15090000,Pinellas,2.903,4.403,1.5,34500,N/A,16,11.498,0.1121,15.495,130332375,0.176685
02010000,Citrus,16.531,18.1,1.569,22000,N INDEPENDENCE HWY,10,8.357,0.1480,9.757,86933583,0.141314
10110000,Hillsborough,13.487,16.491,3.004,34500,S DOVER RD,11,16.272,0.0577,11.304,261012303,0.087766
10075325,Hillsborough,0.511,1.792,1.281,27000,N/A,4,5.664,0.1495,4.249,87107360,0.098368
10533000,Hillsborough,0.0,3.459,3.459,15000,SR-60,3,8.194,0.0914,3.475,130672372,0.055980
10160000,Hillsborough,0.0,1.035,1.035,67000,BEG OF BR100014,7,13.575,0.0966,7.635,174645382,0.058070
15020000,Pinellas,3.206,5.082,1.876,18500,BROADWAY,4,5.070,0.1399,4.150,87407061,0.067753
08040000,Hernando,3.877,5.089,1.212,43000,CR-587/MARINER BLVD,37,7.879,0.1122,33.733,131254146,0.310850
14050000,Pasco,14.976,16.633,1.657,21000,DADE CITY BUSINESS,17,8.499,0.1459,15.760,87636244,0.263131
10504000,Hillsborough,3.598,5.481,1.883,37000,N NEBRASKA AVE,7,11.267,0.1144,7.488,175466414,0.056686
14070001,Pasco,14.989,19.849,4.86,7200,FRAZEE HILL RD,16,7.262,0.1019,15.109,88127352,0.309218
15000084,Pinellas,0.0,1.738,1.738,10100,SR-688 / WALSSINGHAM,3,3.212,0.2042,3.043,44209245,0.144915
08510000,Hernando,1.001,8.717,7.716,4600,CR-484/FT DADE AVE,13,8.703,0.0865,12.628,89390632,0.221348
10515000,Hillsborough,0.0,1.644,1.644,10800,SR-574/MLK JR BLVD,1,3.169,0.2064,1.448,44716471,0.051150
10330000,Hillsborough,0.911,1.901,0.99,36000,SR-574/MLK JR BLVD,13,7.855,0.1560,12.198,89759340,0.164153
15090000,Pinellas,7.645,9.992,2.347,46082,DERBY LANE ENTR,14,16.158,0.0580,14.125,272386992,0.079740
15502500,Pinellas,0.0,3.794,3.794,28500,CR-694 / PARK BLVD,28,18.714,0.0722,27.330,272322886,0.129523
15000254,Pinellas,0.0,1.473,1.473,24500,CENTRAL AVE,13,6.496,0.1831,11.809,90888887,0.250215
15140000,Pinellas,0.0,2.191,2.191,16500,150 AVE,1,9.246,0.1357,2.119,91047553,0.036765
02590000,Citrus,0.0,6.964,6.964,2600,433FT FR TRACHEL CT,5,5.490,0.1306,5.064,45600968,0.215444
10000218,Hillsborough,0.0,2.02,2.02,9000,LAKEWOOD DR,4,3.472,0.1919,3.899,45786330,0.171727
15000272,Pinellas,0.0,2.937,2.937,6200,SR-590/PHILIPPE PKWY,14,3.995,0.1710,12.289,45860374,0.319884
10260000,Hillsborough,1.083,2.695,1.612,34000,MAPLE LN,3,12.211,0.1062,3.978,138033948,0.060676
15000264,Pinellas,0.0,6.78,6.78,13500,54 AVE N,24,19.238,0.0703,23.665,230518305,0.137610
15061000,Pinellas,5.947,6.946,0.999,37000,CR-346/126 AVE N,3,8.104,0.1519,3.775,93091315,0.059623
15010000,Pinellas,1.755,2.51,0.755,24500,25 ST N,1,2.434,0.2530,1.363,46585954,0.046216
14571000,Pasco,2.945,3.282,0.337,55000,CROSSINGS BLVD,12,3.768,0.2781,9.711,46680398,0.254511
10110000,Hillsborough,9.439,9.706,0.267,69500,S PARSONS AVE,7,2.583,0.2782,5.771,46734545,0.223997
14580000,Pasco,0.0,3.019,3.019,12300,US-19,20,6.314,0.1155,18.420,93521223,0.222249
10822000,Hillsborough,0.265,6.216,5.951,12500,BMP BR 100026,11,12.573,0.0615,11.097,187344919,0.166599
15000260,Pinellas,0.0,1.757,1.757,42500,CR-611/49 ST N,6,11.312,0.0809,6.430,188062691,0.046399
10000036,Hillsborough,0.0,2.256,2.256,8300,S WEST SHORE BLVD,1,3.686,0.1828,1.491,47158409,0.049948
10000014,Hillsborough,0.0,1.542,1.542,12200,PAUL BUCHMAN HWY,1,5.097,0.2217,1.908,47379029,0.063624
15000182,Pinellas,0.0,1.377,1.377,27500,77 AV N,6,6.615,0.1804,6.111,95369299,0.120015
08050000,Hernando,0.0,6.117,6.117,6200,DAN BROWN HILL RD,8,9.759,0.1298,8.228,95515120,0.112221
15030000,Pinellas,0.789,1.548,0.759,50000,SE HIGHLAND AVE,4,7.856,0.1559,4.601,95577075,0.068705
08000010,Hernando,0.0,5.307,5.307,17900,SPRING HILL DR,28,18.554,0.0727,27.313,239245663,0.172137
02070000,Citrus,0.0,11.893,11.893,11200,N SUNCOAST BLVD,35,29.390,0.0472,34.735,335468230,0.183788
10523000,Hillsborough,0.0,4.525,4.525,12700,US-41/SR-45,24,9.656,0.0787,22.872,144731899,0.211827
10535000,Hillsborough,0.0,1.57,1.57,24500,CR-574 / E BROADWAY,6,5.061,0.1401,5.868,96874102,0.082213
10040000,Hillsborough,11.614,12.378,0.764,50500,WHITAKER RD,8,7.971,0.1540,7.996,97168767,0.182657
15180500,Pinellas,0.0,2.327,2.327,16600,GULF BLVD,7,7.694,0.1591,7.110,97285122,0.097083
15000409,Pinellas,0.0,4.304,4.304,9000,CR-1/PARK ST,13,7.398,0.1003,12.438,97556616,0.199773
10250000,Hillsborough,3.189,5.374,2.185,35500,N/A,4,17.140,0.0781,5.026,195353749,0.036716
14000070,Pasco,0.0,3.102,3.102,44000,VILLA ENTRADA,39,14.442,0.0540,37.674,343745028,0.149490
02030000,Citrus,8.055,9.83,1.775,22000,GROVER CLEVELAND B,13,6.624,0.1307,12.167,98347425,0.149443
02050000,Citrus,0.0,2.378,2.378,33000,SUNCOAST BLVD,10,12.416,0.0742,10.179,197636769,0.064851
15150000,Pinellas,24.58,25.839,1.259,78000,N/A,36,13.403,0.0691,34.438,247321737,0.244406
15000164,Pinellas,0.0,1.968,1.968,10000,COFFEE POT BLVD NE,1,3.614,0.1857,1.486,49564080,0.047353
10110000,Hillsborough,4.099,5.048,0.949,41500,CR-573,5,8.447,0.1466,5.505,99187345,0.107685
14570101,Pasco,0.0,0.386,0.386,51500,SPRING HAVEN BLVD,15,4.092,0.2618,12.144,50065262,0.286393
08020000,Hernando,11.91,13.975,2.065,19300,HEXAM RD,9,6.914,0.1259,8.737,100373558,0.187035
14010000,Pasco,1.427,3.919,2.492,48000,SPUR,31,24.954,0.0550,30.668,301252896,0.128230
10180000,Hillsborough,0.376,1.826,1.45,27500,INTERBAY BLVD,8,6.965,0.1729,7.821,100425188,0.101453
10525503,Hillsborough,0.0,2.023,2.023,19800,SR-580 / W HILLSBORO,10,7.621,0.1604,9.618,100879525,0.120051
14091000,Pasco,10.613,13.609,2.996,13400,N/A,10,10.683,0.1196,10.082,101108708,0.207852
15200001,Pinellas,1.424,2.97,1.546,26000,SR679/PINELLAS BAYWA,8,9.426,0.1334,8.190,101233626,0.179592
10000009,Hillsborough,0.0,3.795,3.795,16000,BMP UP# 100420,13,12.211,0.1065,12.916,152923320,0.192958
15000064,Pinellas,0.0,3.376,3.376,6000,BELLEAIR RD,5,4.499,0.1549,4.922,51014736,0.134102
10000270,Hillsborough,0.0,4.898,4.898,29000,SHELDON RD,22,24.472,0.0561,22.139,357732777,0.148638
15009000,Pinellas,1.296,2.063,0.767,26500,CR-1,2,3.585,0.2888,2.458,51189772,0.106025
15230000,Pinellas,1.129,2.171,1.042,39000,N/A,5,8.820,0.1413,5.540,102346803,0.075227
14000009,Pasco,0.0,3.075,3.075,6700,EAST RD,6,4.392,0.1580,5.746,51887396,0.150284
15020000,Pinellas,1.126,2.59,1.464,14100,US-19A/N MYRTLE AVE,0,4.290,0.2533,1.087,51987884,0.034518
10020000,Hillsborough,9.682,11.211,1.529,27000,SR-678/E BEARSS AVE,3,9.611,0.1312,3.867,103971236,0.101922
10010000,Hillsborough,18.829,20.141,1.312,63000,10075323 NB ON,13,16.372,0.0814,13.275,208169136,0.122800
15240000,Pinellas,0.0,0.66,0.66,63000,WEST END BR# 150125,5,8.236,0.1498,5.485,104719230,0.072793
10120000,Hillsborough,1.69,2.774,1.084,38500,21 ST SE,14,6.679,0.1789,12.690,105107079,0.144130
10160000,Hillsborough,6.818,9.162,2.344,44500,HOEDT RD,13,22.077,0.0617,13.560,262699698,0.099401
10000604,Hillsborough,0.0,0.664,0.664,31500,ANCHOR PLAZA PKWY,4,3.527,0.2921,3.862,52676946,0.147847
10000221,Hillsborough,0.0,1.5,1.5,14000,FALKENBURG RD,4,3.403,0.1950,3.884,52888500,0.104793
15120000,Pinellas,10.169,10.566,0.397,53000,N/A,1,4.307,0.2520,1.834,52991759,0.054665
10130000,Hillsborough,11.05,12.024,0.974,65000,SR-574/DR MLK BLVD,6,12.465,0.1043,6.674,159446235,0.121591
08000005,Hernando,0.0,2.856,2.856,7400,ANDERSON SNOW BLVD,6,4.342,0.1596,5.735,53226986,0.201823
08080000,Hernando,8.121,11.98,3.859,5500,N/A,19,6.694,0.1782,16.807,53453903,0.447131
15000033,Pinellas,1.046,2.982,1.936,11000,ERIN LN,2,3.775,0.1792,2.318,53633976,0.065717
02050000,Citrus,3.443,6.811,3.368,19000,N ROCK CRUSHER RD,22,11.132,0.0821,21.108,161163852,0.179434
02050000,Citrus,15.906,16.668,0.762,28000,C581/S PLEASNT GR RD,3,2.671,0.2358,2.922,53734716,0.079961
10790000,Hillsborough,0.0,1.895,1.895,11300,INTERBAY BLVD,6,3.758,0.1799,5.597,53929900,0.194373
02000025,Citrus,0.0,2.412,2.412,8900,W GULF TO LAKE HWY,1,4.117,0.1668,1.520,54064136,0.044419
15061000,Pinellas,0.942,1.764,0.822,52500,N/A,8,8.850,0.1409,8.120,108685868,0.097321
10250000,Hillsborough,1.153,3.189,2.036,21500,CR-573/S 78 ST,7,8.152,0.1515,7.175,110244819,0.118041
10000350,Hillsborough,1.092,3.396,2.304,19000,W AZEELE ST,6,8.419,0.1474,6.357,110249856,0.137733
14570000,Pasco,5.137,8.115,2.978,51500,N/A,66,31.568,0.0440,64.487,386254790,0.270776
14501000,Pasco,1.381,6.363,4.982,4400,ANCLOTE GULF PARK,4,5.464,0.1311,4.192,55207535,0.108364
14000087,Pasco,0.0,9.005,9.005,44000,KING HELIE BLVD,134,84.041,0.0170,133.152,997880070,0.176500
10821000,Hillsborough,0.499,4.007,3.508,44000,N NEBRASKA AVE,12,23.861,0.0575,12.682,388735512,0.088874
08010000,Hernando,8.142,8.975,0.833,26500,SR-50/CORTEZ BLVD,10,5.158,0.2196,8.937,55594628,0.268739
10000005,Hillsborough,0.0,5.904,5.904,7500,BALM RD,36,9.051,0.0835,33.750,111519180,0.368300
10030000,Hillsborough,3.522,4.057,0.535,41500,SR-583/N 56 ST,10,4.762,0.2336,8.777,55916996,0.262404
15030000,Pinellas,9.3,10.029,0.729,30500,I-275/SR-93 SB,1,2.696,0.2341,1.397,55997588,0.039420
10000365,Hillsborough,0.0,1.569,1.569,14200,LAKEWOOD DR,5,3.591,0.1867,4.737,56111676,0.163782
10670000,Hillsborough,0.0,5.488,5.488,28500,W HILLSBOROUGH AVE,18,27.069,0.0510,18.463,393913548,0.081398
10504000,Hillsborough,0.0,0.494,0.494,45500,DALE MABRY HWY,3,3.445,0.2971,3.132,56608324,0.116475
10590000,Hillsborough,0.0,3.809,3.809,47500,SR-580 / E BUSCH BLV,15,18.607,0.0424,15.153,455665909,0.072202
10140000,Hillsborough,7.58,8.048,0.468,48500,OBRIEN ST,1,4.726,0.2350,1.875,57164913,0.051831
10000146,Hillsborough,0.0,5.942,5.942,34500,US-301,52,33.759,0.0413,51.246,516289982,0.151472
08020000,Hernando,1.087,4.76,3.673,43500,HUNTERS LAKE RD,67,24.107,0.0397,65.299,402394597,0.226808
10080001,Hillsborough,5.488,9.803,4.315,5300,N 22 ST,13,5.319,0.1342,11.969,57596836,0.251034
15080500,Pinellas,0.0,4.712,4.712,19500,CR-1/OMAHA ST,37,13.161,0.0589,35.595,231409854,0.186043
15000114,Pinellas,0.0,4.719,4.719,14900,CENTRAL AVE,12,11.132,0.0689,11.940,177083542,0.133090
15010000,Pinellas,6.068,7.657,1.589,29500,SR-693/66 ST N,16,10.731,0.1191,15.372,118055947,0.234845
14000054,Pasco,0.0,2.113,2.113,11100,US-19,23,4.143,0.1659,19.871,59069655,0.455747
10528000,Hillsborough,0.0,4.102,4.102,17200,EHRLICH RD,5,10.589,0.0722,5.404,177691256,0.075733
15010000,Pinellas,11.247,13.518,2.271,41500,66 AVE N,7,20.215,0.0670,7.885,237359810,0.076386
08470000,Hernando,0.0,3.46,3.46,27300,PASCO COUNTY LINE,16,15.440,0.0606,15.966,237892473,0.163659
10290000,Hillsborough,4.019,6.184,2.165,65500,SR-583/N 56 ST,28,27.880,0.0495,27.994,357142189,0.101163
14070001,Pasco,19.849,21.824,1.975,12100,FROM RAMP 14140013,4,5.168,0.2198,4.257,60185854,0.100935
14040000,Pasco,0.0,0.84,0.84,28500,COUNTY LINE RD,4,3.884,0.2040,3.976,60292890,0.094122
15509000,Pinellas,0.0,2.519,2.519,19000,34 ST S,15,9.204,0.1366,14.209,120537928,0.178095
10010000,Hillsborough,22.51,24.058,1.548,46500,SR-60/ADAMO DR E,6,15.108,0.0876,6.798,181286667,0.089584
14000076,Pasco,0.0,6.613,6.613,18200,SR-52,30,21.092,0.0451,29.598,303118097,0.144106
02050000,Citrus,17.626,21.762,4.136,35000,US41/SR45/44/S US 41,19,22.673,0.0421,19.154,364578060,0.119575
15010000,Pinellas,17.066,21.212,4.146,17500,SR-686/EAST BAY DR,14,10.820,0.0708,13.775,182729768,0.141843
15150000,Pinellas,25.839,27.662,1.823,93000,N/A,54,22.450,0.0425,52.660,426983972,0.153856
08508000,Hernando,0.0,5.292,5.292,4600,COMMERCIAL WAY,3,6.769,0.1770,3.667,61308349,0.125917
10000090,Hillsborough,0.0,3.753,3.753,26000,US-92 / SR-600 / DAL,15,17.296,0.0776,15.178,245750193,0.093315
10000645,Hillsborough,2.693,6.042,3.349,36500,TRANQUILITY OAKS DR,12,19.008,0.0498,12.349,307857662,0.064125
14000114,Pasco,0.0,7.845,7.845,25000,BROAD ST,42,35.119,0.0398,41.726,493940812,0.139620
15150000,Pinellas,9.23,11.096,1.866,79000,N/A,28,20.075,0.0472,27.626,371262159,0.112197
10780000,Hillsborough,0.0,5.522,5.522,8900,S CR-39,14,11.511,0.1123,13.721,123773697,0.170457
14090000,Pasco,1.786,3.631,1.845,80000,COLLIER PKWY,32,20.057,0.0473,31.435,371730600,0.122348
14010000,Pasco,4.976,6.653,1.677,44000,CR-583/EHREN CUTOFF,13,15.651,0.0849,13.225,185835078,0.137044
15150098,Pinellas,0.0,6.746,6.746,11000,US-19/SR-55,10,13.153,0.0590,10.186,186887811,0.113613
08000043,Hernando,0.0,6.356,6.356,7800,COUNTY LINE RD,13,9.987,0.0762,12.770,124859171,0.160253
14120000,Pasco,9.257,11.515,2.258,33000,14470012 SB ON,34,16.697,0.0800,32.616,187663509,0.279480
10340000,Hillsborough,3.317,4.31,0.993,25000,SR-45/N NEBRASKA AVE,5,5.865,0.1984,5.172,62521762,0.114960
15100000,Pinellas,2.202,4.023,1.821,13700,69 AVE,5,6.611,0.1800,5.290,62830782,0.117013
14570000,Pasco,4.344,4.913,0.569,44000,N/A,2,5.310,0.2146,2.711,63053166,0.065363
10030102,Hillsborough,0.0,0.964,0.964,26000,ORIENT RD,0,4.131,0.1942,0.802,63123684,0.020985
10002000,Hillsborough,5.111,5.5,0.389,65000,Bridge No-100332,3,3.532,0.2919,3.155,63680273,0.104304
15000044,Pinellas,0.0,2.544,2.544,10000,GULF TO BAY BLVD,3,5.781,0.2011,3.559,64070640,0.081677
10130000,Hillsborough,9.137,10.033,0.896,57000,N/A,5,10.311,0.1234,5.655,128624832,0.085300
14610000,Pasco,0.0,1.004,1.004,51000,COUNTY LINE RD,25,7.617,0.1604,22.211,128957274,0.187926
02050000,Citrus,11.514,13.564,2.05,37500,S TRAIL 13,13,11.899,0.0772,12.915,193609688,0.128458
14572000,Pasco,0.422,1.774,1.352,57000,TRINITY BLVD,19,15.558,0.0853,18.706,194085684,0.137061
10180500,Hillsborough,0.0,4.506,4.506,5700,S HOADLEY ST,3,6.755,0.1773,3.666,64685658,0.083317
15140501,Pinellas,0.0,3.12,3.12,16500,BELLEAIR BEACH CSWY,4,13.166,0.0993,4.910,129652380,0.076376
14090000,Pasco,9.312,11.635,2.323,55500,SR-581,47,26.162,0.0526,45.905,324701390,0.162500
10700000,Hillsborough,5.117,12.971,7.854,9900,CR-587/GUNN HWY,4,17.715,0.0759,5.041,195824960,0.051919
15150000,Pinellas,8.843,9.23,0.387,67000,CR-691/HAINES RD,5,3.632,0.2151,4.706,65302187,0.100152
02505000,Citrus,0.0,10.803,10.803,19400,W GULF TO LAKE HWY,43,40.086,0.0350,42.898,527822697,0.120464
15120000,Pinellas,4.545,6.053,1.508,69500,US-19A / SR-595,15,20.374,0.0665,15.357,263953911,0.087905
10075000,Hillsborough,21.665,22.862,1.197,109500,N/A,12,16.876,0.0557,12.272,330103573,0.101273
15002000,Pinellas,0.049,0.705,0.656,40000,N/A,1,4.017,0.1986,1.599,66085440,0.056389
10190007,Hillsborough,0.0,0.317,0.317,83000,I-275/SR-93 NB,0,3.553,0.2189,0.778,66264254,0.019377
08020000,Hernando,13.975,19.514,5.539,14300,CR-476/CENTRALIA RD,34,12.734,0.0608,32.707,199484592,0.232892
10310000,Hillsborough,4.847,5.461,0.614,43000,CR-581 / N 30 ST,5,5.625,0.2051,5.128,66493437,0.107185
10000150,Hillsborough,0.0,2.4,2.4,11000,RIVERVIEW DR,1,4.679,0.1498,1.551,66488400,0.054363
14070000,Pasco,5.35,8.183,2.833,9400,14070015 SB OFF,9,7.582,0.1607,8.772,67068159,0.167386
15150000,Pinellas,22.551,24.58,2.029,105000,Bridge No-150209,72,27.629,0.0348,70.457,536553832,0.192502
10075000,Hillsborough,20.081,21.665,1.584,118500,Bridge No-100486,17,23.842,0.0401,17.274,472732524,0.109321
10530000,Hillsborough,0.0,20.553,20.553,13100,MANATEE COUNTY LINE,34,57.034,0.0249,34.573,678091770,0.129811
15120000,Pinellas,11.472,12.913,1.441,37500,15030056 SB ON,18,11.817,0.1094,17.324,136093444,0.183541
14560000,Pasco,1.02,6.651,5.631,4800,PARKWAY BLVD,8,7.433,0.1638,7.907,68072033,0.151318
10010000,Hillsborough,24.816,25.614,0.798,34000,E DR MLK JR BLVD,5,6.045,0.1936,5.202,68331942,0.105810
10010000,Hillsborough,25.614,26.253,0.639,42500,10190099 EB ON,7,5.799,0.2002,6.759,68396164,0.131274
15150200,Pinellas,0.027,4.987,4.96,11000,DONOVAN'S PARK,7,15.076,0.0878,7.709,137409360,0.074523
10000363,Hillsborough,0.0,3.56,3.56,23000,W TAMPA BAY BLVD,17,14.983,0.0885,16.821,206214780,0.144292
02050000,Citrus,13.564,15.906,2.342,35000,S CROFT AVE,24,12.839,0.0720,23.197,206441445,0.150619
14590000,Pasco,0.0,1.461,1.461,18700,LUMINARIA LN,7,5.276,0.2162,6.627,68807183,0.174700
10110000,Hillsborough,9.706,11.456,1.75,62500,CR-640/LITHIA PC RD,15,15.507,0.0603,15.031,275460938,0.082441
14510000,Pasco,0.0,2.248,2.248,12300,HILLSBOROUGH CO LINE,24,5.954,0.1964,20.455,69637532,0.393733
10190000,Hillsborough,12.858,13.947,1.089,127000,Bridge No-100588,6,23.965,0.0571,7.026,348316105,0.037780
15000445,Pinellas,0.0,4.141,4.141,6700,SR-584/TAMPA RD,3,5.914,0.1223,3.357,69875027,0.101123
10330000,Hillsborough,4.654,6.169,1.515,37000,N/A,18,12.289,0.1056,17.397,141174517,0.141355
15150000,Pinellas,0.867,1.874,1.007,28000,SR-682/54 AVE S,3,4.589,0.1783,3.283,71011626,0.067976
10620000,Hillsborough,0.0,12.71,12.71,8900,E SIDE BRIDGE 104803,11,21.695,0.0366,11.392,284890202,0.081033
10525000,Hillsborough,0.0,4.2,4.2,40500,US-301/SR-43,59,26.868,0.0514,57.349,428396850,0.179325
02050000,Citrus,7.31,11.514,4.204,27000,CR-491/S LECANTO HWY,22,18.589,0.0508,21.827,285869898,0.104604
14120000,Pasco,23.381,26.634,3.253,35000,14140005 SB ON,40,25.227,0.0544,39.196,286743818,0.207655
15150000,Pinellas,1.874,2.879,1.005,28500,38 AVE S,9,4.647,0.1764,8.232,72136136,0.195619
15200001,Pinellas,0.0,1.424,1.424,20200,GULF BLVD,6,7.078,0.1702,6.183,72444149,0.159870
14571000,Pasco,0.0,2.945,2.945,49000,CR-587/GUNN HWY,34,29.986,0.0462,33.815,363432142,0.167070
02520000,Citrus,2.366,11.897,9.531,9100,N/A,14,20.198,0.0672,14.417,218434794,0.146885
10000374,Hillsborough,0.811,3.258,2.447,11900,COUNTRYWAY BLVD,5,5.013,0.1412,5.002,73336957,0.094788
08010000,Hernando,4.498,7.678,3.18,27500,CR-572/POWELL RD,23,20.289,0.0668,22.819,220242825,0.192197
14090000,Pasco,4.641,9.312,4.671,25000,N/A,53,15.249,0.0513,51.064,294097837,0.194904
02100000,Citrus,0.0,3.382,3.382,8700,UNSIGNED,5,5.853,0.1454,5.124,74102833,0.134152
10000366,Hillsborough,0.0,2.265,2.265,13000,W TAMPA BAY BLVD,2,6.250,0.1889,2.803,74157232,0.057468
15150000,Pinellas,31.275,33.146,1.871,63000,N/A,17,16.689,0.0563,16.982,296863151,0.066214
10000129,Hillsborough,0.0,2.746,2.746,21500,N FLORIDA AVE,4,8.155,0.0918,4.381,148689722,0.059427
02000012,Citrus,0.0,3.573,3.573,8300,E ANNA JO DR,1,8.647,0.1437,2.099,74688384,0.044401
10320000,Hillsborough,0.171,0.472,0.301,99000,10190007 EB ON,3,3.904,0.2032,3.184,75048781,0.089303
02000045,Citrus,0.0,5.857,5.857,5100,N CITRUS AVE,0,7.048,0.1047,0.738,75229358,0.016199
10040000,Hillsborough,9.493,11.166,1.673,36000,CR-678/BEARSS AVE,6,13.273,0.0986,6.717,151684218,0.082941
10060000,Hillsborough,12.516,14.269,1.753,34500,PASEO AL MAR BLVD,8,13.437,0.0975,8.530,152315102,0.098634
15000008,Pinellas,0.0,2.531,2.531,12000,CURLEW PL,5,6.582,0.1811,5.287,76491882,0.096052
02080000,Citrus,0.0,25.621,25.621,17800,W HONEYBEE LN,76,89.204,0.0161,76.212,1148571495,0.140004
14140000,Pasco,0.242,1.358,1.116,137000,I-75 NB,28,18.942,0.0499,27.548,385058502,0.107872
14000042,Pasco,0.0,2.55,2.55,12000,VOORHEES RD,9,5.251,0.1357,8.491,77066100,0.141006
10005000,Hillsborough,1.837,2.845,1.008,30500,SR-574 / E MLK JR BL,3,6.993,0.1719,3.686,77428764,0.069996
10000020,Hillsborough,1.534,9.624,8.09,30500,LINEBAUGH AVE,9,29.923,0.0268,9.561,621427282,0.033057
08505000,Hernando,0.0,6.805,6.805,18200,SR-50/CORTEZ BLVD,12,18.202,0.0433,12.269,311918744,0.062880
10030002,Hillsborough,0.0,1.127,1.127,27500,US-92/SR600/BAKER ST,2,7.190,0.1679,2.872,78054611,0.055940
10000153,Hillsborough,0.0,2.832,2.832,11000,THONOTOSASSA RD,1,5.522,0.1299,1.587,78456312,0.031965
15120000,Pinellas,1.192,2.25,1.058,29500,SR-233 / OAKHURST,5,7.145,0.1688,5.362,78604904,0.132344
14000025,Pasco,0.0,2.444,2.444,13000,CR-1/LITTLE RD,11,5.292,0.1348,10.231,80017782,0.158598
10080000,Hillsborough,1.736,2.622,0.886,36000,S HOWARD AVE,1,7.029,0.1711,2.032,80330076,0.039961
08050000,Hernando,6.117,10.312,4.195,30500,US98/SR50/700/CORTEZ,18,20.519,0.0463,18.117,322235779,0.081065
02010000,Citrus,23.552,29.816,6.264,15400,CR-491/N LECANTO HWY,33,15.086,0.0518,32.072,242948614,0.189213
10110000,Hillsborough,7.936,8.942,1.006,64000,S LAKEWOOD DR,17,9.091,0.0987,16.219,162151104,0.146356
14570002,Pasco,0.176,1.66,1.484,43500,OLD CR 54,25,13.722,0.0956,23.921,162579249,0.229937
14000069,Pasco,0.165,6.863,6.698,4900,TOWN CENTRE ENTR,14,7.860,0.0949,13.417,82657674,0.193776
15514000,Pinellas,0.0,5.074,5.074,19400,EAST BAY DR,38,18.828,0.0718,36.624,247910059,0.152224
10508000,Hillsborough,0.0,10.954,10.954,15000,SR-60/BRANDON BLVD,30,33.601,0.0415,30.150,413814735,0.122557
15560000,Pinellas,0.0,5.84,5.84,28500,US-19/SR-55,18,28.805,0.0481,18.520,419179140,0.089752
10110000,Hillsborough,8.942,9.439,0.497,67000,S KINGS AVE,6,4.665,0.1759,5.765,83863531,0.093296
14000049,Pasco,0.0,9.322,9.322,39500,MITCHELL BLVD,79,58.541,0.0243,78.504,927359551,0.080856
10075000,Hillsborough,6.473,13.089,6.616,122000,Bridge No-100346,73,102.013,0.0097,73.280,2032812312,0.113531
15120500,Pinellas,0.0,1.571,1.571,21500,N FRONTAGE RD,11,6.290,0.1879,10.115,85066115,0.194233
14010000,Pasco,9.868,11.342,1.474,23000,N/A,8,8.138,0.1513,8.021,85382187,0.122375
08040000,Hernando,1.377,3.877,2.5,41000,JULY AVE,44,15.624,0.0599,42.300,258146250,0.165869
10000191,Hillsborough,0.0,1.672,1.672,20500,CASEY RD,3,8.410,0.1472,3.796,86324106,0.092578
10000132,Hillsborough,0.0,3.023,3.023,11400,W BUSCH BLVD,3,6.028,0.1203,3.364,86793051,0.056989
10000007,Hillsborough,0.0,2.513,2.513,27500,RHODINE ROAD,19,12.072,0.1076,18.255,174047239,0.119297
08070000,Hernando,4.065,7.026,2.961,23500,08150001 NB OFF,32,11.670,0.0786,30.402,175246045,0.182806
10000367,Hillsborough,0.073,3.368,3.295,10700,N/A,6,6.314,0.1155,6.036,88793495,0.092259
10310000,Hillsborough,1.315,2.817,1.502,47000,N/A,8,14.786,0.0894,8.607,177790989,0.063060
10080500,Hillsborough,0.0,3.077,3.077,23000,GANDY BLVD/US-98,13,12.950,0.1010,12.995,178236764,0.140402
10190000,Hillsborough,15.88,17.423,1.543,161000,N/A,26,29.936,0.0322,26.127,625653325,0.112325
10000645,Hillsborough,7.76,9.715,1.955,18200,RACE TRACK RD,8,6.920,0.1738,7.812,89610748,0.153544
10000028,Hillsborough,2.455,4.354,1.899,37500,S HOWARD AVE,4,11.476,0.1126,4.841,179348681,0.038526
15000320,Pinellas,0.0,2.713,2.713,26500,49 ST S,6,9.187,0.0823,6.262,181066298,0.082623
08000019,Hernando,0.0,4.185,4.185,8600,C-574/SPRING HILL DR,11,6.991,0.1055,10.577,90643334,0.144748
10330000,Hillsborough,2.135,3.15,1.015,35500,N/A,3,7.962,0.1542,3.765,90747851,0.087341
08000017,Hernando,0.0,4.161,4.161,26000,COUNTY LINE RD,20,17.832,0.0529,19.885,272466441,0.102436
10002000,Hillsborough,1.5,2.123,0.623,59000,Bridge No-100312,2,5.263,0.1591,2.519,92572505,0.041375
15000305,Pinellas,5.537,9.527,3.99,18500,CR-752 / TAMPA RD,18,14.294,0.0924,17.657,185903077,0.164953
10091000,Hillsborough,0.0,6.904,6.904,10800,JL REDMAN PKWY,6,20.675,0.0656,6.963,187787419,0.069446
15190000,Pinellas,5.27,6.296,1.026,185000,Bridge No-150121,26,11.769,0.0655,25.068,478036485,0.104985
14090000,Pasco,0.0,1.786,1.786,64000,LAND O LAKES BLVD,33,16.140,0.0581,32.020,287874624,0.159428
10190000,Hillsborough,24.713,26.776,2.063,148000,Bridge No-100599,26,37.329,0.0260,26.294,768958494,0.084138
10060000,Hillsborough,9.184,12.516,3.332,46000,19 AVE NE,21,32.236,0.0431,21.484,386015532,0.062334
10470000,Hillsborough,4.127,4.551,0.424,90400,Bridge No-100532,4,5.100,0.1633,4.180,96533098,0.087320
10000010,Hillsborough,0.0,6.296,6.296,12200,E BEARSS AVE,10,13.100,0.0592,10.184,193449007,0.088008
15030000,Pinellas,2.888,3.557,0.669,57500,N/A,5,7.753,0.1577,5.434,96880399,0.077955
02060000,Citrus,0.0,4.031,4.031,9600,S FLORIDA AVE,3,8.887,0.1407,3.829,97459906,0.082698
10310000,Hillsborough,0.0,1.315,1.315,59000,BEG UNDERPASS 100085,16,15.561,0.0853,15.963,195397822,0.147338
10000185,Hillsborough,0.0,3.048,3.048,12800,BRUCE B DOWNS BLVD,1,6.536,0.1120,1.620,98257766,0.038421
15004503,Pinellas,0.0,3.61,3.61,43500,SR-693 / PASADENA AV,12,24.348,0.0564,12.697,395492648,0.039277
10075324,Hillsborough,1.214,2.727,1.513,26000,N/A,1,6.484,0.1331,1.730,99072753,0.040689
14120000,Pasco,2.012,3.028,1.016,39000,CR-1/LITTLE RD,24,8.600,0.1444,21.776,99793044,0.239530
10000504,Hillsborough,0.0,8.863,8.863,4500,CR-672,8,11.154,0.1154,8.364,100446595,0.146657
02000021,Citrus,0.0,3.13,3.13,12800,E GULF TO LAKE HWY,9,6.712,0.1094,8.750,100901184,0.148646
08000036,Hernando,0.0,2.469,2.469,16500,CR-587/MARINER BLVD,17,6.210,0.1172,15.735,102599912,0.224402
10190000,Hillsborough,17.423,21.163,3.74,142500,CR-579/MANGO RD,40,65.584,0.0150,40.383,1342234575,0.080471
15040000,Pinellas,5.732,9.443,3.711,56000,N/A,17,30.024,0.0321,17.418,523384596,0.038520
02000027,Citrus,0.0,3.073,3.073,13600,W NORVELL BRYANT HWY,8,6.845,0.1075,7.876,105255167,0.131788
10000611,Hillsborough,0.0,1.863,1.863,22500,S ARMENIA AVE,3,5.693,0.1265,3.341,105569224,0.046524
08470000,Hernando,3.46,7.258,3.798,22171,Bridge No-080042,5,14.265,0.0652,5.604,212071446,0.051270
15020000,Pinellas,9.309,11.556,2.247,18800,CR-816/ALDERMAN RD,5,8.146,0.1516,5.477,106390507,0.071547
08020000,Hernando,0.0,1.087,1.087,39000,CR578/COUNTY LINE RD,8,6.517,0.1325,7.804,106766770,0.095212
10190000,Hillsborough,2.153,2.613,0.46,184500,Bridge No-100115,9,9.991,0.0906,9.090,213745095,0.054423
10150000,Hillsborough,7.028,8.412,1.384,62209,EISENHOWER BLVD S,12,17.094,0.0783,12.399,216835939,0.091411
10160000,Hillsborough,2.969,4.818,1.849,70500,10160049 NB ON,15,25.271,0.0543,15.558,328297808,0.071599
10075000,Hillsborough,16.508,20.081,3.573,172000,GIBSONTON DR,50,73.221,0.0134,50.311,1547759286,0.077150
14000048,Pasco,0.0,3.915,3.915,45000,PINELLAS COUNTY LINE,38,37.208,0.0375,37.970,443696738,0.132327
14000121,Pasco,0.0,2.452,2.452,18000,SR597/DALE MABRY HWY,6,6.513,0.1123,6.058,111156516,0.102073
10150000,Hillsborough,1.84,3.46,1.62,54500,COUNTRYWAY BLVD,9,17.978,0.0747,9.671,222358365,0.074552
10120000,Hillsborough,5.042,6.07,1.028,43000,S PEBBLE BEACH BLVD,11,6.874,0.1747,10.279,111327774,0.150823
15000457,Pinellas,0.0,2.673,2.673,16700,SR-580,6,8.877,0.1409,6.405,112423573,0.077323
08070000,Hernando,0.0,4.065,4.065,22000,CR-541/SPRING LK HWY,27,15.170,0.0616,26.271,225229455,0.177897
15520000,Pinellas,0.0,5.168,5.168,17500,SR-688/WALSINGHAM RD,2,13.487,0.0576,2.662,227773140,0.017768
08000040,Hernando,0.0,10.174,10.174,9000,BROAD ST,16,17.489,0.0450,16.067,230608971,0.125658
08000042,Hernando,0.0,2.778,2.778,16500,FREEPORT DR,11,6.987,0.1055,10.576,115440484,0.113647
15150000,Pinellas,13.04,13.578,0.538,85500,Bridge No-150207,3,8.595,0.1445,3.808,115848482,0.048331
15000289,Pinellas,0.0,3.711,3.711,12500,UNSIGNED,3,7.840,0.0951,3.461,116826919,0.062357
15510000,Pinellas,2.779,8.963,6.184,53000,PARK BLVD,32,67.094,0.0212,32.743,825443412,0.049595
10000379,Hillsborough,0.0,3.162,3.162,14900,US-301/ SR-43,59,7.459,0.0995,53.871,118656105,0.445240
15230000,Pinellas,2.171,3.26,1.089,43500,N/A,7,10.070,0.1260,7.387,119305123,0.082241
10130001,Hillsborough,0.0,2.96,2.96,48000,W END OF EB BR 300,1,21.078,0.0451,1.906,357828480,0.008413
14010000,Pasco,3.919,4.976,1.057,45000,HALE RD,11,10.046,0.1262,10.880,119792452,0.112657
15070000,Pinellas,1.782,2.797,1.015,47000,N/A,3,7.249,0.1672,3.711,120145043,0.045406
02030000,Citrus,20.742,25.107,4.365,11000,N/A,6,9.175,0.0979,6.311,120925777,0.097747
10140000,Hillsborough,0.0,5.012,5.012,58000,PINELLAS/HILLS CO LN,18,41.746,0.0233,18.553,732117876,0.058951
08040000,Hernando,7.049,9.862,2.813,17500,CR-484/FT DADE AVE,20,8.685,0.1028,18.836,123979459,0.213246
14050000,Pasco,9.103,11.342,2.239,22000,WIRE RD,30,11.925,0.1085,28.039,124056273,0.286914
15080000,Pinellas,1.006,2.127,1.121,44000,N/A,6,10.462,0.1218,6.544,124222494,0.071489
10010000,Hillsborough,14.175,15.693,1.518,65000,SYMMES RD,27,19.427,0.0695,26.474,248500395,0.138713
14000053,Pasco,0.0,3.528,3.528,14000,CR-1/LITTLE RD,19,8.003,0.0934,17.973,124393752,0.205467
15150000,Pinellas,15.306,16.803,1.497,99000,Bridge No-150194,10,19.415,0.0488,10.459,373249256,0.046848
14000045,Pasco,0.0,5.578,5.578,18000,LIVINGSTON AVE,34,19.582,0.0692,33.002,252867474,0.136419
15100000,Pinellas,4.97,7.289,2.319,22000,107 AVE,4,12.351,0.1052,4.878,128488833,0.076566
10190000,Hillsborough,10.533,12.006,1.473,173500,Bridge No-100673,13,30.404,0.0317,13.552,643641712,0.048102
02010000,Citrus,18.475,23.552,5.077,10100,S200/N CARL ROSE HWY,8,14.401,0.0916,8.586,129142887,0.086608
10000271,Hillsborough,0.0,3.029,3.029,17100,SR-60/W BRANDON BLVD,14,7.791,0.0957,13.406,130447974,0.158025
10680000,Hillsborough,1.611,4.021,2.41,43000,KINGS CROSSING DR,44,16.116,0.0828,41.690,260992155,0.161695
10536000,Hillsborough,0.0,2.534,2.534,20600,BLOOMINGDALE AVE,11,9.830,0.1290,10.849,131466707,0.134802
14140000,Pasco,18.885,20.352,1.467,71500,14140009 SB ON,8,14.531,0.0641,8.419,264166724,0.056129
10010000,Hillsborough,11.171,14.175,3.004,52500,BIG BEND RD,31,32.343,0.0429,31.058,397192635,0.098493
10540000,Hillsborough,0.0,11.845,11.845,17800,S US-301,35,41.240,0.0341,35.213,531003058,0.117707
14571000,Pasco,6.515,8.289,1.774,60000,N/A,17,15.197,0.0615,16.889,268069140,0.111445
15061000,Pinellas,0.0,0.942,0.942,56500,WEST END BR# 150125,12,10.763,0.1188,11.853,134042126,0.108189
15080000,Pinellas,0.0,1.006,1.006,53000,SR-586/CURLEW RD,4,10.915,0.1174,4.812,134281383,0.051137
15012500,Pinellas,0.0,2.945,2.945,18200,GULF BLVD,9,13.454,0.0974,9.434,134989082,0.089435
14610000,Pasco,2.626,4.509,1.883,28500,CHANCEY RD,23,12.366,0.1050,21.883,135156562,0.219352
14510000,Pasco,2.248,12.088,9.84,22000,BRUMWELL DR,35,40.074,0.0350,35.178,545204880,0.079022
02000056,Citrus,0.0,7.969,7.969,6800,NORVELL BRYANT HWY,5,11.488,0.0670,5.434,136475500,0.055341
14140000,Pasco,11.477,18.885,7.408,73500,14140007 NB OFF,55,75.075,0.0131,55.263,1371293028,0.070508
15150000,Pinellas,11.096,13.04,1.944,56000,Bridge No-150055,18,22.053,0.0617,18.250,274173984,0.076356
15120000,Pinellas,7.209,8.114,0.905,60500,ROSE TREE WAY,7,10.929,0.1172,7.461,137894171,0.071866
14110000,Pasco,0.0,2.742,2.742,20000,HILLSBOROUGH CO LINE,18,13.520,0.0969,17.566,138114540,0.145890
10517000,Hillsborough,0.0,2.653,2.653,41500,W HILLSBOROUGH AVE,20,11.906,0.0648,19.476,277285591,0.079258
10110000,Hillsborough,5.048,6.314,1.266,44500,S US-301/SR-43,19,11.924,0.1085,18.232,141884734,0.182735
10320000,Hillsborough,4.311,5.008,0.697,162500,Bridge No-100220,11,13.627,0.0681,11.179,285251606,0.064016
10690000,Hillsborough,0.0,8.597,8.597,33500,US-301,36,47.792,0.0296,36.349,725326741,0.087962
10000028,Hillsborough,0.0,2.455,2.455,23500,GANDY BLVD,2,7.709,0.0966,2.552,145298561,0.038780
10630500,Hillsborough,0.0,3.635,3.635,16100,W GANDY BLVD,6,9.002,0.0839,6.252,147391435,0.057565
15190000,Pinellas,6.296,7.322,1.026,172000,Bridge No-150090,13,11.242,0.0683,12.880,444444732,0.045407
15501000,Pinellas,1.932,4.043,2.111,28000,N/A,13,10.277,0.1241,12.662,148863498,0.102749
10190000,Hillsborough,26.776,27.982,1.206,147000,Bridge No-100601,20,21.700,0.0439,20.075,446484717,0.075477
15000028,Pinellas,0.0,10.663,10.663,61500,SR-580/MAIN ST,62,61.258,0.0133,61.990,1651568078,0.071055
15190000,Pinellas,2.555,3.555,1.0,120000,Bridge No-150154,7,8.741,0.0862,7.150,302220000,0.054399
15000317,Pinellas,0.0,2.503,2.503,24000,26 AV S,7,7.965,0.0938,7.090,151291332,0.062253
10060000,Hillsborough,22.033,23.547,1.514,39694,CR-676A/MADISON AVE,10,13.000,0.1004,10.301,151353579,0.085697
15190000,Pinellas,12.477,13.785,1.308,140000,Bridge No-150102,15,22.603,0.0422,15.321,461187720,0.072128
15190000,Pinellas,3.555,4.506,0.951,129000,Bridge No-150131,6,8.699,0.0866,6.234,308967062,0.037789
14091000,Pasco,0.761,1.487,0.726,85000,WESLEY CHAPEL BLVD,24,8.299,0.1071,22.318,155416635,0.157629
10130000,Hillsborough,10.033,11.05,1.017,61000,COLUMBUS DR,4,12.364,0.1051,4.879,156240185,0.062973
10002000,Hillsborough,12.982,13.776,0.794,79000,Bridge No-100465,5,8.542,0.1044,5.370,157975431,0.065945
10110000,Hillsborough,7.08,7.936,0.856,73500,BRANDON TOWN CNTR,17,8.675,0.1029,16.143,158453946,0.117920
10330000,Hillsborough,3.15,4.654,1.504,42000,E SLIGH AVE,10,13.518,0.0970,10.341,159088608,0.081845
10525000,Hillsborough,4.2,5.761,1.561,40500,BELL SHOALS RD,21,9.986,0.1272,19.599,159220829,0.170637
14000155,Pasco,0.0,1.816,1.816,35000,SR-52,2,9.955,0.0909,2.723,160075860,0.025867
10320000,Hillsborough,6.517,7.526,1.009,126500,Bridge No-100231,9,16.032,0.0585,9.411,321457562,0.037466
10075323,Hillsborough,0.0,2.631,2.631,25000,US-301/ SR-43 / NB,3,10.915,0.0836,3.662,165654338,0.046532
14571000,Pasco,3.282,4.427,1.145,57500,N/A,13,9.469,0.0951,12.664,165811744,0.119670
10190000,Hillsborough,0.0,2.153,2.153,184500,EAST END BR 150107,33,46.761,0.0208,33.287,1000419977,0.066851
10290000,Hillsborough,2.036,4.019,1.983,68500,CR-581 / N 30 ST,18,26.479,0.0520,18.441,342101707,0.077723
10000222,Hillsborough,0.0,2.188,2.188,31000,PALM RIVER RD,13,8.176,0.0916,12.558,170824818,0.088804
14140000,Pasco,4.848,11.477,6.629,113000,14140001 SB ON,66,55.797,0.0146,65.851,1886550424,0.067985
10270118,Hillsborough,0.396,1.642,1.246,55000,N/A,2,9.932,0.0911,2.723,172592805,0.023986
10680000,Hillsborough,0.0,1.611,1.611,43000,DICKMAN RD,4,14.758,0.0895,4.963,174464050,0.057373
15120000,Pinellas,2.25,4.035,1.785,39000,WALSINGHAM RD,10,15.110,0.0876,10.448,175325378,0.075032
10075000,Hillsborough,27.118,31.196,4.078,171500,Bridge No-100393,42,83.369,0.0118,42.488,1761380975,0.051355
14030000,Pasco,3.028,4.176,1.148,61000,SR-54,17,9.970,0.0908,16.362,176365518,0.107380
10000087,Hillsborough,0.0,3.749,3.749,56000,US-301,17,20.308,0.0390,17.129,528743964,0.047401
15000186,Pinellas,0.0,6.246,6.246,70000,110 AVE,17,84.877,0.0168,18.141,1101138570,0.029142
10580000,Hillsborough,0.0,9.91,9.91,7400,N TAYLOR RD,3,15.065,0.0519,3.626,184691679,0.028864
10000019,Hillsborough,0.0,8.409,8.409,17600,LITHIA PINECREST RD,6,22.023,0.0361,6.578,372733970,0.033056
14000112,Pasco,0.0,4.78,4.78,15600,SR-54,8,11.606,0.0663,8.239,187799508,0.057151
10075000,Hillsborough,32.305,36.252,3.947,135000,Bridge No-100420,22,66.183,0.0148,22.655,1341970133,0.031837
10320000,Hillsborough,5.008,6.517,1.509,153000,Bridge No-100226,11,28.067,0.0343,11.585,581463725,0.032545
08470000,Hernando,7.258,18.653,11.395,13600,N/A,19,28.552,0.0337,19.322,390296982,0.084490
10000370,Hillsborough,0.0,4.743,4.743,33000,FISHHAWK BLVD,14,26.075,0.0529,14.638,394193102,0.044331
15150000,Pinellas,14.411,15.306,0.895,89000,Bridge No-150192,3,6.485,0.1128,3.393,200611117,0.035605
10075000,Hillsborough,36.252,39.854,3.602,111500,Bridge No-100838,15,51.551,0.0189,15.692,1011487525,0.033685
10150000,Hillsborough,3.46,4.849,1.389,58000,W LONGBOAT BLVD,12,16.211,0.0822,12.346,202895397,0.097277
14091000,Pasco,5.437,7.493,2.056,39500,MANSFIELD BLVD,17,17.584,0.0762,17.045,204532422,0.096456
10320000,Hillsborough,8.814,16.021,7.207,80000,Bridge No-100238,42,78.348,0.0125,42.456,1452066360,0.052966
10000137,Hillsborough,0.0,3.324,3.324,25000,N ARMENIA AVE,8,14.880,0.0891,8.613,209287350,0.053611
15190900,Pinellas,0.0,1.196,1.196,69651,1774 FT N OF BR 214,10,11.593,0.0791,10.126,209797588,0.060772
14140000,Pasco,1.358,4.848,3.49,144249,N/A,63,61.822,0.0158,62.981,1267885962,0.070872
10000607,Hillsborough,0.0,4.543,4.543,37000,BRUCE B DOWNS BLVD,12,18.971,0.0416,12.290,423337184,0.057305
10190000,Hillsborough,21.163,24.713,3.55,145000,Bridge No-100614,28,63.156,0.0155,28.546,1296397875,0.047550
10590000,Hillsborough,7.468,11.528,4.06,64000,10075367 SB ON,12,36.439,0.0384,12.939,654407040,0.031608
10470000,Hillsborough,5.72,7.783,2.063,86300,Bridge No-100540,23,23.880,0.0400,23.035,448385933,0.056751
10160000,Hillsborough,4.818,6.167,1.349,66000,SOUTH VILLAGE DR,11,17.479,0.0767,11.497,224232129,0.083752
14000118,Pasco,0.468,2.475,2.007,44500,ARONWOOD BLVD,4,9.411,0.0805,4.436,224931013,0.039771
10320000,Hillsborough,2.452,3.47,1.018,176000,Bridge No-100211,12,21.263,0.0447,12.414,451234608,0.054304
10075000,Hillsborough,25.671,27.118,1.447,186000,N/A,9,31.639,0.0305,9.691,677834127,0.030717
15190000,Pinellas,10.565,12.477,1.912,141000,Bridge No-150100,13,33.236,0.0291,13.589,678967452,0.038540
10511000,Hillsborough,0.0,3.915,3.915,23000,LIVINGSTON AVE,6,12.129,0.0636,6.390,226778332,0.038241
15061000,Pinellas,2.693,4.95,2.257,40000,CR-694/PARK BLVD N,20,19.500,0.0693,19.965,227370180,0.099087
14120000,Pasco,17.823,21.393,3.57,25500,CR-583/EHREN CUTOFF,8,21.427,0.0634,8.852,229271648,0.067998
14120000,Pasco,12.438,17.823,5.385,17000,US41/SR45/LANDOLKS B,15,23.280,0.0587,15.486,230556082,0.101481
10000645,Hillsborough,0.0,2.693,2.693,34000,CITRUS PARK DR,16,15.136,0.0877,15.924,230598897,0.080701
10821000,Hillsborough,4.007,6.524,2.517,36500,CR-583/N 56 ST,8,14.909,0.0889,8.615,231375854,0.065574
15190000,Pinellas,8.365,10.565,2.2,169000,54 AVE N,23,23.842,0.0334,23.028,936378300,0.051772
10190000,Hillsborough,27.982,28.673,0.691,135000,N/A,23,11.587,0.0791,22.097,234938272,0.103898
10000179,Hillsborough,0.0,5.037,5.037,18500,DEER CHASE DR,18,18.045,0.0746,18.003,234685163,0.087997
10470000,Hillsborough,4.551,5.72,1.169,80200,N/A,11,12.735,0.0725,11.126,236118945,0.058449
10470000,Hillsborough,1.094,2.06,0.966,100700,Bridge No-100516,11,12.125,0.1072,11.121,244990110,0.056306
15150000,Pinellas,18.332,19.845,1.513,131000,Bridge No-150260,12,24.746,0.0387,12.493,499174255,0.049400
15170000,Pinellas,4.247,8.535,4.288,69651,N END OF NEW BRIDGE,15,41.562,0.0234,15.621,752183995,0.045091
15150000,Pinellas,16.803,18.332,1.529,131000,Bridge No-150273,10,25.007,0.0383,10.575,504453032,0.043697
15070500,Pinellas,0.0,4.236,4.236,25000,SR-580/MAIN ST,12,18.963,0.0713,12.496,266709150,0.074903
14010000,Pasco,6.653,9.868,3.215,33000,WILDERNESS LAKE BLVD,28,23.773,0.0575,27.757,267200258,0.111505
10160000,Hillsborough,9.539,11.628,2.089,52500,N/A,7,16.022,0.0585,7.528,276210191,0.036201
15190000,Pinellas,4.506,5.27,0.764,144000,Bridge No-150121,11,13.514,0.0686,11.172,277075296,0.065867
10190000,Hillsborough,3.836,4.339,0.503,220000,Bridge No-100825,6,6.433,0.1136,6.049,278697210,0.040654
10190000,Hillsborough,3.257,3.836,0.579,198000,Bridge No-100817,4,13.333,0.0695,4.648,288725877,0.022977
10320000,Hillsborough,0.708,1.441,0.733,166000,Bridge No-100201,18,14.586,0.0639,17.782,306446043,0.066561
10075000,Hillsborough,0.0,6.473,6.473,95000,MANATEE CO LINE,22,81.132,0.0121,22.717,1548713798,0.023879
10190000,Hillsborough,8.435,10.533,2.098,178000,Bridge No-100658,14,40.140,0.0350,14.915,940518714,0.024385
10190000,Hillsborough,12.006,12.858,0.852,146000,Bridge No-100586,8,15.244,0.0613,8.444,313281252,0.035112
10524000,Hillsborough,0.0,4.08,4.08,31500,GUNN HWY,7,21.671,0.0629,7.923,323677620,0.032516
10190000,Hillsborough,6.85,7.362,0.512,252000,Bridge No-100138,7,14.396,0.0647,7.478,324946944,0.041744
15150000,Pinellas,20.417,22.551,2.134,124500,Bridge No-150246,10,46.212,0.0304,11.103,669122635,0.027740
10075000,Hillsborough,13.089,16.508,3.419,157000,N/A,33,35.378,0.0228,33.054,1351887985,0.030352
10075000,Hillsborough,22.862,25.671,2.809,145000,N/A,22,49.973,0.0195,22.546,1025797643,0.035782
14571000,Pasco,4.427,6.515,2.088,65500,CYPRESS RANCH BLVD,12,19.234,0.0492,12.356,344440134,0.043889
15000305,Pinellas,0.0,5.537,5.537,25000,CR-576 / SUNSET POIN,16,24.787,0.0555,16.487,348623362,0.070282
15517000,Pinellas,0.038,2.082,2.044,69000,NORTH SIDE BR#154266,4,27.454,0.0502,5.178,355199166,0.020803
10190000,Hillsborough,29.866,32.836,2.97,151000,Bridge No-100607,14,29.989,0.0268,14.428,1129471695,0.024036
14470000,Pasco,11.08,19.865,8.785,34500,Bridge No-140083,13,47.588,0.0205,13.709,763313276,0.028140
10320000,Hillsborough,3.47,4.311,0.841,183000,Bridge No-100215,12,18.143,0.0520,12.320,387604705,0.050811
15000316,Pinellas,0.0,4.524,4.524,34500,31 ST N,25,18.079,0.0436,24.698,393082443,0.068555
10075000,Hillsborough,31.196,32.305,1.109,142000,Bridge No-100403,7,19.391,0.0488,7.605,396608343,0.034781
10190000,Hillsborough,13.947,15.88,1.933,164500,US-301/SR-43,8,20.596,0.0385,8.485,800828852,0.023519
10002000,Hillsborough,11.126,12.982,1.856,95000,Bridge No-100459,8,23.263,0.0410,8.626,444061920,0.034214
15190000,Pinellas,14.379,19.655,5.276,174000,4 ST N,41,109.161,0.0090,41.616,2312043444,0.027114
15190000,Pinellas,7.322,8.365,1.043,180000,Bridge No-150092,8,22.194,0.0429,8.609,472823190,0.032069
10002000,Hillsborough,9.13,11.126,1.996,98500,Bridge No-100453,4,25.779,0.0372,4.810,495152211,0.019590
10590000,Hillsborough,3.809,7.468,3.659,54500,SKIPPER RD,10,29.159,0.0475,10.911,502227937,0.036320
15000019,Pinellas,0.0,3.096,3.096,130000,US-19,6,28.456,0.0282,6.632,1013645880,0.015630
14550000,Pasco,0.021,10.5,10.479,19700,SR-54,26,39.328,0.0357,26.476,519909822,0.066921
08150000,Hernando,7.054,11.468,4.414,47500,Bridge No-080086,17,31.160,0.0310,17.438,528041302,0.038225
10470000,Hillsborough,12.82,16.052,3.232,65900,Bridge No-100627,13,29.923,0.0322,13.545,536412293,0.030502
10470000,Hillsborough,2.06,4.127,2.067,107090,Bridge No-100520,42,28.610,0.0336,41.550,557482643,0.087691
08150000,Hernando,0.0,7.054,7.054,71500,PASCO CO LINE,35,44.545,0.0182,35.173,1270233178,0.033913
15170001,Pinellas,0.0,4.143,4.143,69651,BEG BR# 150189,2,40.157,0.0242,2.923,726748668,0.006116
14470000,Pasco,1.28,11.08,9.8,55300,Bridge No-140073,34,78.466,0.0125,34.557,1364875890,0.031214
02000016,Citrus,0.0,4.366,4.366,10600,S SUNCOAST BLVD,5,8.317,0.0902,5.299,116555173,0.063187
14000242,Pasco,0.0,5.991,5.991,13700,DECUBELLIS RD,0,17.185,0.0781,1.342,206710169,0.010719
14140008,Pasco,0.0,0.119,0.119,4500,SR-52 WB,1,0.119,0.8930,0.214,1348657,0.250167
14140008,Pasco,0.119,0.219,0.1,4500,N/A,0,0.100,0.9085,0.091,1133325,0.132703
14000061,Pasco,8.077,9.652,1.575,18200,HAYS RD,2,4.213,0.1637,2.362,72192802,0.049750
02010000,Citrus,0.0,1.14,1.14,4200,HERNANDO CO LINE,0,1.590,0.4772,0.759,12058578,0.103888
02010000,Citrus,1.14,4.651,3.511,6500,E OAK FOREST ST,5,6.972,0.1723,5.340,57475948,0.129118
02010000,Citrus,11.052,11.685,0.633,16400,N/A,4,2.658,0.3532,3.526,26145052,0.192472
02010000,Citrus,12.72,13.136,0.416,40000,N/A,0,2.547,0.2810,0.716,41907840,0.028202
02010000,Citrus,13.136,13.177,0.041,7000,US-41,0,0.086,0.9438,0.082,722810,0.186371
02010000,Citrus,14.041,16.531,2.49,16000,PARKSIDE AVE,5,10.249,0.1240,5.651,100337040,0.078275
02010000,Citrus,18.1,18.475,0.375,19900,E PARSONS POINT,4,1.842,0.4408,3.049,18794306,0.231499
02010000,Citrus,29.816,30.062,0.246,21500,N/A,0,1.286,0.5302,0.682,13320347,0.084522
14000216,Pasco,0.0,0.387,0.387,850,JOHNSTON RD,0,0.151,0.8450,0.128,828461,0.254647
14000128,Pasco,0.0,0.134,0.134,4600,HUDSON AVE,0,0.151,0.8451,0.128,1552403,0.135847
14000128,Pasco,0.134,0.157,0.023,5500,N/A,0,0.029,0.9660,0.028,318590,0.145295
15000013,Pinellas,0.0,0.109,0.109,2700,CR-611/49 ST,0,0.106,0.9318,0.099,741195,0.220662
14050200,Pasco,0.0,0.374,0.374,1600,FRONTAGE RD,0,0.239,0.8587,0.205,1507070,0.224705
14090000,Pasco,11.635,11.912,0.277,30000,CR-577/CURLEY RD,2,1.896,0.4336,1.955,20928735,0.142033
14090000,Pasco,11.912,12.313,0.401,15000,N/A,7,0.950,0.4646,4.189,15148777,0.367316
14090000,Pasco,19.334,20.286,0.952,14600,N/A,5,3.639,0.2851,4.612,35005135,0.183103
14570000,Pasco,5.125,5.137,0.012,51500,N/A,0,0.127,0.9194,0.117,1556433,0.124075
14000102,Pasco,0.0,0.477,0.477,14900,SR-54,0,1.853,0.4392,0.814,17899735,0.075084
02470004,Citrus,0.0,0.431,0.431,450,SR 589 SB,0,0.064,0.9394,0.060,488463,0.203801
02000069,Citrus,0.0,1.156,1.156,400,N RANCH HAND AVE,0,0.281,0.7455,0.210,1164554,0.297423
14050000,Pasco,4.425,4.936,0.511,18900,C AVE,1,2.407,0.3762,1.529,24323421,0.099328
14050000,Pasco,5.74,5.834,0.094,19400,6 ST,1,0.452,0.7624,0.582,4592737,0.200322
14050000,Pasco,6.354,6.862,0.508,34000,CR-54,5,3.848,0.2739,4.685,43499532,0.149671
14050000,Pasco,13.476,14.152,0.676,16600,US-98/US-301/SR-533,2,2.235,0.3944,2.093,28261600,0.112591
14050000,Pasco,14.152,14.787,0.635,13500,SR-52/E MERIDIAN AVE,2,1.802,0.4469,1.911,21589841,0.134614
14050000,Pasco,14.787,14.976,0.189,27500,US-98/US-301/SR-533,3,1.206,0.5462,2.020,13089904,0.226886
14050000,Pasco,21.161,22.212,1.051,7800,SR-575,3,2.419,0.3750,2.782,20646159,0.198109
14140022,Pasco,0.0,0.235,0.235,8000,I-75/SR-93 SB,0,0.379,0.7240,0.275,4734780,0.095806
14000060,Pasco,0.0,2.265,2.265,18000,SR-52,5,6.016,0.1205,5.122,102679245,0.069335
02050000,Citrus,2.378,3.443,1.065,19500,N DUNKENFIELD AVE,0,3.967,0.2684,1.065,52302949,0.033617
02050000,Citrus,6.811,7.051,0.24,24000,CR490/W HOMOSASSA TL,1,0.963,0.5084,0.981,14506560,0.106836
02050000,Citrus,7.051,7.31,0.259,23042,S COUNTRY OAKS TER,2,1.092,0.5715,1.481,15030101,0.149807
02000028,Citrus,0.0,1.077,1.077,4100,S PLEASANT GROVE RD,0,1.130,0.4218,0.477,11120940,0.070771
14000243,Pasco,0.0,0.664,0.664,9800,ROSEATE DR,0,1.204,0.4064,0.489,16388383,0.049302
14000131,Pasco,0.0,0.602,0.602,8600,SEA FOREST DR,1,1.032,0.4910,1.016,13038778,0.123072
14140004,Pasco,0.0,0.246,0.246,8000,FROM CR-54 WB,0,0.397,0.7148,0.284,4956408,0.094584
14000169,Pasco,0.0,0.484,0.484,8400,EDWARD CT,0,0.967,0.6009,0.581,10239214,0.093677
14000196,Pasco,0.0,1.435,1.435,2500,MITCHELL BLVD,0,1.104,0.4276,0.472,9035119,0.086240
14000172,Pasco,0.0,0.159,0.159,7500,PRINCEWOOD LN,0,0.243,0.8036,0.196,3003311,0.107514
14000172,Pasco,0.159,0.965,0.806,7500,N/A,0,1.797,0.4468,0.803,15224332,0.087077
14000172,Pasco,0.965,1.175,0.21,7500,N/A,0,0.468,0.7561,0.354,3966638,0.147355
15000003,Pinellas,0.0,2.137,2.137,3500,HARBOR WATCH EXIT,0,2.030,0.2888,0.586,18837121,0.051392
14120000,Pasco,29.098,30.31,1.212,11600,CR-579/PROSPECT RD,7,3.074,0.3214,5.738,35408095,0.215266
14120000,Pasco,30.31,32.217,1.907,12700,VFW RD,3,5.172,0.2196,3.477,60995300,0.083810
14120000,Pasco,32.217,33.127,0.91,7900,CR-41/N 21 ST,1,1.737,0.4559,1.336,18105497,0.116578
14120000,Pasco,33.127,33.403,0.276,4200,N 7 ST,0,0.330,0.8152,0.269,2919445,0.152172
14140030,Pasco,0.0,0.539,0.539,14250,OVERPASS RD WB,0,1.236,0.4000,0.495,19343969,0.042218
14000105,Pasco,0.0,2.174,2.174,5600,DENTON AVE,5,2.774,0.2291,4.490,30661226,0.203529
02000064,Citrus,0.0,0.7,0.7,1850,E GOSPEL ISLAND RD,0,0.446,0.6491,0.289,3261458,0.146449
14000126,Pasco,0.0,2.492,2.492,44500,BEGINNING OF PVMNT,1,11.685,0.0659,1.704,279286539,0.009640
15000016,Pinellas,0.0,0.206,0.206,2350,CR-611 / MCMULLEN BO,0,0.180,0.8899,0.160,1219206,0.216407
02000074,Citrus,0.0,0.382,0.382,650,W OAKHILL ST,0,0.126,0.8673,0.109,625344,0.288810
14075000,Pasco,0.0,0.148,0.148,111500,UNDER100492/100493,0,1.235,0.4002,0.494,41560287,0.019643
14075000,Pasco,0.148,0.265,0.117,34000,SR-93 / I-275 / SB,0,0.626,0.6139,0.384,10018593,0.063352
14091000,Pasco,0.0,0.761,0.761,80000,CARPENTERS RUN,6,8.273,0.1074,6.244,153326280,0.055268
14091000,Pasco,1.487,3.729,2.242,85000,14140021 SB ON,25,35.650,0.0391,25.417,479950545,0.057780
14091000,Pasco,3.729,5.437,1.708,44500,CR-581/BRUCE B DOWNS,21,16.087,0.0828,20.593,191421111,0.120491
14140020,Pasco,0.403,0.431,0.028,12500,N/A,0,0.065,0.9383,0.061,881475,0.114997
14000096,Pasco,0.0,0.246,0.246,2400,PLEASANT PLAINS PKWY,0,0.184,0.8172,0.151,1486922,0.167352
02470002,Citrus,0.0,0.356,0.356,650,W CARDINAL ST,0,0.072,0.9327,0.067,582781,0.189944
02000066,Citrus,0.0,1.0,1.0,1400,E HAVEN ST,0,0.534,0.6067,0.324,3525900,0.151840
14140014,Pasco,0.0,0.571,0.571,4500,CR-41/BLANTON RD,0,0.719,0.6695,0.481,6471286,0.122756
14000225,Pasco,0.0,2.69,2.69,2400,SR-54,0,2.017,0.2902,0.585,16259436,0.059424
14572000,Pasco,0.0,0.422,0.422,51500,MARATHON RD,7,4.473,0.2450,6.381,54734560,0.154856
14000177,Pasco,0.0,1.445,1.445,6800,SCENIC HILLS BLVD,0,2.468,0.3710,0.916,24746781,0.061094
14000213,Pasco,0.0,3.077,3.077,9500,GUNN HWY,0,5.472,0.1309,0.716,73619533,0.016068
14510000,Pasco,12.088,14.172,2.084,8400,SR-52,2,3.430,0.1937,2.277,44087854,0.078534
14000171,Pasco,0.0,0.447,0.447,3700,ADAIR RD,0,0.487,0.7494,0.365,4165347,0.144588
14000110,Pasco,0.0,0.229,0.229,10000,CR-1LITTLE RD,1,0.421,0.6622,0.616,5767365,0.168831
14000110,Pasco,0.229,1.421,1.192,9500,N/A,5,2.120,0.2800,4.194,28519494,0.204358
02000061,Citrus,0.0,0.874,0.874,400,0.118M S OF W WOODLA,0,0.213,0.7949,0.169,880468,0.317107
14470011,Pasco,0.0,0.281,0.281,9500,SR 589 NB,0,0.523,0.6555,0.343,6723136,0.084219
14000088,Pasco,0.0,0.513,0.513,24000,PINELLAS COUNTY LINE,6,2.228,0.3951,4.510,31007772,0.197374
14000088,Pasco,0.513,2.378,1.865,24000,RT JONES PKWY,4,8.100,0.1523,4.625,112728060,0.058548
14000088,Pasco,2.378,3.814,1.436,19000,N/A,8,5.247,0.2172,7.402,68714754,0.140328
02000031,Citrus,0.0,2.279,2.279,1900,W GREEN ACRES ST,0,1.475,0.3585,0.529,10905357,0.080075
14000244,Pasco,0.0,0.25,0.25,7400,SR-54,0,0.380,0.6845,0.260,4659225,0.092185
14140005,Pasco,0.0,0.125,0.125,8000,SR-52 EB,1,0.202,0.8314,0.336,2518500,0.211005
14000064,Pasco,0.0,1.66,1.66,2900,CR-1/LITTLE RD,3,1.401,0.3704,2.408,12124059,0.292002
02030000,Citrus,12.251,13.524,1.273,23500,W VENABLE ST,9,5.017,0.1656,8.341,75342187,0.141672
02030000,Citrus,14.648,15.09,0.442,24500,SR-44/NE 5 ST,3,1.803,0.3557,2.574,27272837,0.138777
14000204,Pasco,0.0,1.486,1.486,1850,COLONY RD,0,1.067,0.5762,0.615,6923608,0.146674
14680000,Pasco,3.124,4.592,1.468,5600,US 301,2,1.873,0.3056,1.961,20704085,0.144037
14000145,Pasco,0.0,1.842,1.842,6700,MANSFIELD BLVD,5,2.631,0.2386,4.435,31081816,0.198297
14000145,Pasco,1.842,4.855,3.013,14300,N/A,2,6.927,0.1064,2.524,108511839,0.035366
14000145,Pasco,4.855,4.937,0.082,6700,N/A,0,0.139,0.9131,0.127,1383664,0.150963
14000145,Pasco,4.937,5.477,0.54,14300,N/A,1,1.599,0.4765,1.285,19447857,0.104423
14000145,Pasco,5.477,5.883,0.406,14300,N/A,0,1.202,0.5477,0.658,14621907,0.074349
14000145,Pasco,5.883,6.141,0.258,14300,N/A,0,0.764,0.6558,0.501,9291754,0.089028
14140012,Pasco,0.0,0.103,0.103,500,CR-41/BLANTON RD,0,0.017,0.9835,0.016,129703,0.209525
14000069,Pasco,0.0,0.165,0.165,8500,CR-54,1,0.274,0.7508,0.455,3532196,0.203360
02000019,Citrus,0.0,1.329,1.329,3800,W KELLER ST,0,1.330,0.3827,0.509,12718929,0.066059
14000197,Pasco,0.0,0.762,0.762,5000,DECUBELLIS RD,0,1.037,0.5840,0.605,9595485,0.104193
14000151,Pasco,0.0,1.055,1.055,11000,SR-54,2,2.217,0.3098,2.067,29227192,0.107552
15000015,Pinellas,0.0,0.148,0.148,3900,CR-752 / TAMPA RD,0,0.194,0.8819,0.171,1453678,0.194706
14000186,Pasco,0.0,0.467,0.467,1800,US-19,0,0.292,0.7383,0.216,2117051,0.168277
14000120,Pasco,0.0,1.936,1.936,11000,LAND O LAKES BLVD,0,5.884,0.1978,1.164,53633976,0.035841
02610000,Citrus,0.0,3.161,3.161,2200,.013 WEST OF RVRHVN,3,2.244,0.2687,2.797,17514153,0.234777
02000057,Citrus,0.0,2.685,2.685,10400,N CARIBEE PT,0,5.054,0.1402,0.709,70326594,0.016641
14470052,Pasco,0.0,0.46,0.46,2400,RIDGE RD,0,0.274,0.7842,0.215,2780424,0.127602
14000095,Pasco,0.0,0.763,0.763,3500,SR-54,0,0.725,0.5321,0.386,6725654,0.094695
14000095,Pasco,0.763,1.501,0.738,3500,MENTMORE BLVD,0,0.701,0.5404,0.379,6505285,0.096169
02530000,Citrus,0.0,6.051,6.051,650,HERNANDO COUNTY,0,1.998,0.2921,0.584,9905638,0.097272
02000018,Citrus,0.0,3.653,3.653,7900,S SUNCOAST BLVD,0,5.786,0.1247,0.722,72680636,0.016392
14140019,Pasco,0.0,0.339,0.339,14500,SR-56,0,0.896,0.5264,0.471,12379687,0.062888
14140019,Pasco,0.339,0.445,0.106,14500,N/A,0,0.280,0.7804,0.219,3870934,0.093238
02000002,Citrus,0.0,6.151,6.151,8700,US19/SR55/SUNCOAST,4,10.351,0.0738,4.468,134774253,0.047317
14000203,Pasco,0.0,0.369,0.369,1850,FOXFIRE DR,0,0.235,0.7782,0.183,1719254,0.175583
14660000,Pasco,0.0,2.339,2.339,11500,US-19/SR-55,18,4.690,0.1495,16.010,67743872,0.271095
14050300,Pasco,0.0,0.029,0.029,800,DAUGHTERY RD,0,0.011,0.9928,0.010,58429,0.296519
14050300,Pasco,0.029,0.447,0.418,1600,E PASCO PRO PARK,0,0.267,0.8446,0.225,1684373,0.221030
02000070,Citrus,0.0,0.493,0.493,3000,MONTGOMERY AVE,0,0.425,0.6597,0.280,3724862,0.124341
14070015,Pasco,0.0,0.028,0.028,6000,US-98/SR-35/SR-700,0,0.052,0.9653,0.050,423108,0.196316
14070015,Pasco,0.028,0.219,0.191,3300,N/A,0,0.219,0.8688,0.190,1587411,0.198031
14000124,Pasco,0.0,1.013,1.013,9400,CR-54,0,1.790,0.3154,0.564,23981661,0.038858
02000043,Citrus,0.0,2.298,2.298,4100,CARNEGIE DR,1,2.133,0.3182,1.361,23728803,0.090585
14140024,Pasco,0.0,1.673,1.673,34000,END OF UP 100493,9,8.954,0.1001,8.995,143257317,0.080357
14000089,Pasco,0.0,0.656,0.656,24000,TRINITY BLVD,5,2.849,0.3381,4.273,39651264,0.149764
02506000,Citrus,0.0,4.039,4.039,2500,E GOBBLER DR,0,3.107,0.2097,0.651,25430554,0.042300
14000240,Pasco,0.0,0.077,0.077,4000,BEXLEY VILLAGE DR,0,0.080,0.9120,0.073,775698,0.154433
14000240,Pasco,0.077,0.337,0.26,7500,N/A,0,0.399,0.6741,0.269,4911075,0.090335
14000240,Pasco,0.337,0.58,0.243,7500,N/A,0,0.373,0.6887,0.257,4589966,0.092302
14140000,Pasco,0.0,0.242,0.242,80000,14140007 NB OFF,1,2.631,0.2745,1.448,48758160,0.046910
14000058,Pasco,0.0,0.751,0.751,8600,US-19,1,1.255,0.3965,1.101,16265984,0.106935
14000207,Pasco,0.0,0.738,0.738,2400,FENNSBURY CT,0,0.553,0.5984,0.331,4460767,0.122546
14000127,Pasco,0.0,1.216,1.216,8500,SR-581 / BRUCE B DOW,0,2.017,0.2902,0.585,26031216,0.037117
14080000,Pasco,0.0,1.826,1.826,8800,US-301/SR-35,11,4.633,0.2385,9.481,40469273,0.290616
14520000,Pasco,0.0,2.366,2.366,3700,BELLAMY BROTHERS BLV,3,2.328,0.2615,2.824,22047453,0.188327
14520000,Pasco,10.426,11.192,0.766,4500,21 ST,7,0.852,0.4917,3.977,8681270,0.608507
02470000,Citrus,0.0,4.329,4.329,11000,HERNANDO COUNTY LINE,0,9.099,0.0986,0.897,119928452,0.012355
02470000,Citrus,4.329,12.171,7.842,10600,N/A,0,15.985,0.0586,0.937,209350816,0.007392
02000068,Citrus,0.0,0.267,0.267,3000,S APOPKA AVE,0,0.230,0.7817,0.180,2017318,0.147321
14502000,Pasco,0.0,0.23,0.23,7000,CR-54,0,0.338,0.7094,0.240,4054785,0.097545
14000047,Pasco,0.0,0.255,0.255,3000,C AV,0,0.220,0.7894,0.174,1926652,0.148781
14000138,Pasco,0.0,0.133,0.133,24000,US-301/SR-39/GALL BL,0,0.423,0.6608,0.280,8039052,0.057438
14000138,Pasco,0.133,0.247,0.114,24000,LOWES ENT,0,0.363,0.6944,0.252,6890616,0.060364
14470014,Pasco,0.0,0.273,0.273,2100,SR 589 SB,1,0.146,0.8724,0.255,1443856,0.278592
14000072,Pasco,0.0,2.503,2.503,2400,SHINING STAR DR,1,1.876,0.3052,1.268,15129133,0.132363
02000007,Citrus,0.0,4.21,4.21,5100,W CITRUS SPRINGS BLV,1,5.066,0.1399,1.569,54074714,0.045843
02000007,Citrus,4.292,5.408,1.116,2200,W TEXACO CT,0,0.792,0.5100,0.404,6183421,0.107872
14000141,Pasco,0.0,0.521,0.521,8000,MENTMORE BLVD,0,0.832,0.4978,0.414,10497108,0.065124
14000183,Pasco,0.0,3.148,3.148,14300,SR-56,0,7.237,0.1023,0.740,113373803,0.010778
14000222,Pasco,0.0,0.45,0.45,6200,LAND O LAKES BLVD,0,0.860,0.6279,0.540,7026615,0.126899
14000176,Pasco,0.0,1.141,1.141,1800,NATURE COAST CONDO,0,0.714,0.5359,0.383,5172495,0.122140
14000118,Pasco,0.0,0.468,0.468,14500,BRUCE B DOWNS BLVD,3,1.085,0.4317,2.173,17090541,0.186976
14470004,Pasco,0.0,0.345,0.345,7500,SR 589 SB,0,0.528,0.6534,0.345,6516619,0.087425
14000077,Pasco,0.587,1.007,0.42,5300,HAPPY DAYS RV PARK,2,0.707,0.6724,1.131,5606181,0.306626
02000041,Citrus,0.0,0.455,0.455,7900,CYPRESS CIR,0,0.721,0.5336,0.385,9052748,0.070134
14140010,Pasco,0.0,0.122,0.122,750,I-75/SR-93,1,0.028,0.9729,0.054,230443,0.370791
02040002,Citrus,0.0,0.024,0.024,9500,N FLORIDA AVE,0,0.065,0.9573,0.062,574218,0.178336
02000029,Citrus,0.0,2.113,2.113,4000,W VENABLE ST,1,2.183,0.2741,1.324,21286362,0.098289
14000234,Pasco,0.0,0.509,0.509,3900,PEACH TREE RD,0,0.518,0.6143,0.318,4999474,0.105009
14000144,Pasco,0.0,0.419,0.419,8600,SEA FOREST DR,1,0.700,0.5408,0.838,9075163,0.145845
14000155,Pasco,1.816,3.17,1.354,35000,N/A,0,5.460,0.1312,0.716,119351715,0.009909
14000116,Pasco,0.0,0.162,0.162,9400,0.162 MI S OF US-301,0,0.352,0.8054,0.283,3835172,0.121939
14000116,Pasco,0.162,0.989,0.827,11500,US-301/GALL BLVD,2,1.658,0.3321,1.886,23952194,0.119754
14000116,Pasco,4.286,6.288,2.002,7500,BOZEMAN RD,4,4.463,0.2454,4.114,37815278,0.155250
14000116,Pasco,6.288,8.829,2.541,11300,CR-52A/CLINTON AVE,11,5.039,0.1406,10.162,72314446,0.174311
14000043,Pasco,2.005,3.718,1.713,11500,COATS RD,11,4.317,0.2522,9.315,49613191,0.232889
02000055,Citrus,0.0,0.33,0.33,3400,W PONCE DELEON BL,1,0.338,0.8118,0.462,2825757,0.258428
14140025,Pasco,0.0,0.597,0.597,8000,SR-52 WB,0,1.402,0.5086,0.713,12028356,0.097905
14000154,Pasco,0.0,1.047,1.047,2400,COLLIER PKWY,1,0.785,0.5123,0.890,6328487,0.222141
14000154,Pasco,1.047,2.004,0.957,2400,CHERBOURG LP,0,0.717,0.5347,0.384,5784491,0.109496
14000219,Pasco,0.0,0.745,0.745,5300,SR 54,0,1.254,0.5365,0.673,9944297,0.111708
14000119,Pasco,0.0,0.736,0.736,57000,SR-54,1,4.031,0.1698,1.515,105656112,0.022649
14000119,Pasco,0.736,1.406,0.67,57000,N/A,0,5.519,0.2087,1.152,96181515,0.019774
14470016,Pasco,0.0,0.308,0.308,4900,CR578/COUNTY LINE RD,0,0.331,0.7503,0.249,3800920,0.107999
14000103,Pasco,0.0,0.431,0.431,11100,0.034 MI W OF CR-41,1,0.845,0.4938,0.924,12048756,0.121099
02050001,Citrus,0.0,0.087,0.087,1400,GULF TO LAKE HWY,0,0.033,0.9678,0.032,306753,0.172755
02000048,Citrus,0.0,1.424,1.424,8700,POPPY CT,0,2.465,0.2877,0.709,31201193,0.037526
14000056,Pasco,0.0,0.5,0.5,5600,RIDGE RD/CR-524,1,0.638,0.5637,0.796,7051800,0.178334
02000032,Citrus,0.0,2.989,2.989,1750,N ESSEX AVE,0,1.838,0.3097,0.569,13173644,0.071328
14000191,Pasco,0.0,0.632,0.632,14900,ROUNDABOUT,0,1.929,0.4301,0.830,23716211,0.057760
14580000,Pasco,5.386,6.122,0.736,1650,N/A,1,0.436,0.6540,0.631,3058466,0.326054
14580000,Pasco,6.122,7.308,1.186,2800,N/A,1,0.979,0.4570,0.991,8363435,0.187132
14000149,Pasco,0.0,1.002,1.002,14500,COUNTY LINE RD,0,2.324,0.2619,0.608,36591286,0.027458
14470015,Pasco,0.0,0.289,0.289,4900,SR 589 NB,2,0.311,0.7620,0.713,3566448,0.303926
14000093,Pasco,0.0,1.224,1.224,5000,RIVER CROSSING BLVD,1,1.455,0.3617,1.164,15413220,0.119362
02520000,Citrus,0.0,2.294,2.294,4400,HERNANDO COUNTY LINE,2,2.839,0.3389,2.284,25420732,0.136642
14000231,Pasco,0.0,2.116,2.116,19000,TUSCANY DR,0,5.815,0.1242,0.722,101253774,0.011774
14140009,Pasco,0.0,0.14,0.14,6000,CR-41/BLANTON RD WB,0,0.178,0.8482,0.151,2115540,0.117924
02510000,Citrus,0.0,0.052,0.052,7000,COURTHOUSE SQUARE,0,0.076,0.9152,0.070,916734,0.125845
02000005,Citrus,0.0,1.342,1.342,11000,CR-488/DUNNELLON RD,0,2.617,0.2396,0.627,37178097,0.027841
14000223,Pasco,0.0,1.257,1.257,4500,SMITH RD,0,1.854,0.4391,0.814,14245895,0.094345
14130000,Pasco,0.0,0.569,0.569,15100,US-98/301/SR-35/700,2,2.235,0.3937,2.092,21638700,0.147032
14130000,Pasco,0.569,0.851,0.282,20500,CR35A/OLD LKLAND HWY,0,1.419,0.5057,0.717,14559449,0.081357
02000001,Citrus,0.0,1.555,1.555,1300,US-41/SR-45/S FLA AV,0,0.793,0.5096,0.404,5091148,0.131111
14000066,Pasco,0.0,0.508,0.508,13200,CONGRESS ST,2,1.418,0.5066,1.705,16888054,0.153505
14000201,Pasco,0.0,1.366,1.366,5600,US-98 / SR-35,0,2.404,0.3764,0.905,19265518,0.077566
14630000,Pasco,0.0,3.903,3.903,9100,CR-54,10,6.756,0.1088,9.647,89450320,0.135795
14630000,Pasco,3.903,6.273,2.37,9100,N/A,7,6.179,0.1902,6.844,54316490,0.167364
14630000,Pasco,6.273,8.781,2.508,9100,N/A,15,5.315,0.2150,12.918,57479222,0.265349
14070001,Pasco,11.821,12.299,0.478,9800,SR-52 /MERIDIAN AVE,3,1.070,0.5763,1.888,11797661,0.235252
14070001,Pasco,12.299,12.499,0.2,9000,JEAN AV,0,0.420,0.7759,0.326,4533300,0.118807
14070001,Pasco,12.499,14.989,2.49,8900,N/A,2,5.191,0.2190,2.699,55812479,0.073523
02470005,Citrus,0.0,0.513,0.513,600,SR 589 SB,0,0.097,0.9113,0.088,775194,0.188157
02000040,Citrus,0.0,2.17,2.17,2050,W OAK PARK BLVD,2,1.473,0.3588,1.811,11203547,0.245796
02000040,Citrus,2.17,2.178,0.008,2050,N/A,0,0.005,0.9935,0.005,41303,0.215744
14470000,Pasco,0.0,1.28,1.28,65900,HILLSBOROUGH CNTY LN,5,11.851,0.0775,5.531,212440512,0.036184
02000035,Citrus,0.0,1.387,1.387,2100,S PLEASANT GROVE RD,0,0.956,0.4630,0.443,7335635,0.099646
14000189,Pasco,0.0,2.3,2.3,3600,US-19 / SR-55,0,2.831,0.3389,0.959,20853180,0.075973
02000073,Citrus,0.0,0.566,0.566,2300,HIGHLAND BLVD,0,0.413,0.6662,0.275,3278583,0.138601
14470050,Pasco,0.0,0.253,0.253,5100,SR 589 NB,0,0.281,0.7797,0.219,3249621,0.111460
14000217,Pasco,0.0,0.216,0.216,2400,COLLIER PKWY,0,0.171,0.8950,0.153,1305590,0.193251
14000217,Pasco,0.216,0.227,0.011,2400,CHESTERVIEW LOOP,0,0.009,0.9941,0.009,66488,0.214637
14000111,Pasco,0.0,0.624,0.624,3500,COLLIER PKWY,0,0.652,0.6906,0.450,5500404,0.135184
15000014,Pinellas,0.0,0.208,0.208,7500,CR-611 / MCMULLEN BO,0,0.464,0.7579,0.351,3928860,0.147698
14570003,Pasco,0.0,0.122,0.122,15000,SR-54,0,0.289,0.7404,0.214,4608855,0.076664
14000099,Pasco,0.0,0.766,0.766,1000,POWERLINE RD,0,0.331,0.7132,0.236,1929171,0.202324
02512000,Citrus,0.0,0.113,0.113,4600,US HWY 41 S,0,0.127,0.8661,0.110,1309116,0.139227
02000042,Citrus,0.0,2.078,2.078,1750,W GULF TO LAKE HWY,0,0.953,0.5109,0.487,9158525,0.087778
14030030,Pasco,0.0,0.729,0.729,850,BERNARD AVE,0,0.285,0.7432,0.212,1560589,0.223970
14140029,Pasco,0.0,0.357,0.357,22750,OVERPASS RD EB,0,1.370,0.4209,0.577,20454627,0.046540
02000030,Citrus,0.0,2.041,2.041,2100,S SUNCOAST BLVD,0,1.407,0.3694,0.520,10794543,0.079512
14000229,Pasco,0.0,1.027,1.027,9100,SR-56,0,2.677,0.3515,0.941,23537145,0.066025
14140011,Pasco,0.0,0.378,0.378,1600,CR-41/BLANTON RD,0,0.221,0.8680,0.192,1523189,0.208258
14000174,Pasco,0.0,0.503,0.503,2900,US-19 / SR-55,0,0.425,0.6600,0.280,3673736,0.125971
14000220,Pasco,0.0,0.294,0.294,2400,OLD PASCO RD,0,0.220,0.7890,0.174,1777054,0.161588
14000175,Pasco,0.0,1.317,1.317,6800,US-19 / SR-55,0,1.859,0.3488,0.648,22554679,0.047460
14000122,Pasco,0.0,0.32,0.32,4500,SEA FOREST DR,0,0.356,0.6984,0.249,3626640,0.113193
15000006,Pinellas,0.0,2.026,2.026,5000,N FLORIDA AVE,0,2.408,0.2550,0.614,25512405,0.039746
14140021,Pasco,0.297,0.332,0.035,36000,I-75 / SR-93,0,0.196,0.8352,0.164,3173310,0.085353
14000233,Pasco,0.0,1.637,1.637,9800,MENTMORE BLVD,0,2.969,0.2173,0.645,40403288,0.026367
14000206,Pasco,0.0,0.04,0.04,4000,SR-54 / 5 AVE,0,0.054,0.9644,0.052,402960,0.211890
14000206,Pasco,0.04,0.905,0.865,5000,N/A,0,1.389,0.5110,0.710,10892512,0.107590
14000206,Pasco,0.905,0.913,0.008,5000,SPUR,0,0.013,0.9912,0.013,100740,0.208714
14000097,Pasco,0.0,0.216,0.216,4400,GULF TRACE BLVD,0,0.237,0.7768,0.184,2393582,0.126949
02000065,Citrus,0.0,1.261,1.261,1400,W OAKHILL ST,0,0.674,0.5502,0.371,4446160,0.137704
02000038,Citrus,0.0,0.886,0.886,1200,S SUNCOAST BLVD,0,0.430,0.6573,0.283,2677669,0.174217
14000226,Pasco,0.0,0.194,0.194,2600,CHANCEY RD,0,0.163,0.8995,0.146,1270331,0.190210
14000140,Pasco,0.0,0.563,0.563,8600,SEA FOREST DR,0,0.941,0.4671,0.439,12194073,0.059487
15000004,Pinellas,0.0,1.444,1.444,6500,GULF RD,1,2.024,0.2895,1.296,23638641,0.086637
14000182,Pasco,0.0,1.349,1.349,2400,PALM SONG,0,1.011,0.4491,0.454,8153896,0.091967
14000168,Pasco,0.0,0.049,0.049,8400,CR-52,0,0.098,0.9370,0.092,1036615,0.146070
14000168,Pasco,0.049,0.062,0.013,3800,N/A,0,0.014,0.9902,0.014,124414,0.189718
02000075,Citrus,0.0,0.127,0.127,2200,N RANCH HEAD AVE,0,0.090,0.9014,0.081,703669,0.190679
14470012,Pasco,0.0,0.287,0.287,9500,SR 52/SCHRADER M HWY,0,0.534,0.6508,0.348,6866690,0.083604
14000200,Pasco,0.0,1.18,1.18,2400,LAND O LAKES BLVD,0,1.046,0.5811,0.608,7132392,0.140746
14000157,Pasco,0.0,1.807,1.807,2400,LAND O LAKES BLVD,1,1.602,0.4753,1.286,10922231,0.186049
14000052,Pasco,0.81,1.955,1.145,10000,HARRIET ST,0,2.602,0.3587,0.933,28836825,0.053446
02000022,Citrus,0.0,4.448,4.448,3500,W PINE RIDGE BLVD,2,4.226,0.1632,2.363,39208008,0.091650
14000208,Pasco,0.0,0.397,0.397,2400,MOSSY OAK CIR,0,0.314,0.8227,0.258,2399627,0.177626
15000293,Pinellas,0.0,0.917,0.917,2500,PATRICIA AVE,0,0.705,0.5389,0.380,5773661,0.108701
15020000,Pinellas,0.0,1.011,1.011,9400,DREW ST,0,1.786,0.3158,0.564,23934313,0.038911
15020000,Pinellas,1.011,1.103,0.092,9400,FAIRMONT ST,0,0.163,0.8353,0.136,2177999,0.102921
15020000,Pinellas,1.103,1.126,0.023,16500,N/A,0,0.058,0.9344,0.054,955771,0.093381
15020000,Pinellas,5.082,5.465,0.383,19200,N/A,0,1.410,0.5079,0.716,18520042,0.063863
15020000,Pinellas,5.909,7.39,1.481,17100,SR-586/CURLEW RD,5,5.006,0.2253,5.001,63781264,0.108978
15020000,Pinellas,11.556,13.207,1.651,13900,CR-880/KLOSTERMAN RD,3,4.787,0.2332,3.417,57796805,0.086913
15000081,Pinellas,0.0,1.209,1.209,1800,INDIAN ROCKS RD,1,0.757,0.5214,0.873,5480760,0.251674
15000444,Pinellas,0.0,0.751,0.751,3500,90 AVE,1,0.713,0.5360,0.846,6619877,0.202005
15000513,Pinellas,0.0,0.504,0.504,4500,END OF PAVEMENT,0,0.561,0.5952,0.334,5711958,0.096465
15000254,Pinellas,1.473,1.696,0.223,12000,22 AVE N,1,0.580,0.7151,0.700,6739506,0.164006
15000254,Pinellas,1.696,1.717,0.021,24500,49 ST N SB,0,0.093,0.9402,0.087,1295768,0.110957
15000254,Pinellas,1.717,2.502,0.785,23000,N/A,8,3.304,0.3058,6.564,45471517,0.188040
15000336,Pinellas,0.0,2.049,2.049,3700,ARKANSAS AV NE,0,2.016,0.2903,0.585,19093504,0.050597
15150702,Pinellas,0.0,0.053,0.053,1000,E SIDE OF PARKINGLOT,0,0.015,0.9849,0.015,133480,0.186272
15040000,Pinellas,0.0,0.247,0.247,2500,S FT HARRISON AVE,0,0.190,0.8127,0.154,1555174,0.163926
15040000,Pinellas,0.247,1.214,0.967,4900,USA-19/MYRTLE AVE,0,1.135,0.4208,0.477,11933409,0.066068
15190078,Pinellas,0.0,0.523,0.523,22000,I-275/SR-93,0,1.952,0.3378,0.659,28977861,0.037566
15140502,Pinellas,0.0,2.364,2.364,17000,WALSINGHAM RD,0,10.220,0.1244,1.271,101213478,0.020733
15510000,Pinellas,0.0,2.779,2.779,9700,SR-688/WALSINGHAM RD,5,6.174,0.1908,5.224,67889442,0.106944
15190015,Pinellas,0.0,0.184,0.184,7200,I-275 / SR-93,1,0.272,0.7853,0.429,3336509,0.202922
15090000,Pinellas,1.891,2.903,1.012,37000,22 AVE N,4,8.209,0.1502,4.632,94302714,0.070104
02000009,Citrus,0.0,5.675,5.675,3500,N ELKCAM BLVD,2,5.392,0.1326,2.450,50023706,0.074462
14140006,Pasco,0.0,0.113,0.113,4000,I-75/SR-93 SB,0,0.103,0.9064,0.093,1138362,0.135106
14140006,Pasco,0.113,0.376,0.263,4000,N/A,0,0.239,0.8063,0.193,2649462,0.120180
14000125,Pasco,0.0,0.616,0.616,24000,TRINITY BLVD,0,1.960,0.2960,0.580,37233504,0.025735
14000148,Pasco,0.0,0.993,0.993,5600,US-98 / US-301,0,1.267,0.3941,0.499,14004875,0.058885
14000187,Pasco,0.0,0.648,0.648,9800,SUNLAKE BLVD,0,1.175,0.4123,0.484,15993482,0.050018
02000047,Citrus,0.0,2.867,2.867,3600,W GULF TO LAKE HWY,1,3.059,0.3224,1.664,25993942,0.101129
14470053,Pasco,0.0,0.459,0.459,2400,SR 589 SB,0,0.273,0.7845,0.215,2774380,0.127662
02540000,Citrus,0.0,1.782,1.782,2400,CHASSAHOWITZKA BTRP,0,1.336,0.3816,0.510,10771121,0.078148
02000024,Citrus,0.0,3.374,3.374,3600,E GULF TO LAKE HWY,2,3.263,0.2017,2.255,30590708,0.112067
14000065,Pasco,0.0,1.076,1.076,7400,CR-77/SEVEN SPRINGS,3,1.636,0.3351,2.543,20053304,0.186431
14000198,Pasco,0.0,0.557,0.557,2900,FIVAY RD,0,0.470,0.6368,0.299,4068133,0.121535
14000078,Pasco,0.0,0.44,0.44,6100,US-19/SR-55,1,0.592,0.5818,0.763,6759654,0.178307
02050003,Citrus,0.0,0.081,0.081,1400,DEAD END,0,0.031,0.9699,0.030,285598,0.173140
02000054,Citrus,0.0,1.569,1.569,3000,CR-490/W YULEE DR,1,1.353,0.3786,1.134,11854580,0.151090
14040100,Pasco,0.0,0.181,0.181,3500,DALE MABRY HWY,0,0.147,0.8711,0.128,1595470,0.132846
14140027,Pasco,0.0,0.135,0.135,4000,OVERPASS RD WB,0,0.123,0.8902,0.109,1359990,0.132689
14000076,Pasco,6.613,7.656,1.043,15500,SHADY HILLS ELEM ENT,3,2.522,0.2463,2.882,40715330,0.104080
02000034,Citrus,0.0,2.668,2.668,2300,E LIBERTY ST,1,2.043,0.4160,1.434,15454523,0.146602
14000235,Pasco,0.0,0.287,0.287,7400,SR 52,0,0.633,0.6963,0.441,5348790,0.136055
14140023,Pasco,0.0,0.227,0.227,20000,I-75/SR-93 NB,1,0.783,0.5598,0.878,11433990,0.121377
14000081,Pasco,0.0,1.875,1.875,12500,US-301/GALL BLVD,1,6.320,0.1868,1.994,59027344,0.053358
02000017,Citrus,0.0,1.78,1.78,6800,CR-491/N LECANTO HWY,3,2.566,0.2431,2.894,30483924,0.139600
14140007,Pasco,0.0,0.161,0.161,17500,I-75/SR-93 NB,1,0.497,0.6670,0.665,7095874,0.147968
14140007,Pasco,0.161,0.258,0.097,17500,N/A,1,0.299,0.7687,0.461,4275154,0.170545
14000055,Pasco,0.0,2.297,2.297,1950,SCENIC DR,9,1.512,0.3529,6.357,11280739,0.721200
02010001,Citrus,0.0,0.066,0.066,31000,US-41 / SR-45,0,0.464,0.7578,0.352,5152851,0.112656
14000215,Pasco,0.0,1.413,1.413,2400,SR-54,0,1.059,0.4376,0.464,8540737,0.089625
15000009,Pinellas,0.0,0.1,0.1,4600,CR-611/49 ST,0,0.150,0.9063,0.136,1158510,0.193885
14050100,Pasco,0.0,0.069,0.069,1600,KAUFMAN EYE INST,0,0.044,0.9705,0.043,278042,0.253973
14000101,Pasco,0.0,1.314,1.314,1850,CR-77/ROWAN RD,2,0.837,0.4963,1.423,6122222,0.353299
02470001,Citrus,0.0,0.412,0.412,650,SR 589 NB,0,0.083,0.9229,0.077,674454,0.187953
02000049,Citrus,0.0,0.866,0.866,2500,S CARNEGIE DR,0,0.666,0.5531,0.368,5452552,0.111562
02000008,Citrus,0.0,3.703,3.703,5800,N ELKCAM BLVD,0,4.831,0.1458,0.704,54090832,0.021496
14000230,Pasco,0.0,0.928,0.928,9100,SR-56,0,1.606,0.3391,0.545,21268229,0.042294
14000130,Pasco,0.0,4.056,4.056,8900,LOCK ST,3,6.923,0.1064,3.417,90913820,0.055266
02000072,Citrus,0.0,0.489,0.489,2300,ELLA AV,0,0.281,0.7798,0.219,2832557,0.127815
14121000,Pasco,0.0,4.36,4.36,18400, ,0,20.095,0.0674,1.354,202044144,0.011062
14121000,Pasco,0.0,4.36,4.36,35000,UNSIGNED,0,33.812,0.0412,1.392,384323100,0.005979
14000184,Pasco,0.0,0.576,0.576,2100,CR-52,0,0.412,0.7792,0.321,3046378,0.174190
14000194,Pasco,0.0,0.337,0.337,8500,CR-54 / WESLEY CHAPE,0,0.559,0.5960,0.333,7214243,0.076232
14000167,Pasco,0.0,1.797,1.797,8500,FLYING EBONY LN,0,2.980,0.2167,0.646,38468828,0.027717
15000012,Pinellas,0.0,0.149,0.149,2700,SR686/ROOSEVELT BLVD,0,0.098,0.9105,0.089,1013193,0.145193
14050001,Pasco,0.0,0.022,0.022,750,GORE NEAR US-301,0,0.008,0.9905,0.008,41555,0.312711
14050001,Pasco,0.022,0.399,0.377,1500,MATTINGLY LN,0,0.229,0.8640,0.197,1424212,0.228888
14501000,Pasco,0.0,1.381,1.381,4400,ANCLOTE BLVD,5,1.515,0.3524,3.772,15303413,0.342533
02000044,Citrus,0.0,2.261,2.261,5800,N DELTONA BLVD,0,2.950,0.2184,0.644,33027105,0.032211
14000062,Pasco,0.0,1.006,1.006,3300,TUCKER RD,0,0.921,0.4723,0.435,8360916,0.085911
02000036,Citrus,0.0,1.253,1.253,1600,S CROFT AVE,2,0.728,0.5310,1.325,5049089,0.398934
14000228,Pasco,0.0,0.435,0.435,2400,LEXINGTON OAKS BLVD,0,0.344,0.8089,0.278,2629314,0.174661
14600000,Pasco,0.0,4.543,4.543,2400,CR-578 /SAINT JOE RD,6,3.406,0.1949,5.494,27459709,0.271549
14000135,Pasco,0.0,0.061,0.061,4900,GALL BLVD,0,0.096,0.9377,0.090,752780,0.198214
15000005,Pinellas,0.0,2.369,2.369,4800,CARLTON RD,1,2.744,0.2310,1.403,28638367,0.077396
14000209,Pasco,0.0,1.552,1.552,3200,COLLIER PKWY,0,1.518,0.4896,0.743,12507878,0.098085
14000107,Pasco,1.987,3.53,1.543,5600,COYOTE RD,2,1.969,0.2951,1.991,21761855,0.139102
02900002,Citrus,0.0,0.388,0.388,4100,S LINE AVE,0,0.407,0.6694,0.273,4006430,0.112317
02000060,Citrus,0.0,0.26,0.26,5100,CR-488 / W DUNNELLON,0,0.313,0.7249,0.227,3339531,0.112136
14470003,Pasco,0.0,0.367,0.367,7500,SR 54,1,0.562,0.6393,0.720,6932171,0.164049
14000098,Pasco,0.0,2.728,2.728,12000,SR-54,0,8.897,0.1403,1.248,82445616,0.024990
02500000,Citrus,0.0,7.633,7.633,2800,N FLORIDA AVE,12,6.304,0.1156,11.341,53826389,0.257786
02000063,Citrus,0.0,0.981,0.981,600,US-19 / N SUNCOAST B,0,0.185,0.8430,0.156,1482389,0.174067
02000023,Citrus,0.0,1.484,1.484,1400,S OLD FLORAL CITY RD,3,0.793,0.5097,1.875,5232436,0.526913
14000195,Pasco,0.0,1.039,1.039,7400,CR-77 / SEVEN SPRING,0,2.291,0.3878,0.889,19363739,0.075767
14000150,Pasco,0.0,1.106,1.106,8000,COUNTY LINE RD,1,1.766,0.3183,1.244,22283688,0.088177
14570100,Pasco,0.0,0.119,0.119,19000,SR-54,2,0.563,0.7205,0.965,5694328,0.257542
14000185,Pasco,0.0,0.373,0.373,5600,US-301/SR-700/SR-35,0,0.656,0.6885,0.452,5260643,0.141880
02000058,Citrus,0.0,5.229,5.229,9600,N SUNCOAST BLVD,1,9.360,0.0809,1.677,126424670,0.020953
14470051,Pasco,0.0,0.353,0.353,5100,RIDGE RD,0,0.393,0.7172,0.282,4534056,0.102530
14000094,Pasco,0.0,0.839,0.839,8000,UNSIGNED,0,1.971,0.4241,0.836,16904172,0.081642
02470003,Citrus,0.0,0.346,0.346,450,W CARDINAL ST,0,0.052,0.9508,0.049,392130,0.206265
02000015,Citrus,0.0,2.878,2.878,1400,US-19 / US-98 / SR-5,1,1.538,0.3489,1.188,10147540,0.184927
14140013,Pasco,0.0,0.091,0.091,5000,I-75 NB,4,0.100,0.9091,0.454,1145918,0.565579
14000199,Pasco,0.0,2.26,2.26,6000,ROUNDABOUT,0,3.012,0.2149,0.647,34150860,0.031292
14000199,Pasco,2.26,5.3,3.04,6000,SUNLAKE BLVD,0,5.658,0.2042,1.155,45937440,0.041517
14000067,Pasco,0.0,1.996,1.996,3900,US-19/SR-55,3,2.621,0.3564,2.865,19605011,0.214860
14092000,Pasco,0.0,0.394,0.394,25000,SR-56,2,1.764,0.4521,1.893,24807225,0.116039
14506000,Pasco,3.915,4.565,0.65,14500,NORTHWOOD PALMS BLVD,5,1.507,0.3535,3.765,23736863,0.220456
14000123,Pasco,0.0,1.045,1.045,18000,COUNTY LINE RD,0,2.776,0.2290,0.636,47372985,0.022154
02000039,Citrus,0.0,1.298,1.298,3500,CR44/W FT ISLAND TRL,1,1.057,0.4851,1.028,11441546,0.141888
14030018,Pasco,0.0,1.976,1.976,1650,US-19 S,2,1.171,0.4132,1.657,8211317,0.306902
14470001,Pasco,0.0,0.372,0.372,12300,SR 589 NB,1,0.858,0.5372,0.924,11523649,0.126619
14000084,Pasco,0.0,2.27,2.27,4900,US301/SR39/GALL BLVD,0,2.664,0.2363,0.630,28013276,0.037107
14000193,Pasco,0.0,0.959,0.959,17400,CR-54 / WESLEY CHAPE,0,2.494,0.2484,0.620,42025202,0.024342
14000170,Pasco,0.0,0.721,0.721,2400,NEW LONDON AV,0,0.639,0.6942,0.444,4358012,0.168145
14000079,Pasco,0.0,1.013,1.013,500,ALLEN RD,0,0.251,0.8530,0.214,1275620,0.276935
02000067,Citrus,0.0,0.392,0.392,650,ROYAL CRES ST,0,0.121,0.9232,0.111,641714,0.286873
14140026,Pasco,0.0,0.32,0.32,4000,I-75/SR-93 SB,0,0.291,0.7738,0.225,3223680,0.115338
14000051,Pasco,0.0,0.502,0.502,7000,US301/SR39/GALL BLVD,0,0.737,0.5280,0.389,8850009,0.072597
02000033,Citrus,0.0,1.332,1.332,2050,N PONCE DE LEON BLVD,0,0.904,0.4768,0.431,6877016,0.103550
14000227,Pasco,0.0,0.235,0.235,7000,GREEN SLOPE DR,0,0.345,0.7050,0.243,4142932,0.096932
14000178,Pasco,0.0,0.72,0.72,950,20 ST,0,0.302,0.7321,0.221,1722654,0.211677
14000221,Pasco,0.0,1.483,1.483,2050,MEADOW POINTE BLVD,0,1.157,0.5563,0.644,7656618,0.138861
14000173,Pasco,0.0,0.716,0.716,2900,CLOCK TOWER PKWY,0,0.604,0.5769,0.349,5229413,0.110117
02000071,Citrus,0.0,0.24,0.24,2300,S BORDER AV,0,0.175,0.8247,0.144,1390212,0.171596
14110000,Pasco,2.742,3.448,0.706,9900,CR-535/CHANCEY RD,6,1.970,0.4241,4.291,17602804,0.330819
14470002,Pasco,0.0,0.384,0.384,12300,SR 54,1,0.885,0.5293,0.939,11895379,0.124756
02000050,Citrus,0.0,1.756,1.756,1400,E FLORAL PARK DR,2,0.938,0.4676,1.504,6191480,0.369252
14040101,Pasco,0.0,0.248,0.248,5500,LAND O LAKES BLVD,0,0.294,0.7723,0.227,3435234,0.108979
15000011,Pinellas,0.0,0.177,0.177,2700,SR686/ROOSEVELT BLVD,0,0.173,0.8937,0.154,1203591,0.211651
14000179,Pasco,0.0,0.039,0.039,950,ALSTON AVE,0,0.016,0.9806,0.016,93310,0.283516
14000237,Pasco,0.0,0.077,0.077,6700,HILLSBOROUGH CL,0,0.110,0.8823,0.097,1299294,0.123309
14000134,Pasco,0.0,1.903,1.903,11000,LAND O LAKES BLVD,3,4.000,0.1993,3.199,52719760,0.089220
14000163,Pasco,0.0,1.686,1.686,8000,MENTMORE BLVD,0,2.692,0.2345,0.631,33969528,0.030675
14000202,Pasco,0.0,0.344,0.344,850,FIVAY RD,0,0.134,0.8598,0.116,736409,0.259109
14470013,Pasco,0.0,0.27,0.27,2100,SR 52/SCHRADER M HWY,0,0.144,0.8736,0.126,1427990,0.145460
14000092,Pasco,0.0,1.341,1.341,6000,CHANCEY RD,0,1.787,0.3157,0.564,20263851,0.045967
02000062,Citrus,0.0,0.481,0.481,5100,CR-488/W DUNNELLON R,0,0.579,0.5875,0.340,6178132,0.090883
14000050,Pasco,0.0,1.115,1.115,400,SAN LUIS RD,2,0.271,0.7523,0.700,1123251,0.946906
14000050,Pasco,1.115,2.312,1.197,11000,N/A,2,2.334,0.2610,2.087,33161089,0.095699
14000210,Pasco,0.0,1.27,1.27,18000,SR-52,0,5.750,0.2015,1.159,57572910,0.033236
14000146,Pasco,0.0,3.265,3.265,8000,SR-54,1,5.212,0.1366,1.575,65783220,0.037832
14000129,Pasco,0.0,1.006,1.006,21500,BLANTON RD,0,2.988,0.2163,0.646,54472636,0.019584
02000051,Citrus,0.0,2.189,2.189,1400,E ORANGE AVE,5,1.255,0.5363,2.991,7718195,0.538648
14000083,Pasco,0.0,5.383,5.383,18500,COMMERCIAL WAY,0,19.284,0.0702,1.353,250806082,0.008910
14000115,Pasco,0.0,0.191,0.191,9400,SPUR,0,0.415,0.7783,0.323,4521715,0.117835
02000059,Citrus,0.0,4.865,4.865,5100,N LECANTO HWY,3,5.854,0.1234,3.352,62487763,0.078874
14000241,Pasco,0.0,1.477,1.477,1950,SR-54,0,0.741,0.5734,0.425,7253658,0.096686
02000004,Citrus,0.0,3.284,3.284,7600,US-19 / US-98 / SR-5,3,6.091,0.1929,3.596,62857730,0.084114
14000059,Pasco,0.0,1.531,1.531,6200,LAND O LAKES BLVD,1,2.083,0.2836,1.307,23906106,0.086378
14570200,Pasco,0.0,0.077,0.077,19000,SR-54A/BLACK LAKE RD,0,0.364,0.7994,0.291,3684566,0.130478
14000090,Pasco,0.198,0.565,0.367,4600,OLD DIXIE HWY,1,0.414,0.6657,0.610,4251732,0.226611
02000026,Citrus,0.0,1.422,1.422,4800,W SEVEN RIVERS DR,6,1.647,0.3335,4.548,17190274,0.359074
14000245,Pasco,0.0,0.412,0.412,3500,TOWER RD,0,0.391,0.6780,0.265,3631677,0.120668
14000164,Pasco,0.0,0.953,0.953,5700,DARLINGTON RD,1,1.230,0.4013,1.092,13680744,0.126132
14000190,Pasco,0.0,0.309,0.309,800,DEA END,0,0.108,0.9307,0.101,622573,0.267406
15000038,Pinellas,0.0,1.03,1.03,2000,EDGEWATER DR,3,0.689,0.5448,1.741,5188110,0.493275
15000492,Pinellas,0.0,0.651,0.651,5000,PINELLAS AVE,0,0.774,0.5158,0.399,8197718,0.080390
15000465,Pinellas,0.0,0.177,0.177,4800,CR296/BRYAN DAIRY RD,1,0.275,0.8407,0.390,2139718,0.288320
15000275,Pinellas,0.0,0.427,0.427,80,HIGHLAND AVE,0,0.038,0.9561,0.036,86032,0.694295
15000275,Pinellas,0.427,0.936,0.509,130,SCOTT ST,0,0.061,0.9309,0.057,166649,0.564253
15000275,Pinellas,0.936,2.004,1.068,1400,FLAGLER DR,0,0.571,0.5909,0.337,3765661,0.147885
15000432,Pinellas,0.0,0.356,0.356,1800,BECKETT WAY,0,0.223,0.7872,0.175,1613855,0.179440
15000504,Pinellas,0.0,0.509,0.509,4600,95 ST N,0,0.651,0.6909,0.450,5896816,0.125968
15000504,Pinellas,0.509,0.566,0.057,8600,N/A,0,0.095,0.8964,0.085,1234569,0.114170
15000504,Pinellas,0.566,1.153,0.587,4600,88 WAY,0,0.662,0.5546,0.367,6800454,0.089152
15000503,Pinellas,0.0,0.516,0.516,4500,BELCHER RD N,0,0.574,0.5895,0.338,5847957,0.095544
15035001,Pinellas,0.0,0.568,0.568,15500,SR686 BYP/END GRDRL,0,1.586,0.3856,0.612,22172874,0.045547
15000252,Pinellas,0.0,2.114,2.114,6700,34 ST S,3,3.019,0.2145,3.004,35671530,0.123818
15000423,Pinellas,0.0,0.246,0.246,700,BELCHER RD,0,0.078,0.9491,0.074,433686,0.282305
15000024,Pinellas,0.0,1.262,1.262,4600,SR-580 / MAIN ST,1,1.423,0.3667,1.155,14620396,0.124840
15000152,Pinellas,0.0,0.322,0.322,14500,9 AVE N,0,1.224,0.5425,0.664,11758876,0.093235
15010000,Pinellas,0.103,0.5,0.397,5100,ALLEY,1,0.441,0.6928,0.613,5099207,0.189951
15010000,Pinellas,0.5,0.577,0.077,10300,DR MARTIN LUTHER KIN,1,0.222,0.8674,0.325,1997422,0.257148
15010000,Pinellas,2.51,3.765,1.255,24000,US-19/SR-55/34 ST N,1,7.172,0.1683,2.039,75857220,0.042462
15010000,Pinellas,7.657,8.02,0.363,41500,N/A,2,3.231,0.3099,2.382,37939943,0.095446
15010000,Pinellas,8.02,9.588,1.568,39500,CR-1/PARK ST N,13,13.410,0.0977,13.040,155985816,0.100984
15010000,Pinellas,9.81,10.191,0.381,8600,15010102 SB OFF,0,0.636,0.5643,0.359,8252117,0.071868
15000050,Pinellas,0.0,0.259,0.259,3000,N MYRTLE AVE,0,0.223,0.7868,0.176,1956874,0.148291
15000050,Pinellas,0.259,1.755,1.496,5000,N MLK JR AVE,3,1.778,0.3168,2.613,18838380,0.203922
15000050,Pinellas,1.755,2.048,0.293,5000,CASLER AVE,0,0.348,0.7030,0.245,3689603,0.109560
15000434,Pinellas,0.0,0.185,0.185,4400,SILVER EAGLE DR,0,0.203,0.8025,0.163,2050059,0.131151
15003000,Pinellas,0.0,0.428,0.428,13500,I-275/SR-93 SB,0,1.066,0.4829,0.515,14551893,0.058409
15003000,Pinellas,0.428,0.666,0.238,48000,N/A,0,1.695,0.3700,0.627,28771344,0.035992
15003000,Pinellas,0.666,0.988,0.322,29500,15003002 WB ON,0,1.532,0.3939,0.603,23923231,0.041649
15003000,Pinellas,0.988,1.285,0.297,22500,15003004 WB ON,0,1.230,0.5420,0.667,16829876,0.065402
15003000,Pinellas,1.285,1.372,0.087,9400,4 ST S,3,0.233,0.8617,0.615,2059629,0.439310
15000333,Pinellas,0.0,0.607,0.607,50000,SR-686 / EAST BAY DR,0,3.062,0.2121,0.650,76436475,0.014031
15000163,Pinellas,0.0,3.511,3.511,3700,78 AV N,4,3.454,0.1927,3.895,32717078,0.169894
15000163,Pinellas,3.511,4.265,0.754,1850,22 AV N,0,0.480,0.6320,0.303,3513056,0.142589
15000163,Pinellas,4.265,4.514,0.249,3700,9 AVE NE/N,0,0.245,0.7709,0.189,2320294,0.134387
15000297,Pinellas,0.0,0.255,0.255,2900,MAIN ST/SR 580,0,0.215,0.7929,0.171,1862431,0.151341
15000065,Pinellas,0.0,3.18,3.18,5600,EAST BAY DR,0,4.705,0.2363,1.112,44849448,0.040928
15030000,Pinellas,4.534,5.45,0.916,27177,N/A,10,5.789,0.2005,9.156,62695871,0.183874
15030000,Pinellas,5.45,6.557,1.107,38500,CR-611/49 ST N,2,9.273,0.1353,2.984,107337211,0.042274
15030000,Pinellas,6.557,6.814,0.257,9400,NB ROOSEVELT BLVD,0,0.688,0.6785,0.467,6084192,0.126649
15030000,Pinellas,7.841,8.098,0.257,12000,SR-688/ULMERTON RD,0,0.838,0.6339,0.531,7767054,0.112949
15000173,Pinellas,0.0,1.491,1.491,6200,62 AVE N,0,2.028,0.2890,0.586,23281518,0.041570
15000173,Pinellas,1.491,1.994,0.503,3700,DR MLK JR ST N,0,0.495,0.6249,0.309,4687180,0.108931
15000173,Pinellas,1.994,2.255,0.261,3700,4 ST N,0,0.257,0.7625,0.196,2432115,0.132919
15000048,Pinellas,0.0,2.773,2.773,3000,WYATT ST,1,2.391,0.2563,1.357,20951402,0.102305
15000048,Pinellas,2.773,3.291,0.518,4400,PALMETTO ST,0,0.568,0.5920,0.336,5740165,0.096751
15000053,Pinellas,0.0,0.25,0.25,3800,37 ST S,0,0.250,0.7672,0.192,2392575,0.132424
15000451,Pinellas,0.0,1.747,1.747,52500,72 ST,2,18.809,0.0716,3.204,230990524,0.021091
15010101,Pinellas,0.0,0.76,0.76,9900,US-19A/SR-595/5 AVE,3,1.464,0.4048,2.378,18949194,0.184522
15000025,Pinellas,0.0,1.272,1.272,4000,BELTREES ST,0,1.314,0.3855,0.507,12814128,0.065276
15000025,Pinellas,1.272,1.741,0.469,800,SAN CHRISTOPHER DR,0,0.176,0.8237,0.145,944941,0.253901
15000500,Pinellas,0.0,0.695,0.695,350,FOREST LAKES BLVD,0,0.156,0.8413,0.131,612625,0.352708
15000490,Pinellas,0.0,1.422,1.422,350,SR-584/TAMPA RD,0,0.318,0.7215,0.230,1253457,0.302480
15000188,Pinellas,0.0,0.232,0.232,1200,FROM SR-60 EB,0,0.117,0.9252,0.109,701150,0.255760
15025000,Pinellas,0.0,0.325,0.325,22000,ALUS-19/SR-60/SR-595,1,1.324,0.5237,1.169,18007275,0.102606
15025000,Pinellas,0.325,1.004,0.679,13500,CLEVELAND ST,2,1.927,0.4304,1.968,23085830,0.129645
15025000,Pinellas,1.004,1.592,0.588,12700,PALMETTO ST,1,1.595,0.4772,1.284,18807151,0.107844
15000134,Pinellas,0.0,0.691,0.691,3500,SR-699/GULF BLVD,1,0.656,0.5567,0.809,6090992,0.209781
15000134,Pinellas,0.691,0.802,0.111,2200,73 AVE,0,0.079,0.9128,0.072,615018,0.193077
15000296,Pinellas,0.0,0.924,0.924,5100,CR-1,0,1.112,0.4257,0.473,11868179,0.065861
15000072,Pinellas,0.186,0.36,0.174,1000,RELIGIOUS RETREAT,0,0.075,0.9163,0.069,438219,0.259929
15002000,Pinellas,0.0,0.049,0.049,17000,I-275/SR-93,0,0.148,0.8708,0.129,2097910,0.101230
15002000,Pinellas,0.705,0.91,0.205,25500,N/A,0,1.230,0.5412,0.666,13165459,0.083513
15002000,Pinellas,0.91,1.166,0.256,25500,Bridge No-150145,0,1.163,0.5559,0.646,16440768,0.064925
15002000,Pinellas,1.166,1.22,0.054,15000,SR-595/5 AVE N,0,0.147,0.8715,0.128,2039985,0.103517
15000329,Pinellas,0.0,0.386,0.386,6100,ARKANSAS AV NE,0,0.520,0.6133,0.319,5930060,0.088760
15000291,Pinellas,0.0,2.044,2.044,6800,28 ST S,3,2.947,0.2186,2.988,35005135,0.125511
15000446,Pinellas,0.0,0.019,0.019,13500,CAUSEWAY BLVD,0,0.068,0.9551,0.065,645995,0.166403
15000446,Pinellas,0.019,0.053,0.034,31500,N/A,0,0.242,0.8570,0.208,2697314,0.127025
15000446,Pinellas,0.053,0.074,0.021,13500,N/A,0,0.047,0.9465,0.044,713995,0.101926
15000060,Pinellas,0.0,2.6,2.6,6400,MYRTLE AVE,0,3.608,0.1860,0.671,41907840,0.026439
15000037,Pinellas,0.0,0.665,0.665,1100,EDGEWATER R,0,0.305,0.7296,0.223,1842283,0.199760
15000037,Pinellas,0.748,1.0,0.252,850,NEW YORK AVE,0,0.098,0.8933,0.088,539463,0.269202
15000322,Pinellas,0.0,0.062,0.062,9300,1 AVE S,0,0.165,0.8982,0.148,1452167,0.168010
15000461,Pinellas,0.0,0.51,0.51,2800,4 ST N,0,0.421,0.6618,0.279,3596418,0.127983
15000461,Pinellas,0.51,1.037,0.527,2000,DR MLK JR ST N,1,0.352,0.7006,0.546,2654499,0.325130
15000106,Pinellas,0.0,2.98,2.98,5900,SR-693/66 ST N,13,3.930,0.1734,11.427,44280267,0.311735
15000441,Pinellas,0.0,0.643,0.643,3000,FORELOCK RD,0,0.555,0.5978,0.332,4858186,0.112676
15000505,Pinellas,0.0,0.683,0.683,2900,DANIEL ST,0,0.577,0.5884,0.339,4988393,0.112307
15000422,Pinellas,0.0,0.782,0.782,4100,CR-501/BELCHER RD,0,0.821,0.5012,0.411,8074815,0.084088
15000069,Pinellas,0.0,0.803,0.803,13500,SIDEWALK TO PIER,0,1.781,0.3165,0.563,27301799,0.034078
15000069,Pinellas,0.803,1.796,0.993,750,N/A,0,0.359,0.6968,0.250,1875653,0.220007
15000501,Pinellas,0.0,0.3,0.3,4300,LANDMARK DR,0,0.324,0.7176,0.233,3248865,0.118296
15020100,Pinellas,0.0,0.123,0.123,1600,BAYWOOD DR N,0,0.072,0.9529,0.069,495641,0.228613
15000306,Pinellas,0.0,1.246,1.246,4300,US-19,2,1.347,0.3796,1.752,13493619,0.197434
15000030,Pinellas,0.0,1.274,1.274,2000,BELTREES ST,0,0.852,0.4918,0.419,6417138,0.107792
15000294,Pinellas,0.0,0.109,0.109,10700,US-19,0,0.224,0.8164,0.183,2937327,0.102759
15000294,Pinellas,0.554,0.733,0.179,4200,SKY HARBOR ESTATES,0,0.169,0.8545,0.145,1893408,0.126305
15000487,Pinellas,0.0,0.568,0.568,2150,238F FROM MISTY P CT,0,0.397,0.6747,0.268,3075592,0.143953
15000257,Pinellas,0.0,0.205,0.205,9300,CENTRAL AVE,0,0.544,0.7274,0.396,4801520,0.136061
15000424,Pinellas,0.0,0.413,0.413,4200,CR-611/EAST LAKE RD,0,0.440,0.6520,0.287,4368590,0.108423
15000021,Pinellas,0.0,0.759,0.759,5000,ORANGE ST,2,1.033,0.5850,1.434,9557708,0.228150
15000301,Pinellas,0.0,0.15,0.15,2700,DEAD END/CUL DE SAC,0,0.121,0.8719,0.106,1019992,0.170906
15000486,Pinellas,0.0,0.25,0.25,3600,PELICAN DR S,0,0.308,0.8251,0.254,2266650,0.184960
15000156,Pinellas,0.0,0.186,0.186,2900,4 ST S,2,0.157,0.8400,0.452,1358479,0.505818
15000279,Pinellas,0.0,0.905,0.905,1200,CR-1,0,0.428,0.7727,0.331,2735091,0.199777
15000440,Pinellas,0.0,1.776,1.776,11500,CR-95,1,3.561,0.1880,1.481,51437844,0.045501
15000404,Pinellas,0.0,0.439,0.439,3700,CR-611/49 ST N,1,0.432,0.6562,0.627,4090800,0.242226
15000404,Pinellas,0.993,1.255,0.262,2700,N/A,0,0.211,0.7958,0.168,1781587,0.155989
15000077,Pinellas,0.0,1.009,1.009,4600,8 AVE SW,0,1.515,0.4893,0.741,11689366,0.104689
15000171,Pinellas,0.0,0.249,0.249,1550,9 AVE N,0,0.142,0.8532,0.121,972015,0.205597
15000018,Pinellas,0.0,0.529,0.529,5000,N GULF DR,0,0.629,0.5673,0.357,6661432,0.088412
15000115,Pinellas,0.0,5.761,5.761,5400,66 ST N,6,7.186,0.1029,6.122,78349024,0.106044
15000089,Pinellas,0.0,1.013,1.013,6700,SR-688/WALSINGHAM RD,1,1.447,0.3630,1.162,17093311,0.107417
15000443,Pinellas,0.0,0.686,0.686,3700,EAST LAKE BUS,0,0.863,0.6270,0.541,6392457,0.139829
15009000,Pinellas,0.0,1.296,1.296,14600,BAYSHORE BLVD,1,3.897,0.2720,1.788,47654050,0.059271
15009000,Pinellas,2.063,2.581,0.518,26000,N/A,0,2.387,0.3788,0.904,33919158,0.044018
15009000,Pinellas,2.581,3.839,1.258,31500,US-19/SR-55,10,8.959,0.1394,9.855,99800600,0.124331
15009000,Pinellas,3.839,4.395,0.556,32000,COUNTRYSIDE BLVD,1,4.010,0.2657,1.800,44809152,0.063462
15009000,Pinellas,4.395,5.312,0.917,19900,CR611/MCMULLEN BOOTH,6,4.503,0.2437,5.635,45958344,0.166404
15000067,Pinellas,0.0,1.153,1.153,3400,INDIAN ROCKS RD,0,1.179,0.5524,0.651,9873024,0.108953
15000067,Pinellas,1.153,1.921,0.768,3400,US19A/SR651/MISSOURI,0,0.716,0.5350,0.383,6576307,0.096244
15000454,Pinellas,0.0,0.08,0.08,1600,N HERCULES AVE,0,0.046,0.9466,0.044,322368,0.225432
15000408,Pinellas,0.0,0.29,0.29,1900,118TH AVE,0,0.188,0.8145,0.153,1387694,0.181953
15000408,Pinellas,0.378,1.017,0.639,1900,N/A,0,0.414,0.6659,0.275,3057711,0.148747
15000502,Pinellas,0.0,0.662,0.662,2600,NO. GANDY BL,0,0.522,0.6124,0.320,4334842,0.121723
15000183,Pinellas,0.0,2.816,2.816,3800,DR MLK JR ST N,1,2.817,0.2264,1.411,26949965,0.082738
15035000,Pinellas,0.0,0.706,0.706,16250,CR-611/49 ST,0,2.943,0.3303,0.972,28893491,0.055545
15035000,Pinellas,0.706,3.694,2.988,32500,SR-686/ROOSEVELT BLV,0,11.502,0.0669,0.769,244571535,0.005193
15000102,Pinellas,0.0,0.693,0.693,9600,THE ATHENIAN ACADEMY,0,1.241,0.3992,0.495,16755077,0.048806
15000286,Pinellas,0.0,0.711,0.711,3600,US-19,0,0.688,0.5452,0.375,6446353,0.096022
15002002,Pinellas,0.0,0.039,0.039,7900,I-375 / SR-592,1,0.062,0.9411,0.118,775950,0.239348
15035003,Pinellas,0.0,0.286,0.286,24500,SR-686 EB,0,1.167,0.4604,0.537,17647129,0.050264
15000403,Pinellas,0.0,0.889,0.889,4900,66 ST N,2,1.043,0.4414,1.578,10970838,0.218660
15000403,Pinellas,1.067,1.764,0.697,4900,N/A,0,0.818,0.5020,0.411,8601433,0.078815
15000496,Pinellas,0.0,0.777,0.777,2150,END OF PAVEMENT,0,0.544,0.6026,0.328,4207280,0.128566
15000189,Pinellas,0.0,0.198,0.198,1200,CR-611 NB,0,0.066,0.9374,0.062,598396,0.171834
15000324,Pinellas,0.217,1.037,0.82,27500,SR-694F / GANDY BLVD,0,2.842,0.2248,0.639,56792175,0.018579
15000472,Pinellas,0.0,1.188,1.188,6700,SR-584/TAMPA RD,0,2.007,0.4204,0.844,20046253,0.069497
15000338,Pinellas,0.0,0.891,0.891,13900,VIRGINIA AVE,0,2.012,0.2906,0.585,31191371,0.030957
15000218,Pinellas,0.0,1.871,1.871,3100,26 AV S,5,1.647,0.3335,3.882,14607552,0.369312
15000311,Pinellas,0.0,0.19,0.19,1700,3RD ST S / SR-687,1,0.115,0.8778,0.223,813476,0.432807
15000311,Pinellas,0.19,0.51,0.32,3400,1 ST S,0,0.299,0.7341,0.219,2740128,0.132067
15000311,Pinellas,0.51,0.546,0.036,1700,1 ST S,0,0.022,0.9743,0.021,154132,0.226853
15000311,Pinellas,0.546,0.606,0.06,4900,1 AVE S,0,0.070,0.9213,0.065,740439,0.144661
15000311,Pinellas,0.606,1.06,0.454,4900,CENTRAL AVE SE,1,0.533,0.6074,0.716,5602655,0.201961
15000274,Pinellas,0.0,2.38,2.38,4600,31 ST S,1,2.684,0.2349,1.396,27572538,0.079975
15000475,Pinellas,0.0,0.659,0.659,2600,41 ST S,0,0.519,0.6134,0.319,4315198,0.121938
15000055,Pinellas,0.0,4.526,4.526,8200,INDIAN ROCKS BLVD,3,10.846,0.1180,3.926,93469594,0.061754
15000427,Pinellas,0.0,1.723,1.723,1400,LAKEFRONT DR,0,0.921,0.4724,0.435,6075126,0.118221
15003003,Pinellas,0.0,0.062,0.062,4800,I-175 / SR-594,0,0.066,0.9382,0.062,749506,0.135529
15000339,Pinellas,0.0,0.763,0.763,5100,130 AVE,0,0.918,0.4731,0.434,9800239,0.073184
15000036,Pinellas,0.0,0.127,0.127,5300,HIGHLAND AVE,0,0.157,0.8404,0.132,1695202,0.128158
15000036,Pinellas,0.127,2.391,2.264,7000,MILWAUKEE AVE,2,3.324,0.1987,2.263,39913188,0.086211
15000198,Pinellas,0.0,0.509,0.509,3400,VIRGINIA ST,2,0.475,0.6345,1.032,4358516,0.360119
15000320,Pinellas,2.713,3.745,1.032,5200,5 AVE S,4,1.166,0.4605,2.695,13515278,0.284580
15000473,Pinellas,0.0,0.894,0.894,3700,GSP WAREHOUSE ACCESS,0,1.125,0.5633,0.634,8330694,0.125622
15000271,Pinellas,0.0,0.496,0.496,5200,ULMERTON RD/SR -688,0,0.604,0.5771,0.349,6495715,0.088626
15000426,Pinellas,0.0,0.818,0.818,1500,LANSBROOK PKWY,0,0.457,0.6436,0.294,3090200,0.156993
15000516,Pinellas,0.0,0.76,0.76,1500,RIDGEMOOR BLVD,0,0.424,0.6603,0.280,2871090,0.161063
15010003,Pinellas,0.0,0.724,0.724,11000,US-19ALT/ SR-595 / T,1,2.201,0.3974,1.477,20057334,0.116352
15000401,Pinellas,0.0,0.716,0.716,31500,UNDERPASS 150257,2,5.099,0.2216,2.687,56802249,0.071916
15000118,Pinellas,0.0,1.544,1.544,8200,DUHME RD,1,3.700,0.2817,1.761,31886225,0.087239
15000438,Pinellas,0.0,1.706,1.706,21500,CR-611/EAST LAKE RD,1,6.831,0.1757,2.024,92376062,0.034620
15000510,Pinellas,0.0,0.682,0.682,4500,CR-1/STARKEY RD,0,0.858,0.6291,0.540,7729277,0.115345
15000083,Pinellas,0.0,1.38,1.38,3700,INDIAN ROCKS RD,1,1.358,0.3778,1.135,12859461,0.139458
15035005,Pinellas,0.059,0.189,0.13,3100,SR-686 WB,0,0.096,0.9123,0.087,1014956,0.142064
15000253,Pinellas,0.0,4.959,4.959,9000,PINELLAS POINT DR S,15,8.524,0.0882,14.429,112403174,0.151564
15000318,Pinellas,0.0,0.251,0.251,4600,US1-9/SR-55/34 ST S,0,0.283,0.7444,0.211,2907860,0.119660
15000471,Pinellas,0.0,1.115,1.115,5000,US-19,0,1.325,0.3835,0.508,14040638,0.059766
15000435,Pinellas,0.0,0.746,0.746,7900,EAST LAKE RD,1,1.182,0.4110,1.075,14842528,0.114387
15003001,Pinellas,0.0,0.057,0.057,9300,I-175/SR-594 EB,0,0.104,0.9052,0.094,1335057,0.116718
15035023,Pinellas,0.0,0.037,0.037,12000,RAMP,0,0.084,0.9225,0.077,1118214,0.113858
15000331,Pinellas,0.0,0.503,0.503,6400,PINELLAS POINT DR S,0,0.698,0.5415,0.378,8107555,0.076979
15000216,Pinellas,0.0,0.499,0.499,1550,US-19 / SR-55 / 34 S,0,0.284,0.7436,0.211,1947934,0.179184
15000068,Pinellas,0.0,1.6,1.6,14000,SR-60/MEMORIAL CSWY,0,3.630,0.1851,0.672,56414400,0.019662
15000498,Pinellas,0.0,0.488,0.488,4200,SR-60/GULF TO BAY BL,0,0.520,0.6133,0.319,5161918,0.101979
15030055,Pinellas,0.0,0.226,0.226,1600,SR688/ROOSEVELT BLVD,0,0.144,0.9095,0.131,910690,0.238014
15000185,Pinellas,0.0,1.59,1.59,21000,US-19 NB FRONTAGE RD,3,6.256,0.1887,3.615,84092715,0.063196
15000313,Pinellas,0.0,0.189,0.189,400,US-19 / SR-595 / BAY,0,0.046,0.9471,0.044,190399,0.377852
15000041,Pinellas,0.0,0.763,0.763,5400,NURSERY RD,0,0.952,0.4641,0.442,10376724,0.070290
15000041,Pinellas,0.763,0.875,0.112,5400,SANDRA DR,0,0.140,0.8551,0.119,1523189,0.129495
15000041,Pinellas,0.875,1.369,0.494,5400,JEFFORDS ST,2,0.616,0.5723,1.208,6718351,0.273418
15000041,Pinellas,1.369,4.897,3.528,11000,GULF TO BAY BLVD,15,6.879,0.1070,14.131,97737948,0.170705
15000288,Pinellas,0.161,0.807,0.646,18000,Bridge No-154355,1,2.268,0.3909,1.496,29285118,0.080688
15000463,Pinellas,0.0,0.163,0.163,4800,CR296/BRYAN DAIRY RD,0,0.253,0.8514,0.216,1970474,0.180681
15000061,Pinellas,0.0,1.071,1.071,5000,S BELCHER RD,0,1.273,0.3931,0.500,13486568,0.061256
15000453,Pinellas,0.0,0.185,0.185,12000,49 ST N,1,0.481,0.7516,0.610,5591070,0.172374
15000509,Pinellas,0.0,0.614,0.614,4300,C576/SUNSET POINT RD,0,0.664,0.5539,0.368,6649344,0.091311
15010001,Pinellas,0.038,0.84,0.802,11000,13 AVE N,0,2.438,0.3732,0.910,22218207,0.067607
15000410,Pinellas,0.0,0.504,0.504,3800,71 ST N,0,0.504,0.6205,0.313,4823431,0.107096
15000033,Pinellas,0.0,1.046,1.046,14500,PALMETTO ST,5,2.426,0.2536,4.347,38198090,0.158164
15000489,Pinellas,0.0,0.351,0.351,8500,ENTERPRISE RD E,0,0.582,0.5861,0.341,7513945,0.074974
15000319,Pinellas,0.0,0.666,0.666,16500,8 ST S,1,1.675,0.3298,1.223,27675796,0.069795
15030056,Pinellas,0.0,0.078,0.078,1200,SR-688/ULMERTON RD,0,0.039,0.9735,0.038,235732,0.269127
15000143,Pinellas,0.0,0.538,0.538,1950,TRADE WINDS DR S,0,0.354,0.6996,0.248,2642158,0.154774
15000143,Pinellas,0.538,2.208,1.67,24500,24 AVE S,6,7.365,0.1650,6.225,103044428,0.081989
15000284,Pinellas,0.0,1.253,1.253,1950,S FLORIDA AVE,0,0.825,0.4999,0.412,6153577,0.110610
15000282,Pinellas,0.0,2.912,2.912,8500,ENTERPRISE RD E,2,4.829,0.1458,2.413,62337912,0.058844
15000467,Pinellas,0.0,1.062,1.062,1200,S GULVIEW BLVD,2,0.537,0.7298,0.933,3209576,0.441794
15000450,Pinellas,0.0,0.526,0.526,1000,BRIDGE #155522,0,0.230,0.8634,0.198,1324731,0.247128
15000511,Pinellas,0.0,0.615,0.615,4600,END OF PAVEMENT,0,0.787,0.6492,0.511,7124836,0.118351
15000405,Pinellas,0.0,0.863,0.863,3800,TO FRONTAGE RD,0,0.863,0.4885,0.422,8259169,0.084306
15000495,Pinellas,0.0,1.288,1.288,4900,FEATHER SOUND DR,0,1.511,0.3529,0.533,15894757,0.055414
15000215,Pinellas,0.0,0.755,0.755,3700,SR-688/ WAISINGHAM R,0,0.743,0.5260,0.391,7035430,0.091699
15000137,Pinellas,1.09,1.185,0.095,700,N/A,0,0.033,0.9617,0.032,167480,0.311519
15000262,Pinellas,0.0,1.7,1.7,5100,US-19 NB FRONTAGE RD,1,2.046,0.2872,1.300,21835395,0.094087
15000052,Pinellas,0.0,0.5,0.5,13000,SR-60/COURT ST,0,1.380,0.5134,0.708,16370250,0.071443
15035022,Pinellas,0.0,0.013,0.013,12000,SR-686,0,0.029,0.9713,0.029,392886,0.119881
15000250,Pinellas,0.0,0.252,0.252,2600,5 AVE N,0,0.238,0.8589,0.205,1650121,0.204884
15000407,Pinellas,0.0,1.053,1.053,2500,38 AVE N,1,0.810,0.5044,0.904,6629951,0.215446
15000034,Pinellas,0.0,1.66,1.66,4000,SUNSET POINT RD,0,1.715,0.3246,0.557,16722840,0.054972
15000087,Pinellas,0.0,4.281,4.281,5100,74 AVE N,2,5.911,0.1976,2.773,54986662,0.076672
15000429,Pinellas,0.0,1.1,1.1,1200,PINELLAS AVE,0,0.534,0.6070,0.324,3324420,0.160898
15000519,Pinellas,0.0,0.173,0.173,1800,LINN HARBOR CT,0,0.081,0.9246,0.075,784261,0.158073
15000220,Pinellas,0.0,0.09,0.09,17000,US-19/SR-595/5 AVE N,1,0.231,0.7814,0.399,3853305,0.163524
15000400,Pinellas,0.0,0.994,0.994,4500,66 ST N,0,1.106,0.4271,0.472,11265250,0.069222
15000031,Pinellas,0.0,1.895,1.895,6000,SUNSET POINT DR,2,2.525,0.2461,2.129,28635345,0.113062
15000488,Pinellas,0.0,0.181,0.181,2200,CR-611/E LAKE RD S,0,0.128,0.8652,0.111,1002867,0.183009
15000205,Pinellas,0.0,0.921,0.921,28000,RR CROSS# 918637-G,5,4.484,0.2451,4.873,64947078,0.104287
15000323,Pinellas,0.0,0.797,0.797,2000,77 AVE N,2,0.533,0.6074,1.109,4014489,0.419990
15000462,Pinellas,0.0,0.395,0.395,1300,GULF BLVD,0,0.213,0.8719,0.186,1293250,0.237380
15000100,Pinellas,0.0,2.588,2.588,5600,66 ST,3,4.555,0.2416,3.376,36500117,0.135975
15000436,Pinellas,0.0,0.39,0.39,2150,RIDGELINE BLVD,0,0.273,0.7513,0.205,2111762,0.160292
15000506,Pinellas,0.0,0.598,0.598,6700,CUTTY BAY CT,0,1.217,0.5439,0.662,10090622,0.108312
15000076,Pinellas,0.0,1.0,1.0,3100,INDIAN ROCKS RD,3,0.880,0.4836,1.975,7807350,0.371916
15000314,Pinellas,0.0,1.263,1.263,6100,21 AVE NE,1,1.701,0.3265,1.229,19403280,0.100050
15000314,Pinellas,1.263,1.625,0.362,9900,BEACH DR,0,0.661,0.5551,0.367,9025800,0.067091
15030101,Pinellas,0.0,0.125,0.125,9500,AVENTURA AT BAY PLAC,1,0.337,0.8114,0.462,2990719,0.244280
15000032,Pinellas,0.0,0.501,0.501,1000,PINELLAS POINT DR S,0,0.217,0.7918,0.172,1261768,0.224606
15000482,Pinellas,0.0,0.354,0.354,12000,DRIFTWOOD DR W,0,0.729,0.5307,0.387,10698588,0.059708
15000075,Pinellas,0.0,2.4,2.4,900,INDIAN ROCKS RD,1,0.972,0.4589,0.987,5439960,0.286684
15000433,Pinellas,0.0,3.002,3.002,2100,118 ST,1,2.070,0.2849,1.305,15877128,0.129824
15000191,Pinellas,0.0,0.175,0.175,1200,CR-611 SB,0,0.089,0.9425,0.083,528885,0.260550
15000464,Pinellas,0.0,0.386,0.386,4800,SR-693/66 ST N,0,0.600,0.7076,0.424,4666277,0.150160
15000098,Pinellas,0.0,0.389,0.389,10300,94 AVE N,3,0.904,0.6170,1.706,10090874,0.248625
15000292,Pinellas,0.0,0.854,0.854,1300,US-19A/BAYSHORE BLVD,0,0.436,0.6542,0.285,2796039,0.168322
15000292,Pinellas,0.854,1.166,0.312,800,PATRICIA AVE,0,0.117,0.8754,0.103,628618,0.269821
15035004,Pinellas,0.0,0.5,0.5,11500,I-275 SB RP 15190030,0,1.090,0.4773,0.520,14481375,0.059336
15010302,Pinellas,0.0,0.323,0.323,13500,SR-666/T STUART CSWY,0,1.159,0.5561,0.644,10981919,0.096875
15000413,Pinellas,0.0,1.029,1.029,4600,86 AVE N,0,1.161,0.4153,0.482,11921068,0.066761
15000054,Pinellas,0.0,1.01,1.01,6400,PINELLAS POINT DR,0,1.402,0.3703,0.519,16279584,0.052647
15000497,Pinellas,0.0,0.387,0.387,2300,N JASMINE AVE,0,0.296,0.8308,0.246,2241717,0.181385
15000485,Pinellas,0.0,0.505,0.505,2600,N HERCULES AVE,0,0.424,0.7746,0.328,3306790,0.163810
15000091,Pinellas,0.0,2.172,2.172,3400,90 AVENUE,1,2.026,0.2892,1.297,18598619,0.110158
15000442,Pinellas,0.0,1.69,1.69,350,E LAKE WOODLANDS PKY,0,0.378,0.6855,0.259,1489693,0.287393
15000508,Pinellas,0.0,0.511,0.511,7900,RIDGEMOOR BLVD,0,0.809,0.5046,0.408,10166933,0.066326
15010002,Pinellas,0.0,0.573,0.573,11000,18 AVE N,0,1.742,0.4545,0.792,15874105,0.082344
15000402,Pinellas,0.0,1.509,1.509,4700,PARK BLVD,0,1.725,0.3233,0.558,17861958,0.051564
15035017,Pinellas,0.0,0.32,0.32,1600,RAMP,0,0.136,0.8796,0.120,1289472,0.153460
15010004,Pinellas,0.0,1.652,1.652,11000,80 ST N,0,5.021,0.2242,1.126,45766182,0.040621
15000190,Pinellas,0.0,0.195,0.195,1200,SR-60 EB,0,0.065,0.9383,0.061,589329,0.171997
15000304,Pinellas,0.0,0.747,0.747,4200,66 ST N,0,0.796,0.5088,0.405,7901542,0.084612
15000097,Pinellas,0.0,2.675,2.675,1700,PARK BLVD,2,1.615,0.3379,1.870,11452879,0.248247
15000281,Pinellas,0.0,1.192,1.192,5500,COUNTRYSIDE BLVD,1,1.504,0.3540,1.178,16511286,0.112762
15000430,Pinellas,0.0,0.83,0.83,600,BEG OF PAVEMENT,0,0.235,0.8609,0.202,1254213,0.266554
15000411,Pinellas,0.2,0.807,0.607,3700,34 ST N,0,0.597,0.5799,0.346,5656299,0.101091
15000499,Pinellas,0.0,1.003,1.003,4900,SR-688/ULMERTON RD,0,1.177,0.4119,0.485,12377672,0.064674
15000325,Pinellas,0.0,0.188,0.188,60000,15241001 WB ON,0,1.610,0.3820,0.615,28408680,0.035759
15000481,Pinellas,0.0,1.01,1.01,3700,MICHAELS CIR,0,1.271,0.5331,0.678,9411634,0.118885
15000119,Pinellas,0.0,4.618,4.618,20000,BELCHER RD,22,13.105,0.0592,21.474,232608660,0.102664
15000298,Pinellas,0.0,2.307,2.307,2200,CR-611/EAST LAKE RD,2,1.638,0.3348,1.879,12782395,0.223467
15000439,Pinellas,0.0,0.598,0.598,3000,TARPON LAKE BLVD,0,0.516,0.6152,0.317,4518189,0.115939
15000512,Pinellas,0.0,0.714,0.714,6700,MAPLELEAF BLVD,0,1.453,0.4997,0.726,12048000,0.099509
15000165,Pinellas,0.0,1.73,1.73,21000,16 ST N,7,5.062,0.1400,6.729,91497105,0.097683
15000302,Pinellas,0.0,1.058,1.058,7200,FRONTAGE RD SB,1,1.581,0.3427,1.199,19184926,0.098747
15000124,Pinellas,0.0,2.967,2.967,300,49 ST S,1,0.503,0.7430,0.631,2241717,0.444700
15000270,Pinellas,0.0,1.115,1.115,1800,USALT19/PINELLAS AVE,0,0.698,0.5416,0.378,5054630,0.123446
15000066,Pinellas,0.0,4.047,4.047,11000,SR-686/EAST BAY DR,7,7.891,0.0946,7.084,112116064,0.083931
15000448,Pinellas,0.0,0.075,0.075,31500,PIER 60 2ND CROSSWAL,0,0.534,0.7310,0.390,5949956,0.108346
15000448,Pinellas,0.075,0.212,0.137,31500,N/A,0,0.976,0.5980,0.583,10868587,0.088635
15003004,Pinellas,0.0,0.097,0.097,5200,6 ST S,0,0.110,0.9008,0.099,1270331,0.128351
15035018,Pinellas,0.0,0.225,0.225,12000,RAMP,0,0.508,0.6620,0.336,6799950,0.081704
15000251,Pinellas,0.0,1.17,1.17,4100,CENTRAL PARK DR,1,1.228,0.4017,1.091,12081244,0.142732
15000334,Pinellas,0.0,0.38,0.38,5600,MCMULLEN RD,0,0.485,0.6296,0.305,5359368,0.094068
15000203,Pinellas,0.0,0.25,0.25,2050,US-19A/SR-595,0,0.176,0.8922,0.157,1290731,0.200705
15000272,Pinellas,2.966,4.032,1.066,6200,15150400 FRNT RD SB,2,1.701,0.4612,1.862,16645270,0.170082
15035006,Pinellas,0.0,0.23,0.23,2100,118 AVE N,1,0.123,0.8903,0.219,1216436,0.284305
15000415,Pinellas,0.0,0.521,0.521,1750,SR-694/PARK BLVD,0,0.320,0.7202,0.231,2296242,0.165880
15000051,Pinellas,0.0,2.098,2.098,5800,GULF TO BAY BLVD,1,2.737,0.2315,1.402,30646115,0.072281
15000494,Pinellas,0.0,0.557,0.557,4200,SR-60/GULF TO BAY BL,0,0.527,0.6537,0.345,5891779,0.096621
15030102,Pinellas,0.0,0.108,0.108,12000,N FRONTAGE RD,0,0.352,0.8047,0.283,3263976,0.143381
15000491,Pinellas,0.0,0.857,0.857,4500,UNSIGNED,0,0.953,0.4637,0.442,9712595,0.075156
15000255,Pinellas,0.0,2.067,2.067,6800,SR-688 / ULMERTON RD,4,2.980,0.2167,3.779,35399029,0.152350
15000477,Pinellas,0.0,1.22,1.22,3300,RACETRACK RD,0,1.117,0.4246,0.474,10139481,0.077240
15000125,Pinellas,0.0,1.416,1.416,1000,PALM BLVD,1,0.613,0.5737,0.778,3566196,0.344581
15000300,Pinellas,0.0,0.253,0.253,4300,UNNAMED RD,0,0.274,0.7509,0.205,2739876,0.123771
15000431,Pinellas,0.0,0.221,0.221,2800,74 AVE N,0,0.183,0.8187,0.149,1558448,0.158321
15003002,Pinellas,0.0,0.122,0.122,6300,MLK ST S SB,0,0.162,0.8603,0.139,1935719,0.118608
15000332,Pinellas,0.0,0.421,0.421,1000,DEMARET DR,0,0.182,0.8190,0.149,1060288,0.232330
15000493,Pinellas,0.0,0.552,0.552,6700,CR-611/MCMULLEN B RD,0,1.123,0.5637,0.633,9314420,0.112250
15000217,Pinellas,0.0,0.653,0.653,10900,5 AV S,0,1.266,0.3944,0.499,17925927,0.045987
15000217,Pinellas,0.653,0.781,0.128,17000,20 ST S,0,0.328,0.7154,0.235,5480256,0.070698
15000020,Pinellas,0.0,1.928,1.928,3000,BAYSHORE BLVD,1,1.797,0.4475,1.357,14567004,0.147159
15000290,Pinellas,0.0,0.559,0.559,3900,CR-501/BELCHER RD,0,0.568,0.5919,0.336,5490582,0.101176
15000122,Pinellas,0.0,1.899,1.899,13000,49 ST,2,6.607,0.1801,2.830,62174210,0.069203
15000428,Pinellas,0.0,0.217,0.217,350,LIVE OAK ST,0,0.026,0.9743,0.026,191280,0.220693
15000412,Pinellas,0.0,0.754,0.754,5600,98 ST N,0,0.962,0.4614,0.444,10634114,0.068938
15000022,Pinellas,0.0,0.933,0.933,2000,BAYSHORE BLVD,0,0.624,0.5692,0.355,4699521,0.124762
15000310,Pinellas,0.0,0.12,0.12,2900,50 AVE N,0,0.101,0.8906,0.090,876438,0.169975
15000277,Pinellas,0.0,0.696,0.696,1650,SOLON AVE,0,0.412,0.6666,0.275,2892245,0.156929
15000466,Pinellas,0.0,0.189,0.189,4800,SR-693/66 ST N,0,0.294,0.8317,0.244,2284783,0.176498
15000056,Pinellas,0.085,1.322,1.237,7100,94 AVE N,0,1.832,0.3103,0.569,22119230,0.042442
15002001,Pinellas,0.0,0.078,0.078,3200,US-19A / SR-595,0,0.059,0.9441,0.056,628618,0.146217
15035024,Pinellas,0.0,0.047,0.047,12000,RAMP,0,0.153,0.9045,0.139,1420434,0.161157
15000219,Pinellas,0.0,0.507,0.507,6400,62 AV S,0,0.704,0.5395,0.380,8172029,0.076699
15000507,Pinellas,0.0,1.138,1.138,18500,CR-584A/NEBRASKA AVE,0,3.075,0.2114,0.650,53021980,0.020245
15000406,Pinellas,0.0,1.026,1.026,6800,EB CR-296/118 AVE N,0,1.479,0.3579,0.529,17571071,0.049742
15000047,Pinellas,0.0,1.328,1.328,8000,DREW ST,6,2.120,0.2800,4.914,26756544,0.249232
15000474,Pinellas,0.0,1.31,1.31,10600,SR-679/PINELLAS BAYW,0,3.864,0.2730,1.055,34971891,0.049814
15000057,Pinellas,0.252,0.428,0.176,1800,RIVO PL,0,0.110,0.8821,0.097,797861,0.201069
15002003,Pinellas,0.0,0.118,0.118,3400,8 ST N,0,0.094,0.9139,0.086,1010422,0.140075
15010053,Pinellas,0.0,0.487,0.487,1700,US-19A/SEMINOLE BLVD,0,0.327,0.8163,0.267,2085066,0.211152
15000258,Pinellas,0.0,1.636,1.636,7600,SR-693 / 66 ST,2,2.529,0.2458,2.130,31314022,0.103427
15000340,Pinellas,0.0,1.224,1.224,7200,58 ST N,0,1.829,0.3107,0.568,22195037,0.042274
15000035,Pinellas,0.0,1.046,1.046,1600,UNION ST,0,0.608,0.5756,0.350,4214962,0.137067
15190037,Pinellas,0.0,0.223,0.223,9700,CR-184 / 38 AVE N,0,0.422,0.7021,0.297,5447767,0.089881
15150013,Pinellas,0.0,0.1,0.1,7200,CR-611/49 ST SB,0,0.148,0.8706,0.129,1813320,0.117302
15190000,Pinellas,0.5,2.555,2.055,102000,Bridge No-150183,8,16.220,0.0484,8.398,527902785,0.020722
15190000,Pinellas,13.785,14.379,0.594,172000,N/A,8,12.173,0.0756,8.315,257310108,0.042098
15110500,Pinellas,0.0,2.627,2.627,2100,CR-138/GULFPORT BLVD,3,1.811,0.3128,2.628,13893809,0.278100
15230000,Pinellas,0.0,0.606,0.606,26000,PARK ST,3,3.695,0.2820,3.196,39681486,0.118412
15150701,Pinellas,0.0,0.329,0.329,4200,DREW ST,0,0.350,0.7017,0.246,3480063,0.116681
15150000,Pinellas,13.578,14.411,0.833,91500,N/A,0,14.059,0.0936,1.316,191958811,0.011316
15150000,Pinellas,19.845,20.417,0.572,110000,Bridge No-150248,4,8.095,0.1095,4.448,158464020,0.040063
08000059,Hernando,0.0,0.525,0.525,1900,HUNTERS LAKE RD,0,0.258,0.7944,0.205,2512204,0.134554
15190041,Pinellas,0.0,0.186,0.186,6500,22 ST N,0,0.253,0.7974,0.202,3044866,0.109350
15120000,Pinellas,10.566,10.613,0.047,68500,N/A,0,0.628,0.6981,0.438,8108311,0.089221
15506000,Pinellas,0.0,2.382,2.382,5000,US ALT 19,3,2.831,0.2255,2.962,29995335,0.145178
15090001,Pinellas,0.0,0.13,0.13,15500,US-92/SR-687,0,0.522,0.7357,0.384,5074778,0.124830
15090001,Pinellas,0.13,0.218,0.088,6880,100 AV N,1,0.183,0.8880,0.274,1524801,0.284343
15240050,Pinellas,0.0,0.276,0.276,15000,SR-694 / GANDY BLVD,0,0.750,0.5703,0.428,10426590,0.067741
15150304,Pinellas,0.0,0.029,0.029,1600,US-19 / SR-55,0,0.019,0.9874,0.018,116858,0.258388
08000023,Hernando,0.0,0.656,0.656,1200,CANDLELIGHT BLVD,0,0.318,0.7215,0.230,1982563,0.191231
15190009,Pinellas,0.0,0.167,0.167,5500,26 AVE S,0,0.198,0.8343,0.165,2313242,0.117736
15070000,Pinellas,0.0,0.602,0.602,3600,BROADWAY,1,0.582,0.5861,0.755,5458093,0.218567
15070000,Pinellas,0.602,1.028,0.426,11900,BASS BLVD,1,1.101,0.5693,1.058,12767284,0.130863
15070000,Pinellas,1.028,1.283,0.255,27000,N/A,1,1.208,0.5464,1.114,17339872,0.101490
15070000,Pinellas,1.283,1.782,0.499,27500,CROSLEY DR,1,2.397,0.3778,1.528,34560116,0.069844
15070000,Pinellas,2.797,3.34,0.543,45000,N/A,0,3.755,0.2793,1.049,61539547,0.028146
15070000,Pinellas,3.34,4.136,0.796,36000,US-19/SR-55,7,6.315,0.1869,6.872,72170136,0.126481
15070000,Pinellas,6.153,7.37,1.217,35500,SR-590/PHILIPPE PKWY,0,9.547,0.1320,1.260,108808015,0.019118
15240000,Pinellas,0.66,1.56,0.9,70500,N/A,3,8.811,0.1015,3.590,159798825,0.033029
15240000,Pinellas,3.33,3.376,0.046,37500,15241200 S FRNT RD,1,0.377,0.7937,0.506,4344412,0.183900
15240000,Pinellas,3.376,5.76,2.384,28500,15241100 N FRNT RD,5,15.656,0.0848,5.904,171116964,0.047952
15240000,Pinellas,5.76,5.883,0.123,4800,N/A,0,0.130,0.8844,0.115,1486922,0.127762
15150106,Pinellas,0.0,0.043,0.043,3100,SR-55 NB FRONTAGE RD,0,0.032,0.9692,0.031,335716,0.150924
15045000,Pinellas,0.0,0.606,0.606,36500,CSWY PARKING ENTR,0,4.862,0.2299,1.118,55706702,0.033129
15045000,Pinellas,1.402,1.697,0.295,29500,SR-60 WB/COURT ST,4,1.992,0.4215,3.154,21917246,0.205357
08000061,Hernando,0.0,0.457,0.457,1900,US-41/N BROAD ST,0,0.335,0.8123,0.272,2186814,0.205707
15190053,Pinellas,0.0,0.207,0.207,15000,I-275 / SR-93,0,0.563,0.6390,0.359,7819942,0.075893
15517000,Pinellas,2.082,3.551,1.469,65500,CR-576/MAIN ST,11,18.917,0.0713,11.564,242328811,0.059195
15517000,Pinellas,3.551,4.332,0.781,68000,CR-638/ENTERPRISE RD,5,10.367,0.1228,5.659,133752498,0.058803
08000009,Hernando,11.546,12.464,0.918,16500,N/A,1,3.022,0.3251,1.657,38147720,0.068636
15501000,Pinellas,4.043,5.976,1.933,18000,N/A,7,6.786,0.1766,6.962,87628689,0.105535
15150207,Pinellas,0.0,0.022,0.022,1600,FRONTAGE RD SB,0,0.009,0.9907,0.009,88651,0.172835
15050005,Pinellas,0.0,1.252,1.252,14500,15150031 NB FRNT RD,0,3.745,0.2799,1.048,45720849,0.037856
15050005,Pinellas,1.252,2.41,1.158,6400,CR-611/MCMULLEN BOOT,0,1.891,0.4349,0.823,18665107,0.072765
15050005,Pinellas,2.41,4.629,2.219,8500,DELAWARE ST,0,4.471,0.2456,1.098,47502688,0.038170
15050005,Pinellas,4.629,5.978,1.349,10000,CR-638/ENTERPRISE RD,0,3.065,0.3220,0.987,33974565,0.047966
15200001,Pinellas,2.97,3.29,0.32,39500,DOLPHIN CAY LN S,1,2.737,0.3465,1.602,31833840,0.079500
15200001,Pinellas,3.29,3.721,0.431,20000,41 ST S,0,2.125,0.4058,0.862,21709470,0.065591
15150004,Pinellas,0.0,0.162,0.162,13500,SR-694/PARK BLVD,1,0.581,0.7141,0.701,5507960,0.201049
15540000,Pinellas,0.0,0.249,0.249,30500,US-19 / 34 TH ST N,3,1.291,0.5299,2.095,19126748,0.161009
15200000,Pinellas,0.0,0.195,0.195,4700,SPUR,0,0.253,0.8517,0.216,2308205,0.154413
15200000,Pinellas,0.195,3.414,3.219,3600,N/A,4,3.435,0.2977,3.832,29185385,0.187367
15200000,Pinellas,3.414,5.144,1.73,5800,ANDERSON BLVD,1,2.627,0.3565,1.580,25270629,0.098786
15200000,Pinellas,5.144,8.366,3.222,16500,Bridge No-150243,0,10.606,0.1207,1.280,133891015,0.015784
15200000,Pinellas,8.366,9.96,1.594,16500,1 ST,1,5.247,0.2172,1.922,66239069,0.045850
15150010,Pinellas,0.0,0.094,0.094,6700,CR-611 / 49 ST,0,0.131,0.8837,0.116,1586151,0.120546
08000038,Hernando,0.0,1.505,1.505,5500,SORREL ST,1,2.197,0.3985,1.477,20846884,0.111943
15190027,Pinellas,0.0,0.153,0.153,9300,I-275 / SR-93,1,0.280,0.7806,0.438,3583574,0.193039
15140501,Pinellas,3.646,4.016,0.37,1200,15000007 SB ON,0,0.187,0.8857,0.166,1118214,0.244860
15100000,Pinellas,0.0,0.111,0.111,10600,W MARITANA DR,0,0.211,0.7959,0.168,2963267,0.093771
15100000,Pinellas,7.289,7.955,0.666,19900,140 AVE,3,3.271,0.3074,3.083,33378688,0.135803
15100000,Pinellas,7.955,9.354,1.399,29000,N/A,1,6.990,0.1724,2.032,102178063,0.031425
15150101,Pinellas,0.0,0.039,0.039,3100,US-19/SR-55 NB,0,0.029,0.9720,0.028,304487,0.151358
08000013,Hernando,0.0,1.423,1.423,5200,SR-50/CORTEZ BLVD,1,1.733,0.3223,1.236,18635893,0.104816
08000013,Hernando,3.193,4.6,1.407,1800,CR-485/COBB RD,0,0.988,0.5949,0.588,6378353,0.152210
08000013,Hernando,4.6,5.81,1.21,1300,PONCE DE LEON /US-98,0,0.617,0.5718,0.353,3961600,0.147117
15190035,Pinellas,0.0,0.136,0.136,11000,38 AVE N,0,0.286,0.7769,0.222,3767676,0.097329
15241000,Pinellas,0.0,2.245,2.245,57000,15240047 EB OFF,0,25.835,0.0532,1.374,322279852,0.007040
15150110,Pinellas,0.0,0.037,0.037,3100,SR-55 FRONTAGE RD,0,0.027,0.9734,0.027,288872,0.151576
15241200,Pinellas,0.0,1.084,1.084,3000,SR-694/GANDY BL EB,0,1.151,0.5576,0.642,8190162,0.129435
15090101,Pinellas,0.0,0.279,0.279,11500,US-19A/SR-595,0,0.879,0.6228,0.547,8080607,0.111870
15090101,Pinellas,0.279,0.375,0.096,29000,2 AVE N,0,0.639,0.6942,0.444,7011504,0.104525
15090101,Pinellas,0.375,0.715,0.34,11500,1 AVE N,4,1.071,0.5753,2.315,9847335,0.335507
15090101,Pinellas,0.715,0.812,0.097,29000,4 AVE S,0,0.646,0.6920,0.447,7084541,0.104193
15060000,Pinellas,1.884,2.073,0.189,2800,35 AVE N,0,0.156,0.8408,0.131,1332790,0.162588
15190026,Pinellas,0.0,0.137,0.137,5000,54 AVE N,0,0.150,0.8692,0.130,1725172,0.124677
08000020,Hernando,0.0,0.936,0.936,2200,SR-50/CORTEZ BLVD,0,0.664,0.5537,0.368,5186095,0.117130
15061101,Pinellas,0.0,0.187,0.187,1300,US-19/SB FRONTAGE RD,0,0.101,0.9350,0.094,612247,0.254551
15240003,Pinellas,0.844,1.051,0.207,1000,BEGIN PAVEMENT,0,0.086,0.9445,0.081,521329,0.256054
15150104,Pinellas,0.0,0.021,0.021,3100,SR-55 NB FRONTAGE RD,0,0.015,0.9847,0.015,163954,0.153342
15050001,Pinellas,2.87,4.29,1.42,28000,N NIMBUS AVE,18,6.913,0.1739,16.072,100135560,0.184106
15190909,Pinellas,0.0,4.248,4.248,140000, ,0,101.153,0.0141,1.431,1497802320,0.001577
15900023,Pinellas,0.0,1.102,1.102,5600,BELCHER RD,0,1.406,0.3696,0.520,15542167,0.055213
15036001,Pinellas,0.0,0.467,0.467,1900,CR-296/118 AVE N,0,0.302,0.7317,0.221,2234665,0.163448
15190076,Pinellas,0.0,0.617,0.617,21500,SR-688/ULMERTON RD,0,2.259,0.3059,0.691,33409162,0.034152
08000022,Hernando,0.0,2.453,2.453,1100,CR-550/CORTEZ BLVD,1,1.127,0.4225,1.054,6795669,0.244940
15180503,Pinellas,5.045,5.727,0.682,10900,N/A,3,1.652,0.4684,2.368,18722025,0.185994
15242000,Pinellas,0.0,2.131,2.131,31500,US-19,0,10.706,0.0851,0.911,169058090,0.008896
15150205,Pinellas,0.0,0.02,0.02,1600,US-19 SB FRONTAGE RD,0,0.009,0.9915,0.008,80592,0.172982
08000006,Hernando,0.0,0.743,0.743,4900,US98/SR700/PONCE LEO,0,1.174,0.5529,0.649,9169103,0.116862
08000006,Hernando,0.743,1.433,0.69,5000,JOYCE DR,0,0.820,0.5013,0.411,8688825,0.078124
15200002,Pinellas,0.0,1.327,1.327,40000,CR-679 / PINELLAS BA,0,8.411,0.1475,1.241,133681980,0.015327
15200002,Pinellas,1.327,1.523,0.196,1300,ANDERSON (1WAY S),0,0.098,0.9367,0.092,641714,0.237196
08000054,Hernando,0.0,0.404,0.404,1300,US-41/BROAD ST,0,0.218,0.8694,0.190,1322716,0.236689
15190074,Pinellas,0.0,0.443,0.443,4600,DR MLK JR N,0,0.452,0.6876,0.311,5132199,0.100058
15110000,Pinellas,0.0,0.509,0.509,20000,BLIND PASS RD,2,2.510,0.3664,2.187,25638330,0.129687
15110000,Pinellas,0.509,1.536,1.027,23500,SAILBOAT KEY BLVD,3,5.770,0.2010,3.557,60782738,0.086030
15110000,Pinellas,1.536,1.775,0.239,28500,GULFPORT BLVD,4,1.570,0.4804,2.832,17154763,0.235629
08000036,Hernando,2.469,6.107,3.638,16500,BARCLAY AVE/CR-585,11,9.150,0.0826,10.847,151178000,0.089002
08000027,Hernando,0.0,1.006,1.006,5100,SR-50/E JEFFERSON ST,1,1.211,0.4051,1.085,12921416,0.132700
15150029,Pinellas,0.0,0.217,0.217,11000,US-19 SB,0,0.456,0.6858,0.313,6011660,0.085914
15190908,Pinellas,0.0,2.172,2.172,140000, ,0,37.534,0.0258,0.970,765825480,0.002091
15190036,Pinellas,0.0,0.232,0.232,9500,I-275 / SR-93,1,0.432,0.6974,0.604,5550774,0.171849
15140000,Pinellas,2.191,3.878,1.687,14686,174 AVE E,3,6.479,0.1830,3.637,62396548,0.085689
15140000,Pinellas,3.878,6.752,2.874,13300,SPUR,3,10.186,0.1247,3.896,96267648,0.059504
15190013,Pinellas,0.0,0.271,0.271,7500,I-275 / SR 93 NB,0,0.415,0.7059,0.293,5118851,0.094446
15150703,Pinellas,0.0,0.057,0.057,1300,ACCESS RD A,0,0.029,0.9659,0.028,186621,0.248513
15190065,Pinellas,0.0,0.22,0.22,17000,US-19A / SR-595 / 5,0,0.663,0.6002,0.398,9419190,0.069773
15240049,Pinellas,0.0,0.531,0.531,12500,I-275/SR-93 SB,1,1.241,0.4452,1.107,16716544,0.104640
15150201,Pinellas,0.0,0.058,0.058,1600,US-19 SB,0,0.037,0.9751,0.036,233717,0.255171
15150014,Pinellas,0.0,0.092,0.092,7200,US 19 NB,0,0.136,0.8797,0.120,1668254,0.118529
08000056,Hernando,0.0,0.25,0.25,2000,US-19,0,0.167,0.8314,0.139,1259250,0.182222
15190032,Pinellas,0.0,0.12,0.12,3100,I-275/SR-93 NB,0,0.088,0.9185,0.081,936882,0.143029
15242112,Pinellas,0.0,0.12,0.12,4800,SR-690 / GATEWAY EXP,0,0.127,0.8869,0.113,1450656,0.128123
08000018,Hernando,0.0,0.866,0.866,1400,HORSE LAKE RD,0,0.463,0.6404,0.296,3053429,0.160288
15190011,Pinellas,0.0,0.189,0.189,4800,I-275 / SR-93,0,0.200,0.8328,0.166,2284783,0.120302
15050003,Pinellas,0.0,0.247,0.247,14000, ,0,0.560,0.5953,0.334,8708973,0.063246
15050003,Pinellas,0.247,2.89,2.643,20111, ,0,10.072,0.1263,1.272,133866770,0.015687
15150203,Pinellas,0.0,0.045,0.045,1600,US-19 SB,0,0.019,0.9811,0.019,181332,0.171167
08000062,Hernando,0.0,0.224,0.224,850,US-19,0,0.056,0.9463,0.053,479522,0.184045
15190029,Pinellas,0.0,0.656,0.656,21500,15190032 NB OFF,0,2.402,0.2930,0.704,35520924,0.032717
15150019,Pinellas,0.0,2.844,2.844,11000,DREW ST,1,5.978,0.1428,1.711,78788754,0.034302
15150403,Pinellas,0.0,0.081,0.081,1600,FRONTAGE RD,0,0.034,0.9665,0.033,326398,0.168620
15150001,Pinellas,0.0,0.165,0.165,13500,SR-694 / GANDY BLVD,0,0.411,0.7078,0.291,5609959,0.085609
08000052,Hernando,0.0,0.297,0.297,800,SUZANNE DR,0,0.071,0.9332,0.066,598396,0.183402
15190042,Pinellas,0.0,0.175,0.175,5600,I-275 / SR-93,2,0.210,0.8256,0.522,2468130,0.321821
15150900,Pinellas,0.0,0.713,0.713,11500,SR-682/54 AVE S,0,1.555,0.3904,0.607,20650441,0.048529
15150900,Pinellas,0.713,1.102,0.389,11500,Bridge No-150175,0,0.848,0.5399,0.458,11266510,0.067126
15241100,Pinellas,0.0,1.286,1.286,3000,US92SR600/GANDY BLVD,0,1.366,0.5152,0.704,9716373,0.119577
15150206,Pinellas,0.0,0.04,0.04,1600,US-19 SB,0,0.026,0.9827,0.025,161184,0.257158
15550000,Pinellas,0.0,1.78,1.78,18500,US-19A / SR-595,1,6.377,0.1858,1.999,82934205,0.038086
08000004,Hernando,0.0,9.533,9.533,1000,CORTEZ BLVD/SR-50,3,4.125,0.1666,3.187,24008860,0.195182
15150024,Pinellas,0.0,0.054,0.054,3100,FRONTAGE RD SB,0,0.040,0.9616,0.038,421597,0.149743
15200100,Pinellas,0.0,0.121,0.121,4600,FENCE LINE,0,0.124,0.8896,0.110,1401797,0.129452
15190081,Pinellas,0.0,1.185,1.185,4800,RAMP,0,1.253,0.4427,0.555,14325228,0.063950
15150300,Pinellas,0.0,1.034,1.034,11000,COUNTRYSIDE ENTR,5,3.143,0.3159,4.413,28645419,0.214122
15150023,Pinellas,0.0,0.497,0.497,11000,SR-60/GULF TO BAY WB,7,1.045,0.4880,4.094,13768640,0.394956
15036004,Pinellas,0.0,0.075,0.075,750,SR-689 / 40 ST N,0,0.027,0.9682,0.026,141666,0.305678
15190072,Pinellas,0.0,0.164,0.164,12000,22 AVE N,0,0.370,0.7288,0.270,4956408,0.089946
15500000,Pinellas,0.251,2.9,2.649,13500,HONEYMOON ISLAND,1,5.874,0.1231,1.600,90065338,0.028064
08000050,Hernando,9.951,10.831,0.88,18000,N/A,4,2.337,0.2607,3.567,39893040,0.127591
15190031,Pinellas,0.0,0.259,0.259,2100,SR-686 / ROOSEVELT B,0,0.138,0.8782,0.121,1369812,0.146213
08000011,Hernando,0.0,1.639,1.639,5400,COUNTY LINE RD/CR578,1,2.044,0.2874,1.300,22290236,0.092150
15240046,Pinellas,0.0,0.649,0.649,11500,15240050 SB ON,0,1.415,0.4129,0.584,18796825,0.051339
15190904,Pinellas,0.0,0.564,0.564,3000,PINELLAS POINT DR S,0,0.404,0.7113,0.287,4261302,0.111385
15190075,Pinellas,0.0,0.719,0.719,8400,15190078 WB ON,0,1.436,0.5034,0.723,15210733,0.078472
15080000,Pinellas,2.127,2.974,0.847,56000,N/A,1,9.608,0.1312,2.130,119457492,0.028166
15240048,Pinellas,0.0,0.263,0.263,13500,SR-694/GANDY BLVD WB,0,0.655,0.6032,0.395,8941934,0.072950
15190010,Pinellas,0.0,0.317,0.317,5600,I-375 / SR-592,0,0.381,0.7233,0.276,4470841,0.101749
15050002,Pinellas,0.0,1.07,1.07,19700,ST PETE DR,1,5.212,0.2178,1.917,53087462,0.057062
15050002,Pinellas,1.07,1.133,0.063,6600,N/A,0,0.127,0.9197,0.116,1047192,0.183672
15190305,Pinellas,0.0,0.342,0.342,8500,RAMP 15190306,0,0.581,0.6316,0.367,7321280,0.082710
15150405,Pinellas,0.0,0.022,0.022,1600,US 19 FRONTAGE RD SB,0,0.014,0.9904,0.014,88651,0.259176
08000045,Hernando,0.0,1.726,1.726,4000,CORTEZ BLVD,0,1.570,0.3881,0.609,17387724,0.057848
08000025,Hernando,0.0,1.143,1.143,1450,CORTEZ BLVD/SR-50,0,0.624,0.5690,0.355,4174036,0.140557
15120002,Pinellas,0.0,0.267,0.267,12000,SR688/ULMERTON RD,0,0.871,0.6250,0.544,8069274,0.111363
15240002,Pinellas,0.0,0.817,0.817,2000,EDGE OF PAVEMENT,0,0.418,0.7041,0.295,4115229,0.118212
15150302,Pinellas,0.0,0.029,0.029,1600,US-19/SR-55 NB,0,0.019,0.9874,0.018,116858,0.258388
15220000,Pinellas,0.197,1.225,1.028,36500,Bridge No-150043,2,8.248,0.1496,2.935,94499157,0.047222
15220000,Pinellas,1.726,1.959,0.233,14000,SR-60/PIERCE BLVD,0,0.529,0.6093,0.322,8215347,0.064731
15190025,Pinellas,0.0,0.131,0.131,4000,22 AVE S,0,0.119,0.8931,0.106,1319694,0.133122
08000030,Hernando,0.0,1.064,1.064,2400,CR484/MONDON HILL RD,2,0.798,0.5082,1.389,6431242,0.328374
15190016,Pinellas,0.0,0.181,0.181,7400,28 ST S,0,0.274,0.7842,0.215,3373279,0.105163
08000039,Hernando,0.0,0.452,0.452,1600,BROAD ST,0,0.192,0.8380,0.161,1821379,0.146200
15190080,Pinellas,0.0,0.469,0.469,11500,RAMP,0,1.023,0.4933,0.504,13583530,0.061323
08000026,Hernando,0.0,0.722,0.722,1000,WISCON RD,0,0.312,0.7252,0.227,1818357,0.205713
15150400,Pinellas,0.0,2.135,2.135,11000,US-19/SR-55,6,6.489,0.1828,6.089,59146972,0.139722
15190082,Pinellas,0.0,0.031,0.031,3500,CR-806 SB,0,0.032,0.9782,0.032,273257,0.191480
15150015,Pinellas,0.0,0.278,0.278,6700,US-19 NB,0,0.388,0.7198,0.279,4690958,0.098190
08000060,Hernando,0.0,1.213,1.213,1800,CR578/COUNTY LINE RD,0,0.775,0.6526,0.506,5498893,0.151848
15190077,Pinellas,0.0,0.055,0.055,3500,15190076 NB ON,0,0.057,0.9620,0.055,484811,0.188306
15190077,Pinellas,0.055,0.283,0.228,2600,N/A,1,0.145,0.8728,0.254,1492967,0.268667
15516000,Pinellas,0.0,1.854,1.854,15000,PASADENA AVE,7,5.687,0.2038,6.732,70039485,0.127681
15190008,Pinellas,0.0,0.158,0.158,4200,I-275 / SR-93,0,0.150,0.8694,0.130,1671277,0.128498
15241003,Pinellas,0.0,0.083,0.083,12500,15241100 N FRNT RD,0,0.175,0.8246,0.145,2612944,0.091375
15150107,Pinellas,0.0,0.09,0.09,3100,US-19 NB,0,0.098,0.9367,0.092,702662,0.216053
15240047,Pinellas,0.0,0.46,0.46,23500,I-275/SR-93 NB,2,1.813,0.3545,1.934,27224985,0.107997
15150025,Pinellas,0.0,0.251,0.251,11000,US-19 SB / SR-55,2,0.528,0.6536,1.038,6953578,0.226882
08000002,Hernando,0.0,3.212,3.212,3800,CR-493/HEXAM RD,1,2.799,0.2623,1.472,30739804,0.075657
15190902,Pinellas,0.0,0.139,0.139,900,PINELLAS POINT DR S,0,0.037,0.9644,0.035,315064,0.185730
15590001,Pinellas,0.0,1.504,1.504,38000,US-19/34 ST N,11,9.178,0.1369,10.751,143937312,0.092648
15190071,Pinellas,0.0,0.492,0.492,9500,I-275 / SR-93,0,0.916,0.5208,0.477,11771469,0.066912
08000012,Hernando,0.0,6.064,6.064,2000,CHURCH RD,2,4.054,0.1690,2.347,30544368,0.116839
15190017,Pinellas,0.0,0.339,0.339,7200,1-275/SR-93 NB,0,0.502,0.6650,0.334,6147155,0.089594
15150108,Pinellas,0.0,0.094,0.094,3100,US-19/SR-55 NB,0,0.069,0.9350,0.065,733891,0.145601
08000053,Hernando,0.0,1.656,1.656,2000,345 FEET S OF TELLOR,0,1.144,0.5600,0.640,8341272,0.126783
15190903,Pinellas,0.0,0.103,0.103,5200,I-275/SR-93 SB,0,0.116,0.8953,0.104,1348909,0.127568
08000057,Hernando,0.0,0.371,0.371,4000,PIEDMONT DR,0,0.337,0.7469,0.252,3737454,0.111325
15190039,Pinellas,0.0,0.153,0.153,8400,54 AVE N,0,0.257,0.7947,0.204,3236776,0.104274
15070500,Pinellas,4.236,5.242,1.006,20000,CR-776/NEBRASKA AVE,0,2.855,0.2241,0.640,50672220,0.020844
15242111,Pinellas,0.0,0.102,0.102,4800,118 AVE N,0,0.108,0.9022,0.097,1233058,0.130333
15050004,Pinellas,0.0,1.747,1.747,11000,DREW ST,0,4.260,0.2547,1.085,48398014,0.037013
15200003,Pinellas,0.0,0.418,0.418,20000,US-19/SR-55/34 ST S,0,1.186,0.4100,0.486,21054660,0.038142
15150026,Pinellas,0.0,0.003,0.003,3100,US-19/SR-55,0,0.002,0.9978,0.002,23422,0.155379
08000044,Hernando,0.0,2.067,2.067,8300,CORTEZ BLVD,1,3.377,0.1962,1.466,43207638,0.053619
15190030,Pinellas,0.0,0.262,0.262,2500,I-275/SR-93 SB,2,0.161,0.8605,0.418,1649618,0.385251
15240043,Pinellas,0.0,0.605,0.605,7100,SR-694 / GANDY BLVD,0,0.896,0.4791,0.429,10818217,0.065535
15150401,Pinellas,0.0,0.049,0.049,1600,US-19/SR-55 SB,0,0.021,0.9795,0.020,197450,0.170881
15150202,Pinellas,0.0,0.078,0.078,1600,US-19 FRONTAGE RD,0,0.050,0.9668,0.048,314309,0.253000
15090010,Pinellas,0.0,0.312,0.312,57000,W OF ACCESS RD,0,2.562,0.2799,0.717,44789004,0.026430
15190906,Pinellas,0.0,0.24,0.24,4100,I-275 NB,0,0.223,0.8172,0.182,2478204,0.121283
15150011,Pinellas,0.0,0.086,0.086,6700,US-19 / SR-55,0,0.120,0.8925,0.107,1451160,0.121751
08000058,Hernando,0.0,0.557,0.557,1100,SUNSHINE GROVE RD,0,0.174,0.8513,0.148,1543085,0.158395
15190073,Pinellas,0.0,0.138,0.138,11500,I-275 / SR-93,0,0.301,0.7679,0.231,3996860,0.095465
15140503,Pinellas,0.0,0.608,0.608,9100,GULFVIEW BLVD,1,1.585,0.4780,1.280,13934357,0.145091
15240001,Pinellas,0.0,0.639,0.639,2000,SR-694/GANDY BLVD,0,0.327,0.7526,0.246,3218643,0.126359
15150032,Pinellas,0.063,1.396,1.333,11000,HILLCREST VILLAS ENT,5,2.802,0.2622,4.424,36928766,0.166485
15150003,Pinellas,0.0,0.209,0.209,13500,US-19/SR-55 SB,0,0.750,0.6594,0.494,7105948,0.114874
08000051,Hernando,0.0,0.259,0.259,800,HALE AVE,0,0.097,0.8943,0.087,521833,0.275657
15190038,Pinellas,0.0,0.209,0.209,10500,I-275 / SR-93 / NB,2,0.423,0.7020,0.893,5526848,0.245615
15190033,Pinellas,0.0,0.21,0.21,11000,I-275 / SR-93,0,0.441,0.6928,0.306,5817735,0.086794
15511000,Pinellas,0.0,0.255,0.255,7500,CR-611/MCMULLE BOOTH,0,0.569,0.7185,0.408,4816631,0.140036
15511000,Pinellas,0.255,0.851,0.596,16500,CR-752/TAMPA RD,4,2.515,0.3659,3.457,24766929,0.199182
15511000,Pinellas,0.851,0.955,0.104,8250,TO EAST LAKE RD SB,0,0.250,0.8528,0.214,2160873,0.163213
08000015,Hernando,0.0,1.24,1.24,6800,CR578/COUNTY LINE RD,2,1.788,0.3156,1.933,21235992,0.138399
15150030,Pinellas,0.0,0.123,0.123,11500,15150095 NB FRNT RD,0,0.268,0.7878,0.211,3562418,0.097936
15190306,Pinellas,0.0,0.895,0.895,8900,I-275/SR-93 SB,0,1.578,0.3868,0.610,20061112,0.050249
08000041,Hernando,0.0,5.035,5.035,5000,CROOM RD,0,5.984,0.1211,0.725,63403238,0.018869
15190034,Pinellas,0.0,0.228,0.228,12000,22 AVE N WB,2,0.515,0.6590,1.021,6890616,0.225370
15190012,Pinellas,0.0,0.156,0.156,12500,I-275 / SR-93,0,0.365,0.7320,0.267,4911075,0.089708
15190901,Pinellas,0.0,0.075,0.075,900,I-275/SR-93 NB,0,0.020,0.9805,0.019,169999,0.188825
15100500,Pinellas,0.0,1.768,1.768,4000,1 AVE,0,1.827,0.3110,0.568,17810832,0.052658
15150031,Pinellas,0.0,2.403,2.403,11000,US-19 / SR-55 NB,4,5.051,0.1647,4.173,66571510,0.089460
15150002,Pinellas,0.0,0.2,0.2,13500,US-19,0,0.498,0.6665,0.332,6799950,0.080613
08000055,Hernando,0.0,0.509,0.509,1400,CR-445/HOWELL AVE,0,0.292,0.8326,0.243,1794683,0.223504
15241002,Pinellas,0.0,0.15,0.15,11500,SR-694/GANDY BLVD,0,0.327,0.7527,0.246,4344412,0.093576
15190024,Pinellas,0.0,0.173,0.173,9000,22 AVE S,0,0.308,0.7638,0.235,3921304,0.099035
15150028,Pinellas,0.0,0.086,0.086,3100,ACCESS RD,0,0.063,0.9402,0.060,671432,0.146411
08000063,Hernando,0.0,0.073,0.073,3500,CR-445/HOWELL AVE,0,0.069,0.9224,0.064,643477,0.164153
15190028,Pinellas,0.0,0.252,0.252,10000,SR-686/ROOSEVELT BLV,0,0.489,0.6704,0.328,6346620,0.085370
08470002,Hernando,0.0,0.293,0.293,1450,SR 589 SB,0,0.115,0.8965,0.103,1069985,0.159065
08050000,Hernando,10.312,10.982,0.67,16100,JASMINE DR,4,2.772,0.3437,3.578,27167060,0.187953
08050000,Hernando,12.476,12.558,0.082,10500,N/A,0,0.240,0.8581,0.206,2168428,0.156835
08050000,Hernando,12.558,12.766,0.208,12000,N MILDRED AVE,3,0.678,0.6815,1.418,6286176,0.331603
08010000,Hernando,7.678,8.142,0.464,39000,CR-570/WISCON RD,2,3.928,0.2698,2.520,45574776,0.084077
08010000,Hernando,9.291,9.687,0.396,10500,S MILDRED AVE,2,1.159,0.5560,1.533,10471923,0.222519
08010000,Hernando,10.077,10.362,0.285,12000,US98/SR700/JEFFERSON,0,0.929,0.6096,0.567,8613270,0.108617
08010000,Hernando,16.581,17.786,1.205,4700,CR-476/LK LINDSEY RD,7,1.841,0.4409,4.725,14263525,0.440042
08010000,Hernando,17.786,18.875,1.089,4200,CHILDS RD,1,1.519,0.4887,1.253,11519115,0.171914
08470014,Hernando,0.0,0.489,0.489,1900,US 98,0,0.240,0.8057,0.193,2339938,0.136479
08051000,Hernando,0.0,0.072,0.072,12000,US98/SR700/SR50A,0,0.235,0.8607,0.202,2175984,0.153364
10000274,Hillsborough,0.0,1.405,1.405,7900,HARNEY RD,0,2.225,0.2703,0.602,27954091,0.035531
10000274,Hillsborough,1.405,1.573,0.168,5200,N/A,0,0.205,0.8011,0.164,2200162,0.123039
10190455,Hillsborough,0.0,0.243,0.243,8400,I-4 WB/SR-400,0,0.409,0.7090,0.290,5140762,0.093037
10340000,Hillsborough,2.653,3.134,0.481,30000,U41B/S685/N HIGHLAND,5,3.293,0.3059,4.478,36341955,0.171238
10340000,Hillsborough,5.578,6.34,0.762,15400,US-41/SR-599/N 40 ST,2,3.041,0.3231,2.336,29554094,0.120197
10340000,Hillsborough,6.34,7.285,0.945,24000,SR-583/N 50 ST,2,5.400,0.2118,2.720,57119580,0.072412
10340000,Hillsborough,8.084,8.871,0.787,39500,ORIENT RD,6,6.731,0.1774,6.130,78291350,0.106253
10340000,Hillsborough,11.892,12.291,0.399,44000,N/A,2,2.714,0.3491,2.249,44214786,0.077349
10290000,Hillsborough,0.255,0.505,0.25,54500,TO 10320142 SB ON,0,2.774,0.3435,0.953,34314562,0.045851
10190140,Hillsborough,0.0,0.288,0.288,8500,SR-400/I-4 WB,0,0.489,0.6706,0.328,6165288,0.087818
10190140,Hillsborough,0.288,0.956,0.668,8500,N/A,0,1.648,0.4683,0.772,14300043,0.089108
10190140,Hillsborough,0.956,1.072,0.116,8500,N/A,1,0.197,0.8349,0.330,2483241,0.209675
10250000,Hillsborough,6.623,6.698,0.075,43500,10002024 EB ON,0,0.694,0.6767,0.469,8216606,0.094304
10250000,Hillsborough,6.698,6.853,0.155,15500,N/A,4,0.622,0.7001,1.635,6050696,0.385650
10250000,Hillsborough,6.853,7.154,0.301,10000,N/A,0,0.847,0.6315,0.535,7580685,0.116497
10250000,Hillsborough,7.447,7.92,0.473,3600,10190448 EB ON,0,0.505,0.7425,0.375,4288502,0.144287
10250000,Hillsborough,7.92,8.177,0.257,7400,SR-585/N 21 ST,0,0.467,0.7570,0.354,4789683,0.121957
10250000,Hillsborough,8.616,9.639,1.023,11700,N/A,1,2.611,0.3579,1.577,30144178,0.082634
10000057,Hillsborough,0.0,1.894,1.894,2200,S WEST SHORE BLVD,0,1.344,0.3801,0.511,10494086,0.080404
10000057,Hillsborough,1.894,2.338,0.444,15700,S MACDILL AVE,0,1.409,0.5082,0.716,17555960,0.067331
10000057,Hillsborough,2.338,2.403,0.065,200,S TAMPANIA AV,0,0.008,0.9944,0.008,32740,0.409700
10000057,Hillsborough,2.403,2.414,0.011,15700,S ARMENIA AV,0,0.035,0.9766,0.034,434945,0.129392
10000057,Hillsborough,2.414,2.531,0.117,13200,N/A,0,0.327,0.8168,0.267,3889571,0.113212
10190127,Hillsborough,0.0,0.29,0.29,8000,SR-553 / N PARK RD,0,0.468,0.6801,0.318,5842920,0.089993
10250101,Hillsborough,0.013,0.495,0.482,3800,S GORE OF ROUNDABOUT,5,0.535,0.7311,1.736,4612885,0.522936
10250101,Hillsborough,0.495,0.784,0.289,14000,FROM 10190449 EB OFF,1,1.068,0.5761,1.039,10189851,0.161094
10250101,Hillsborough,0.784,1.092,0.308,14000,CR-574/E 7 AVE,0,0.699,0.5412,0.378,10859772,0.057500
10250101,Hillsborough,1.092,1.241,0.149,21000,SR-60/ADAMO DR,0,0.764,0.6551,0.501,7880387,0.104898
10000089,Hillsborough,0.0,0.049,0.049,9000,TYLER ST,0,0.103,0.9339,0.096,1110658,0.143001
10000089,Hillsborough,0.049,0.105,0.056,9000,CASS ST E,0,0.118,0.9252,0.109,1269324,0.141664
10000089,Hillsborough,0.105,0.49,0.385,9000,E POLK ST,0,0.662,0.5547,0.367,8726602,0.069459
10090000,Hillsborough,0.0,3.777,3.777,9700,TAMPA EAST BLVD,9,7.153,0.1222,8.774,92270033,0.121698
10090000,Hillsborough,3.99,4.117,0.127,44000,LAURA ST,1,0.864,0.6276,0.915,14073378,0.102668
10090000,Hillsborough,5.113,5.638,0.525,26000,S PARSONS AVE,4,2.419,0.3756,3.406,34377525,0.141408
10090000,Hillsborough,14.61,14.767,0.157,3950,SR-39/N ALEXANDER ST,0,0.208,0.8745,0.182,1561848,0.192600
10320159,Hillsborough,0.0,0.158,0.158,8100,SR-574/MLK JR BLVD,0,0.375,0.7947,0.298,3223176,0.152625
10320000,Hillsborough,0.472,0.708,0.236,156000,10190451 NB ON,0,4.461,0.1825,0.814,92721096,0.014494
10320000,Hillsborough,1.441,2.452,1.011,190000,Bridge No-100204,20,22.499,0.0424,20.106,483778665,0.046897
10320000,Hillsborough,7.526,8.814,1.288,117000,Bridge No-100236,9,19.183,0.0493,9.502,379527876,0.032042
10000084,Hillsborough,0.0,1.469,1.469,11000,SYMMES RD,2,3.088,0.2438,2.265,40696442,0.084631
10320145,Hillsborough,0.0,0.193,0.193,8200,SR-582 / FOWLER AVE,0,0.318,0.7579,0.241,3985778,0.099857
10270113,Hillsborough,0.0,1.359,1.359,5900,TIA EXIT RP 10270114,0,1.792,0.3151,0.565,20193585,0.046168
10160045,Hillsborough,0.0,0.147,0.147,2300,SR-580 / W HILLSBORO,0,0.126,0.9202,0.116,851505,0.224686
10000240,Hillsborough,0.0,2.01,2.01,13700,SR-580 / W HILLSBORO,3,4.498,0.1549,3.232,69351934,0.068518
10200000,Hillsborough,1.847,2.204,0.357,8900,OAKLAND HEIGHTS AVE,0,0.914,0.6135,0.561,8002030,0.115733
10200000,Hillsborough,2.204,3.249,1.045,10800,CR-580/SAM ALLEN RD,1,3.129,0.3168,1.675,28423791,0.093084
10190099,Hillsborough,0.0,0.253,0.253,4500,US-301/ SR-41,0,0.373,0.7955,0.297,2867312,0.170905
10130000,Hillsborough,3.748,4.259,0.511,29000,WESTSHORE BLVD,4,3.403,0.2990,3.822,37321652,0.146136
10130000,Hillsborough,6.796,7.767,0.971,33500,W BAY TO BAY BLVD,2,7.268,0.1665,2.877,81923027,0.053394
10130000,Hillsborough,7.767,8.521,0.754,33500,W MORRISON AVE,1,5.644,0.2046,1.950,63614792,0.048426
08040500,Hernando,0.184,3.132,2.948,4000,BAYPORT PARK ENTR,2,3.046,0.2130,2.223,29698152,0.113800
08040000,Hernando,0.0,1.377,1.377,36000,COMMERCIAL WAY,14,7.727,0.1141,13.284,124847082,0.127019
08040000,Hernando,5.089,5.79,0.701,36500,CR-585/BARCLAY AVE,15,3.979,0.2001,12.794,64439600,0.234423
08040000,Hernando,5.79,7.049,1.259,22500,08470008 SB ON,14,4.787,0.1722,12.414,71342809,0.207717
08040000,Hernando,9.862,11.315,1.453,8800,SR-50/CORTEZ BLVD,1,3.687,0.2825,1.759,32202548,0.086294
08150001,Hernando,0.0,0.18,0.18,6500,NB I-75/SR-93,0,0.245,0.8027,0.196,2946645,0.110069
08150001,Hernando,0.18,1.163,0.983,6500,N/A,0,1.336,0.4269,0.571,16091956,0.058541
08120100,Hernando,0.0,0.075,0.075,6500,SR-50/CORTEZ BLVD,0,0.149,0.9069,0.135,1227769,0.181644
08002000,Hernando,0.0,1.534,1.534,15700,SR-50/CORTEZ BLVD,9,4.329,0.1870,8.127,60655050,0.171463
08002000,Hernando,2.532,3.295,0.763,25000,MITCHELL RD,8,3.165,0.2393,6.843,48040387,0.185564
08002000,Hernando,3.295,3.86,0.565,24000,CR-581/EMERSON RD,4,2.266,0.3052,3.471,34150860,0.145040
08590000,Hernando,0.0,4.447,4.447,11500,CORTEZ BLVD,1,14.012,0.0939,2.221,128797349,0.027247
08500000,Hernando,0.0,1.974,1.974,2400,CR-491/CITRUS WAY,1,1.560,0.4826,1.270,11931646,0.168217
08500000,Hernando,11.494,12.688,1.194,5000,TO/FROM CR-476,1,1.419,0.3675,1.154,15035445,0.121259
08000070,Hernando,0.0,0.186,0.186,1300,VFW RD,0,0.100,0.9353,0.094,608973,0.254640
08080000,Hernando,0.0,0.33,0.33,7800,US-41/SR-45/BROAD ST,0,0.759,0.6565,0.499,6482619,0.126988
08080000,Hernando,0.33,0.892,0.562,12200,N/A,6,1.857,0.4386,4.183,17267843,0.328753
08080000,Hernando,0.892,1.932,1.04,9300,NORTH AVE W,4,2.759,0.3447,3.572,24358932,0.209302
08080000,Hernando,1.932,4.466,2.534,8300,YONTZ RD,1,6.132,0.1914,1.982,52969596,0.059122
08080000,Hernando,4.466,5.977,1.511,8600,CR-485/COBB RD,17,3.763,0.2783,13.316,32726900,0.470949
08080000,Hernando,5.977,8.121,2.144,8300,CR-476/LAKE LINDSEY,0,5.188,0.2186,1.134,44817211,0.041783
08080000,Hernando,11.98,12.875,0.895,8700,08470013 SB OFF,0,1.549,0.3912,0.606,19610300,0.051029
08570000,Hernando,0.0,0.743,0.743,3900,PONCE DE LEON BLVD,0,0.756,0.5218,0.394,7297857,0.089194
08470001,Hernando,0.0,0.309,0.309,1450,CR578/COUNTY LINE RD,0,0.121,0.8914,0.108,1128414,0.158171
08600000,Hernando,0.0,2.439,2.439,300,CR-572/POWELL RD,0,0.496,0.6246,0.309,1842786,0.277317
08540000,Hernando,0.0,1.659,1.659,6800,US-41/BROAD ST,2,2.834,0.3393,2.283,28411702,0.122177
08150003,Hernando,0.0,0.175,0.175,6300,WB SR-50/CORTEZ BLVD,0,0.232,0.8111,0.188,2776646,0.111823
08150003,Hernando,0.175,0.36,0.185,6300,N/A,0,0.245,0.8025,0.197,2935312,0.110629
08000068,Hernando,0.0,0.186,0.186,6800,US-19/COMMERCIAL WAY,0,0.268,0.7546,0.202,3185399,0.104877
08000068,Hernando,0.186,0.2,0.014,6800,N/A,0,0.020,0.9761,0.020,239761,0.135669
08020000,Hernando,6.445,7.259,0.814,39000,NORTHCLIFFE BLVD,4,4.881,0.1694,4.149,79952301,0.074063
08000064,Hernando,0.0,0.095,0.095,14800,SR-50/CORTEZ BLVD,0,0.223,0.7870,0.176,3541011,0.081892
08470009,Hernando,0.0,0.228,0.228,1100,SR 50/CORTEZ BLVD,0,0.071,0.9333,0.066,631640,0.173646
08150002,Hernando,0.0,0.162,0.162,6200,EB SR-50/CORTEZ BLVD,0,0.212,0.8246,0.175,2529581,0.113992
08150002,Hernando,0.162,0.361,0.199,6200,N/A,0,0.260,0.7928,0.206,3107325,0.109601
08470004,Hernando,0.0,0.194,0.194,4100,CR574/SPRING HILL DR,0,0.180,0.8468,0.152,2003215,0.125688
08504000,Hernando,0.0,3.014,3.014,1100,US-41/SR-45/BROAD ST,0,1.384,0.3732,0.517,8349835,0.102177
08509000,Hernando,0.0,1.633,1.633,800,CR-541/SPRING LK HWY,0,0.392,0.7177,0.281,3290168,0.141043
08000066,Hernando,0.0,0.373,0.373,2600,KENLAKE AVE,0,0.237,0.8074,0.192,2442441,0.129595
08000067,Hernando,0.0,0.166,0.166,1400,FOREST GLENN DR,0,0.089,0.9028,0.080,585299,0.225962
08470003,Hernando,0.0,0.179,0.179,4100,SR 589 NB,1,0.166,0.8570,0.285,1848327,0.243951
08470015,Hernando,0.0,0.482,0.482,600,US 98,0,0.091,0.9162,0.083,728350,0.189172
08520500,Hernando,0.0,0.602,0.602,6200,S MAIN ST,4,0.819,0.5016,2.404,9400049,0.365016
08150100,Hernando,0.0,0.34,0.34,850,CORTEZ BLVD,0,0.086,0.9207,0.079,727846,0.179066
08150004,Hernando,0.0,0.164,0.164,6000,SB I-75/SR-93,0,0.209,0.8267,0.173,2478204,0.114934
08150004,Hernando,0.164,0.532,0.368,6000,N/A,0,0.468,0.6801,0.318,5560848,0.094554
08000065,Hernando,0.0,0.29,0.29,1100,LONGBOAT DR,0,0.133,0.8609,0.115,803402,0.235695
08470005,Hernando,0.0,0.234,0.234,1400,CR574/SPRING HILL DR,0,0.089,0.9178,0.082,825061,0.163831
08470013,Hernando,0.0,0.461,0.461,1900,SR 589 NB,0,0.226,0.8148,0.184,2205954,0.138014
08501000,Hernando,0.0,1.247,1.247,3500,CR-485/COBB RD,2,1.185,0.4103,1.665,10991993,0.230380
08070100,Hernando,0.0,0.306,0.306,4100,EDGE OF PAVEMENT,0,0.284,0.7780,0.221,3159710,0.115477
08470010,Hernando,0.0,0.265,0.265,1100,SR 589 SB,1,0.083,0.9233,0.153,734143,0.329474
08470007,Hernando,0.0,0.318,0.318,5200,SR 589 NB,0,0.359,0.7348,0.264,4164592,0.104692
08520001,Hernando,0.0,0.786,0.786,5500,US-41/SR-45/BROAD ST,6,0.992,0.4539,3.727,10887476,0.464538
08000069,Hernando,0.0,2.59,2.59,9000,LOOKOUT BLVD,0,5.444,0.2110,1.149,58706235,0.032303
08120000,Hernando,0.0,2.041,2.041,7800,PASCO CO LINE,3,4.697,0.2361,3.401,40094016,0.124698
08502000,Hernando,0.0,1.16,1.16,2800,MITCHELL RD,0,1.028,0.5862,0.602,8180088,0.121591
08470006,Hernando,0.0,0.203,0.203,1400,SR 589 SB,1,0.077,0.9279,0.144,715758,0.317678
08470008,Hernando,0.0,0.285,0.285,5200,SR 50/CORTEZ BLVD,0,0.322,0.7556,0.243,3732417,0.107655
10503000,Hillsborough,0.0,0.222,0.222,24000,SR-60 / SR-685 / KEN,0,0.706,0.5385,0.380,13418568,0.046812
10503000,Hillsborough,0.222,0.33,0.108,24000,POLK ST E,0,0.469,0.7563,0.355,6527952,0.089733
10020101,Hillsborough,0.0,0.788,0.788,7700,FLORIDA AVE,1,1.795,0.4471,1.355,15281251,0.140121
10020101,Hillsborough,1.822,2.497,0.675,12000,W COLUMBUS DR,3,2.201,0.3973,2.683,20399850,0.193340
10020101,Hillsborough,2.497,2.818,0.321,7900,10190183 WB ON,2,0.508,0.6185,1.077,6386664,0.256507
10020101,Hillsborough,2.818,3.245,0.427,16500,N ASHLEY DR,0,1.802,0.4461,0.804,17744092,0.074804
10650000,Hillsborough,1.132,1.633,0.501,20500,W FLETCHER AVE,2,1.936,0.4291,1.973,25866254,0.115963
10060000,Hillsborough,25.556,26.226,0.67,37000,SR-60/ADAMO DR,2,5.435,0.2108,2.724,62433615,0.066338
10060000,Hillsborough,26.878,27.604,0.726,5700,N 48 ST,2,1.296,0.5282,1.628,10422057,0.237549
10002030,Hillsborough,0.0,0.2,0.2,7000,SR-599/50 ST,0,0.289,0.7750,0.224,3525900,0.104921
10010000,Hillsborough,16.289,16.7,0.411,73500,BALM-RIVERVIEW DR,5,5.810,0.1999,5.162,76080107,0.094296
10010000,Hillsborough,18.495,18.829,0.334,74000,BLOOMINGDALE AVE,7,4.748,0.2341,6.473,62247246,0.138120
10010000,Hillsborough,20.141,20.645,0.504,49500,FALKENBURG RD S,4,5.174,0.2191,4.257,62831538,0.096697
10010000,Hillsborough,20.645,21.096,0.451,55000,CR-676/CAUSEWAY BLVD,2,5.042,0.2235,2.680,62471393,0.065227
10010000,Hillsborough,21.905,22.51,0.605,36000,PALM RIVER RD,1,4.800,0.2322,1.882,54852930,0.054213
10010000,Hillsborough,24.058,24.816,0.758,38000,OVERPASS RD,3,6.283,0.1877,3.616,72542874,0.073286
10030001,Hillsborough,0.0,0.925,0.925,25500,W BAKER ST,3,4.202,0.2573,3.309,59405119,0.081901
10470018,Hillsborough,0.0,0.377,0.377,5400,SR 589 NB,0,0.440,0.6937,0.305,5127162,0.098202
10513000,Hillsborough,0.0,1.02,1.02,8900,SR-574/M L KING BLV,0,1.741,0.3213,0.559,22862943,0.040405
10075007,Hillsborough,0.0,0.425,0.425,12000,SB I-75/SR -93A,0,0.960,0.5091,0.489,12844350,0.062829
10030000,Hillsborough,19.174,19.468,0.294,13500,N MOBLEY ST,1,1.055,0.5791,1.032,9995927,0.163059
10030000,Hillsborough,19.468,19.637,0.169,5400,N/A,0,0.289,0.8340,0.241,2298383,0.173054
10030000,Hillsborough,19.637,20.276,0.639,10000,N/A,0,1.798,0.4466,0.803,16093215,0.082399
10030000,Hillsborough,20.276,20.376,0.1,10000,N/A,0,0.281,0.8376,0.236,2518500,0.154523
10030000,Hillsborough,21.014,21.501,0.487,14200,GORDON ST,0,1.820,0.4437,0.807,17416435,0.076551
10040000,Hillsborough,0.11,0.216,0.106,10900,E TWIGGS ST,0,0.320,0.8194,0.262,2909875,0.148706
10040000,Hillsborough,0.216,0.71,0.494,11600,NUCCIO PKWY,0,1.567,0.4808,0.754,14432012,0.086218
10040000,Hillsborough,0.71,0.837,0.127,12200,E 7 AVE,0,0.420,0.7757,0.326,3902164,0.137770
10040000,Hillsborough,1.149,1.423,0.274,14500,E COLUMBUS DR,0,1.041,0.5822,0.606,10006001,0.100059
10040000,Hillsborough,1.423,2.155,0.732,16200,E 21 AVE,3,3.043,0.3229,3.014,29865380,0.148376
10470030,Hillsborough,0.0,0.18,0.18,2600,HUTCHISON RD,0,0.115,0.8968,0.103,1178658,0.143936
10003000,Hillsborough,0.0,0.488,0.488,15000,CHANNELSIDE DR,1,1.497,0.4930,1.245,18435420,0.106695
10003000,Hillsborough,0.488,0.611,0.123,10800,N/A,0,0.368,0.7976,0.294,3345575,0.144995
10003000,Hillsborough,0.611,2.609,1.998,9700,E TWIGGS ST,0,3.600,0.1863,0.671,48810041,0.022691
10003000,Hillsborough,2.609,6.272,3.663,21500,10003001 EB ON,0,13.412,0.0691,0.927,198343208,0.007715
10003000,Hillsborough,6.272,6.374,0.102,11000,N/A,0,0.214,0.8228,0.176,2825757,0.103078
10003000,Hillsborough,6.374,7.31,0.936,8200,10003002 WB ON,0,1.542,0.3923,0.605,19329991,0.051683
10003000,Hillsborough,7.31,7.477,0.167,21500,N/A,0,0.611,0.6195,0.379,9042674,0.069169
10003000,Hillsborough,7.477,9.538,2.061,14500,10000305 WB OFF,3,4.780,0.1471,3.262,75264113,0.063716
10003000,Hillsborough,9.538,10.065,0.527,16300,N/A,3,2.202,0.3973,2.683,21634167,0.182333
10075326,Hillsborough,0.0,0.364,0.364,16000,SR-618 EB,0,1.043,0.4882,0.509,14667744,0.057352
10075324,Hillsborough,0.0,1.214,1.214,11500,SR-60/ADAMO DR WB,0,2.647,0.2733,0.723,35160778,0.033975
10075324,Hillsborough,2.727,3.092,0.365,4600,N/A,0,0.373,0.7276,0.271,4228562,0.105882
10075362,Hillsborough,0.0,1.134,1.134,7600,SR-582 / FOWLER AVE,0,1.753,0.3198,0.561,21705440,0.042653
10075331,Hillsborough,0.0,0.209,0.209,4900,ADAMO DR EB/SR-60,0,0.225,0.8158,0.183,2579196,0.117424
10075331,Hillsborough,0.209,0.405,0.196,4900,I-75 NB/SR-93A,0,0.211,0.8252,0.174,2418767,0.118786
10470017,Hillsborough,0.0,0.221,0.221,5400,W LINEBAUGH AVE,0,0.258,0.7944,0.205,3005578,0.112455
10075322,Hillsborough,0.0,0.16,0.16,12000,10075324 SB OFF,0,0.361,0.7337,0.265,4835520,0.090545
10075370,Hillsborough,0.0,1.038,1.038,300,592 FT S OF 14TH AV,3,0.110,0.9001,0.399,784261,0.748156
10504000,Hillsborough,1.775,3.097,1.322,45000,LAKE MAGDALENE BLVD,0,9.143,0.1373,1.256,149825565,0.013838
10005000,Hillsborough,0.0,0.334,0.334,19400,SR-60 / E ADAMO DR,0,1.239,0.5401,0.669,16318873,0.067731
10005000,Hillsborough,0.334,0.824,0.49,18100,CR-574/E 7 AVE,3,1.727,0.4573,2.418,22336576,0.159152
10005000,Hillsborough,0.824,0.943,0.119,22200,E COLUMBUS DR,0,0.488,0.7490,0.365,6653373,0.090685
10005000,Hillsborough,0.943,1.331,0.388,24500,E 19 AV,1,1.711,0.4596,1.327,23940861,0.087563
10005000,Hillsborough,1.331,1.837,0.506,25000,MELBURNE BLVD,2,2.989,0.3269,2.323,31859025,0.110875
10075355,Hillsborough,0.0,0.186,0.186,7100,RAMP 10075353,0,0.272,0.7854,0.214,3325931,0.106074
10470032,Hillsborough,0.0,0.189,0.189,2700,SR 589 SB,0,0.124,0.8891,0.110,1285191,0.141786
10531000,Hillsborough,0.0,1.91,1.91,3500,SR-574/E DR MLK BLVD,0,1.815,0.3124,0.567,16836172,0.055592
10075064,Hillsborough,0.0,0.014,0.014,8500,SB CR-581,0,0.024,0.9767,0.023,299702,0.127895
10075064,Hillsborough,0.014,0.306,0.292,8500,N/A,0,0.496,0.6676,0.331,6250917,0.087418
10075381,Hillsborough,0.0,0.311,0.311,300,INDIGO BREEZE CT,0,0.053,0.9650,0.051,234976,0.357800
10515000,Hillsborough,2.025,4.733,2.708,4400,Bridge No-100613,0,2.970,0.2172,0.645,30008431,0.035505
10002033,Hillsborough,0.0,0.173,0.173,3200,US-41 / SR-599,0,0.131,0.8839,0.116,1394242,0.136894
10470061,Hillsborough,0.0,0.45,0.45,5000,ANDERSON RD,0,0.492,0.6691,0.329,5666625,0.095983
10002017,Hillsborough,0.0,0.079,0.079,6100,10002038 EB OFF,0,0.102,0.9072,0.092,1213665,0.125758
10075347,Hillsborough,0.0,0.67,0.67,20000,10075345 NB I-75 ON,0,2.311,0.3011,0.696,33747900,0.034041
10020000,Hillsborough,0.385,0.743,0.358,24000,E HARRISON ST,2,2.046,0.4150,2.019,21638952,0.141869
10020000,Hillsborough,1.009,1.328,0.319,10000,E PALM AVE,0,0.898,0.6179,0.555,8034015,0.113985
10020000,Hillsborough,2.961,3.348,0.387,13100,E VIOLET ST,1,1.355,0.5172,1.184,12768039,0.146452
10020000,Hillsborough,3.348,4.068,0.72,18600,US-92/SR-600,5,3.348,0.3024,4.500,33727752,0.185441
10075005,Hillsborough,0.0,0.241,0.241,8600,I-75 / SR-93A/SB,0,0.413,0.7067,0.292,5219843,0.092359
10002015,Hillsborough,0.0,0.119,0.119,5200,TAMPA ST SB,0,0.145,0.8505,0.123,1558448,0.130615
10075344,Hillsborough,0.0,0.534,0.534,13000,SB ON RAMP TO I75 SB,0,1.289,0.4358,0.562,17483427,0.053049
10075344,Hillsborough,0.534,1.266,0.732,16000,N/A,0,2.098,0.3218,0.675,29496672,0.037797
10470903,Hillsborough,0.0,4.468,4.468,4600,SR 589 NB,0,4.562,0.1791,0.817,51762227,0.026068
10075327,Hillsborough,0.0,0.44,0.44,6100,EAST END BR# 100487,0,0.568,0.6369,0.361,6759654,0.088295
10075056,Hillsborough,0.0,0.521,0.521,18000,I-75 NB/SR-93 A NB,0,1.647,0.3768,0.620,23618493,0.043374
10075366,Hillsborough,0.0,0.783,0.783,13000,SB CR-581/B B DOWNS,0,1.890,0.3450,0.652,25635812,0.041999
10002022,Hillsborough,0.0,0.238,0.238,6700,N 22 ST,0,0.332,0.7500,0.249,4016000,0.102315
10470028,Hillsborough,0.0,0.148,0.148,1900,EHRLICH RD,0,0.073,0.9320,0.068,708202,0.157866
10002039,Hillsborough,0.0,0.086,0.086,2100,SR-60 WB,0,0.046,0.9560,0.044,454841,0.159166
10075335,Hillsborough,0.0,0.376,0.376,6100,I-75 NB/SR-93A,0,0.485,0.6724,0.326,5776432,0.093218
10075335,Hillsborough,0.376,0.749,0.373,6100,N/A,0,0.481,0.6742,0.324,5730343,0.093462
10030103,Hillsborough,0.0,0.794,0.794,8500,EUREKA SPRINGS RD,0,1.348,0.4248,0.573,16997356,0.055628
10030103,Hillsborough,0.794,1.745,0.951,23500,US-301/SR-41/SR-43,3,5.343,0.2136,3.500,56284697,0.091436
10470019,Hillsborough,0.0,0.154,0.154,3100,SR 589 SB,0,0.113,0.8977,0.102,1202332,0.139800
10075357,Hillsborough,0.0,0.25,0.25,6400,SR-582 / FOWLER AVE,0,0.336,0.7479,0.251,4029600,0.102832
10030101,Hillsborough,0.0,0.642,0.642,9000,N GORDON ST,1,1.659,0.4666,1.307,14551893,0.141949
10030101,Hillsborough,0.642,0.752,0.11,12000,N/A,0,0.359,0.8018,0.288,3324420,0.142864
10030101,Hillsborough,0.752,1.531,0.779,10500,CR-39/N WHEELER ST,2,1.475,0.3585,1.812,20600071,0.133733
10030101,Hillsborough,1.531,1.782,0.251,13000,SR-39/ALEXANDER ST,2,0.873,0.6243,1.297,8217866,0.239902
10470006,Hillsborough,0.0,0.021,0.021,1900,10470101 FRONTAGE RD,0,0.010,0.9898,0.010,100488,0.167650
10004003,Hillsborough,0.0,0.382,0.382,1000,SR-618 / SALMON EXPW,0,0.110,0.9003,0.099,962067,0.170283
10075333,Hillsborough,0.0,0.34,0.34,15500,ADAMO DR WB/SR-60,0,0.949,0.5119,0.486,13272495,0.060456
10075333,Hillsborough,0.34,0.907,0.567,15500,I-75 NB/SR-93A,0,1.583,0.3861,0.611,22133837,0.045596
10075011,Hillsborough,0.243,0.402,0.159,28500,N/A,0,0.735,0.5752,0.423,11412583,0.061187
10075011,Hillsborough,0.402,0.906,0.504,28500,N/A,0,2.486,0.3693,0.918,36175734,0.041903
10075367,Hillsborough,0.0,0.22,0.22,6000,CR 581 BRUCE B DOWNS,0,0.280,0.7805,0.218,3324420,0.108514
10002016,Hillsborough,0.0,0.077,0.077,4300,E BROREIN ST,0,0.094,0.9395,0.088,833875,0.174319
10075334,Hillsborough,0.0,0.212,0.212,6700,ADAMO DR EB/SR-60,1,0.296,0.7711,0.457,3577277,0.201742
10470021,Hillsborough,0.0,0.143,0.143,4100,CR 587/GUNN HWY EB,0,0.133,0.8824,0.117,1476597,0.130961
10523000,Hillsborough,4.525,4.735,0.21,8800,N/A,0,0.356,0.6984,0.249,4654188,0.088194
10075316,Hillsborough,0.0,0.693,0.693,12500,US-301 SB,0,1.619,0.3807,0.617,21816506,0.046660
10470022,Hillsborough,0.0,0.202,0.202,4100,SR 589 NB,0,0.187,0.8415,0.158,2085822,0.124899
10512000,Hillsborough,0.0,3.993,3.993,8800,US-41,19,6.768,0.1086,17.672,88496060,0.227135
10640000,Hillsborough,6.169,7.189,1.02,23000,SR-582/FOWLER AVE,2,4.293,0.2532,2.581,59084010,0.066410
10470054,Hillsborough,0.0,0.403,0.403,2000,SR 589 SB,0,0.206,0.8283,0.171,2029911,0.139067
10075009,Hillsborough,0.0,0.447,0.447,6400,CR-672/BIG BEND RD,1,0.600,0.6240,0.750,7204925,0.164542
10472502,Hillsborough,0.0,1.339,1.339,11200,10190502 RAMP,0,2.857,0.2584,0.738,37769441,0.032275
10075014,Hillsborough,0.0,0.23,0.23,21000,GIBSONTON DR WB,2,0.826,0.5466,1.358,12164355,0.169776
10470009,Hillsborough,0.0,0.028,0.028,4000,10470102 FRONTAGE RD,0,0.025,0.9751,0.025,282072,0.145335
10003004,Hillsborough,0.0,0.073,0.073,4200,SR-618 / SELMON EXPY,0,0.069,0.9351,0.065,772172,0.138212
10075364,Hillsborough,0.0,0.805,0.805,7600,US-301,0,1.246,0.4442,0.553,15408183,0.059296
10472506,Hillsborough,0.0,0.606,0.606,2500,SR 618 EB,0,0.373,0.7272,0.272,3815528,0.117512
10070000,Hillsborough,4.051,4.808,0.757,23000,CR-39B/E PARK RD,0,3.186,0.3136,0.999,43849603,0.037623
10070000,Hillsborough,4.808,5.439,0.631,7300,ALSOBROOK ST,1,1.136,0.5617,1.076,11600967,0.146588
10070000,Hillsborough,5.439,5.535,0.096,5300,REYNOLDS ST,0,0.136,0.9143,0.125,1281413,0.160669
10470034,Hillsborough,0.0,0.162,0.162,40500,NORTH END BR 100514,0,1.002,0.4983,0.499,16523878,0.049906
10075321,Hillsborough,0.0,0.134,0.134,4600,US-301 / SR-43,0,0.137,0.8792,0.120,1552403,0.127935
10075374,Hillsborough,0.0,0.499,0.499,300,RIVERVIEW DR,0,0.053,0.9494,0.050,377019,0.220810
10002035,Hillsborough,0.0,0.193,0.193,4800,SR-618 EB,1,0.204,0.8299,0.340,2333138,0.229918
10075351,Hillsborough,0.0,0.085,0.085,18000,SR 582,0,0.269,0.7875,0.212,3853305,0.090652
10470029,Hillsborough,0.0,0.17,0.17,2600,SR 589 NB,0,0.108,0.9020,0.098,1113177,0.144766
10030102,Hillsborough,0.964,1.755,0.791,9100,US-301/SR-41/SR-43,1,2.062,0.4131,1.439,18128415,0.125389
10003100,Hillsborough,0.0,0.241,0.241,3300,PROVIDENCE RD,0,0.221,0.7888,0.174,2002963,0.143494
10075336,Hillsborough,0.0,0.757,0.757,19500,SR-93A / I-75 SB,1,2.556,0.2803,1.436,37176838,0.061035
10075336,Hillsborough,0.757,0.819,0.062,19500,N/A,0,0.209,0.8262,0.173,3044866,0.093811
10075004,Hillsborough,0.0,0.3,0.3,7600,SR-674 / EB,0,0.464,0.6820,0.317,5742180,0.091039
10075358,Hillsborough,0.0,0.365,0.365,14000,NB I-75/SR-93A,0,0.937,0.5152,0.483,12869535,0.061923
10075358,Hillsborough,0.365,0.386,0.021,14000,N/A,0,0.061,0.9596,0.059,740439,0.130993
10470033,Hillsborough,0.0,0.255,0.255,2600,WILSKY BOULEVARD,0,0.214,0.8719,0.186,1669766,0.184381
10002020,Hillsborough,0.0,0.124,0.124,10500,SR-618 WB,0,0.251,0.7988,0.200,3279087,0.100871
10075372,Hillsborough,0.0,0.306,0.306,3300,W BRANDON BLVD,0,0.280,0.7463,0.209,2543181,0.135762
10002024,Hillsborough,0.0,0.191,0.191,2100,N 22 ST,0,0.102,0.9072,0.092,1010170,0.151044
10470042,Hillsborough,0.0,0.285,0.285,3700,CR 685A/VAN DYKE RD,0,0.243,0.8038,0.195,2655758,0.121427
10075353,Hillsborough,0.0,0.693,0.693,7600,I-75 SB/SR-93A,1,1.072,0.4814,1.035,13264436,0.123258
10004000,Hillsborough,0.0,2.096,2.096,32500,0.019 E OF 10004002,0,10.806,0.0844,0.912,171560220,0.008773
10075328,Hillsborough,0.0,0.347,0.347,7100,10075324 SB ON,0,0.508,0.6623,0.336,6204828,0.089456
10075319,Hillsborough,0.0,0.83,0.83,5900,10075317 SB OFF,0,1.041,0.4887,0.509,12333094,0.068143
10470023,Hillsborough,0.0,0.17,0.17,5400,SR 589 SB,0,0.198,0.8340,0.165,2311983,0.118057
10470024,Hillsborough,0.0,0.148,0.148,5400,CR 587/GUNN HWY WB,0,0.173,0.8523,0.147,2012785,0.120649
10470025,Hillsborough,0.0,0.213,0.213,6500,EHRLICH RD EB,1,0.290,0.7747,0.450,3486863,0.203737
10075100,Hillsborough,0.0,1.121,1.121,1650,BLOOMINGDALE AVE,1,0.490,0.6703,0.658,4658344,0.223116
10472510,Hillsborough,0.0,0.219,0.219,600,10472508 RAMP,0,0.041,0.9601,0.040,330931,0.198238
10610500,Hillsborough,0.0,0.531,0.531,5800,S WOODROW WILSON ST,0,0.962,0.6015,0.578,7756476,0.123118
10471010,Hillsborough,0.0,0.25,0.25,32000,SR597/DALE MABRY HWY,0,1.272,0.4390,0.559,20148000,0.045774
10075315,Hillsborough,0.0,0.038,0.038,15500,I-75 / NB,0,0.106,0.9037,0.096,1483396,0.106733
10075384,Hillsborough,0.0,0.9,0.9,6900,CR-672/BIG BEND RD,0,1.286,0.4364,0.561,15639885,0.059234
10501500,Hillsborough,0.0,1.612,1.612,10700,PROGRESS BLVD,8,3.089,0.2107,6.965,43440095,0.208880
10002038,Hillsborough,0.0,0.09,0.09,6100,SR-618 WB,0,0.116,0.8956,0.104,1382656,0.124152
10075382,Hillsborough,0.0,0.225,0.225,28500,CR-672/BIG BEND RD,0,0.798,0.5083,0.405,16149881,0.041445
10075346,Hillsborough,0.0,1.477,1.477,15000,I-75/SR-93A SB,0,4.014,0.1987,0.798,55797368,0.023606
10470031,Hillsborough,0.0,0.208,0.208,2700,HUTCHISON RD,0,0.137,0.8793,0.120,1414390,0.140224
10075317,Hillsborough,0.0,0.486,0.486,5500,I-75 / SR-93A,0,0.575,0.6337,0.365,6731950,0.089432
10075368,Hillsborough,0.0,0.121,0.121,15500,10075323 NB OFF,0,0.338,0.7466,0.252,4723447,0.088181
10589117,Hillsborough,0.0,0.347,0.347,7000,SR-589 NB,1,0.502,0.6650,0.669,6117436,0.172670
10002034,Hillsborough,0.0,0.263,0.263,2100,78 ST NB,0,0.140,0.8765,0.123,1390968,0.145938
10470043,Hillsborough,0.0,0.356,0.356,3200,CR 685A/VAN DYKE RD,2,0.269,0.7872,0.637,2869075,0.337815
10075342,Hillsborough,0.0,0.633,0.633,16500,EB I-4/SR-400,0,1.861,0.3485,0.649,26304473,0.040716
10470012,Hillsborough,0.0,0.33,0.33,6800,EB CR 584/WATERS AVE,0,0.466,0.6813,0.317,5651514,0.092701
10470014,Hillsborough,0.0,0.737,0.737,4600,SR 589 SB,0,0.752,0.5695,0.429,8538219,0.082876
10075345,Hillsborough,0.0,0.558,0.558,16000,I-4/SR-400 WB,4,1.600,0.3836,3.079,22485168,0.195436
10471001,Hillsborough,0.0,0.335,0.335,32000,END BRIDGE 100624,0,1.705,0.3686,0.629,26998320,0.038441
10075338,Hillsborough,0.0,0.295,0.295,12500,SR-574/MLK BLVD EB,0,0.689,0.5909,0.407,9286969,0.072415
10075373,Hillsborough,0.0,0.127,0.127,300,14 AVE SE,0,0.026,0.9696,0.025,95955,0.430543
10470041,Hillsborough,0.0,0.224,0.224,3200,SR 589 NB,0,0.169,0.8546,0.145,1805261,0.132363
10002042,Hillsborough,0.0,0.671,0.671,2200,SR-618 WB,0,0.372,0.7280,0.271,3717810,0.120251
10470026,Hillsborough,0.0,0.135,0.135,6500,SR 589 NB,0,0.184,0.8443,0.155,2209984,0.115780
10003003,Hillsborough,0.0,0.112,0.112,5200,SR-618 / SELMON EXPY,0,0.127,0.8872,0.112,1466774,0.126412
10075359,Hillsborough,0.0,0.39,0.39,5900,I-75/SR-93A SB,1,0.489,0.6705,0.658,5795068,0.179286
10500000,Hillsborough,0.0,1.019,1.019,8100,SR-582 / FOWLER AVE,0,1.640,0.3346,0.549,20787447,0.043572
10060029,Hillsborough,0.0,0.788,0.788,700,US-41 / SR-45,0,0.258,0.8492,0.219,1389205,0.260173
10075369,Hillsborough,0.0,0.466,0.466,300,SR 674/E COLLEGE AVE,0,0.079,0.9485,0.075,352086,0.351669
10002021,Hillsborough,0.0,0.113,0.113,4500,US-41/SR-45NEBRASKA,0,0.113,0.8978,0.102,1280657,0.131143
10470011,Hillsborough,0.0,0.159,0.159,6500,SR 589 SB,1,0.216,0.8216,0.356,2602870,0.216080
10470020,Hillsborough,0.0,0.203,0.203,3100,10470033 RAMP,0,0.149,0.8695,0.130,1584892,0.135395
10075003,Hillsborough,0.0,0.368,0.368,8400,SR-674 COLLEGE AVE,1,0.619,0.6167,0.765,7785187,0.155210
10002339,Hillsborough,0.0,0.198,0.198,5100,US-301/SR-43 NB,0,0.220,0.8189,0.180,2543181,0.117067
10470904,Hillsborough,0.0,3.132,3.132,4600,SR 589 SB,0,3.198,0.2374,0.759,36284533,0.034548
10004002,Hillsborough,0.0,0.04,0.04,6600,US-92 / SR-600 / S D,0,0.080,0.9475,0.076,664884,0.189217
10004002,Hillsborough,0.04,0.172,0.132,350,N/A,0,0.016,0.9842,0.016,116355,0.222935
10470902,Hillsborough,0.0,5.259,5.259,4800,SR 589 SB,0,6.942,0.1733,1.203,63574999,0.031252
10470010,Hillsborough,0.0,0.149,0.149,6500,HILLSBOROUGH AVE,1,0.203,0.8309,0.337,2439167,0.218532
10075360,Hillsborough,0.0,0.53,0.53,5500,CR 579 FLETCHER AVWB,0,0.627,0.6134,0.385,7341428,0.086562
10075354,Hillsborough,0.718,0.729,0.011,16500,N/A,0,0.032,0.9685,0.031,457108,0.113169
10470901,Hillsborough,0.0,3.156,3.156,5900,SR 589 NB,0,4.162,0.1653,0.688,46895477,0.024227
10075070,Hillsborough,0.0,0.694,0.694,3600,134 AVE NE,0,0.740,0.6628,0.491,6292220,0.128794
10075380,Hillsborough,0.0,0.126,0.126,11500,I-75 SB,0,0.275,0.7837,0.215,3649306,0.097432
10600000,Hillsborough,0.0,4.219,4.219,300,COCKROACH BAY RD,1,0.857,0.4902,0.930,3187665,0.460931
10075013,Hillsborough,0.0,0.224,0.224,6600,GIBSONTON DR,0,0.308,0.7635,0.235,3723350,0.104419
10472508,Hillsborough,0.0,0.439,0.439,1900,10472502 RAMP,0,0.322,0.8183,0.264,2100681,0.207239
10002036,Hillsborough,0.0,0.165,0.165,5100,US-301/SR-43 SB,0,0.183,0.8444,0.155,2119318,0.120711
10002014,Hillsborough,0.0,0.112,0.112,5900,SR-618 / SELMON EXPW,0,0.172,0.8942,0.154,1664225,0.152808
10075343,Hillsborough,0.0,0.867,0.867,18500,10075341NB OFF TO I4,0,2.803,0.2621,0.735,40395481,0.030028
10470062,Hillsborough,0.0,0.12,0.12,4600,10470016 RAMP,0,0.123,0.8904,0.109,1390212,0.129570
10075337,Hillsborough,0.0,0.399,0.399,9800,SR-574/MLK BLVD WB,0,0.762,0.5664,0.432,9847839,0.072378
10002340,Hillsborough,0.0,0.193,0.193,8000,FALKENBERG RD SB,1,0.312,0.7616,0.476,3888564,0.193282
10075365,Hillsborough,0.311,0.317,0.006,15000,N/A,0,0.023,0.9841,0.023,226665,0.168037
10470044,Hillsborough,0.0,0.45,0.45,3700,SR 589 SB,0,0.384,0.7218,0.277,4193302,0.109042
10002032,Hillsborough,0.0,0.146,0.146,3700,SR-618 WB,2,0.124,0.8889,0.333,1360494,0.372046
10002031,Hillsborough,0.0,0.246,0.246,7100,SR-618 EB,0,0.360,0.7345,0.264,4398812,0.099206
10470053,Hillsborough,0.0,0.446,0.446,2000,LUTZ-LAKE FERN RD,0,0.228,0.8134,0.186,2246502,0.136564
10002018,Hillsborough,0.0,0.167,0.167,4500,SR-618 WB,0,0.167,0.8560,0.143,1892653,0.125038
10470016,Hillsborough,0.0,0.466,0.466,5000,SR 589 NB,1,0.510,0.6613,0.676,5868105,0.181950
10520001,Hillsborough,0.0,0.564,0.564,16900,CR-587A / W WATERS A,3,1.890,0.4351,2.517,24005335,0.154149
10470007,Hillsborough,0.0,0.015,0.015,1900,SR 589 SB,0,0.007,0.9927,0.007,71777,0.168143
10004001,Hillsborough,0.0,0.109,0.109,1100,US-92 / SR-600 / S D,0,0.034,0.9670,0.033,301968,0.179911
10075008,Hillsborough,0.0,0.452,0.452,6900,I-75 NB / SR-93A,1,0.646,0.6066,0.785,7854698,0.157905
10002341,Hillsborough,0.0,0.196,0.196,7300,SR-618 EB,1,0.293,0.7724,0.454,3603470,0.199129
10075361,Hillsborough,0.0,0.248,0.248,17000,EB CR-582A/FLETCHER,0,0.748,0.5711,0.427,10617996,0.066394
10075330,Hillsborough,0.0,0.081,0.081,7700,I-75 SB/SR-93A,0,0.127,0.8871,0.112,1570788,0.118154
10470015,Hillsborough,0.0,0.168,0.168,4600,CR 584 WB/WATERS AVE,0,0.172,0.8530,0.146,1946297,0.124129
10075062,Hillsborough,0.0,0.438,0.438,21000,NB I-75/SR-93A,1,1.573,0.3876,1.222,23165163,0.083343
10003001,Hillsborough,0.0,0.17,0.17,6600,SR-618,0,0.234,0.8096,0.190,2825757,0.110732
10075015,Hillsborough,0.0,0.382,0.382,27000,I-75/SR-93A SB,3,1.689,0.3708,2.514,25975809,0.142284
10472500,Hillsborough,0.0,1.378,1.378,18800,BMP BRIDGE 100726,0,3.762,0.1798,0.676,65245268,0.017112
10075065,Hillsborough,0.0,0.409,0.409,8700,I-75 SB,0,0.708,0.5844,0.414,8961579,0.076226
10470013,Hillsborough,0.0,0.228,0.228,6800,SR 589 NB,1,0.322,0.7557,0.487,3904682,0.197223
10075320,Hillsborough,0.0,0.144,0.144,5500,US-301/SR-43 NB,0,0.170,0.8538,0.146,1994652,0.120486
10472505,Hillsborough,0.0,0.87,0.87,18800,SR 618 WB,0,2.850,0.2589,0.738,41192586,0.029576
10075006,Hillsborough,0.0,0.4,0.4,10000,I-75 / SB / SR-93A,0,0.777,0.5617,0.436,10074000,0.071525
10002013,Hillsborough,0.0,0.097,0.097,5600,PLANT AVE,0,0.117,0.8952,0.104,1368049,0.125936
10002019,Hillsborough,0.0,0.14,0.14,4200,S JEFFERSON ST NB,0,0.133,0.8825,0.117,1480878,0.130439
10075348,Hillsborough,0.0,0.5,0.5,14500,RAMP 10075346,0,1.321,0.4297,0.568,18259125,0.051340
10470052,Hillsborough,0.0,0.176,0.176,2600,LUTZ-LAKE FERN RD,0,0.112,0.8989,0.101,1152466,0.144267
10471000,Hillsborough,0.0,0.115,0.115,32450,SR 589/VETERANS EXPY,0,0.592,0.6270,0.371,9398412,0.065231
10471000,Hillsborough,0.115,3.021,2.906,14900,N/A,3,8.870,0.1410,3.828,109049539,0.051603
10003002,Hillsborough,0.0,0.113,0.113,4800,SR-618 / SELMON EXPY,0,0.120,0.8928,0.107,1366034,0.128973
10075002,Hillsborough,0.0,0.491,0.491,8400,I-75 / SR-93A,1,0.825,0.5467,0.905,10387301,0.137585
10075350,Hillsborough,0.0,0.499,0.499,2800,NB I-75/SR 93A,0,0.338,0.7467,0.252,3518848,0.118330
10470008,Hillsborough,0.0,0.2,0.2,4100,SR 589 NB,0,0.186,0.8428,0.156,2065170,0.125095
10075012,Hillsborough,0.0,0.45,0.45,6200,I-75 NB,4,0.588,0.6286,1.856,7026615,0.376866
10075371,Hillsborough,0.0,0.19,0.19,300,SR-674 / COLLEGE AVE,0,0.039,0.9553,0.037,143554,0.424159
10075383,Hillsborough,0.0,0.218,0.218,6400,10075011 SB OFF,0,0.293,0.7729,0.226,3513811,0.106261
10589116,Hillsborough,0.0,0.33,0.33,7000,ANCHOR PLAZA PKWY,0,0.477,0.6761,0.322,5817735,0.091531
10002023,Hillsborough,0.0,0.249,0.249,4100,SR-618 EB,0,0.231,0.8116,0.188,2571137,0.120457
10470051,Hillsborough,0.0,0.291,0.291,2600,SR 589 NB,1,0.185,0.8431,0.313,1905497,0.259543
10002041,Hillsborough,0.0,0.019,0.019,6700,N 21 ST,0,0.026,0.9741,0.026,320605,0.132877
10075349,Hillsborough,0.0,0.504,0.504,18000,SR 582/FOWLER AVE EB,0,1.593,0.3846,0.613,22847832,0.044275
10470027,Hillsborough,0.0,0.233,0.233,1900,SR 589 SB,1,0.114,0.8970,0.206,1114940,0.291395
10003005,Hillsborough,0.0,0.005,0.005,1100,SR-618 / SELMON EXPY,0,0.002,0.9984,0.002,13852,0.185766
10000107,Hillsborough,0.0,0.957,0.957,11400,W HILLSBOROUGH AVE,2,1.908,0.3017,1.972,27476331,0.109145
10110000,Hillsborough,6.314,6.516,0.202,61500,FALKENBURG RD,2,2.472,0.3699,2.175,31287325,0.105680
10110000,Hillsborough,6.516,7.08,0.564,81500,10075334 SB ON,12,6.226,0.1379,11.204,115765371,0.118411
10310000,Hillsborough,2.998,3.32,0.322,47500,10320186 SB OFF,2,3.197,0.3122,2.374,38520457,0.093698
10310000,Hillsborough,4.339,4.593,0.254,52000,N 22 ST,3,2.714,0.3485,2.900,33264348,0.128185
10310000,Hillsborough,4.593,4.847,0.254,52000,N 26 ST,0,2.714,0.3485,0.946,33264348,0.046938
10310000,Hillsborough,5.461,5.858,0.397,43000,N 40 ST,8,3.637,0.2852,6.755,42993313,0.204687
10250001,Hillsborough,0.0,0.203,0.203,35500,N END BR 100338/299,0,1.592,0.4768,0.759,18149570,0.069079
10000063,Hillsborough,1.18,1.745,0.565,6400,W TYLER ST,1,0.923,0.6120,0.953,9106896,0.165286
10000063,Hillsborough,1.745,1.983,0.238,6400,CENTRAL AVE,0,0.389,0.7892,0.307,3836179,0.132049
10080000,Hillsborough,0.0,0.358,0.358,21000,SR600/DALE MABRY HWY,0,1.409,0.5082,0.716,18934083,0.062429
10080000,Hillsborough,0.358,0.983,0.625,13200,S HIMES AVE,4,1.744,0.4549,2.974,20777625,0.204259
10080000,Hillsborough,2.622,3.254,0.632,34000,S BOULEVARD,0,4.788,0.2326,1.114,54117528,0.033981
10080000,Hillsborough,3.254,3.526,0.272,10500,N ASHLEY DR,0,0.796,0.6457,0.514,7192836,0.118025
10080000,Hillsborough,3.526,3.632,0.106,9800,N MORGAN ST,0,0.293,0.8318,0.244,2616218,0.154049
10080000,Hillsborough,3.632,3.86,0.228,12000,N JEFFERSON ST,0,0.744,0.6612,0.492,6890616,0.117816
10080000,Hillsborough,3.86,3.907,0.047,2600,S NEBRASKA AV,0,0.044,0.9703,0.043,307761,0.231446
10080000,Hillsborough,3.907,3.995,0.088,12000,SR-45/NEBRASKA AVE,0,0.287,0.8349,0.240,2659536,0.148761
10080000,Hillsborough,3.995,4.199,0.204,13800,SR-618A/MERIDIAN AVE,0,0.745,0.6608,0.492,7090081,0.114644
10080000,Hillsborough,4.199,4.569,0.37,26500,CHANNELSIDE DR,0,2.291,0.3878,0.888,24693893,0.059409
10080000,Hillsborough,4.569,4.613,0.044,16000,CHANNELSIDE DR,0,0.181,0.8891,0.161,1773024,0.149950
10320162,Hillsborough,0.0,0.109,0.109,7300,SR-574/ MLK JR BLVD,0,0.163,0.8592,0.140,2003970,0.115492
10190000,Hillsborough,2.613,3.257,0.644,206000,Bridge No-100117,15,15.324,0.0610,15.020,334114284,0.053077
10190000,Hillsborough,4.339,5.117,0.778,220000,N/A,4,19.549,0.0485,4.753,431066460,0.015737
10190000,Hillsborough,5.117,6.6,1.483,253000,Bridge No-100698,30,41.836,0.0232,30.275,944938681,0.034060
10190000,Hillsborough,6.6,6.85,0.25,215500,Bridge No-100832,9,6.175,0.1388,8.608,135684188,0.081187
10190000,Hillsborough,7.671,8.435,0.764,184000,10320182 EB ON,6,16.556,0.0567,6.599,354040656,0.025295
10190000,Hillsborough,28.673,29.866,1.193,154000,N/A,14,22.309,0.0427,14.355,462703857,0.037036
10140114,Hillsborough,0.0,0.056,0.056,650,SR-60 / WB,0,0.011,0.9888,0.011,91673,0.201373
10000045,Hillsborough,0.319,0.605,0.286,11400,N LAUBER WAY,0,0.570,0.5911,0.337,8211317,0.067784
10000045,Hillsborough,0.633,1.126,0.493,11400,E SIDE OF ROUNDABOUT,0,0.983,0.4561,0.448,14154474,0.052304
10160048,Hillsborough,0.0,0.152,0.152,4100,CR-587 GUNN HWY,0,0.208,0.8747,0.182,1569529,0.191288
10000225,Hillsborough,0.0,3.186,3.186,12500,DALE MABRY HWY,0,6.731,0.1091,0.734,100299262,0.012090
10200001,Hillsborough,0.0,0.17,0.17,10800,0.004 S OF JOE MCINT,0,0.509,0.7403,0.377,4623966,0.134585
10120000,Hillsborough,17.792,22.757,4.965,4200,N/A,2,5.938,0.1969,2.775,52518280,0.080348
10120000,Hillsborough,22.757,23.381,0.624,3700,N/A,0,0.679,0.6818,0.463,5814713,0.131536
10470000,Hillsborough,0.741,1.094,0.353,96800,INDEPENDENCE PKWY WB,4,4.494,0.1814,4.090,86058152,0.067819
10470000,Hillsborough,7.783,8.694,0.911,86300,Bridge No-100548,9,10.545,0.0863,9.133,198002707,0.059031
10470000,Hillsborough,8.694,10.612,1.918,70300,Bridge No-100552,25,18.734,0.0505,24.684,339582955,0.079309
10470000,Hillsborough,10.612,12.37,1.758,73600,Bridge No-100558,11,17.836,0.0529,11.361,325865693,0.043248
10470000,Hillsborough,12.37,12.82,0.45,64900,N/A,1,4.114,0.1948,1.607,73552793,0.034512
10000094,Hillsborough,0.0,0.329,0.329,2500,CHANNELSIDE DR,0,0.253,0.7651,0.194,2071466,0.154330
10190193,Hillsborough,0.0,0.278,0.278,9700,10190093 SB OFF,1,0.763,0.6554,0.845,6791387,0.196531
10000085,Hillsborough,0.0,0.117,0.117,12500,OLD WATER ST,0,0.314,0.8227,0.258,3683306,0.115665
10000085,Hillsborough,0.117,0.445,0.328,4300,CHANNELSIDE DR,0,0.466,0.7569,0.353,3552092,0.164022
10320161,Hillsborough,0.0,0.126,0.126,7500,I-275 SB/SR-93,0,0.193,0.8377,0.162,2379982,0.112083
10270122,Hillsborough,0.0,0.141,0.141,4800,10270112 NB ON,0,0.149,0.8697,0.130,1704521,0.125637
10000193,Hillsborough,0.0,0.03,0.03,10200,KNIGHTS RUN AVE,0,0.056,0.9366,0.052,770661,0.111947
10000193,Hillsborough,0.03,0.245,0.215,10200,N/A,0,0.400,0.6734,0.269,5523070,0.080488
10000193,Hillsborough,0.245,0.621,0.376,10200,Bridge No-105629,0,0.699,0.5411,0.378,9658951,0.064672
10000175,Hillsborough,0.0,0.058,0.058,10900,S FRANKLIN ST,0,0.112,0.8800,0.099,1592196,0.102611
10000175,Hillsborough,0.058,0.381,0.323,10900,S FLORIDA AVE,0,0.626,0.5683,0.356,8866883,0.066269
10140117,Hillsborough,0.0,0.383,0.383,11500,FROM SR-60 EB,4,0.835,0.5438,2.279,11092733,0.293208
10000055,Hillsborough,0.0,0.18,0.18,16200,BRUCE B DOWNS BLVD,0,0.585,0.7135,0.417,7343946,0.093766
10160050,Hillsborough,0.0,0.171,0.171,4100,SR-597 / N DALE MABR,0,0.234,0.8612,0.201,1765720,0.188339
10190090,Hillsborough,0.0,0.183,0.183,6500,EB I-4/SR-400,0,0.249,0.8001,0.199,2995756,0.109709
10000350,Hillsborough,0.0,1.092,1.092,11300,BAYSHORE BLVD,0,2.716,0.3489,0.948,31077283,0.050354
10190503,Hillsborough,0.0,0.142,0.142,11200,10472503 ON RAMP,0,0.303,0.7667,0.232,4005422,0.095751
10190087,Hillsborough,0.0,0.262,0.262,6000,I-4/SR-400 WB,0,0.333,0.7492,0.250,3959082,0.104150
10330000,Hillsborough,1.901,2.135,0.234,28000,NET PARK TAMPABAY,2,1.515,0.4893,1.763,16501212,0.162417
10000199,Hillsborough,0.0,0.505,0.505,1950,HUTCHISON RD,0,0.253,0.7972,0.202,2480093,0.134430
10000199,Hillsborough,0.505,1.043,0.538,1900,LAKE LE CLARE RD,0,0.348,0.7030,0.245,2574411,0.157041
10000199,Hillsborough,1.53,1.722,0.192,1900,N/A,0,0.128,0.9194,0.117,918749,0.210939
10000136,Hillsborough,0.0,0.908,0.908,7800,W LINEBAUGH AVE,1,1.717,0.4588,1.329,17837024,0.117705
10000136,Hillsborough,0.908,1.712,0.804,3000,N ARMENIA AVE,0,0.693,0.5431,0.377,6074622,0.102368
10000136,Hillsborough,1.712,2.2,0.488,3000,N/A,0,0.421,0.6620,0.279,3687084,0.124772
10140105,Hillsborough,0.554,0.748,0.194,17500,N/A,0,0.599,0.6244,0.374,8550307,0.072220
10000030,Hillsborough,0.0,5.522,5.522,13200,MACDILL AFB ENT/EXIT,2,12.072,0.0639,2.644,183574472,0.021898
10270006,Hillsborough,0.167,0.275,0.108,55500,SR-60/KENNEDY BLVD,2,1.216,0.5441,1.574,15095889,0.158499
10140000,Hillsborough,5.012,5.3,0.288,71500,N ROCKY POINT DR,1,2.853,0.2587,1.479,51860952,0.045066
10140000,Hillsborough,5.3,5.379,0.079,71500,N/A,0,0.783,0.5599,0.438,14225747,0.050855
10140000,Hillsborough,5.379,6.007,0.628,71500,ROCKY POINT CREEK,1,6.221,0.1380,1.720,113085687,0.024033
10000088,Hillsborough,0.0,2.006,2.006,12800,WHITAKER RD,0,4.302,0.1608,0.692,64667021,0.017664
10270000,Hillsborough,1.363,1.608,0.245,55500,S WARD ST,2,2.759,0.3447,2.262,34245304,0.100419
10270000,Hillsborough,2.234,2.748,0.514,41500,S LOIS AVE,1,4.575,0.2408,1.861,53722124,0.054730
10000099,Hillsborough,0.0,0.08,0.08,800,CASS ST,1,0.028,0.9811,0.046,161184,0.454996
10000099,Hillsborough,0.08,0.517,0.437,2500,PIERCE ST N,0,0.356,0.8035,0.286,2751461,0.171656
10000099,Hillsborough,0.517,0.548,0.031,2500,N/A,0,0.024,0.9719,0.023,195184,0.196033
10000099,Hillsborough,0.548,0.574,0.026,650,STRAZ CENTER ENT,0,0.009,0.9897,0.008,42563,0.329559
10190446,Hillsborough,0.0,0.471,0.471,15500,I-4 / SR-400,3,1.315,0.4308,2.274,18386309,0.181845
10360000,Hillsborough,0.282,0.501,0.219,51500,I-275/SR-93,1,2.322,0.3847,1.508,28404902,0.083896
10190114,Hillsborough,0.0,0.273,0.273,5100,I-4/SR-400 WB,0,0.304,0.7663,0.233,3506508,0.109551
10000201,Hillsborough,0.0,0.758,0.758,16000,N LOIS AVE,0,1.870,0.3060,0.572,30544368,0.030928
10000178,Hillsborough,0.0,0.124,0.124,6100,CHANNELSIDE DR,0,0.167,0.8316,0.139,1904993,0.120348
10240501,Hillsborough,0.0,0.214,0.214,13000,ROWLETT PARK RD,3,0.463,0.6402,1.376,7006467,0.288777
10000080,Hillsborough,0.0,1.494,1.494,6600,JAMES L  REDMAN PKWY,3,3.003,0.3258,3.001,24833417,0.177677
10190119,Hillsborough,0.0,0.385,0.385,6100,I-4/SR-400 EB,0,0.607,0.7058,0.428,5914697,0.119566
10320164,Hillsborough,0.0,0.131,0.131,5800,I-275 NB/SR-93,0,0.237,0.8595,0.204,1913556,0.175930
10000169,Hillsborough,0.0,0.23,0.23,5200,E JACKSON ST,0,0.381,0.7920,0.302,3012126,0.165514
10000114,Hillsborough,0.0,0.383,0.383,5000,W VIOLET ST,0,0.615,0.7024,0.432,4822928,0.147891
10150000,Hillsborough,0.0,1.84,1.84,57000,LAFAYETTE BLVD,2,21.174,0.0641,3.230,264140280,0.018593
10150000,Hillsborough,12.345,12.657,0.312,49000,N/A,2,3.177,0.3136,2.369,38502828,0.093554
10150000,Hillsborough,12.657,12.85,0.193,47000,10320163 SB ON,3,1.351,0.4243,2.300,22845313,0.148024
10000021,Hillsborough,0.0,1.36,1.36,10500,PATTERSON RD,0,3.204,0.3124,1.001,35964180,0.045953
10000021,Hillsborough,1.36,2.063,0.703,10500,N/A,0,1.656,0.4678,0.775,18590308,0.068810
10190456,Hillsborough,0.0,0.364,0.364,8800,US-41/SR-599/50 ST,0,0.636,0.6102,0.388,8067259,0.079429
10130042,Hillsborough,0.0,0.142,0.142,4000,SR-580 / W HILLSBORO,0,0.190,0.8841,0.168,1430508,0.194242
10320143,Hillsborough,0.0,0.235,0.235,16500,I-275 / SR-93,0,0.691,0.5903,0.408,9765484,0.068971
10000209,Hillsborough,0.0,6.139,6.139,8400,E BLOOMINGDALE AVE,14,10.105,0.0754,13.706,129873001,0.125985
10000098,Hillsborough,0.0,0.055,0.055,550,N JEFFERSON ST,0,0.015,0.9901,0.014,76185,0.313558
10000098,Hillsborough,0.055,0.391,0.336,550,N PIERCE ST,0,0.090,0.9413,0.085,465419,0.301991
10190400,Hillsborough,0.0,1.382,1.382,3900,N WHEELER ST,0,1.231,0.4472,0.550,13574211,0.066945
10320154,Hillsborough,0.0,0.111,0.111,8400,N TALIAFERRO AVE,0,0.187,0.8421,0.157,2348249,0.110502
10190016,Hillsborough,0.0,0.187,0.187,9900,I-275 / NB,0,0.360,0.7343,0.265,4662499,0.093672
10000203,Hillsborough,0.0,0.364,0.364,5300,S ASHLEY DR,0,0.449,0.6475,0.291,4858690,0.098746
10000176,Hillsborough,0.0,0.489,0.489,7100,US-301,0,0.724,0.5323,0.386,8743980,0.072806
10000176,Hillsborough,0.489,1.057,0.568,3900,PASSAGE PL,0,0.578,0.5880,0.340,5578981,0.100515
10000176,Hillsborough,1.057,2.802,1.745,8800,COLLINS ELM SCHOOL,1,2.958,0.2180,1.427,38674086,0.058283
10000060,Hillsborough,0.0,2.574,2.574,12700,W GREEN ST,6,5.493,0.1305,5.934,82329261,0.097814
10190118,Hillsborough,0.0,0.245,0.245,5700,SR-566/THONOTOSASSA,0,0.316,0.7228,0.229,3517085,0.107281
10270112,Hillsborough,0.0,0.208,0.208,23500,SR-60 NB,0,0.820,0.5484,0.450,12310428,0.060302
10270112,Hillsborough,0.208,0.444,0.236,19000,N/A,0,0.780,0.5607,0.437,11292954,0.063946
10000158,Hillsborough,0.0,1.008,1.008,38500,E SHELL POINT RD,2,4.316,0.1604,2.371,97737948,0.036891
10140119,Hillsborough,0.0,0.165,0.165,13000,FROM SR-60 EB,1,0.398,0.7143,0.570,5402182,0.166761
10000050,Hillsborough,0.0,0.705,0.705,9100,W KENNEDY BLVD,2,1.220,0.4032,1.686,16157437,0.158628
10000050,Hillsborough,0.809,5.549,4.74,9100,W GREEN ST,3,8.205,0.0913,3.475,108632979,0.047033
10190068,Hillsborough,0.071,0.331,0.26,11500,10190453 SB OFF,0,0.567,0.6371,0.361,7530315,0.079211
10000300,Hillsborough,0.0,0.48,0.48,4500,E CLARK ST,0,0.481,0.6741,0.324,5439960,0.098468
10190600,Hillsborough,0.0,0.305,0.305,9900,I-275/SR-93 NB,1,0.588,0.6289,0.741,7604611,0.153861
10190600,Hillsborough,0.305,0.539,0.234,13000,N/A,0,0.646,0.6927,0.447,7661277,0.096397
10190088,Hillsborough,0.0,0.172,0.172,4200,WB SR-574/MLK JR BL,0,0.163,0.8594,0.140,1819364,0.127027
10320183,Hillsborough,0.0,0.163,0.163,11000,I-275 / SR-93,0,0.343,0.7440,0.255,4515670,0.093201
10090100,Hillsborough,0.0,0.674,0.674,300,DEAD END,0,0.072,0.9328,0.067,509241,0.216956
10320156,Hillsborough,0.0,0.163,0.163,4500,I-275 / SR-93 / SB,0,0.163,0.8590,0.140,1847320,0.125471
10190011,Hillsborough,0.0,0.033,0.033,5900,10190454 NB ON,0,0.041,0.9601,0.040,490352,0.133858
10270111,Hillsborough,0.0,0.538,0.538,8400,SR-60 / EB,0,0.904,0.5240,0.474,11381605,0.068753
10000132,Hillsborough,3.163,3.87,0.707,2250,N CLUB CT,0,0.509,0.6183,0.315,4006304,0.129694
10000044,Hillsborough,0.0,2.264,2.264,17800,30 ST NE,0,5.972,0.1213,0.724,101493535,0.011785
10000247,Hillsborough,0.0,2.493,2.493,2500,W EUCLID AV,0,1.917,0.3007,0.577,15696551,0.060644
10000079,Hillsborough,0.0,1.018,1.018,6600,GEORGE RD,0,1.440,0.3640,0.524,16921298,0.051159
10000039,Hillsborough,0.0,3.832,3.832,500,30 ST NE,10,1.073,0.4345,6.121,4825446,1.597252
10000156,Hillsborough,0.0,1.095,1.095,4600,SAMMONDS RD,0,1.235,0.4003,0.494,12685684,0.064348
10000118,Hillsborough,0.0,2.0,2.0,2700,E MLK BLVD,1,1.614,0.3380,1.208,13599900,0.140296
10190067,Hillsborough,0.0,0.154,0.154,13500,I-275 / SR-93 / NB,0,0.384,0.7219,0.277,5235962,0.087310
10160000,Hillsborough,6.167,6.818,0.651,58000,W BEARSS AVE,3,3.605,0.1861,3.113,95093523,0.048123
10160000,Hillsborough,11.628,12.767,1.139,43000,W LUTZ LAKE FERN RD,7,7.404,0.1185,7.048,123348574,0.075897
10320157,Hillsborough,0.0,0.106,0.106,6300,FLORIBRASKA AVE,0,0.140,0.8764,0.123,1681854,0.120821
10270124,Hillsborough,0.0,0.102,0.102,1000,10270125 WB OFF,0,0.029,0.9713,0.029,256887,0.183702
10270124,Hillsborough,0.102,0.207,0.105,3600,N/A,0,0.088,0.9192,0.080,951993,0.139512
10000140,Hillsborough,0.0,0.546,0.546,8200,US41/SR45/NEBRASKA,0,0.885,0.4822,0.427,11275828,0.062508
10140112,Hillsborough,0.0,0.097,0.097,400,SR-60 EB,0,0.013,0.9870,0.013,97718,0.218497
10000251,Hillsborough,0.0,1.519,1.519,7000,S HIMES AVE,0,2.230,0.2699,0.602,26779210,0.037110
10200100,Hillsborough,0.0,0.165,0.165,3900,SR-39A / PAUL S BUCH,0,0.217,0.8701,0.189,1620655,0.192099
10190089,Hillsborough,0.0,0.208,0.208,5300,SB ORIENT RD,0,0.239,0.8065,0.193,2776394,0.114543
10000093,Hillsborough,0.0,0.602,0.602,6200,S HARBOUR ISLAND BLV,1,0.819,0.5016,0.909,9400049,0.152807
10190018,Hillsborough,0.0,0.339,0.339,8700,W LOIS AVE,0,0.587,0.6292,0.369,7427812,0.082063
10000074,Hillsborough,0.0,0.529,0.529,16200,BRUCE B DOWNS BLVD,0,1.315,0.3853,0.507,21583041,0.038767
10000083,Hillsborough,0.0,0.093,0.093,1330,OLD MULBERRY RD,0,0.048,0.9448,0.045,311513,0.241032
10190104,Hillsborough,0.0,0.187,0.187,5300,I-4 / SR-400,0,0.215,0.8226,0.177,2496085,0.116825
10080002,Hillsborough,0.0,0.071,0.071,9300,NEBRASKA AVE,0,0.188,0.8851,0.167,1662966,0.165563
10320144,Hillsborough,0.0,0.198,0.198,6900,I-275/SR 93 SB,0,0.283,0.7788,0.220,3440775,0.105697
10000170,Hillsborough,0.0,1.055,1.055,12700,SYMMES RD,7,2.251,0.2680,5.727,33744122,0.225445
10140103,Hillsborough,0.0,0.233,0.233,13500,SR-589/SR-60 NB,0,0.580,0.6318,0.367,7921942,0.076409
10140103,Hillsborough,0.233,0.52,0.287,13500,N/A,0,0.715,0.5821,0.416,9757928,0.070401
10000049,Hillsborough,0.0,0.602,0.602,26000,SR-60/SR-685/JFK BLV,1,2.014,0.2904,1.295,39419562,0.051885
10000227,Hillsborough,0.0,3.923,3.923,24000,N DALE MABRY HWY,3,12.483,0.0619,3.587,237121812,0.022243
10190056,Hillsborough,0.0,0.092,0.092,13500,WEST SHORE BLVD,0,0.229,0.8129,0.186,3127977,0.098318
10320141,Hillsborough,0.0,0.524,0.524,16000,I-275/SR-93 NB,1,1.502,0.3986,1.200,21115104,0.089799
10000096,Hillsborough,0.0,0.147,0.147,8800,SR-60/E ADAMO DR,0,0.304,0.8273,0.251,3257932,0.127416
10000096,Hillsborough,0.147,1.58,1.433,1900,N/A,0,0.928,0.4705,0.436,6857120,0.105107
10190126,Hillsborough,0.0,0.281,0.281,6600,I-4 / SR-400,2,0.387,0.7201,0.838,4670810,0.272899
10260000,Hillsborough,5.868,5.947,0.079,19500,HARNEY RD,0,0.382,0.7918,0.302,3879749,0.128601
10000095,Hillsborough,0.0,0.335,0.335,3100,N ASHLEY DR,0,0.295,0.7365,0.217,2615462,0.137127
10190175,Hillsborough,0.0,0.18,0.18,44000,SR 60 EB,1,1.193,0.4550,1.088,19946520,0.086149
10350000,Hillsborough,0.0,0.28,0.28,37500,N FLORIDA AVE,2,1.692,0.4624,1.858,26444250,0.106808
10350000,Hillsborough,0.28,0.499,0.219,44000,I-275/SR-93,4,1.451,0.4069,2.963,24268266,0.174234
10000215,Hillsborough,0.0,2.024,2.024,9900,S PARSONS AVE,0,3.694,0.1825,0.674,50464696,0.022051
10000182,Hillsborough,0.0,0.3,0.3,1300,BAYSHORE BLVD,0,0.153,0.8434,0.129,982215,0.216993
10000070,Hillsborough,2.034,2.843,0.809,6600,N/A,0,1.352,0.5185,0.701,13447279,0.086060
10190109,Hillsborough,0.0,0.225,0.225,7000,I-4/SR-400 EB,0,0.325,0.7537,0.245,3966638,0.102050
10000167,Hillsborough,0.0,0.77,0.77,7600,HARNEY RD,0,1.190,0.4092,0.487,14738262,0.054566
10160047,Hillsborough,0.0,0.173,0.173,4000,SR-597 / DALE MABRY,0,0.232,0.8622,0.200,1742802,0.189446
10320163,Hillsborough,0.0,0.117,0.117,10500,SR-600 EB,0,0.237,0.8080,0.191,3093977,0.102030
10000189,Hillsborough,0.0,0.401,0.401,600,WYNKOOP RD,0,0.126,0.8675,0.109,605951,0.297610
10000151,Hillsborough,0.0,0.487,0.487,10900,US-301,1,0.944,0.4661,0.974,13368954,0.115098
10140100,Hillsborough,0.0,0.11,0.11,700,SR-60 WB RAMPS,0,0.024,0.9768,0.023,193924,0.196423
10000053,Hillsborough,0.0,0.92,0.92,9900,LUTZ LAKE FERN RD,0,2.075,0.4123,0.855,22938498,0.061581
10190453,Hillsborough,0.0,0.458,0.458,5900,RAMP 10190071,0,0.841,0.6332,0.532,6805491,0.129176
10190086,Hillsborough,0.0,0.333,0.333,13000,I-4/SR-400 EB,0,1.159,0.5561,0.644,10902586,0.097577
10190021,Hillsborough,0.0,0.226,0.226,13500,US-92 / SR-600,0,0.563,0.6388,0.360,7683944,0.077264
10190143,Hillsborough,0.0,0.268,0.268,7600,EB I-4/SR-400,1,0.415,0.7059,0.587,5129681,0.180738
10320148,Hillsborough,0.0,0.184,0.184,5000,I-275/SR-93 SB,0,0.201,0.8318,0.167,2317020,0.119321
10190009,Hillsborough,0.0,0.99,0.99,26000,10270129 NB OFF,1,4.243,0.1901,1.616,64826190,0.039391
10000206,Hillsborough,0.0,0.195,0.195,6200,W CYPRESS ST,2,0.265,0.7565,0.688,3044866,0.343358
10000077,Hillsborough,0.0,0.05,0.05,8400,N BOULEVARD,0,0.082,0.9092,0.075,1057770,0.116816
10000077,Hillsborough,0.05,2.017,1.967,8400,N GARCIA AV,7,3.238,0.2029,6.237,41612672,0.199075
10000029,Hillsborough,0.0,1.904,1.904,6700,MACDILL AFB,0,2.719,0.2326,0.633,32128001,0.032511
10270008,Hillsborough,0.0,0.311,0.311,12100,10270004 WB ON,0,1.021,0.5870,0.599,9477367,0.104427
10000186,Hillsborough,0.0,2.288,2.288,12500,BRUCE B DOWNS BLVD,3,4.834,0.1457,3.267,72029100,0.066688
10000131,Hillsborough,0.0,0.731,0.731,6100,E RIVERHILLS DR,0,0.984,0.4558,0.449,11230243,0.065962
10180000,Hillsborough,0.0,0.047,0.047,22500,MACDILL AFB ENTR,0,0.195,0.8821,0.172,2663314,0.106429
10180000,Hillsborough,0.082,0.376,0.294,22500,N/A,0,1.217,0.5446,0.663,16659878,0.065705
10270003,Hillsborough,0.0,0.179,0.179,49500,WEST SHORE MALL ENTR,0,1.308,0.4323,0.565,22315169,0.041822
10270003,Hillsborough,0.179,1.698,1.519,203000,I-275/SR-93,7,35.708,0.0271,7.779,776597104,0.013305
10190502,Hillsborough,0.0,0.276,0.276,11200,I-4 WB,0,0.589,0.6283,0.370,7785187,0.078473
10190137,Hillsborough,0.0,0.212,0.212,8000,COUNTY LINE ROAD,0,0.342,0.7441,0.255,4271376,0.098465
10000064,Hillsborough,0.402,1.5,1.098,5900,N TAMPA ST,0,2.016,0.4186,0.844,16315347,0.085399
10000275,Hillsborough,0.0,1.62,1.62,14000,SR-574/DR MLK BLVD,0,3.675,0.1832,0.673,57119580,0.019464
10190051,Hillsborough,0.0,0.183,0.183,49500,SR-93 WB/I-275 SB,1,1.337,0.4268,1.144,22813832,0.079207
10260100,Hillsborough,0.0,0.301,0.301,3600,SR-41/US-301,0,0.291,0.7391,0.215,2729047,0.130152
10190447,Hillsborough,0.0,0.203,0.203,7100,I-4 / SR-400,0,0.297,0.7703,0.229,3629914,0.104033
10190085,Hillsborough,0.0,0.139,0.139,7000,SR-574/DR MLK JR BVD,0,0.201,0.8321,0.167,2450501,0.112653
10090200,Hillsborough,0.0,0.296,0.296,1650,CVISTA,0,0.194,0.8822,0.171,1230035,0.229506
10320172,Hillsborough,0.0,0.075,0.075,8300,I-275 NB/SR-93,1,0.125,0.8886,0.222,1567766,0.224081
10270128,Hillsborough,0.154,0.264,0.11,3400,N/A,0,0.087,0.9193,0.080,941919,0.140898
10000181,Hillsborough,0.0,0.102,0.102,14000,CHANNELSIDE DR,0,0.297,0.8304,0.247,3596418,0.113350
10140104,Hillsborough,0.0,0.097,0.097,9500,E SIDE OF BR 100693,0,0.181,0.8465,0.153,2320798,0.108746
10000025,Hillsborough,0.0,1.015,1.015,6200,MEMORIAL HWY,1,1.381,0.3738,1.142,15848920,0.113874
10000192,Hillsborough,0.0,0.268,0.268,17100,E SCOTT ST,0,0.906,0.6164,0.558,11541782,0.079877
10000115,Hillsborough,0.0,1.322,1.322,3400,N ARMENIA AVE,0,1.233,0.4006,0.494,11320154,0.072070
10470005,Hillsborough,0.0,0.167,0.167,7000,CR 576/MEMORIAL HWY,0,0.241,0.8048,0.194,2944126,0.108967
10190072,Hillsborough,0.0,0.156,0.156,12500,SCOTT ST,2,0.365,0.7320,0.803,4911075,0.248564
10190103,Hillsborough,0.0,0.207,0.207,11500,SR-400/I-4 EB,1,0.451,0.6880,0.623,5995289,0.164056
10320150,Hillsborough,0.0,0.169,0.169,21000,EB SR-678/BEARSS AVE,0,0.607,0.6213,0.377,8938157,0.069649
10190004,Hillsborough,0.0,0.166,0.166,6500,10190067 SB OFF,0,0.226,0.8152,0.184,2717462,0.111785
10000139,Hillsborough,0.0,1.18,1.18,16200,E FLETCHER AVE,2,2.934,0.2194,2.205,48143646,0.069634
10140106,Hillsborough,0.0,0.177,0.177,18500,10270803 SB OFF,0,0.572,0.6350,0.363,8246828,0.072754
10140106,Hillsborough,0.177,0.369,0.192,14000,N/A,0,0.493,0.6689,0.330,6769728,0.080397
10140106,Hillsborough,0.369,0.911,0.542,20000,N/A,0,1.869,0.3475,0.650,27300540,0.039287
10000056,Hillsborough,0.0,0.189,0.189,700,S WEST SHORE BLVD,0,0.065,0.9265,0.061,333198,0.300135
10000032,Hillsborough,0.0,1.9,1.9,5800,INTERBAY BLVD,3,2.479,0.2496,2.870,27753870,0.152029
10190008,Hillsborough,0.0,0.51,0.51,72500,I-4 / SR 400 WB,2,5.110,0.1631,2.507,93121538,0.040936
10270125,Hillsborough,0.0,0.057,0.057,650,TIA EXIT RAMP,0,0.012,0.9886,0.011,93310,0.201332
10000184,Hillsborough,0.0,3.063,3.063,8800,N VALRICO RD,2,5.191,0.1370,2.437,67884656,0.054592
10140126,Hillsborough,0.0,0.284,0.284,900,CONCOURSE CENTER ENT,0,0.075,0.9299,0.070,643729,0.179080
10000034,Hillsborough,0.0,1.169,1.169,29500,SR-573/DALE MABRY HW,4,5.915,0.1975,4.378,86851732,0.071942
10000230,Hillsborough,0.0,3.837,3.837,12900,GUNN HWY,6,8.268,0.0907,6.206,124658950,0.067559
10190504,Hillsborough,0.0,0.428,0.428,18800,I-4 EB,0,1.402,0.4152,0.582,20264858,0.047438
10320166,Hillsborough,0.0,0.157,0.157,12000,SR-600,0,0.355,0.7373,0.261,4744854,0.090999
10270123,Hillsborough,0.0,0.208,0.208,3500,10140106 NB ON,0,0.169,0.8546,0.145,1833468,0.130339
10000187,Hillsborough,0.0,1.012,1.012,5200,N NEBRASKA AVE,0,1.233,0.4007,0.494,13253354,0.061546
10000134,Hillsborough,0.0,4.025,4.025,5900,N FLORIDA AVE,3,6.190,0.1904,3.607,59808079,0.088676
10140118,Hillsborough,0.0,0.086,0.086,12500,SR-589 NB RAMP,0,0.201,0.8321,0.167,2707388,0.101972
10000046,Hillsborough,0.0,0.737,0.737,900,GATED AIRPORT ENTR,0,0.298,0.7342,0.219,1670521,0.216592
10000046,Hillsborough,0.78,1.28,0.5,900,N/A,0,0.202,0.8028,0.163,1133325,0.236837
10160046,Hillsborough,0.0,0.12,0.12,5800,US-92 / SR-600,1,0.217,0.8698,0.319,1752876,0.287714
10000352,Hillsborough,0.0,1.12,1.12,1750,E US 92,0,0.689,0.5449,0.375,4936260,0.125502
10190505,Hillsborough,0.0,0.446,0.446,11200,10472505 RAMP,0,0.952,0.5113,0.487,12580411,0.063856
10190094,Hillsborough,0.0,0.33,0.33,4600,US-92/SR-600 EB,1,0.495,0.7455,0.624,3823083,0.257768
10000239,Hillsborough,0.0,1.136,1.136,1400,N WEST SHORE BLVD,0,0.607,0.5759,0.350,4005422,0.144130
10190449,Hillsborough,0.0,0.367,0.367,13500,I-4 / SR-400,0,0.914,0.5214,0.477,12477908,0.063056
10190115,Hillsborough,0.0,0.191,0.191,4400,BRANCH FORBESS RD,1,0.188,0.8412,0.317,2116547,0.236567
10270120,Hillsborough,0.0,0.235,0.235,5400,10140105 NB ON,0,0.274,0.7842,0.215,3195976,0.111009
10000116,Hillsborough,0.0,1.004,1.004,7000,E HILLSBOROUGH AVE,2,1.474,0.3587,1.811,17700018,0.155598
10190095,Hillsborough,0.0,0.184,0.184,8300,US-92/SR-600 WB,0,0.445,0.7652,0.341,3846253,0.146278
10000246,Hillsborough,0.0,1.522,1.522,2500,N MACDILL AV,2,1.171,0.4132,1.657,9582892,0.262957
10080101,Hillsborough,0.0,0.131,0.131,12500,SR-45,0,0.306,0.7648,0.234,4124044,0.093734
10080101,Hillsborough,0.131,0.218,0.087,18000,10002020 WB OFF,0,0.394,0.7865,0.310,3943971,0.129710
10080101,Hillsborough,0.218,0.439,0.221,18500,N JEFFERSON ST,0,1.023,0.5865,0.600,10296887,0.096225
10080101,Hillsborough,0.439,0.607,0.168,15000,USB41/SR685/N FL AVE,1,0.656,0.6886,0.763,6346620,0.190021
10000200,Hillsborough,0.0,0.509,0.509,1250,CHANGE OF PAVEMENT,0,0.253,0.7649,0.194,1602396,0.199691
10190111,Hillsborough,0.0,0.254,0.254,7300,MCINTOSH RD,0,0.380,0.7237,0.275,4669803,0.097273
10000159,Hillsborough,0.0,0.816,0.816,550,E WHITING ST,1,0.217,0.8704,0.318,1130303,0.444948
10190019,Hillsborough,0.0,0.406,0.406,13000,SR-93 / I-275 / SB,0,0.980,0.5039,0.494,13292643,0.061345
10290001,Hillsborough,0.0,0.11,0.11,4500,US-301,0,0.162,0.8995,0.146,1246658,0.193240
10000202,Hillsborough,0.0,0.111,0.111,2450,BAY SHORE BLVD,0,0.089,0.9423,0.084,684906,0.202377
10270114,Hillsborough,0.529,0.805,0.276,10500,N/A,0,0.558,0.6407,0.358,7298613,0.080913
10000135,Hillsborough,0.0,0.758,0.758,1300,N BOULEVARD,0,0.387,0.6807,0.263,2481730,0.175129
10000135,Hillsborough,0.868,2.6,1.732,2700,N FLORENCE AV,2,1.398,0.3709,1.777,11777513,0.229379
10140116,Hillsborough,0.0,0.268,0.268,11000,SR-589,0,0.563,0.6386,0.360,7424538,0.080006
10000301,Hillsborough,0.0,1.296,1.296,4200,HANLEY RD,0,1.381,0.3739,0.516,13708699,0.062170
10190098,Hillsborough,0.0,0.18,0.18,7800,US-92 / SR-600,0,0.414,0.7780,0.322,3535974,0.150485
10000104,Hillsborough,0.0,1.454,1.454,16200,TAMPA PALMS BLVD,0,4.722,0.2356,1.113,59322764,0.030968
10190133,Hillsborough,0.0,0.298,0.298,8500,I-4 / SR-400,0,0.506,0.6630,0.335,6379360,0.086825
10000086,Hillsborough,0.0,1.379,1.379,12800,LUTZ LAKE FERN RD,0,2.957,0.2180,0.645,44454547,0.023944
10190300,Hillsborough,0.0,1.443,1.443,3900,S FRONTAGE RD,0,1.467,0.3597,0.528,14173362,0.061490
10320142,Hillsborough,0.0,0.192,0.192,21000,SR-582 / FOWLER AVE,0,0.985,0.5957,0.587,10154592,0.095401
10190012,Hillsborough,0.0,0.055,0.055,7100,10190072 NB ON,0,0.080,0.9252,0.074,983474,0.124963
10000040,Hillsborough,0.466,3.059,2.593,14600,N/A,2,6.039,0.1201,2.485,95344869,0.039631
10000261,Hillsborough,0.0,1.593,1.593,13500,W LINEBAUGH AVE,2,3.532,0.1892,2.290,54161602,0.064286
10190070,Hillsborough,0.0,0.098,0.098,8800,10190457 WB ON,0,0.171,0.8532,0.146,2171954,0.111068
10000124,Hillsborough,0.0,2.937,2.937,3300,HIGHLAND AVE,3,2.689,0.2346,2.927,24409554,0.176301
10000244,Hillsborough,0.0,2.261,2.261,1550,E LAKE AVE,1,0.938,0.5150,0.968,8826209,0.173254
10190145,Hillsborough,0.0,0.266,0.266,24500,US-92 / SR-600,0,1.085,0.4785,0.519,16413064,0.052235
10000073,Hillsborough,0.0,0.572,0.572,6600,MEDULLA RD,0,0.809,0.5046,0.408,9507841,0.070920
10270115,Hillsborough,0.0,0.143,0.143,8900,N SIDE OF BR 100682,0,0.252,0.7979,0.201,3205295,0.103659
10000143,Hillsborough,0.0,2.032,2.032,1850,SR-676/CAUSEWAY BLVD,2,1.294,0.3892,1.725,9467545,0.277050
10140113,Hillsborough,0.0,0.063,0.063,650,SR-60 FRONTAGE RD,0,0.013,0.9874,0.013,103133,0.201089
10000043,Hillsborough,0.0,4.054,4.054,16000,MEMORIAL HWY,6,10.001,0.0762,6.305,163359984,0.052377
10160044,Hillsborough,0.0,0.161,0.161,7100,SR-580 / DALE MABRY,0,0.343,0.8087,0.278,2878897,0.159259
10190458,Hillsborough,0.0,0.328,0.328,4900,SR-39/ALEXANDER ST,0,0.353,0.7383,0.261,4047733,0.106276
10130041,Hillsborough,0.0,0.156,0.156,6500,SR-580 /  W HILLSBOR,0,0.310,0.8241,0.255,2553759,0.165055
10190135,Hillsborough,0.0,0.172,0.172,2600,PAUL S BUCHMAN HWY,0,0.109,0.9009,0.099,1126273,0.144599
10190444,Hillsborough,0.0,0.08,0.08,7100,10190095 WB OFF,0,0.171,0.8948,0.153,1430508,0.176221
10000166,Hillsborough,0.0,0.103,0.103,1650,E ALABAMA ST,0,0.061,0.9311,0.057,428019,0.219206
10000166,Hillsborough,0.15,0.397,0.247,1650,E RENFRO ST,0,0.146,0.8492,0.124,1026415,0.199939
10000166,Hillsborough,0.418,1.751,1.333,1650,N/A,0,0.790,0.5107,0.403,5539315,0.120235
10320167,Hillsborough,0.0,0.114,0.114,7400,I-275 NB/SR-93,0,0.173,0.8523,0.147,2124607,0.114294
10000051,Hillsborough,0.0,1.657,1.657,11400,TAMPA BAY BLVD,1,3.304,0.1997,1.460,47573961,0.048488
10000038,Hillsborough,0.0,1.52,1.52,500,15 ST SE,5,0.426,0.6595,1.983,1914060,1.439967
10270004,Hillsborough,0.0,0.615,0.615,3500,W KENNEDY BLVD,0,0.501,0.6654,0.333,5421071,0.101474
10000255,Hillsborough,0.0,1.004,1.004,2800,E LAKE AV,3,0.889,0.6207,1.690,7080007,0.350934
10190093,Hillsborough,0.0,0.522,0.522,1300,I-4/SR-400 EB,0,0.282,0.8374,0.236,1709054,0.227989
10130043,Hillsborough,0.0,0.173,0.173,4100,US-92 / SR-600,0,0.237,0.8598,0.203,1786372,0.188033
10000097,Hillsborough,0.0,0.336,0.336,2500,N ASHLEY DR,0,0.258,0.7613,0.197,2115540,0.153563
10000097,Hillsborough,0.336,0.618,0.282,1250,PIERCE ST N,0,0.140,0.8545,0.120,887771,0.223079
10190445,Hillsborough,0.0,0.525,0.525,14500,US-41/SR-599,1,1.387,0.4178,1.162,19172081,0.095737
10320184,Hillsborough,0.0,0.285,0.285,13000,SR-580 / BUSCH BLVD,1,0.688,0.5914,0.815,9331042,0.138068
10190113,Hillsborough,0.0,0.273,0.273,4500,I-4/SR-400 EB,1,0.274,0.7844,0.430,3093977,0.219736
10320160,Hillsborough,0.0,0.136,0.136,10000,I-275 NB/SR-93,0,0.383,0.7913,0.303,3425160,0.145989
10270119,Hillsborough,0.0,0.131,0.131,21500,SR-60 EB,0,0.480,0.6749,0.324,7093355,0.075349
10000168,Hillsborough,0.0,0.523,0.523,16000,CYPRESS ST,0,1.290,0.3898,0.503,21074808,0.039408
10000130,Hillsborough,0.0,1.025,1.025,8200,E 131ST AVE,0,1.662,0.3316,0.551,21167992,0.042982
10000252,Hillsborough,0.0,0.562,0.562,2450,W SWANN AVE,0,0.427,0.6589,0.281,3467723,0.133900
10130111,Hillsborough,0.0,0.343,0.343,300,DEAD END,0,0.037,0.9646,0.035,259154,0.224361
10190139,Hillsborough,0.0,0.158,0.158,1800,RP 10190091,0,0.111,0.9290,0.103,716261,0.237692
10000249,Hillsborough,0.0,0.446,0.446,7100,HENDERSON BLVD,1,0.951,0.6041,0.971,7975082,0.192264
10190457,Hillsborough,0.0,0.307,0.307,10500,N ASHLEY DR/RAMP 070,0,0.621,0.6159,0.382,8118385,0.077775
10190096,Hillsborough,0.0,0.183,0.183,5200,US-301/SR-41 SB,0,0.303,0.8271,0.251,2396605,0.172863
10160049,Hillsborough,0.0,0.194,0.194,4000,WB SR-580/W BUSCH BL,0,0.260,0.8480,0.221,1954356,0.186330
10190454,Hillsborough,0.0,0.21,0.21,5900,SCOTT ST,0,0.263,0.7907,0.208,3120422,0.110247
10000105,Hillsborough,0.0,0.501,0.501,7900,N BOULEVARD,0,0.794,0.5095,0.404,9967971,0.066976
10190023,Hillsborough,0.0,0.271,0.271,13500,I-275 / SR-93,0,0.675,0.5960,0.402,9213932,0.072080
10190152,Hillsborough,0.0,0.39,0.39,2800,SR-39A/PAUL BUCHMAN,0,0.264,0.7904,0.209,2750202,0.125260
10000214,Hillsborough,0.502,1.263,0.761,26500,10002340 WB ON,7,2.577,0.2424,5.928,50789330,0.155037
10000081,Hillsborough,0.0,0.508,0.508,21500,N FLORIDA AVE,1,1.509,0.3533,1.180,27507057,0.067759
10000278,Hillsborough,0.0,1.507,1.507,7600,SR-580/E BUSCH BLVD,0,2.330,0.2614,0.609,28844884,0.034855
10190507,Hillsborough,0.0,0.048,0.048,2100,10190506 SB OFF,0,0.026,0.9749,0.025,253865,0.162325
10190092,Hillsborough,0.0,0.255,0.255,6000,10030103 WB OFF,1,0.324,0.7542,0.490,3853305,0.201102
10000075,Hillsborough,0.0,0.554,0.554,1800,SR-60/ADAMO DR,0,0.347,0.7040,0.244,2511448,0.160454
10000075,Hillsborough,0.554,1.515,0.961,3900,E 12 TH AVE,2,0.977,0.4576,1.532,9439086,0.246778
10000075,Hillsborough,1.515,2.776,1.261,6800,E LAKE AVE,2,1.818,0.3120,1.943,21595634,0.136813
10320170,Hillsborough,0.0,0.11,0.11,7500,I-275 SB/SR-93,0,0.168,0.8553,0.144,2077762,0.114441
10190010,Hillsborough,0.0,0.243,0.243,8700,N HIMES AVE,0,0.421,0.7030,0.296,5324361,0.091691
10270126,Hillsborough,0.0,0.137,0.137,900,DEAD END,0,0.036,0.9649,0.035,310531,0.185825
10140128,Hillsborough,0.0,0.653,0.653,900,N SHERRILL ST,0,0.173,0.8522,0.147,1480122,0.164125
10190448,Hillsborough,0.0,0.191,0.191,4900,SR-585 / NW 22 ST,0,0.205,0.8289,0.170,2357064,0.119318
10190071,Hillsborough,0.312,0.575,0.263,11500,N/A,0,0.574,0.6345,0.364,7617203,0.078880
10190071,Hillsborough,0.575,0.697,0.122,7900,N/A,1,0.195,0.8363,0.327,2427330,0.212684
10320146,Hillsborough,0.0,0.167,0.167,13000,SR-579 / E FLETCHER,0,0.461,0.7595,0.350,5467664,0.105697
10190015,Hillsborough,0.0,0.524,0.524,13000,I-275 / SB,0,1.265,0.4404,0.557,17156022,0.053615
10270129,Hillsborough,0.0,0.573,0.573,8500,NB I-275/SR-93,5,0.973,0.5058,2.963,12266354,0.335729
10140115,Hillsborough,0.0,0.088,0.088,650,10140114 WB ON,0,0.018,0.9825,0.017,144058,0.200088
10000120,Hillsborough,0.0,0.103,0.103,1100,N TAMPA ST,0,0.047,0.9457,0.045,285346,0.258921
10190132,Hillsborough,0.0,0.346,0.346,9100,COUNTY LINE RD,0,0.622,0.6156,0.383,7929749,0.079678
10190110,Hillsborough,0.0,0.215,0.215,7300,I-4/SR-400 WB,1,0.322,0.7557,0.487,3952786,0.194831
10320153,Hillsborough,0.0,0.153,0.153,6900,SR-678/BEARSS AVE,0,0.219,0.8200,0.179,2658780,0.111293
10000241,Hillsborough,0.0,0.492,0.492,8500,HANNA AVE,1,0.816,0.5026,0.907,10532367,0.136127
10130112,Hillsborough,0.0,0.282,0.282,300,EMPTY LOT,0,0.030,0.9707,0.029,213065,0.225782
10000091,Hillsborough,0.0,1.535,1.535,16200,BRUCE B DOWNS BLVD,1,3.816,0.1776,1.500,62627540,0.037847
10190138,Hillsborough,0.0,0.404,0.404,30000,I-4/SR-400 WB,0,2.766,0.3442,0.952,30524220,0.051489
10190380,Hillsborough,0.0,0.321,0.321,7100,SR-533/PARK RD SB,0,0.475,0.6342,0.302,5739913,0.086744
10320185,Hillsborough,0.0,0.155,0.155,12500,SR-580/BUSH BLVD WB,0,0.362,0.7332,0.266,4879594,0.089863
10190022,Hillsborough,0.0,0.281,0.281,13500,US-92 / SR-600,0,0.700,0.5872,0.411,9553930,0.071021
10190105,Hillsborough,0.0,0.211,0.211,4800,CR-579 / MANGO RD,1,0.223,0.8169,0.365,2550737,0.226326
10320152,Hillsborough,0.0,0.144,0.144,8100,SB I-275/SR-93,0,0.235,0.8091,0.190,2937578,0.106830
10190150,Hillsborough,0.0,0.295,0.295,4900,I-4 / SR-400,0,0.317,0.7583,0.241,3640492,0.109150
10000092,Hillsborough,0.0,1.668,1.668,37000,CROSS CREEK BLVD,0,6.965,0.1058,0.737,155431746,0.007831
10320168,Hillsborough,0.0,0.106,0.106,7300,E SLIGH AVE,0,0.159,0.8625,0.137,1948815,0.115942
10190020,Hillsborough,0.0,0.472,0.472,9800,I-275 / SR-93,0,0.902,0.5248,0.473,11649574,0.067058
10000204,Hillsborough,0.0,0.093,0.093,3300,HILLSBOROUGH AVE,0,0.085,0.9064,0.077,772928,0.164873
10320186,Hillsborough,0.0,0.27,0.27,10000,I-275/SR-93 SB,0,0.524,0.6550,0.343,6799950,0.083407
10190017,Hillsborough,0.0,0.318,0.318,13500,LOIS AVE,0,0.792,0.5570,0.441,10811920,0.067360
10190120,Hillsborough,0.0,0.345,0.345,5100,I-4/SR-400 WB,0,0.384,0.7218,0.277,4431301,0.103191
10240500,Hillsborough,0.0,2.236,2.236,8200,ROWLETTE PARK DR,1,3.625,0.1853,1.486,46177201,0.050855
10000071,Hillsborough,0.0,3.863,3.863,12200,TAMPA PALMS BLVD,4,8.038,0.0930,4.376,118693379,0.052611
10190121,Hillsborough,0.0,0.234,0.234,5900,W THONOTOSASSA RD,0,0.294,0.7723,0.227,3477041,0.107671
10320151,Hillsborough,0.0,0.175,0.175,24500,NB I-275/SR-93,0,0.714,0.5824,0.416,10798069,0.063579
10000152,Hillsborough,0.0,1.517,1.517,11500,RIVERVIEW DR,7,3.042,0.2132,6.156,43936492,0.186107
10000128,Hillsborough,0.0,0.504,0.504,8400,N FLORIDA AVE,1,0.847,0.5402,0.918,10662322,0.135953
10000052,Hillsborough,0.0,2.78,2.78,12200,TAMPA PALMS BLVD W,2,7.319,0.1659,2.882,85417446,0.051308
10190506,Hillsborough,0.0,0.16,0.16,600,EMP BR 100711,0,0.046,0.9691,0.045,241776,0.305791
10190097,Hillsborough,0.0,0.23,0.23,2900,NB US-301/SR-41,0,0.238,0.8593,0.204,1679840,0.200745
10190141,Hillsborough,0.0,0.507,0.507,8600,10190123 EB OFF,0,0.869,0.5339,0.464,10981164,0.069773
10190154,Hillsborough,0.0,0.322,0.322,2000,10190140 WB OFF,0,0.165,0.8579,0.141,1621914,0.144038
10320182,Hillsborough,0.0,0.707,0.707,28000,SR-93 / I-275 / SB,2,3.222,0.2361,2.288,49856226,0.069791
10190112,Hillsborough,0.0,0.255,0.255,6700,BRANCH FORBES RD,0,0.355,0.7369,0.262,4302857,0.100520
10190452,Hillsborough,0.0,0.327,0.327,8600,I-4 / SR-400 / WB,1,0.561,0.6398,0.719,7082526,0.160356
10000113,Hillsborough,0.0,0.82,0.82,8500,SR-60/KENNEDY BLVD,1,1.652,0.4684,1.305,17553945,0.117496
10190025,Hillsborough,0.0,0.194,0.194,13500,I-275/SR-93 SB,0,0.483,0.6733,0.325,6595952,0.081428
10190379,Hillsborough,0.0,0.293,0.293,7900,I-4/SR-400 EB,0,0.468,0.6801,0.318,5829572,0.090192
10320171,Hillsborough,0.0,0.081,0.081,10500,E BIRD ST,0,0.164,0.8587,0.141,2141984,0.108437
10270127,Hillsborough,0.0,0.022,0.022,2500,FROM TIA TO SR-616,0,0.014,0.9866,0.013,138518,0.159415
10000023,Hillsborough,0.0,1.14,1.14,3300,DOUBLE BRANCH RD,0,1.044,0.4413,0.461,9474597,0.080269
10190451,Hillsborough,0.0,0.313,0.313,21000,SR-400 / I-4 / WB,1,1.124,0.4697,1.058,16554100,0.100993
10000103,Hillsborough,0.0,3.871,3.871,1750,US-92,1,2.380,0.2573,1.355,17060949,0.125478
10470004,Hillsborough,0.0,0.203,0.203,7000,SR 589 NB,1,0.293,0.7723,0.454,3578788,0.200555
10180101,Hillsborough,0.0,0.11,0.11,11250,SR573/DALE MABRY HWY,0,0.273,0.8422,0.230,3116644,0.121689
10190183,Hillsborough,0.0,0.188,0.188,18500,SR-685 / N TAMPA ST,1,0.608,0.6209,0.756,8759343,0.136443
10190136,Hillsborough,0.0,0.209,0.209,7900,I-4 / SR-400,0,0.334,0.7488,0.250,4158295,0.099297
10190108,Hillsborough,0.0,0.219,0.219,6200,MCINTOSH RD SB,0,0.286,0.7766,0.222,3419619,0.107366
10320149,Hillsborough,0.0,0.177,0.177,4200,SR-579 / E FLETCHER,0,0.168,0.8559,0.143,1872253,0.126510
10000775,Hillsborough,0.0,0.276,0.276,2700,S BEACH DR,0,0.223,0.7872,0.175,1876786,0.154306
10000551,Hillsborough,0.0,0.363,0.363,14000,N TAMPA ST,0,1.341,0.5197,0.697,12799017,0.089922
10000551,Hillsborough,0.363,0.591,0.228,14000,CENTRAL AVE,0,0.842,0.6328,0.533,8039052,0.109475
10000747,Hillsborough,0.0,0.262,0.262,7100,BELL SHOALS RD,0,0.388,0.6799,0.264,4684914,0.092996
10002000,Hillsborough,0.302,1.5,1.198,44500,Bridge No-100306,1,8.012,0.1105,1.775,134263754,0.020887
10002000,Hillsborough,2.123,4.157,2.034,67500,Bridge No-100314,2,19.209,0.0493,2.848,345777458,0.012523
10002000,Hillsborough,4.157,4.91,0.753,77500,Bridge No-100326,2,7.974,0.1110,2.663,146973364,0.027550
10002000,Hillsborough,4.91,5.111,0.201,78500,Bridge No-100332,1,1.346,0.3798,1.131,39738152,0.044982
10002000,Hillsborough,5.5,5.8,0.3,67000,Bridge No-100332,1,3.935,0.2695,1.791,50621850,0.055890
10002000,Hillsborough,5.8,6.98,1.18,74000,Bridge No-100332,2,16.773,0.0796,3.176,219915420,0.021962
10002000,Hillsborough,6.98,7.115,0.135,74000,Bridge No-100443,0,1.376,0.4198,0.578,25159815,0.037906
10002000,Hillsborough,7.115,8.209,1.094,58500,Bridge No-100443,1,9.177,0.0979,1.800,161181481,0.017646
10002000,Hillsborough,8.209,9.13,0.921,106000,Bridge No-100451,0,12.640,0.0730,0.923,245871081,0.006198
10002000,Hillsborough,13.776,14.217,0.441,62000,Bridge No-100489,0,3.882,0.2041,0.792,68860827,0.018999
10000645,Hillsborough,9.715,11.18,1.465,21000,VAN DYKE RD,4,5.764,0.2016,4.356,77481652,0.080228
10000645,Hillsborough,11.777,13.183,1.406,18700,LUTZ LAKE FERN RD,6,5.077,0.2228,5.794,66216906,0.118757
10000550,Hillsborough,0.0,0.277,0.277,2500,JACKSON ST,0,0.213,0.7946,0.169,1744061,0.160280
10000550,Hillsborough,0.277,0.331,0.054,2500,POLK ST E,0,0.042,0.9520,0.040,339997,0.192029
10000550,Hillsborough,0.331,0.69,0.359,2500,CASS ST E,0,0.276,0.7491,0.207,2260354,0.151094
10000739,Hillsborough,0.0,0.471,0.471,7100,FISHHAWK BLVD,0,0.831,0.6367,0.529,8422116,0.103686
10002004,Hillsborough,0.0,0.117,0.117,7200,SR-618/SELMON EXPWY,0,0.173,0.8519,0.147,2121584,0.114777
10000723,Hillsborough,0.0,1.246,1.246,2400,CR-587/W SHORE BLVD,0,0.934,0.4688,0.438,7531322,0.096006
10000778,Hillsborough,0.0,0.252,0.252,2400,S MANHATTAN,0,0.199,0.8796,0.175,1523189,0.189928
10000620,Hillsborough,0.0,0.695,0.695,5800,SPUR,0,0.907,0.4762,0.432,10152073,0.070227
10000701,Hillsborough,0.0,0.519,0.519,13600,SR-674 / E COLLEGE A,0,1.156,0.4162,0.481,17776580,0.044699
10000605,Hillsborough,0.0,0.903,0.903,10300,HILLSBOROUGH AVE,0,2.097,0.4097,0.859,23424317,0.060569
10000742,Hillsborough,0.0,1.512,1.512,7100,US-301 / SR-43,0,2.240,0.2691,0.603,27036601,0.036800
10000367,Hillsborough,0.0,0.073,0.073,10700,BALM RIVERVIEW RD,2,0.140,0.8549,0.410,1967200,0.316694
10002012,Hillsborough,0.0,0.077,0.077,8500,SR-618 / SELMON EXPW,0,0.131,0.8839,0.116,1648358,0.115750
10000722,Hillsborough,0.0,1.268,1.268,2700,SR-573/S DALE MABRY,0,1.093,0.5710,0.624,8622337,0.119576
10000633,Hillsborough,0.0,0.146,0.146,6700,95FT N OF WELDON ST,0,0.247,0.8551,0.211,2463597,0.141373
10000774,Hillsborough,0.0,0.17,0.17,1300,S BOULEVARD,0,0.087,0.9048,0.078,556589,0.232789
10000643,Hillsborough,0.0,0.152,0.152,7100,E LINEBAUGH AVE,0,0.225,0.7855,0.177,2717965,0.107434
10000643,Hillsborough,0.152,0.304,0.152,7100,E LINEBAUGH AVE,0,0.225,0.7855,0.177,2717965,0.107434
10000740,Hillsborough,0.0,0.61,0.61,7100,US-301/ SR-43,0,1.301,0.5273,0.686,10907624,0.103849
10000364,Hillsborough,0.0,0.587,0.587,4800,US-41/NEBRASKA AVE,0,0.775,0.6526,0.506,7096126,0.117667
10000364,Hillsborough,0.587,0.89,0.303,6400,E 7TH AVE,1,0.420,0.6622,0.616,4883875,0.199348
10000364,Hillsborough,0.89,1.027,0.137,2500,14 ST SB,0,0.112,0.9288,0.104,862586,0.198424
10000642,Hillsborough,0.0,2.583,2.583,3600,E SLIGH AVE,1,2.498,0.2481,1.372,23419028,0.092535
10000552,Hillsborough,0.0,0.088,0.088,18500,N MORGAN ST,0,0.238,0.7761,0.185,4100118,0.074327
10000552,Hillsborough,0.088,0.178,0.09,18500,US41B/SR685/N FL AVE,0,0.417,0.7770,0.324,4193302,0.127464
10000763,Hillsborough,0.0,0.883,0.883,34500,US-301,0,3.529,0.1894,0.668,76722325,0.014382
10000702,Hillsborough,0.0,0.519,0.519,4100,18 ST NE,0,0.545,0.6022,0.328,5359116,0.101039
10000615,Hillsborough,0.0,0.193,0.193,8500,S MERIDIAN AVE,0,0.389,0.7892,0.307,4131599,0.122646
10000006,Hillsborough,0.0,0.348,0.348,2100,MARBELLA BLVD,0,0.240,0.7746,0.186,1840520,0.166709
10000006,Hillsborough,0.348,1.455,1.107,4100,N/A,1,1.300,0.5281,1.159,11430716,0.160147
10000006,Hillsborough,2.502,6.216,3.714,13600,N US-41,0,10.596,0.1208,1.280,127210442,0.016612
10002002,Hillsborough,0.0,0.18,0.18,7900,END BR # 3100304,0,0.288,0.7759,0.223,3581307,0.102883
10000710,Hillsborough,0.0,0.422,0.422,9100,W DE LEON ST,0,0.894,0.6194,0.554,9671544,0.094575
10000616,Hillsborough,0.0,0.274,0.274,7200,CHANNELSIDE DR,0,0.488,0.7488,0.366,4968497,0.121508
10000616,Hillsborough,0.274,2.212,1.938,17500,N/A,7,5.058,0.1402,6.728,85414928,0.104625
10000767,Hillsborough,0.0,0.346,0.346,300,GOLF AND SEA BLVD,0,0.070,0.9214,0.065,261420,0.409131
10000755,Hillsborough,0.0,2.617,2.617,28000,BRIGHTON KNOLL LOOP,0,12.740,0.1025,1.306,184545606,0.011688
10000732,Hillsborough,0.0,2.757,2.757,3300,COUNTRYWAY BLVD,0,2.524,0.2462,0.621,22913565,0.044780
10000374,Hillsborough,0.0,0.811,0.811,14100,W HILLSBOROUGH AVE,3,1.848,0.3085,2.645,28799299,0.135011
10000772,Hillsborough,0.0,1.005,1.005,9100,K BAR RANCH PKWY,0,1.740,0.3215,0.559,23032942,0.040096
10000716,Hillsborough,0.0,1.918,1.918,2300,N 22 ST,0,1.400,0.3706,0.519,11110111,0.077110
10000630,Hillsborough,0.0,0.372,0.372,25500,W KENNEDY BLVD,2,1.690,0.4628,1.856,23890491,0.118155
10000630,Hillsborough,0.372,1.027,0.655,25000,CR-587 / WEST SHORE,2,2.932,0.3317,2.309,41240437,0.085139
10000504,Hillsborough,8.863,8.911,0.048,4500,N/A,0,0.060,0.9602,0.058,543996,0.176053
10000748,Hillsborough,0.0,1.419,1.419,7100,BOYETTE RD,0,2.102,0.2817,0.592,25373636,0.038532
10000628,Hillsborough,0.0,0.355,0.355,8500,W SWANN AVE,0,0.589,0.5834,0.343,7599574,0.074622
10000705,Hillsborough,0.0,1.77,1.77,2250,SR-60/E ADAMO DR,0,1.334,0.5218,0.696,10029926,0.114581
10000703,Hillsborough,0.0,0.908,0.908,4100,US-41 / SR-45,0,0.953,0.4639,0.442,9375872,0.077832
10000611,Hillsborough,1.863,1.974,0.111,22500,S FLORIDA AVE,0,0.460,0.7600,0.349,6289954,0.091702
10000611,Hillsborough,1.974,2.144,0.17,14000,S MORGAN ST,0,0.496,0.7460,0.370,5994030,0.101835
10000611,Hillsborough,2.144,2.173,0.029,14000,OLD WATER ST,0,0.085,0.9451,0.080,1022511,0.129010
10000611,Hillsborough,2.173,2.874,0.701,14000,S CAESAR ST,0,2.043,0.4160,0.850,24716559,0.056787
10000731,Hillsborough,0.0,1.009,1.009,7100,RHODINE RD,0,1.495,0.3555,0.531,18042282,0.048623
10000613,Hillsborough,0.0,0.137,0.137,7100,PHYSICAL GORE SB,0,0.203,0.8025,0.163,2449745,0.109757
10000613,Hillsborough,0.137,0.747,0.61,2200,N/A,0,0.433,0.6556,0.284,3379827,0.138687
10000791,Hillsborough,0.0,0.052,0.052,3500,BEGIN,0,0.054,0.9640,0.052,458367,0.188697
10000606,Hillsborough,0.0,3.447,3.447,7900,W WATERS AVE,5,5.460,0.1312,5.060,68582029,0.102546
10000373,Hillsborough,0.0,0.068,0.068,5300,E BROREIN ST,0,0.078,0.9273,0.072,907667,0.131691
10000373,Hillsborough,0.068,0.525,0.457,5300,XTOWN EXPY OFF RP WB,0,0.649,0.6916,0.449,6100059,0.121524
10000373,Hillsborough,0.525,0.83,0.305,5300,E POLK ST,0,0.433,0.7706,0.334,4071155,0.135415
10000708,Hillsborough,0.0,0.343,0.343,2200,SR-60 / W KENNEDY BL,0,0.254,0.8513,0.216,1900460,0.188022
10000711,Hillsborough,0.0,0.235,0.235,2200,W KENNEDY BLVD,0,0.194,0.8820,0.171,1302064,0.217199
10000789,Hillsborough,0.0,0.239,0.239,4100,US-41,0,0.327,0.8162,0.267,2467878,0.178489
10000638,Hillsborough,0.0,0.257,0.257,13500,BRIDGE 100290,0,0.640,0.6087,0.390,8737936,0.073617
10000602,Hillsborough,0.089,0.72,0.631,4600,BRANDON PKWY,0,0.712,0.5367,0.382,7310198,0.086272
10000707,Hillsborough,0.0,0.573,0.573,1300,N BLVD,0,0.292,0.7382,0.216,1876031,0.189930
10000790,Hillsborough,0.0,0.84,0.84,4100,MIRABAY BLVD,0,0.881,0.4833,0.426,8673714,0.081088
10000608,Hillsborough,0.0,0.062,0.062,200,S ARMENIA AV,0,0.008,0.9947,0.008,31229,0.409805
10000608,Hillsborough,0.062,0.526,0.464,2200,S TAMPANIA AV,0,0.344,0.8089,0.278,2570885,0.178652
10000612,Hillsborough,0.0,0.06,0.06,8900,PORT OF TAMPA GATE,0,0.154,0.9043,0.139,1344879,0.170573
10000612,Hillsborough,0.06,0.228,0.168,6200,N/A,0,0.229,0.7829,0.179,2623270,0.112627
10000777,Hillsborough,0.0,0.033,0.033,2400,S DALE MABRY HWY,0,0.029,0.9802,0.029,199465,0.237420
10000759,Hillsborough,0.0,2.52,2.52,9100,KINNAN ST,0,4.362,0.1589,0.693,57754242,0.019822
10000737,Hillsborough,0.0,1.353,1.353,4100,GOLF AND SEA,0,1.420,0.3674,0.522,13970875,0.061637
10000784,Hillsborough,0.0,0.198,0.198,4100,MALAGA DR,0,0.208,0.7987,0.166,2044518,0.134012
10000378,Hillsborough,0.0,0.403,0.403,700,CSX TERMINAL,0,0.139,0.8554,0.119,710469,0.277085
10000750,Hillsborough,0.0,1.544,1.544,18500,D MAPLE D/CASTLE C D,0,4.172,0.1650,0.688,71938434,0.015800
10000730,Hillsborough,0.0,1.687,1.687,7100,CR-672,0,2.499,0.2481,0.620,30165837,0.033929
10000610,Hillsborough,0.0,0.055,0.055,5800,WB PARK RD,0,0.072,0.9199,0.066,803402,0.135659
10000610,Hillsborough,0.055,0.909,0.854,17700,PLANT CITY PARK,1,3.814,0.2756,1.776,38069142,0.073693
10000764,Hillsborough,0.0,0.631,0.631,7100,NATURES WAY BLVD,0,0.935,0.4687,0.438,11283132,0.064100
10000746,Hillsborough,0.0,0.26,0.26,7100,NATURES WAY BLVD,0,0.385,0.6816,0.262,4649151,0.093224
10002008,Hillsborough,0.0,0.152,0.152,6200,SR-618 / SELMON EXPW,0,0.199,0.8336,0.166,2373434,0.115240
10000724,Hillsborough,0.0,0.275,0.275,2400,S GEORGIA AVE,0,0.164,0.8587,0.141,1662210,0.139731
10000622,Hillsborough,0.0,2.387,2.387,11000,US-92 / SR-600,2,4.654,0.1505,2.399,66128254,0.055169
10000781,Hillsborough,0.0,0.5,0.5,5700,DEAD END,0,0.645,0.5610,0.362,7177725,0.083259
10000714,Hillsborough,0.0,0.193,0.193,14000,S JEFFERSON ST,0,0.563,0.7212,0.406,6804987,0.098452
10000400,Hillsborough,0.0,1.038,1.038,6200,N RIVERVIEW AVE,0,1.412,0.3686,0.520,16208059,0.053025
10000400,Hillsborough,1.038,3.064,2.026,10100,W HILLSBOROUGH AVE,0,4.638,0.2389,1.108,51535058,0.035497
10000400,Hillsborough,3.064,3.574,0.51,6200,W WATERS AVE,0,0.814,0.6415,0.522,7963497,0.108213
10000706,Hillsborough,0.0,0.604,0.604,13200,W CLEVELAND ST,0,1.320,0.3843,0.508,20079497,0.041735
10000782,Hillsborough,0.0,0.562,0.562,4300,US-301,0,0.799,0.6450,0.515,6086207,0.139778
10000375,Hillsborough,0.0,2.23,2.23,3400,US-41 / SR-45 / NN N,0,2.080,0.2838,0.590,19095267,0.051053
10000741,Hillsborough,0.0,0.817,0.817,7100,WOODBRIDGE DR,0,1.210,0.4052,0.490,14609063,0.055420
10000372,Hillsborough,0.0,1.007,1.007,4300,E LINEBAUGH AVE,2,1.089,0.4309,1.607,10905357,0.224100
10000718,Hillsborough,0.0,0.756,0.756,2200,E FRONTAGE RD,0,0.537,0.6057,0.325,4188769,0.128126
10000621,Hillsborough,0.0,1.288,1.288,11000,US-92 W / SR-600,1,2.511,0.2471,1.373,35682108,0.060814
10000795,Hillsborough,0.0,0.256,0.256,2400,BEGIN,0,0.202,0.8780,0.178,1547366,0.189566
10000637,Hillsborough,0.0,0.253,0.253,10500,W TYLER ST,0,0.512,0.6605,0.338,6690395,0.083411
10000756,Hillsborough,0.0,1.507,1.507,16900,GORNTO LAKE RD,0,3.848,0.1764,0.679,64141914,0.017477
10002005,Hillsborough,0.0,0.11,0.11,5700,EUCLID AVE,0,0.134,0.8813,0.118,1579100,0.123601
10000717,Hillsborough,0.0,0.506,0.506,5900,N BLVD,0,0.667,0.5527,0.369,7518730,0.080983
10000753,Hillsborough,0.0,0.529,0.529,37000,K B RANCH P/OAK P BL,0,2.209,0.2718,0.600,49294600,0.020109
10002010,Hillsborough,0.0,0.143,0.143,4600,CLEVELAND ST,0,0.146,0.8721,0.127,1656669,0.126905
10000720,Hillsborough,0.0,1.12,1.12,13800,N SAINT PETER AVE,0,2.518,0.2466,0.621,38925936,0.026343
10000757,Hillsborough,0.0,0.72,0.72,4100,WATERSET BLVD,0,0.755,0.5218,0.394,7434612,0.087551
10000734,Hillsborough,0.0,0.685,0.685,7100,CULBRETH RD,0,1.015,0.4483,0.455,12248725,0.061312
10000736,Hillsborough,0.0,0.42,0.42,8000,SR-60 / W BRANDON BL,0,0.678,0.5948,0.403,8462160,0.078707
10002011,Hillsborough,0.0,0.127,0.127,7800,PLATT ST,0,0.201,0.8322,0.167,2494826,0.110591
10000726,Hillsborough,0.0,0.26,0.26,2400,MONTEREY BLVD,0,0.195,0.8088,0.158,1571544,0.165629
10000733,Hillsborough,0.0,0.929,0.929,6700,CR-579/MORRIS B. RD,0,1.327,0.3832,0.508,15675900,0.053557
10002007,Hillsborough,0.0,0.095,0.095,4500,BAY TO BAY BLVD,0,0.095,0.9127,0.087,1076659,0.133312
10000769,Hillsborough,0.0,3.093,3.093,7100,S US HWY 301,0,4.581,0.1525,0.699,55307016,0.020858
10000715,Hillsborough,0.0,2.27,2.27,2300,SR-45/N NEBRASKA AVE,0,1.739,0.4557,0.792,13149088,0.099489
10000765,Hillsborough,0.0,0.35,0.35,7100,BOYETTE RD,0,0.518,0.6139,0.318,6258472,0.083969
10000641,Hillsborough,0.0,0.089,0.089,9000,NUCCIO PKWY,0,0.187,0.8861,0.166,2017318,0.135682
10000369,Hillsborough,0.0,0.164,0.164,6000,S ROME AVE,0,0.219,0.7904,0.173,2478204,0.115102
10000792,Hillsborough,0.0,0.772,0.772,2400,BEGIN,0,0.684,0.6795,0.465,4666277,0.164585
10000554,Hillsborough,0.0,0.372,0.372,1350,US-41,0,0.207,0.8751,0.181,1264791,0.236556
10000601,Hillsborough,0.0,1.061,1.061,26000,CITRUS PARK DR,4,4.890,0.2294,4.204,69475341,0.086359
10000727,Hillsborough,0.0,1.035,1.035,5200,SPANISH MAIN RESORT,0,1.450,0.5010,0.726,13554567,0.088477
10000788,Hillsborough,0.0,0.279,0.279,7100,US-301,0,0.413,0.6661,0.275,4988897,0.091104
10000749,Hillsborough,0.0,0.378,0.378,1650,DEAD END,0,0.226,0.8654,0.196,1570788,0.205972
10000729,Hillsborough,0.0,0.779,0.779,9100,CR-581/BRUCE B D BL,0,1.348,0.3794,0.512,17853395,0.047315
10000771,Hillsborough,0.0,0.469,0.469,9100,COUNTY LINE,0,0.812,0.5038,0.409,10748706,0.062832
10000773,Hillsborough,0.0,0.518,0.518,3300,N 40 ST,0,0.594,0.7095,0.422,4305124,0.161714
10000719,Hillsborough,0.0,0.186,0.186,200,S CLEARVIEW AVE,0,0.022,0.9850,0.022,93688,0.383261
10002009,Hillsborough,0.0,0.142,0.142,4300,SR-618 / SELMON EXPW,0,0.137,0.8790,0.121,1537796,0.129392
10000725,Hillsborough,0.0,1.508,1.508,2400,S WEST SHORE BLVD,0,1.192,0.5498,0.655,9114955,0.118711
10000785,Hillsborough,0.0,0.383,0.383,4100,GOLF AND SEA BLVD,0,0.524,0.7348,0.385,3954801,0.160692
10000603,Hillsborough,0.0,4.229,4.229,18000,RACE TRACK RD,6,14.846,0.0893,6.790,191713257,0.048065
10000751,Hillsborough,0.0,2.135,2.135,4300,PASEO DEL MAR,0,2.308,0.2632,0.607,23121089,0.043379
10002003,Hillsborough,0.0,0.23,0.23,6600,SR-600 WB/DALE MABRY,0,0.317,0.7587,0.240,3823083,0.103761
10000709,Hillsborough,0.0,0.604,0.604,2700,E 24 AVE,0,0.488,0.6284,0.306,4107170,0.123164
10000776,Hillsborough,0.0,0.509,0.509,2500,S LOIS AVE,0,0.391,0.6780,0.265,3204791,0.136757
10000728,Hillsborough,0.0,0.083,0.083,15700,S TAMPANIA AVE,0,0.263,0.8468,0.223,3281857,0.112196
10000704,Hillsborough,0.0,0.582,0.582,2200,I-275,0,0.431,0.7714,0.333,3224687,0.170373
10000371,Hillsborough,0.0,2.318,2.318,7100,BENJAMIN RD,1,4.088,0.2626,1.811,41448969,0.069023
10002006,Hillsborough,0.0,0.223,0.223,5500,SR-618 / SELMON EXPW,0,0.264,0.7904,0.209,3088940,0.111539
10000721,Hillsborough,0.0,0.54,0.54,2700,0.046 M E OF DUNMORE,0,0.436,0.6541,0.285,3671973,0.128213
10000625,Hillsborough,0.0,0.086,0.086,4900,TAMPA BAY BLVD (WB),0,0.101,0.8909,0.090,1061296,0.139891
10000752,Hillsborough,0.0,0.23,0.23,13600,PASEO AL MAR BLVD,0,0.656,0.6893,0.452,7877868,0.094799
10000738,Hillsborough,0.0,0.625,0.625,5700,0.167 OF PICNIC I B,0,0.807,0.5055,0.408,8972156,0.075024
10000713,Hillsborough,0.0,1.522,1.522,13800,US-41/SR-45/N NEBRAS,0,3.422,0.1941,0.664,52897567,0.020736
10000012,Hillsborough,0.0,2.99,2.99,1500,N FRONTAGE RD,0,1.669,0.3307,0.552,11295472,0.080659
10000001,Hillsborough,0.0,3.0,3.0,4300,SR-674 / SUN CITY CE,5,3.243,0.2027,4.644,32488650,0.198662
10000015,Hillsborough,0.0,0.493,0.493,6600,S WIGGINS RD,0,0.698,0.5417,0.378,8194695,0.076129
10000008,Hillsborough,0.0,1.736,1.736,11400,THONOTOSASSA RD,2,3.462,0.1923,2.281,49842122,0.069588
10000003,Hillsborough,0.0,1.939,1.939,500,GULF CITY RD,1,0.543,0.6029,0.724,2441686,0.468735
10900007,Hillsborough,0.0,1.711,1.711,2400,W PLATT ST,1,1.283,0.3912,1.111,10341968,0.169661
10740000,Hillsborough,0.0,1.0,1.0,7800,SR-39/COLLINS ST,0,1.571,0.3441,0.541,19644300,0.045447
10740000,Hillsborough,1.0,3.323,2.323,7800,N/A,2,3.650,0.1842,2.304,45633709,0.076768
10720000,Hillsborough,0.0,1.575,1.575,28000,BMP BR 104143/104144,7,10.196,0.1246,7.398,111065850,0.088480
10810000,Hillsborough,0.0,0.984,0.984,4000,NICHOLS RD,0,1.017,0.4478,0.455,9912816,0.075826
10760000,Hillsborough,0.0,4.437,4.437,19000,CR-582 / GUM HWY,6,16.212,0.0824,6.841,212317106,0.043730
10900004,Hillsborough,0.0,0.753,0.753,1650,N/A,0,0.446,0.6488,0.289,3129110,0.152758
10820000,Hillsborough,0.0,1.561,1.561,19200,SR-580 / HILLSBOROUG,2,5.748,0.2021,2.757,75482467,0.055543
10710000,Hillsborough,0.0,1.753,1.753,11400,.129M E OF RIVERNOOK,1,3.495,0.1908,1.476,50330208,0.046339
10760500,Hillsborough,0.0,1.959,1.959,12800,N US-41,1,4.201,0.1640,1.525,63151891,0.038154
10900001,Hillsborough,0.0,0.701,0.701,2250,17 AVE,3,0.505,0.6203,1.452,3972304,0.537482
10700000,Hillsborough,0.0,4.522,4.522,15300,PINELLAS COUNTY LINE,3,14.076,0.0937,4.038,174246452,0.034071
10740500,Hillsborough,0.0,3.419,3.419,1330,POLK COUNTY LINE RD,0,1.769,0.3178,0.562,11452299,0.081079
10821500,Hillsborough,0.0,0.452,0.452,3000,W FLETCHER AVE,0,0.421,0.7755,0.327,3415086,0.158003
10900029,Hillsborough,0.0,0.381,0.381,4500,EXECUTIVE DR,0,0.424,0.6604,0.280,4317968,0.107040
10900005,Hillsborough,0.0,1.711,1.711,12700,BAYSHORE BLVD,0,4.640,0.2388,1.108,54726249,0.033431
10740001,Hillsborough,0.0,0.809,0.809,27000,CORONET,2,5.085,0.2220,2.685,55011596,0.074213
10730000,Hillsborough,0.0,10.774,10.774,1600,SR-674,4,6.308,0.1875,4.433,43414910,0.145715
14000026,Pasco,0.92,1.791,0.871,3400,ATLANTIC AVE,1,0.692,0.5898,0.819,7458286,0.173389
14000001,Pasco,0.0,3.575,3.575,500,BELLAMY BROTHERS BLV,0,1.001,0.4516,0.452,4501819,0.165809
14000034,Pasco,0.0,0.789,0.789,5500,US301/SR39/GALL BLVD,2,1.369,0.5147,1.675,10929031,0.233037
14000034,Pasco,0.789,1.107,0.318,4000,SR-54/5 AVE,0,0.329,0.7150,0.235,3203532,0.121080
14000034,Pasco,1.107,1.27,0.163,1600,A AVE,0,0.104,0.9331,0.097,656825,0.244171
14000015,Pasco,0.274,2.092,1.818,11000,N/A,0,3.545,0.1887,0.669,50364963,0.021927
14000024,Pasco,0.0,4.075,4.075,1600,CR-587/RIDGE RD,0,2.368,0.2582,0.612,16420620,0.061490
14000005,Pasco,0.0,2.756,2.756,1050,CR-577/CURLEY RD,1,1.230,0.4014,1.092,7288035,0.236750
14000008,Pasco,0.0,1.022,1.022,8000,E COUNTY LINE RD,1,1.632,0.3357,1.212,20591256,0.092992
14000023,Pasco,0.0,0.325,0.325,1800,US-19/SR-55,1,0.203,0.8021,0.361,1473322,0.387141
14000023,Pasco,1.426,2.217,0.791,8100,MARICOPA AVE,1,1.877,0.4361,1.382,16136281,0.135346
14000023,Pasco,2.217,2.848,0.631,1900,CR-1/LITTLE RD,0,0.409,0.6687,0.273,3019430,0.149372
14000032,Pasco,0.0,1.235,1.235,5000,MASSACHUSETTS AVE,1,1.468,0.3596,1.168,15551738,0.118681
14000032,Pasco,1.235,1.273,0.038,2750,N/A,0,0.031,0.9637,0.030,263183,0.187612
14000039,Pasco,1.185,1.388,0.203,8000,BANJO LAKE RD,0,0.324,0.7178,0.233,4090044,0.093913
14000003,Pasco,0.0,1.004,1.004,8700,CR-54,0,1.690,0.3279,0.554,21998594,0.041585
14000012,Pasco,0.0,5.808,5.808,14900,OLD PASCO RD,3,13.701,0.0568,3.607,217948975,0.024334
14000036,Pasco,0.0,0.133,0.133,3700,MERIDIAN AVE,0,0.145,0.9095,0.132,1239354,0.175476
14000036,Pasco,0.133,0.793,0.66,2000,CARTER AVE,0,0.441,0.6513,0.287,3324420,0.142754
14000019,Pasco,0.0,0.925,0.925,3900,GRAND BLVD,1,0.941,0.4671,0.972,9085489,0.169066
14000019,Pasco,0.925,1.985,1.06,5100,BROOKSIDE LN,1,1.276,0.3926,1.108,13615011,0.128594
14000040,Pasco,0.0,0.317,0.317,2600,COURT ST,0,0.250,0.7674,0.192,2075748,0.152540
14000040,Pasco,0.317,1.283,0.966,950,ORANGE BLOSSOM DR,0,0.405,0.6707,0.271,2311227,0.193927
14000022,Pasco,1.215,1.312,0.097,9400,NORTH AVE,0,0.211,0.8736,0.184,2296368,0.132266
14000022,Pasco,1.312,1.351,0.039,9400,N/A,0,0.085,0.9450,0.080,923282,0.143077
14000006,Pasco,0.0,0.186,0.186,1800,SCENIC DR,0,0.116,0.8763,0.102,843194,0.199732
14000011,Pasco,0.0,0.977,0.977,2100,CR-578/SAINT JOE RD,3,0.674,0.5503,1.720,5167206,0.489287
14000014,Pasco,0.0,1.28,1.28,2050,LYNBROOK DR,0,0.869,0.4868,0.423,6608544,0.105709
14000037,Pasco,1.472,1.551,0.079,6000,CITADEL CIR,0,0.123,0.9221,0.113,1193769,0.156886
14000037,Pasco,1.551,1.763,0.212,6700,HILLCREST DR,0,0.358,0.8025,0.287,3577277,0.132682
