GEOID20,county,TotPop,AutoOwn0,A_drive,no_transit,A_transit,transit_share
120174501011,Citrus,2007,12,1943,True,0.0,0.0
120174501012,Citrus,656,0,2558,True,0.0,0.0
120174501013,Citrus,2294,14,3413,True,0.0,0.0
120174501014,Citrus,1789,229,5205,True,0.0,0.0
120174501021,Citrus,1074,32,2591,True,0.0,0.0
120174501022,Citrus,1040,16,3084,True,0.0,0.0
120174501023,Citrus,752,11,2474,True,0.0,0.0
120174501024,Citrus,1063,16,2346,True,0.0,0.0
120174502011,Citrus,1456,23,4308,False,410.0,0.08690122933446376
120174502012,Citrus,1867,51,4307,False,676.0,0.1356612482440297
120174502013,Citrus,786,24,5073,False,497.0,0.08922800718132855
120174502021,Citrus,1802,57,4947,False,432.0,0.08031232571109871
120174502022,Citrus,1026,47,4236,False,597.0,0.12352576039726877
120174502023,Citrus,1151,16,4807,False,576.0,0.10700352963031767
120174502024,Citrus,1293,17,4037,False,613.0,0.13182795698924732
120174503021,Citrus,3333,53,3643,True,0.0,0.0
120174503022,Citrus,3254,25,3025,True,0.0,0.0
120174503023,Citrus,1834,54,4408,True,0.0,0.0
120174503031,Citrus,1683,197,4055,True,0.0,0.0
120174503032,Citrus,1216,115,4300,True,0.0,0.0
120174503033,Citrus,1813,66,6213,True,0.0,0.0
120174503034,Citrus,1390,86,3469,True,0.0,0.0
120174503041,Citrus,3243,39,3540,True,0.0,0.0
120174503042,Citrus,1082,0,2424,True,0.0,0.0
120174503043,Citrus,5544,34,4211,False,758.0,0.1525457838599316
120174504001,Citrus,1468,0,1877,True,0.0,0.0
120174504002,Citrus,1424,0,2581,True,0.0,0.0
120174504003,Citrus,862,0,3506,True,0.0,0.0
120174504004,Citrus,577,0,1904,True,0.0,0.0
120174504005,Citrus,1799,49,2857,True,0.0,0.0
120174505001,Citrus,1598,37,1636,True,0.0,0.0
120174505002,Citrus,1417,0,3216,True,0.0,0.0
120174505003,Citrus,594,43,3791,False,231.0,0.05743411238189955
120174505004,Citrus,953,0,2271,True,0.0,0.0
120174506011,Citrus,1245,21,3780,True,0.0,0.0
120174506012,Citrus,2750,137,3045,True,0.0,0.0
120174506013,Citrus,843,0,2444,True,0.0,0.0
120174506021,Citrus,892,40,3348,True,0.0,0.0
120174506022,Citrus,1294,12,4259,True,0.0,0.0
120174506023,Citrus,1030,0,5476,True,0.0,0.0
120174506024,Citrus,1431,56,5480,True,0.0,0.0
120174507011,Citrus,3091,32,5086,True,0.0,0.0
120174507012,Citrus,3966,55,4830,True,0.0,0.0
120174507021,Citrus,3014,17,4388,True,0.0,0.0
120174507022,Citrus,1147,69,5288,False,3807.0,0.4185816382627818
120174507023,Citrus,2681,94,5368,True,0.0,0.0
120174507024,Citrus,1417,77,5167,True,0.0,0.0
120174508001,Citrus,865,0,2210,True,0.0,0.0
120174508002,Citrus,614,0,2726,True,0.0,0.0
120174508003,Citrus,692,47,4192,True,0.0,0.0
120174508004,Citrus,2165,43,4889,True,0.0,0.0
120174509011,Citrus,1971,24,1638,True,0.0,0.0
120174509012,Citrus,1129,9,3032,True,0.0,0.0
120174509021,Citrus,1242,233,5306,True,0.0,0.0
120174509022,Citrus,1310,91,4216,True,0.0,0.0
120174510001,Citrus,1114,0,2461,True,0.0,0.0
120174510002,Citrus,1433,83,5461,False,2878.0,0.34512531478594555
120174510003,Citrus,1146,0,2217,True,0.0,0.0
120174510004,Citrus,1399,0,2991,True,0.0,0.0
120174510005,Citrus,906,48,5539,False,773.0,0.12246514575411914
120174511011,Citrus,2278,27,5217,True,0.0,0.0
120174511021,Citrus,1684,162,1957,True,0.0,0.0
120174511022,Citrus,1976,13,4598,True,0.0,0.0
120174511023,Citrus,2342,36,4439,True,0.0,0.0
120174512001,Citrus,1556,47,1069,True,0.0,0.0
120174512002,Citrus,1323,32,2248,True,0.0,0.0
120174512003,Citrus,1205,8,3108,False,1721.0,0.3563884862290329
120174513001,Citrus,2509,44,1516,True,0.0,0.0
120174513002,Citrus,760,17,2518,True,0.0,0.0
120174514001,Citrus,3007,116,1807,True,0.0,0.0
120174514002,Citrus,1336,23,6050,False,3300.0,0.35294117647058826
120174514003,Citrus,1336,0,3802,True,0.0,0.0
120174515011,Citrus,1180,21,5258,True,0.0,0.0
120174515012,Citrus,1826,32,4194,True,0.0,0.0
120174515021,Citrus,1368,26,4200,True,0.0,0.0
120174515022,Citrus,2760,109,4764,True,0.0,0.0
120174515023,Citrus,2687,119,4082,True,0.0,0.0
120174516011,Citrus,3983,32,5504,True,0.0,0.0
120174516012,Citrus,1730,60,3259,True,0.0,0.0
120174516021,Citrus,2363,0,3883,True,0.0,0.0
120174516022,Citrus,1235,8,4257,True,0.0,0.0
120174516023,Citrus,1512,32,4415,True,0.0,0.0
120174516024,Citrus,1346,16,4232,True,0.0,0.0
120174517001,Citrus,1065,80,2575,True,0.0,0.0
120174517002,Citrus,669,13,2159,True,0.0,0.0
120174517003,Citrus,642,0,2608,True,0.0,0.0
120174517004,Citrus,1482,29,1938,True,0.0,0.0
120530401011,Hernando,2741,12,659,True,0.0,0.0
120530401012,Hernando,1774,18,3330,True,0.0,0.0
120530401013,Hernando,802,9,1486,True,0.0,0.0
120530401021,Hernando,925,15,3908,True,0.0,0.0
120530401022,Hernando,1165,24,3021,True,0.0,0.0
120530402011,Hernando,1472,7,3406,True,0.0,0.0
120530402012,Hernando,1270,17,2257,True,0.0,0.0
120530402021,Hernando,1954,12,4555,True,0.0,0.0
120530402022,Hernando,881,18,5384,True,0.0,0.0
120530402023,Hernando,3107,0,3707,True,0.0,0.0
120530403011,Hernando,1623,32,3226,True,0.0,0.0
120530403021,Hernando,1593,36,7799,True,0.0,0.0
120530403022,Hernando,1280,14,2787,True,0.0,0.0
120530403023,Hernando,1245,55,4130,True,0.0,0.0
120530403031,Hernando,1558,0,4323,True,0.0,0.0
120530403032,Hernando,1153,94,3626,True,0.0,0.0
120530404001,Hernando,969,11,7595,False,1772.0,0.18917476246396925
120530404002,Hernando,1171,20,7719,True,0.0,0.0
120530404003,Hernando,286,17,8573,True,0.0,0.0
120530404004,Hernando,317,8,9984,False,1505.0,0.1309948646531465
120530405011,Hernando,938,19,6243,True,0.0,0.0
120530405012,Hernando,1596,48,10644,False,1191.0,0.10063371356147022
120530405013,Hernando,1341,148,9840,False,2004.0,0.1691995947315096
120530405021,Hernando,1290,69,9664,True,0.0,0.0
120530405022,Hernando,2102,52,8535,False,4627.0,0.35154231879653547
120530406011,Hernando,913,8,3832,True,0.0,0.0
120530406012,Hernando,1657,47,6454,True,0.0,0.0
120530406021,Hernando,766,11,6634,True,0.0,0.0
120530406022,Hernando,2160,18,3701,True,0.0,0.0
120530407011,Hernando,2923,0,4170,True,0.0,0.0
120530407012,Hernando,3261,0,6640,True,0.0,0.0
120530407021,Hernando,2062,69,4747,True,0.0,0.0
120530407022,Hernando,2577,6,8933,True,0.0,0.0
120530408011,Hernando,1546,44,9937,True,0.0,0.0
120530408012,Hernando,1118,31,10007,False,1746.0,0.14855781502595083
120530408013,Hernando,1040,42,9991,True,0.0,0.0
120530408021,Hernando,2867,0,8947,True,0.0,0.0
120530408022,Hernando,1682,30,12371,True,0.0,0.0
120530409011,Hernando,2728,134,14307,False,882.0,0.05806833892948845
120530409012,Hernando,1973,0,12563,False,430.0,0.033094743323327944
120530409013,Hernando,955,0,14236,False,44.0,0.0030812324929971988
120530409051,Hernando,2971,82,13491,True,0.0,0.0
120530409052,Hernando,1717,0,12877,True,0.0,0.0
120530409053,Hernando,1353,0,15276,False,160.0,0.010365379632029024
120530409061,Hernando,1400,39,16193,False,393.0,0.0236946822621488
120530409062,Hernando,1614,56,15975,False,530.0,0.03211148136928203
120530409063,Hernando,3789,17,15659,True,0.0,0.0
120530409071,Hernando,1514,0,12196,False,181.0,0.014623899167811262
120530409072,Hernando,1298,0,16222,False,108.0,0.0066135946111451314
120530409081,Hernando,4168,33,10683,True,0.0,0.0
120530409082,Hernando,3189,0,16981,False,340.0,0.019629351654061544
120530409091,Hernando,2764,97,14499,True,0.0,0.0
120530409092,Hernando,2005,28,13354,True,0.0,0.0
120530409101,Hernando,2640,67,10773,True,0.0,0.0
120530409102,Hernando,1194,12,4794,True,0.0,0.0
120530409111,Hernando,2417,14,16044,False,2054.0,0.11349320366891369
120530409112,Hernando,3009,47,13378,True,0.0,0.0
120530410031,Hernando,1384,9,14620,False,3680.0,0.2010928961748634
120530410032,Hernando,1742,113,10294,True,0.0,0.0
120530410041,Hernando,2588,20,13932,False,2185.0,0.13557113606750637
120530410042,Hernando,2575,87,12826,True,0.0,0.0
120530410043,Hernando,1647,28,12042,False,3244.0,0.21222033233023682
120530410051,Hernando,1349,35,13920,False,2055.0,0.12863849765258217
120530410052,Hernando,1134,8,14160,False,2103.0,0.12931193506733074
120530410061,Hernando,2818,15,13184,True,0.0,0.0
120530410062,Hernando,2385,15,13276,False,5347.0,0.2871180797938034
120530410063,Hernando,2555,42,15087,False,2114.0,0.12289983140515086
120530411031,Hernando,2255,53,11903,False,1107.0,0.08508839354342813
120530411032,Hernando,2313,70,12281,False,2761.0,0.18355271905331738
120530411041,Hernando,1225,30,12784,False,2319.0,0.15354565318148714
120530411042,Hernando,1742,6,12386,False,673.0,0.05153533961252776
120530411051,Hernando,1566,87,14324,False,2690.0,0.15810508992594335
120530411052,Hernando,1463,57,11309,False,2990.0,0.2091055318553745
120530411053,Hernando,1843,20,13270,False,182.0,0.01352958667856081
120530411061,Hernando,1923,18,13181,False,3471.0,0.20844343021859235
120530411062,Hernando,2515,11,14004,False,2864.0,0.16978894949015888
120530412011,Hernando,1257,0,12427,True,0.0,0.0
120530412012,Hernando,1426,0,11335,True,0.0,0.0
120530412013,Hernando,1596,56,12628,False,1773.0,0.12311645024651066
120530412031,Hernando,1671,21,10644,False,2690.0,0.2017399130043498
120530412032,Hernando,2513,30,11045,False,2964.0,0.21157827111142838
120530412041,Hernando,1759,25,8928,False,4174.0,0.3185773164402381
120530412042,Hernando,653,25,9566,True,0.0,0.0
120530412043,Hernando,862,48,10042,True,0.0,0.0
120530413021,Hernando,1581,0,11212,False,2143.0,0.16046424560089853
120530413022,Hernando,1842,45,11511,False,2425.0,0.1740097588978186
120530413031,Hernando,715,0,8973,True,0.0,0.0
120530413032,Hernando,1017,0,10390,True,0.0,0.0
120530413033,Hernando,632,27,9940,True,0.0,0.0
120530413041,Hernando,1823,115,9260,True,0.0,0.0
120530413051,Hernando,747,0,8150,True,0.0,0.0
120530413052,Hernando,598,40,9046,True,0.0,0.0
120530414011,Hernando,1450,48,11945,False,1982.0,0.14231349177855962
120530414012,Hernando,1742,13,13235,False,2331.0,0.14974945393807015
120530414013,Hernando,2157,21,9150,True,0.0,0.0
120530414021,Hernando,987,15,10872,True,0.0,0.0
120530414022,Hernando,1995,0,12159,True,0.0,0.0
120530414023,Hernando,696,0,10631,True,0.0,0.0
120530414024,Hernando,1819,0,13076,False,463.0,0.03419750350838319
120530415011,Hernando,1947,31,8098,True,0.0,0.0
120530415012,Hernando,1385,0,5960,True,0.0,0.0
120530415021,Hernando,1405,26,9064,False,3132.0,0.2568055100032798
120530415022,Hernando,2130,34,8584,True,0.0,0.0
120530416001,Hernando,1913,58,5475,True,0.0,0.0
120530416002,Hernando,1761,14,7996,True,0.0,0.0
120530416003,Hernando,1772,0,6912,True,0.0,0.0
120570001011,Hillsborough,2740,117,85354,True,0.0,0.0
120570001012,Hillsborough,1355,42,86587,True,0.0,0.0
120570001021,Hillsborough,773,104,90733,False,160505.0,0.6388563831904409
120570001022,Hillsborough,1553,36,91780,False,160014.0,0.6354956829789431
120570001023,Hillsborough,1057,273,94596,False,123422.0,0.566109220339605
120570001024,Hillsborough,2571,234,92620,False,141811.0,0.604915732134402
120570002011,Hillsborough,2178,294,104560,False,42935.0,0.29109461337672465
120570002012,Hillsborough,1631,114,108390,False,80888.0,0.4273502467270364
120570002021,Hillsborough,1654,12,98027,False,155085.0,0.6127129492082556
120570002022,Hillsborough,2133,167,93079,False,125457.0,0.5740793278910569
120570002023,Hillsborough,2072,99,88001,False,140917.0,0.6155785040931687
120570003001,Hillsborough,1281,152,107651,False,158505.0,0.5955341979891492
120570003002,Hillsborough,792,12,104635,False,159612.0,0.6040257789113973
120570003003,Hillsborough,2035,38,100549,False,158613.0,0.6120225959052639
120570003004,Hillsborough,2062,194,117643,False,158455.0,0.5739085397214033
120570003005,Hillsborough,776,128,109196,False,159593.0,0.5937482560670265
120570003006,Hillsborough,1293,26,99676,False,158377.0,0.6137382630699895
120570004011,Hillsborough,818,44,103401,False,125687.0,0.5486406970247242
120570004012,Hillsborough,863,56,100318,False,73946.0,0.4243331956112565
120570004013,Hillsborough,1020,35,110490,False,62726.0,0.36212590060964345
120570004021,Hillsborough,1477,50,115393,False,160322.0,0.5814772500589377
120570004022,Hillsborough,629,0,118633,False,160192.0,0.5745252398457814
120570004023,Hillsborough,856,35,118606,False,160153.0,0.5745213607453032
120570005001,Hillsborough,880,11,93319,True,0.0,0.0
120570005002,Hillsborough,715,20,100968,False,117411.0,0.5376478507548803
120570005003,Hillsborough,1060,0,117232,False,195027.0,0.624568066893188
120570005004,Hillsborough,1268,21,110393,False,126416.0,0.5338310621640224
120570006011,Hillsborough,1058,38,122688,False,135720.0,0.5252159375870716
120570006012,Hillsborough,2129,70,125849,False,143875.0,0.5334156396909433
120570006013,Hillsborough,2248,10,125851,False,44097.0,0.25947348600748465
120570006021,Hillsborough,1838,35,135460,False,164230.0,0.5479995995862391
120570006022,Hillsborough,862,33,133745,False,164245.0,0.5511762139669116
120570007001,Hillsborough,2436,245,118888,False,159666.0,0.5731958614846673
120570007002,Hillsborough,1355,83,124444,False,159469.0,0.5616826281290396
120570007003,Hillsborough,1189,67,119932,False,82971.0,0.40891953297881256
120570007004,Hillsborough,1346,88,116078,False,76403.0,0.3969378795829199
120570008001,Hillsborough,2101,74,102667,False,159724.0,0.6087251468228713
120570008002,Hillsborough,1452,77,90841,False,131333.0,0.5911267745100687
120570009011,Hillsborough,785,87,98720,False,159951.0,0.6183569089693085
120570009012,Hillsborough,980,86,94475,False,159589.0,0.6281448768814157
120570009013,Hillsborough,1026,6,92568,False,152415.0,0.6221452100758011
120570009021,Hillsborough,2684,206,97606,False,204489.0,0.6769029609890929
120570009022,Hillsborough,556,76,103326,False,141834.0,0.5785364659813999
120570009023,Hillsborough,1250,196,93459,False,152407.0,0.6198783076960621
120570010011,Hillsborough,2102,150,104498,False,105790.0,0.5030719774785056
120570010012,Hillsborough,2380,176,124280,False,174356.0,0.5838411979801498
120570010021,Hillsborough,1450,64,101080,False,146978.0,0.5925146538309589
120570010022,Hillsborough,1047,45,106914,False,174418.0,0.6199721325693487
120570010023,Hillsborough,755,54,108790,False,174199.0,0.6155680962864281
120570010024,Hillsborough,1965,220,109302,False,174281.0,0.6145678690189469
120570011001,Hillsborough,643,5,134596,False,60817.0,0.3112228971460445
120570011002,Hillsborough,858,12,131801,False,69757.0,0.34608896694747915
120570011003,Hillsborough,1097,11,114557,False,55653.0,0.3269666882086834
120570012001,Hillsborough,392,0,141075,False,140556.0,0.49907858154819607
120570012002,Hillsborough,1329,118,142004,False,108366.0,0.4328234213364221
120570012003,Hillsborough,817,78,131297,False,78484.0,0.37412349068790784
120570013001,Hillsborough,1799,504,130772,False,127510.0,0.49368519680039646
120570013002,Hillsborough,1039,40,132624,False,127382.0,0.48991946339699854
120570013003,Hillsborough,1036,0,139424,False,99234.0,0.41580001508434666
120570013004,Hillsborough,1057,19,129129,False,130187.0,0.5020399821067733
120570013005,Hillsborough,1330,0,134324,False,95608.0,0.41580989162013116
120570014001,Hillsborough,1959,45,129497,False,95572.0,0.4246342232826378
120570014002,Hillsborough,1102,8,137289,False,123137.0,0.47282913380384445
120570014003,Hillsborough,1103,42,144874,False,154970.0,0.5168354210856312
120570014004,Hillsborough,624,7,142292,False,155125.0,0.52157408621565
120570015001,Hillsborough,837,0,134087,False,140584.0,0.5118268765177248
120570015002,Hillsborough,686,6,143027,False,108672.0,0.43175380116726725
120570015003,Hillsborough,1063,10,140990,False,81859.0,0.36732944729390754
120570016001,Hillsborough,531,33,143742,False,112386.0,0.4387884182908546
120570016002,Hillsborough,743,10,143834,False,108922.0,0.4309373466900885
120570016003,Hillsborough,390,6,144824,False,117838.0,0.44862979799133484
120570017001,Hillsborough,1061,13,124242,False,122251.0,0.4959613457582974
120570017002,Hillsborough,831,8,126027,False,73130.0,0.3671977384676411
120570017003,Hillsborough,861,9,122413,False,174263.0,0.5873848912618479
120570017004,Hillsborough,1042,79,124263,False,132453.0,0.5159514794558968
120570017005,Hillsborough,435,18,129049,False,130968.0,0.5036901433367819
120570018001,Hillsborough,654,36,117314,False,174441.0,0.597902349574129
120570018002,Hillsborough,1710,233,105692,False,174208.0,0.6223937120400143
120570018003,Hillsborough,778,10,116502,False,174211.0,0.5992542473160815
120570018004,Hillsborough,919,38,122737,False,173996.0,0.5863722605844311
120570018005,Hillsborough,532,86,126165,False,170356.0,0.5745158015789775
120570019001,Hillsborough,808,17,117252,False,174563.0,0.5981974881346058
120570019002,Hillsborough,1649,139,123221,False,92915.0,0.42989136469630235
120570019003,Hillsborough,1088,33,133519,False,170513.0,0.560838990632565
120570020001,Hillsborough,1079,42,128635,False,174226.0,0.5752672017856376
120570020002,Hillsborough,981,45,129800,False,115657.0,0.4711904732804524
120570020003,Hillsborough,1246,43,133956,False,114979.0,0.46188362423925927
120570021001,Hillsborough,712,0,133474,False,174166.0,0.566135743076323
120570021002,Hillsborough,871,28,139625,False,122359.0,0.46704760596066935
120570021003,Hillsborough,1573,110,143665,False,161462.0,0.5291632664431531
120570022001,Hillsborough,727,35,143551,False,117439.0,0.4499750948312196
120570022002,Hillsborough,571,23,143665,False,118316.0,0.45162053736721364
120570022003,Hillsborough,583,26,160162,False,162683.0,0.5039043503848596
120570023001,Hillsborough,1441,22,134982,False,104791.0,0.4370425360653618
120570023002,Hillsborough,696,24,144085,False,163536.0,0.5316152018230225
120570023003,Hillsborough,1327,26,143438,False,145610.0,0.5037571614403145
120570024001,Hillsborough,459,18,138657,False,155533.0,0.5286821441925287
120570024002,Hillsborough,1340,38,149990,False,154130.0,0.5068065237406287
120570024003,Hillsborough,1507,147,141696,False,95557.0,0.40276413786127047
120570024004,Hillsborough,520,9,159042,False,184713.0,0.5373390932495528
120570025001,Hillsborough,1881,137,138428,False,134752.0,0.4932718354198697
120570025002,Hillsborough,1485,35,155017,False,64780.0,0.2947264976319058
120570025003,Hillsborough,1610,110,126443,False,175321.0,0.5809871290147267
120570025004,Hillsborough,1659,105,158796,False,151054.0,0.4875068581571728
120570026001,Hillsborough,541,63,141573,False,106921.0,0.4302759825186926
120570026002,Hillsborough,600,43,132936,False,73653.0,0.3565194661864862
120570027001,Hillsborough,1467,165,162824,False,184604.0,0.5313446239220788
120570027002,Hillsborough,1364,99,160308,False,127933.0,0.44384039744519344
120570027003,Hillsborough,1187,73,155071,False,85198.0,0.3545942256387632
120570027004,Hillsborough,1147,29,155750,False,84821.0,0.3525819820344098
120570027005,Hillsborough,1808,100,157008,False,62687.0,0.2853364892236965
120570028001,Hillsborough,620,10,143850,False,135909.0,0.4858074271069027
120570028002,Hillsborough,1014,0,142208,False,80129.0,0.3603943563149633
120570028003,Hillsborough,684,11,148017,False,83993.0,0.3620231886556614
120570028004,Hillsborough,999,0,157397,False,115818.0,0.42390791135186573
120570029001,Hillsborough,712,46,146312,False,139341.0,0.48779813269946404
120570029002,Hillsborough,1024,44,149959,False,110451.0,0.42414269805307014
120570029003,Hillsborough,537,34,151311,False,161885.0,0.5168808030753905
120570030001,Hillsborough,742,19,141941,False,101904.0,0.4179048165843056
120570030002,Hillsborough,1235,163,155513,False,163065.0,0.5118526703036619
120570030003,Hillsborough,670,38,155327,False,138514.0,0.47139099036553783
120570031001,Hillsborough,802,45,142665,False,121785.0,0.4605218377765173
120570031002,Hillsborough,730,17,142168,False,108748.0,0.43340400771572957
120570031003,Hillsborough,599,34,136871,False,92275.0,0.402690860848542
120570031004,Hillsborough,606,142,144894,False,102024.0,0.41318980390251014
120570032001,Hillsborough,1285,113,146290,False,136187.0,0.48211712812016555
120570032002,Hillsborough,736,117,151389,False,174087.0,0.53486893042805
120570032003,Hillsborough,712,9,151472,False,132698.0,0.46696695639933844
120570033001,Hillsborough,760,50,145702,False,166792.0,0.5337446478972396
120570033002,Hillsborough,886,179,153397,False,165472.0,0.5189341077370331
120570033003,Hillsborough,270,27,161303,False,166805.0,0.5083844343935533
120570034001,Hillsborough,863,63,141308,False,170607.0,0.5469663209528237
120570034002,Hillsborough,636,121,122441,False,170727.0,0.5823520984554931
120570034003,Hillsborough,1315,123,135272,False,170887.0,0.5581642218585767
120570035001,Hillsborough,732,16,158777,False,165567.0,0.5104672816515798
120570035002,Hillsborough,334,46,155416,False,165783.0,0.5161379705416268
120570035003,Hillsborough,718,128,141929,False,165558.0,0.5384227625883371
120570035004,Hillsborough,630,7,139462,False,170715.0,0.5503792995612182
120570036001,Hillsborough,1100,25,140909,False,168044.0,0.5439144465339388
120570036002,Hillsborough,1461,55,137275,False,173586.0,0.5584039168631639
120570036003,Hillsborough,1545,60,143221,False,168981.0,0.5412553410932666
120570036004,Hillsborough,776,26,149385,False,162903.0,0.5216434829388257
120570037001,Hillsborough,580,40,130351,True,0.0,0.0
120570037002,Hillsborough,251,12,129886,False,236067.0,0.645074640732553
120570038001,Hillsborough,468,67,160951,False,242937.0,0.6014959592758389
120570038002,Hillsborough,609,57,144677,False,241879.0,0.6257282256645867
120570039001,Hillsborough,1353,100,152332,False,242604.0,0.6142868717969494
120570039002,Hillsborough,889,278,158137,False,131270.0,0.4535826707716123
120570040001,Hillsborough,773,156,161533,False,168573.0,0.5106632415042441
120570041001,Hillsborough,536,74,166061,False,181229.0,0.5218376572892971
120570041002,Hillsborough,1028,193,169385,False,190801.0,0.5297290844174954
120570042001,Hillsborough,740,10,168370,False,161099.0,0.48896557794511775
120570042002,Hillsborough,480,70,167159,False,159143.0,0.4877169002948189
120570043001,Hillsborough,565,121,146975,False,69307.0,0.32044737888497427
120570043002,Hillsborough,408,60,169939,False,98501.0,0.36693860825510355
120570043003,Hillsborough,835,163,158972,False,74909.0,0.3202868125243179
120570044001,Hillsborough,580,67,184210,False,89970.0,0.32814209643300024
120570044002,Hillsborough,747,44,172169,False,98150.0,0.36308953495684726
120570044003,Hillsborough,763,13,169614,False,55422.0,0.24628059510478323
120570045001,Hillsborough,997,17,157891,False,78028.0,0.3307406355571192
120570045002,Hillsborough,574,49,177748,False,68292.0,0.27756462363843276
120570045003,Hillsborough,685,8,169877,False,78193.0,0.31520538557665173
120570045004,Hillsborough,999,53,162845,False,90569.0,0.35739540830419786
120570045005,Hillsborough,529,41,185298,False,90351.0,0.3277755406331966
120570046001,Hillsborough,845,37,158231,False,75066.0,0.32176153143846686
120570046002,Hillsborough,3390,13,165157,False,87900.0,0.34735257274052883
120570046003,Hillsborough,668,48,157237,False,78253.0,0.3322986114060045
120570047001,Hillsborough,334,26,173848,False,147529.0,0.45905276357673386
120570047002,Hillsborough,592,21,166022,False,42576.0,0.20410550436725183
120570047003,Hillsborough,751,0,165994,False,128537.0,0.43641246592039545
120570047004,Hillsborough,842,0,172511,False,144198.0,0.4553012386765138
120570048001,Hillsborough,659,87,169139,False,128727.0,0.4321641274935709
120570048002,Hillsborough,549,17,171899,False,140826.0,0.4503189703413542
120570048003,Hillsborough,744,22,171366,False,131801.0,0.43474718554460084
120570048004,Hillsborough,659,36,161306,False,132568.0,0.4511048952952626
120570048005,Hillsborough,838,35,168971,False,132220.0,0.43899054088601586
120570048006,Hillsborough,608,42,164751,False,133899.0,0.4483475640381718
120570049001,Hillsborough,849,66,171553,False,131040.0,0.43305694447657417
120570049002,Hillsborough,371,43,175830,False,139928.0,0.44314950056688984
120570049003,Hillsborough,512,41,163020,False,143665.0,0.4684448212335132
120570049004,Hillsborough,1458,13,153471,False,140804.0,0.4784776144762552
120570049005,Hillsborough,1512,74,162864,False,147983.0,0.4760637870077562
120570050001,Hillsborough,1565,131,173248,False,132181.0,0.43277160976855505
120570050002,Hillsborough,964,123,168704,False,98301.0,0.3681616449130166
120570050003,Hillsborough,3702,98,142969,False,150999.0,0.5136579491645349
120570051011,Hillsborough,1532,278,140734,False,152626.0,0.5202686119443687
120570051021,Hillsborough,1888,38,118205,False,88671.0,0.42861907616156536
120570051022,Hillsborough,1936,109,121086,False,113630.0,0.4841169754085789
120570053011,Hillsborough,767,24,136931,False,110237.0,0.44600029129984464
120570053012,Hillsborough,1196,7,146220,False,106061.0,0.42040819562313453
120570053013,Hillsborough,1425,0,136851,False,111083.0,0.4480345575838731
120570053021,Hillsborough,1116,37,146618,True,0.0,0.0
120570053022,Hillsborough,767,79,148502,True,0.0,0.0
120570054011,Hillsborough,750,0,81373,True,0.0,0.0
120570054012,Hillsborough,1076,0,77547,True,0.0,0.0
120570054013,Hillsborough,879,0,91803,True,0.0,0.0
120570054014,Hillsborough,1425,113,102456,False,72116.0,0.4131017574410558
120570054015,Hillsborough,702,14,106499,False,98817.0,0.48129225194334585
120570054016,Hillsborough,553,14,104468,True,0.0,0.0
120570055001,Hillsborough,758,36,151949,False,147668.0,0.4928558793392898
120570055002,Hillsborough,286,0,153244,False,149488.0,0.493796493267973
120570055003,Hillsborough,486,107,149946,False,145515.0,0.49250154842771127
120570055004,Hillsborough,903,0,135634,False,102586.0,0.43063554697338596
120570057001,Hillsborough,796,0,157471,False,135821.0,0.46309139015043027
120570057002,Hillsborough,1211,12,157711,False,149668.0,0.4869168030346901
120570057003,Hillsborough,718,97,159798,False,148499.0,0.4816751379351729
120570057004,Hillsborough,671,0,161072,False,149199.0,0.480866726184529
120570057005,Hillsborough,617,0,160432,False,145224.0,0.47512235977700423
120570058001,Hillsborough,842,10,157623,False,123088.0,0.4384865573490173
120570058002,Hillsborough,716,12,149600,False,123197.0,0.451606872509595
120570058003,Hillsborough,1193,8,149117,False,63451.0,0.29849742200143015
120570058004,Hillsborough,423,0,143389,False,48487.0,0.2526996601972107
120570058005,Hillsborough,704,0,138865,False,43280.0,0.23761289082873535
120570058006,Hillsborough,979,0,134897,False,48494.0,0.2644295521590482
120570059001,Hillsborough,1388,20,157616,False,59270.0,0.27327720553654916
120570059002,Hillsborough,1335,0,157420,False,43432.0,0.2162388226156573
120570059003,Hillsborough,1241,0,136350,True,0.0,0.0
120570059004,Hillsborough,1236,0,131362,True,0.0,0.0
120570059005,Hillsborough,494,0,120666,True,0.0,0.0
120570059006,Hillsborough,664,0,128715,True,0.0,0.0
120570060001,Hillsborough,686,0,139897,False,142173.0,0.504034459531322
120570060002,Hillsborough,1362,36,139905,False,145456.0,0.5097262765409428
120570060003,Hillsborough,1103,0,136082,False,47290.0,0.2578910629758087
120570060004,Hillsborough,423,0,131529,False,48383.0,0.2689259193383432
120570060005,Hillsborough,565,0,138459,False,21323.0,0.13345057641035912
120570060006,Hillsborough,747,20,140830,False,25365.0,0.15262192003369535
120570060007,Hillsborough,540,51,137618,False,45569.0,0.24875673492114614
120570061011,Hillsborough,608,0,145793,False,55406.0,0.2753791022818205
120570061012,Hillsborough,1029,20,139766,True,0.0,0.0
120570061013,Hillsborough,659,13,133857,False,110987.0,0.4532967930600709
120570061014,Hillsborough,1020,8,144977,False,67246.0,0.31686480730175337
120570061031,Hillsborough,367,46,137302,True,0.0,0.0
120570061032,Hillsborough,548,4,128782,False,21616.0,0.1437253154962167
120570061033,Hillsborough,513,0,132919,True,0.0,0.0
120570061034,Hillsborough,321,79,140772,False,26669.0,0.15927401293589982
120570061035,Hillsborough,877,16,136413,False,26873.0,0.1645762649584165
120570061036,Hillsborough,1371,15,127745,False,21370.0,0.14331220869798478
120570062001,Hillsborough,1023,0,143186,False,31644.0,0.18099868443630956
120570062002,Hillsborough,1139,0,134491,False,47221.0,0.25986726248128905
120570062003,Hillsborough,1156,0,142200,False,31388.0,0.18081895061870637
120570062004,Hillsborough,1092,9,125160,False,31269.0,0.19989260303396428
120570063001,Hillsborough,899,0,129488,False,46710.0,0.26509949034608793
120570063002,Hillsborough,1220,14,127134,False,31565.0,0.19889854378414482
120570063003,Hillsborough,891,0,121656,False,46854.0,0.2780487804878049
120570063004,Hillsborough,1390,0,119270,False,31254.0,0.20763466291089794
120570064001,Hillsborough,574,9,126750,True,0.0,0.0
120570064002,Hillsborough,1138,0,130292,True,0.0,0.0
120570064003,Hillsborough,1055,0,119004,False,50213.0,0.29673732544602494
120570064004,Hillsborough,1390,0,118914,False,50205.0,0.29686197293030353
120570065011,Hillsborough,1199,217,112937,False,39908.0,0.261101115509176
120570065012,Hillsborough,722,0,109855,False,40044.0,0.2671398741819492
120570065013,Hillsborough,679,16,106998,False,40158.0,0.27289407159748835
120570065014,Hillsborough,967,34,109670,False,40526.0,0.2698207675304269
120570065021,Hillsborough,1370,0,119801,True,0.0,0.0
120570065022,Hillsborough,0,0,100200,True,0.0,0.0
120570065023,Hillsborough,627,28,105551,False,1119.0,0.010490297178213181
120570066001,Hillsborough,513,0,117409,False,46215.0,0.2824463403901628
120570066002,Hillsborough,927,10,113760,False,44121.0,0.2794573127862124
120570066003,Hillsborough,1076,32,113717,False,48592.0,0.2993795784583726
120570066004,Hillsborough,1650,93,109374,False,40308.0,0.26929089670100614
120570067001,Hillsborough,1245,0,113559,False,50229.0,0.3066708183749725
120570067002,Hillsborough,1359,0,117759,True,0.0,0.0
120570067003,Hillsborough,906,16,105623,True,0.0,0.0
120570067004,Hillsborough,835,0,108297,True,0.0,0.0
120570067005,Hillsborough,689,0,113918,True,0.0,0.0
120570067006,Hillsborough,752,0,105889,False,40004.0,0.2742009554947804
120570068011,Hillsborough,899,76,110130,False,44949.0,0.28984582051728475
120570068012,Hillsborough,605,41,100187,False,51040.0,0.3375058686610195
120570068013,Hillsborough,687,79,101202,False,70182.0,0.4095014703822994
120570068014,Hillsborough,1564,37,96074,False,47074.0,0.3288484645262246
120570068015,Hillsborough,852,78,100666,False,40084.0,0.2847886323268206
120570068021,Hillsborough,1081,137,97703,True,0.0,0.0
120570068022,Hillsborough,1364,0,102947,True,0.0,0.0
120570068023,Hillsborough,823,0,96156,True,0.0,0.0
120570069001,Hillsborough,1910,20,84308,True,0.0,0.0
120570069002,Hillsborough,921,26,88916,False,50652.0,0.36291986701822765
120570069003,Hillsborough,493,0,96212,True,0.0,0.0
120570069004,Hillsborough,744,0,92009,False,40013.0,0.3030782748329824
120570069005,Hillsborough,817,0,95125,False,50793.0,0.348092764429337
120570069006,Hillsborough,852,30,90142,True,0.0,0.0
120570070011,Hillsborough,554,24,109040,False,70173.0,0.39156199606055364
120570070012,Hillsborough,664,54,98431,False,45909.0,0.31806152140778715
120570070013,Hillsborough,1580,15,99388,False,40001.0,0.2869738645086772
120570070014,Hillsborough,878,21,97219,False,48950.0,0.3348863302068154
120570070021,Hillsborough,1024,16,96491,False,49362.0,0.3384366451152873
120570070022,Hillsborough,1600,32,88997,False,39867.0,0.3093726719642414
120570070023,Hillsborough,667,38,93471,False,52739.0,0.3607072019697695
120570071021,Hillsborough,375,62,100945,False,40031.0,0.2839561343774827
120570071022,Hillsborough,996,36,91504,False,52367.0,0.36398579282829757
120570071023,Hillsborough,1688,19,88767,False,19992.0,0.1838192701293686
120570071031,Hillsborough,1048,39,107682,False,40206.0,0.271867900032457
120570071032,Hillsborough,1737,9,97528,False,39882.0,0.2902408849428717
120570071033,Hillsborough,1541,17,84184,False,39816.0,0.3210967741935484
120570072001,Hillsborough,1802,63,89025,False,39861.0,0.30927331129835667
120570072002,Hillsborough,1406,10,79411,False,40141.0,0.33576184421841543
120570072003,Hillsborough,1431,27,83161,False,39935.0,0.3244215896536037
120570073001,Hillsborough,2533,0,52860,False,53262.0,0.5018940464748121
120570101031,Hillsborough,3003,12,15436,True,0.0,0.0
120570101032,Hillsborough,1135,0,7945,True,0.0,0.0
120570101051,Hillsborough,1524,0,38741,True,0.0,0.0
120570101052,Hillsborough,1017,27,40053,True,0.0,0.0
120570101053,Hillsborough,1752,11,39870,True,0.0,0.0
120570101061,Hillsborough,757,0,39649,True,0.0,0.0
120570101062,Hillsborough,1999,0,33329,True,0.0,0.0
120570101063,Hillsborough,475,0,36321,True,0.0,0.0
120570101064,Hillsborough,2116,5,42936,True,0.0,0.0
120570101071,Hillsborough,1695,8,17835,True,0.0,0.0
120570101072,Hillsborough,1357,0,33470,True,0.0,0.0
120570101073,Hillsborough,631,0,32148,True,0.0,0.0
120570101081,Hillsborough,890,22,34642,True,0.0,0.0
120570101082,Hillsborough,1387,7,16699,True,0.0,0.0
120570102031,Hillsborough,924,14,77702,True,0.0,0.0
120570102032,Hillsborough,940,26,72899,True,0.0,0.0
120570102041,Hillsborough,3550,21,68605,False,177399.0,0.721122420773646
120570102042,Hillsborough,2490,15,85690,False,177270.0,0.6741329479768786
120570102051,Hillsborough,6531,0,35522,True,0.0,0.0
120570102052,Hillsborough,650,9,30631,True,0.0,0.0
120570102053,Hillsborough,994,0,33979,True,0.0,0.0
120570102054,Hillsborough,801,15,43441,False,15157.0,0.25866070514352024
120570102055,Hillsborough,1328,0,42601,True,0.0,0.0
120570102091,Hillsborough,2108,0,37916,True,0.0,0.0
120570102092,Hillsborough,5233,16,31813,True,0.0,0.0
120570102093,Hillsborough,2587,17,22822,True,0.0,0.0
120570102094,Hillsborough,585,0,29473,True,0.0,0.0
120570102095,Hillsborough,2459,0,32802,True,0.0,0.0
120570102101,Hillsborough,2476,15,27924,True,0.0,0.0
120570102102,Hillsborough,1984,16,28129,True,0.0,0.0
120570102111,Hillsborough,646,0,43287,False,15278.0,0.26087253479040384
120570102112,Hillsborough,1228,10,38973,True,0.0,0.0
120570102113,Hillsborough,3096,10,34091,True,0.0,0.0
120570102114,Hillsborough,1116,25,40285,True,0.0,0.0
120570102121,Hillsborough,2365,51,31466,True,0.0,0.0
120570102122,Hillsborough,2832,0,31522,True,0.0,0.0
120570102131,Hillsborough,1837,76,28942,True,0.0,0.0
120570102141,Hillsborough,248,0,8129,True,0.0,0.0
120570103031,Hillsborough,1210,59,72559,True,0.0,0.0
120570103032,Hillsborough,1451,57,73124,True,0.0,0.0
120570103033,Hillsborough,771,43,68604,True,0.0,0.0
120570103041,Hillsborough,1724,0,65366,True,0.0,0.0
120570103042,Hillsborough,1060,0,79311,True,0.0,0.0
120570103043,Hillsborough,1162,38,48963,True,0.0,0.0
120570103051,Hillsborough,1375,0,77563,True,0.0,0.0
120570103052,Hillsborough,2236,29,60060,True,0.0,0.0
120570103053,Hillsborough,459,14,74025,True,0.0,0.0
120570104011,Hillsborough,1568,16,87373,True,0.0,0.0
120570104012,Hillsborough,3405,135,99031,False,177376.0,0.6417203616406242
120570104013,Hillsborough,903,0,101158,False,199544.0,0.6635938570411902
120570104021,Hillsborough,1409,130,110232,False,141733.0,0.5625106661639513
120570104022,Hillsborough,584,54,116531,False,142023.0,0.5492972454496933
120570104023,Hillsborough,3379,52,116011,True,0.0,0.0
120570104024,Hillsborough,1225,23,86781,False,16296.0,0.15809540440641462
120570105011,Hillsborough,1861,73,101227,False,175798.0,0.6345925457991156
120570105012,Hillsborough,2416,129,96929,False,176066.0,0.6449422150588838
120570105013,Hillsborough,1831,184,100770,False,131226.0,0.5656390627424611
120570105021,Hillsborough,616,6,108916,False,142193.0,0.5662600703280248
120570105022,Hillsborough,2067,114,107509,False,142768.0,0.5704399525325939
120570106001,Hillsborough,866,0,100435,False,141822.0,0.5854196163578349
120570106002,Hillsborough,1412,52,88175,False,141871.0,0.6167070933639359
120570106003,Hillsborough,757,0,84380,True,0.0,0.0
120570107011,Hillsborough,1414,0,77630,True,0.0,0.0
120570107012,Hillsborough,2834,10,82724,False,144438.0,0.6358369797765472
120570107013,Hillsborough,766,0,84765,False,54932.0,0.3932224743552116
120570107014,Hillsborough,859,17,89226,False,123749.0,0.5810494189458857
120570107021,Hillsborough,755,0,90159,False,123636.0,0.5782922893425946
120570107022,Hillsborough,1061,0,86861,True,0.0,0.0
120570107023,Hillsborough,1066,42,92297,False,142018.0,0.606098627915413
120570108051,Hillsborough,701,63,102315,False,155797.0,0.6036023121745598
120570108052,Hillsborough,2869,130,97619,False,155393.0,0.6141724503185619
120570108053,Hillsborough,2245,302,105121,False,40846.0,0.27983037261846855
120570108081,Hillsborough,1913,157,76662,False,57925.0,0.43039075096406043
120570108082,Hillsborough,539,17,76907,False,123737.0,0.6166992284842806
120570108091,Hillsborough,2979,106,74373,False,55369.0,0.42676234372832234
120570108101,Hillsborough,2891,37,74794,True,0.0,0.0
120570108102,Hillsborough,625,71,81390,False,177300.0,0.6853763191464688
120570108111,Hillsborough,2958,16,64422,True,0.0,0.0
120570108112,Hillsborough,1026,18,76214,False,123675.0,0.6187183887057317
120570108113,Hillsborough,2048,76,71234,False,144308.0,0.6695122064377245
120570108114,Hillsborough,430,0,70861,False,177393.0,0.714562504531649
120570108121,Hillsborough,4473,262,76048,False,123479.0,0.6188586005903963
120570108122,Hillsborough,1700,96,76500,False,123880.0,0.6182253717935922
120570108131,Hillsborough,1492,40,71372,False,30439.0,0.29897555273988075
120570108132,Hillsborough,1355,78,75875,False,123689.0,0.6197961556192499
120570108133,Hillsborough,682,124,73121,False,124004.0,0.6290627774254914
120570108134,Hillsborough,1376,107,72509,False,123381.0,0.6298483842973097
120570108141,Hillsborough,830,41,91307,False,181644.0,0.66548208286469
120570108142,Hillsborough,1138,199,82595,False,147045.0,0.6403283400104511
120570108151,Hillsborough,1104,207,89002,False,181612.0,0.6711108811813136
120570108152,Hillsborough,682,91,89676,False,181680.0,0.6695263786317605
120570108161,Hillsborough,1991,191,91480,False,47827.0,0.34332086686239743
120570108162,Hillsborough,968,138,96928,False,182146.0,0.6526799343543289
120570108163,Hillsborough,1105,185,95933,False,155690.0,0.618743119667121
120570108171,Hillsborough,3165,230,85427,False,57849.0,0.4037591780898406
120570108172,Hillsborough,1382,134,80236,False,57748.0,0.41851229128014844
120570108181,Hillsborough,1452,187,97216,False,147798.0,0.6032226729901149
120570108182,Hillsborough,1000,107,96028,False,147946.0,0.6064006820398895
120570108183,Hillsborough,2895,454,94961,False,155204.0,0.6204065316890852
120570109001,Hillsborough,5418,0,64282,False,129083.0,0.6675613477102889
120570110031,Hillsborough,1667,29,74245,True,0.0,0.0
120570110032,Hillsborough,2078,207,76225,True,0.0,0.0
120570110033,Hillsborough,1265,26,82376,True,0.0,0.0
120570110051,Hillsborough,1580,9,43107,True,0.0,0.0
120570110052,Hillsborough,1203,0,47180,True,0.0,0.0
120570110061,Hillsborough,2116,0,47386,True,0.0,0.0
120570110062,Hillsborough,429,0,59430,True,0.0,0.0
120570110063,Hillsborough,3002,17,50181,True,0.0,0.0
120570110071,Hillsborough,1482,0,63141,True,0.0,0.0
120570110072,Hillsborough,1230,73,69846,True,0.0,0.0
120570110073,Hillsborough,437,0,72277,True,0.0,0.0
120570110081,Hillsborough,951,14,36299,True,0.0,0.0
120570110082,Hillsborough,1143,0,48124,True,0.0,0.0
120570110083,Hillsborough,2274,27,56110,False,30302.0,0.3506688885802898
120570110084,Hillsborough,830,0,53299,True,0.0,0.0
120570110085,Hillsborough,691,0,53718,True,0.0,0.0
120570110086,Hillsborough,950,71,52944,False,29878.0,0.3607495592958393
120570110101,Hillsborough,3844,0,59061,True,0.0,0.0
120570110102,Hillsborough,1718,11,81198,False,57849.0,0.41603918099635373
120570110121,Hillsborough,4329,0,29973,True,0.0,0.0
120570110122,Hillsborough,747,0,35418,True,0.0,0.0
120570110123,Hillsborough,1766,0,43770,True,0.0,0.0
120570110131,Hillsborough,2452,76,51836,True,0.0,0.0
120570110132,Hillsborough,1599,28,60961,False,16132.0,0.20925375844758928
120570110141,Hillsborough,1279,11,46855,False,16098.0,0.25571458071894904
120570110151,Hillsborough,1063,54,45990,False,22392.0,0.32745459331403
120570110152,Hillsborough,2782,38,43140,True,0.0,0.0
120570110153,Hillsborough,1340,0,53200,True,0.0,0.0
120570110154,Hillsborough,1415,0,69416,True,0.0,0.0
120570110161,Hillsborough,1034,0,57298,True,0.0,0.0
120570110162,Hillsborough,1507,25,51662,True,0.0,0.0
120570110163,Hillsborough,1564,0,40153,True,0.0,0.0
120570111031,Hillsborough,2661,41,44845,True,0.0,0.0
120570111032,Hillsborough,830,24,41462,True,0.0,0.0
120570111061,Hillsborough,2054,43,57308,True,0.0,0.0
120570111071,Hillsborough,579,0,55057,True,0.0,0.0
120570111072,Hillsborough,721,15,67684,True,0.0,0.0
120570111073,Hillsborough,3585,0,47717,True,0.0,0.0
120570111074,Hillsborough,1920,0,56374,True,0.0,0.0
120570111081,Hillsborough,486,48,82620,True,0.0,0.0
120570111082,Hillsborough,998,16,82476,True,0.0,0.0
120570111091,Hillsborough,2435,12,60602,True,0.0,0.0
120570111092,Hillsborough,1301,0,45748,True,0.0,0.0
120570112031,Hillsborough,1262,8,65665,True,0.0,0.0
120570112032,Hillsborough,2391,18,83378,False,38716.0,0.31709993939096104
120570112041,Hillsborough,660,0,81905,True,0.0,0.0
120570112042,Hillsborough,784,52,92228,True,0.0,0.0
120570112043,Hillsborough,1085,27,82982,False,20284.0,0.196424767106308
120570112044,Hillsborough,1182,0,86902,True,0.0,0.0
120570112045,Hillsborough,1920,42,88830,False,38931.0,0.30471740202409187
120570112051,Hillsborough,633,7,95616,False,38862.0,0.2889840717440771
120570112052,Hillsborough,540,0,98407,True,0.0,0.0
120570112053,Hillsborough,1632,7,93730,False,38719.0,0.2923313879304487
120570112061,Hillsborough,556,85,102771,False,147527.0,0.5894054287289551
120570112062,Hillsborough,1246,54,112941,False,147673.0,0.5666349467027865
120570112063,Hillsborough,916,78,106481,False,125556.0,0.5411033585160987
120570113011,Hillsborough,1585,25,72866,True,0.0,0.0
120570113012,Hillsborough,2007,110,73458,True,0.0,0.0
120570113031,Hillsborough,663,13,83656,False,223774.0,0.7278860228344664
120570113032,Hillsborough,1725,90,79741,False,181999.0,0.6953427065026362
120570113033,Hillsborough,520,0,86221,False,38651.0,0.3095249535524377
120570113041,Hillsborough,1763,23,84553,True,0.0,0.0
120570113042,Hillsborough,1131,0,95732,True,0.0,0.0
120570113043,Hillsborough,2649,26,86216,True,0.0,0.0
120570114071,Hillsborough,1287,30,74731,True,0.0,0.0
120570114072,Hillsborough,1020,49,65738,True,0.0,0.0
120570114081,Hillsborough,682,0,74935,True,0.0,0.0
120570114082,Hillsborough,880,0,80242,True,0.0,0.0
120570114083,Hillsborough,1304,10,89459,False,94280.0,0.5131191527111827
120570114091,Hillsborough,714,0,70385,True,0.0,0.0
120570114092,Hillsborough,2189,23,84109,False,142553.0,0.6289232425373463
120570114101,Hillsborough,2147,35,49105,True,0.0,0.0
120570114102,Hillsborough,1594,0,69248,True,0.0,0.0
120570114103,Hillsborough,3611,14,76804,True,0.0,0.0
120570114111,Hillsborough,1757,6,74651,True,0.0,0.0
120570114121,Hillsborough,1567,9,85958,False,43067.0,0.33378802557643866
120570114122,Hillsborough,1856,130,85293,False,45459.0,0.34767345814977973
120570114131,Hillsborough,2379,94,83441,False,94417.0,0.5308560761956167
120570114132,Hillsborough,443,0,80529,True,0.0,0.0
120570114133,Hillsborough,1324,0,85726,True,0.0,0.0
120570114134,Hillsborough,1345,15,83376,False,73318.0,0.4679055994486068
120570114141,Hillsborough,4499,110,88684,False,73905.0,0.45455104588871326
120570114142,Hillsborough,1005,0,94275,False,42183.0,0.30912808336631054
120570114143,Hillsborough,2051,0,104421,True,0.0,0.0
120570114151,Hillsborough,2022,19,90878,True,0.0,0.0
120570114152,Hillsborough,2053,0,91805,False,94324.0,0.5067668122646122
120570114153,Hillsborough,1053,0,117726,True,0.0,0.0
120570114161,Hillsborough,2638,20,97930,False,88077.0,0.4735144376286914
120570114162,Hillsborough,2015,58,85896,False,94137.0,0.5228874706303844
120570114163,Hillsborough,2643,38,100617,True,0.0,0.0
120570114171,Hillsborough,1542,46,74917,True,0.0,0.0
120570114172,Hillsborough,2186,22,89465,False,94123.0,0.512686014336449
120570114173,Hillsborough,1117,0,86923,False,94143.0,0.519937481360388
120570114181,Hillsborough,868,0,60851,True,0.0,0.0
120570114182,Hillsborough,1443,0,68821,True,0.0,0.0
120570114183,Hillsborough,1670,91,77007,True,0.0,0.0
120570115041,Hillsborough,645,20,13768,True,0.0,0.0
120570115042,Hillsborough,1619,17,39723,True,0.0,0.0
120570115061,Hillsborough,5727,37,69803,True,0.0,0.0
120570115062,Hillsborough,1700,21,59046,True,0.0,0.0
120570115063,Hillsborough,1105,0,77810,True,0.0,0.0
120570115071,Hillsborough,922,246,63071,True,0.0,0.0
120570115072,Hillsborough,2855,0,81536,True,0.0,0.0
120570115073,Hillsborough,3648,54,92446,False,43964.0,0.32229308701708087
120570115091,Hillsborough,1449,0,39294,True,0.0,0.0
120570115092,Hillsborough,121,0,36417,True,0.0,0.0
120570115093,Hillsborough,3048,0,41551,True,0.0,0.0
120570115094,Hillsborough,1835,0,31988,True,0.0,0.0
120570115101,Hillsborough,4909,9,47874,True,0.0,0.0
120570115121,Hillsborough,1651,0,55562,True,0.0,0.0
120570115122,Hillsborough,971,0,56058,True,0.0,0.0
120570115123,Hillsborough,1181,0,61681,True,0.0,0.0
120570115141,Hillsborough,1759,27,66139,True,0.0,0.0
120570115142,Hillsborough,1918,0,63674,True,0.0,0.0
120570115143,Hillsborough,1476,50,51790,True,0.0,0.0
120570115144,Hillsborough,485,0,71549,True,0.0,0.0
120570115151,Hillsborough,1651,0,74099,True,0.0,0.0
120570115152,Hillsborough,1810,0,70284,True,0.0,0.0
120570115161,Hillsborough,2699,19,73531,True,0.0,0.0
120570115171,Hillsborough,1528,17,37675,True,0.0,0.0
120570115172,Hillsborough,2915,0,56892,True,0.0,0.0
120570115173,Hillsborough,5035,0,52533,True,0.0,0.0
120570115181,Hillsborough,999,0,28090,True,0.0,0.0
120570115182,Hillsborough,1103,0,36793,True,0.0,0.0
120570115183,Hillsborough,2166,0,56743,True,0.0,0.0
120570115191,Hillsborough,693,5,45879,True,0.0,0.0
120570115192,Hillsborough,1656,0,69063,True,0.0,0.0
120570115201,Hillsborough,5330,6,86832,True,0.0,0.0
120570115211,Hillsborough,755,0,40017,True,0.0,0.0
120570115212,Hillsborough,3328,18,53613,True,0.0,0.0
120570115221,Hillsborough,1308,0,43977,True,0.0,0.0
120570115222,Hillsborough,1687,8,46606,True,0.0,0.0
120570115223,Hillsborough,760,0,51294,True,0.0,0.0
120570115231,Hillsborough,1772,0,49456,True,0.0,0.0
120570115241,Hillsborough,1056,17,51389,True,0.0,0.0
120570115242,Hillsborough,2307,157,57617,True,0.0,0.0
120570115243,Hillsborough,2205,11,54842,True,0.0,0.0
120570116031,Hillsborough,2415,28,115495,False,27332.0,0.19136437788373348
120570116032,Hillsborough,1545,9,111229,False,21835.0,0.16409396981903446
120570116033,Hillsborough,805,9,113263,False,18862.0,0.14275875118259224
120570116051,Hillsborough,1825,10,111008,False,21841.0,0.16440470007301522
120570116052,Hillsborough,1692,0,116865,True,0.0,0.0
120570116053,Hillsborough,1850,19,119992,False,33064.0,0.2160255070039724
120570116054,Hillsborough,1517,34,130360,False,40823.0,0.2384757832261381
120570116055,Hillsborough,555,10,117238,False,32303.0,0.21601433720518118
120570116061,Hillsborough,2897,58,74625,False,1336.0,0.017587972775503218
120570116062,Hillsborough,2615,20,71212,True,0.0,0.0
120570116063,Hillsborough,890,0,87292,True,0.0,0.0
120570116064,Hillsborough,1255,23,92115,False,26551.0,0.22374563902044395
120570116071,Hillsborough,1106,20,66088,True,0.0,0.0
120570116072,Hillsborough,1562,0,74182,True,0.0,0.0
120570116073,Hillsborough,3004,14,83126,False,20477.0,0.19764871673600184
120570116074,Hillsborough,1708,118,91900,False,43717.0,0.32235634175656447
120570116075,Hillsborough,874,64,92236,False,66100.0,0.41746665319320936
120570116081,Hillsborough,1591,0,54422,True,0.0,0.0
120570116101,Hillsborough,1224,0,89412,False,66059.0,0.4248959613046806
120570116102,Hillsborough,1165,37,101036,False,9650.0,0.08718356431707713
120570116103,Hillsborough,1474,0,111707,False,40590.0,0.2665187101518743
120570116104,Hillsborough,1437,383,99706,False,66117.0,0.3987203222713375
120570116111,Hillsborough,1014,0,104584,True,0.0,0.0
120570116112,Hillsborough,2308,26,117308,False,27047.0,0.18736448339163866
120570116113,Hillsborough,933,0,121025,False,29666.0,0.19686643528810613
120570116121,Hillsborough,669,50,99394,True,0.0,0.0
120570116122,Hillsborough,1132,57,99804,False,27008.0,0.21297668990316374
120570116123,Hillsborough,2116,0,103810,False,21998.0,0.17485374538980034
120570116124,Hillsborough,1997,106,116191,False,27156.0,0.1894424020035299
120570116131,Hillsborough,1349,9,111747,False,17660.0,0.13646866089160556
120570116132,Hillsborough,2059,125,105214,False,38538.0,0.26808670488062775
120570116133,Hillsborough,1091,7,107680,False,32158.0,0.2299661036342053
120570116134,Hillsborough,1350,46,111013,False,33041.0,0.22936537687256167
120570116141,Hillsborough,892,19,91742,True,0.0,0.0
120570116142,Hillsborough,3013,80,92746,False,52621.0,0.3619872460737306
120570116143,Hillsborough,1961,0,81318,True,0.0,0.0
120570116144,Hillsborough,681,0,88589,True,0.0,0.0
120570116151,Hillsborough,1314,19,85088,True,0.0,0.0
120570116152,Hillsborough,3294,38,92151,True,0.0,0.0
120570116153,Hillsborough,228,0,95623,False,52662.0,0.3551404390194558
120570117061,Hillsborough,1916,0,121851,False,39526.0,0.2449295748464775
120570117062,Hillsborough,847,13,124996,False,38528.0,0.2356106748856437
120570117063,Hillsborough,1930,27,122547,False,38889.0,0.2408942243365792
120570117064,Hillsborough,1725,44,130761,False,29025.0,0.18164920581277458
120570117065,Hillsborough,2666,41,137861,False,22805.0,0.141940422989307
120570117081,Hillsborough,2615,80,113900,True,0.0,0.0
120570117082,Hillsborough,1788,18,133164,False,23576.0,0.1504146995023606
120570117091,Hillsborough,1068,0,58475,False,98.0,0.0016731258429651887
120570117101,Hillsborough,1911,29,86846,True,0.0,0.0
120570117102,Hillsborough,1323,0,83895,True,0.0,0.0
120570117103,Hillsborough,2752,12,88339,True,0.0,0.0
120570117121,Hillsborough,1155,0,113004,False,37260.0,0.2479635840919981
120570117122,Hillsborough,1782,76,115796,False,21866.0,0.1588383141317139
120570117123,Hillsborough,630,0,109319,True,0.0,0.0
120570117124,Hillsborough,1198,18,102454,True,0.0,0.0
120570117125,Hillsborough,835,0,106356,False,26314.0,0.19834175020728123
120570118021,Hillsborough,1209,0,136084,False,61607.0,0.3116328006838956
120570118022,Hillsborough,2794,0,127896,True,0.0,0.0
120570118023,Hillsborough,1393,40,114048,False,34534.0,0.23242384676474942
120570118024,Hillsborough,1118,21,119309,True,0.0,0.0
120570118031,Hillsborough,1514,26,92888,True,0.0,0.0
120570118032,Hillsborough,411,44,117687,False,32861.0,0.21827589871668837
120570118033,Hillsborough,1777,74,112427,False,18465.0,0.14107050087094705
120570118034,Hillsborough,2380,21,114954,False,18419.0,0.13810141482908836
120570118035,Hillsborough,395,28,114111,False,18574.0,0.13998568037080303
120570118041,Hillsborough,2320,24,119420,False,18883.0,0.13653355314056817
120570118042,Hillsborough,1309,37,121309,True,0.0,0.0
120570118043,Hillsborough,945,18,127824,False,173913.0,0.576372801479434
120570118044,Hillsborough,1013,8,120666,True,0.0,0.0
120570119011,Hillsborough,2602,181,120055,False,166895.0,0.5816170064471162
120570119012,Hillsborough,2021,17,126960,False,135863.0,0.5169372543498857
120570119013,Hillsborough,1249,79,112600,False,31341.0,0.2177350442195066
120570119021,Hillsborough,1344,19,120807,False,32981.0,0.2144575649595547
120570119022,Hillsborough,1718,37,138583,False,41684.0,0.23123477952148758
120570119023,Hillsborough,1165,17,124146,False,35023.0,0.2200365649089961
120570119024,Hillsborough,1882,30,129813,False,195456.0,0.6009057118876991
120570119025,Hillsborough,1720,64,122835,False,195482.0,0.6141110905166862
120570119026,Hillsborough,660,40,135635,False,195758.0,0.5907125376818461
120570119041,Hillsborough,744,77,125208,False,139880.0,0.527673829068083
120570119042,Hillsborough,775,73,133566,False,195363.0,0.593936685424514
120570119051,Hillsborough,1499,61,146000,False,155017.0,0.5149775594069438
120570119061,Hillsborough,1245,6,143818,False,55440.0,0.2782322416163968
120570119062,Hillsborough,1830,21,138473,False,78241.0,0.3610334357724928
120570119063,Hillsborough,1721,24,137002,False,195435.0,0.5878858249833803
120570120011,Hillsborough,914,17,121518,False,128047.0,0.5130807605233105
120570120012,Hillsborough,1861,35,124010,False,179531.0,0.5914555200121235
120570120021,Hillsborough,2435,94,127313,True,0.0,0.0
120570120022,Hillsborough,991,86,105547,False,57443.0,0.35243266458064915
120570120023,Hillsborough,728,14,120507,True,0.0,0.0
120570121031,Hillsborough,2827,100,102779,False,61808.0,0.3755339121558811
120570121032,Hillsborough,1782,118,103206,True,0.0,0.0
120570121033,Hillsborough,3423,24,105052,True,0.0,0.0
120570121041,Hillsborough,280,23,90177,True,0.0,0.0
120570121042,Hillsborough,2840,79,88215,True,0.0,0.0
120570121043,Hillsborough,2512,131,97121,False,50476.0,0.34198527070333407
120570121044,Hillsborough,1414,89,97047,False,50461.0,0.3420899205466822
120570121061,Hillsborough,1170,35,63883,True,0.0,0.0
120570121062,Hillsborough,2950,0,67784,True,0.0,0.0
120570121063,Hillsborough,1337,0,69452,True,0.0,0.0
120570121071,Hillsborough,864,15,86544,True,0.0,0.0
120570121072,Hillsborough,1093,51,78556,True,0.0,0.0
120570121073,Hillsborough,2325,37,85379,False,38024.0,0.30812865165352543
120570121081,Hillsborough,1926,0,68542,True,0.0,0.0
120570121082,Hillsborough,1719,13,73865,True,0.0,0.0
120570122061,Hillsborough,2530,0,100006,True,0.0,0.0
120570122062,Hillsborough,1329,9,77186,True,0.0,0.0
120570122063,Hillsborough,1173,13,81247,True,0.0,0.0
120570122064,Hillsborough,1734,0,84747,True,0.0,0.0
120570122071,Hillsborough,521,0,71225,True,0.0,0.0
120570122072,Hillsborough,3141,0,59174,True,0.0,0.0
120570122073,Hillsborough,1821,0,75616,True,0.0,0.0
120570122074,Hillsborough,827,0,73171,True,0.0,0.0
120570122075,Hillsborough,938,70,69265,True,0.0,0.0
120570122081,Hillsborough,3601,0,57537,True,0.0,0.0
120570122082,Hillsborough,787,0,52167,True,0.0,0.0
120570122083,Hillsborough,1152,0,57960,True,0.0,0.0
120570122084,Hillsborough,1100,30,67105,True,0.0,0.0
120570122091,Hillsborough,1063,18,55855,True,0.0,0.0
120570122092,Hillsborough,3991,0,37853,True,0.0,0.0
120570122101,Hillsborough,857,8,49245,True,0.0,0.0
120570122102,Hillsborough,1303,5,52112,True,0.0,0.0
120570122103,Hillsborough,3560,18,47265,True,0.0,0.0
120570122111,Hillsborough,2523,0,103428,False,53523.0,0.34101726016400025
120570122121,Hillsborough,4104,94,76499,True,0.0,0.0
120570122131,Hillsborough,2130,34,90815,True,0.0,0.0
120570122132,Hillsborough,944,12,97026,True,0.0,0.0
120570122133,Hillsborough,1666,1,85699,True,0.0,0.0
120570123011,Hillsborough,1243,0,81353,True,0.0,0.0
120570123012,Hillsborough,1728,19,68029,True,0.0,0.0
120570123013,Hillsborough,1014,76,80365,False,3199.0,0.03828203532621703
120570123014,Hillsborough,2428,42,86680,False,3438.0,0.03814998113584411
120570123031,Hillsborough,1131,0,69606,True,0.0,0.0
120570123032,Hillsborough,1236,41,69865,True,0.0,0.0
120570123033,Hillsborough,853,58,69355,False,3492.0,0.047936085219707054
120570123041,Hillsborough,1179,15,63836,True,0.0,0.0
120570123042,Hillsborough,2378,175,65276,True,0.0,0.0
120570123043,Hillsborough,1305,27,56288,False,4485.0,0.07379922004837675
120570124011,Hillsborough,758,20,45154,True,0.0,0.0
120570124012,Hillsborough,1126,0,51854,True,0.0,0.0
120570124013,Hillsborough,736,28,44057,True,0.0,0.0
120570124014,Hillsborough,2053,31,44228,True,0.0,0.0
120570124021,Hillsborough,948,58,44413,True,0.0,0.0
120570124022,Hillsborough,1739,32,41666,True,0.0,0.0
120570124031,Hillsborough,1827,45,35428,True,0.0,0.0
120570124032,Hillsborough,737,73,28354,True,0.0,0.0
120570124033,Hillsborough,4081,29,23830,True,0.0,0.0
120570125011,Hillsborough,886,45,46343,True,0.0,0.0
120570125012,Hillsborough,1846,8,43387,True,0.0,0.0
120570125013,Hillsborough,830,51,38616,True,0.0,0.0
120570125014,Hillsborough,648,12,33864,True,0.0,0.0
120570125031,Hillsborough,1441,0,30102,True,0.0,0.0
120570125032,Hillsborough,1664,31,30767,True,0.0,0.0
120570125033,Hillsborough,1333,8,29673,True,0.0,0.0
120570125041,Hillsborough,3495,12,33715,True,0.0,0.0
120570126001,Hillsborough,1223,17,35447,True,0.0,0.0
120570126002,Hillsborough,3370,88,33818,True,0.0,0.0
120570126003,Hillsborough,1029,16,38671,True,0.0,0.0
120570127011,Hillsborough,1681,30,42857,True,0.0,0.0
120570127012,Hillsborough,1438,68,42769,True,0.0,0.0
120570127013,Hillsborough,3749,56,38569,True,0.0,0.0
120570127021,Hillsborough,1301,47,42865,True,0.0,0.0
120570127022,Hillsborough,1208,75,40252,True,0.0,0.0
120570127023,Hillsborough,1485,121,40604,True,0.0,0.0
120570128001,Hillsborough,2491,13,39490,True,0.0,0.0
120570128002,Hillsborough,1576,29,38109,True,0.0,0.0
120570129001,Hillsborough,1441,80,34337,True,0.0,0.0
120570129002,Hillsborough,2093,47,30999,True,0.0,0.0
120570130011,Hillsborough,3613,99,29796,True,0.0,0.0
120570130012,Hillsborough,586,0,26428,True,0.0,0.0
120570130021,Hillsborough,862,8,23674,True,0.0,0.0
120570130022,Hillsborough,1750,38,22972,True,0.0,0.0
120570130023,Hillsborough,2261,67,23048,True,0.0,0.0
120570130031,Hillsborough,1956,26,31211,True,0.0,0.0
120570130032,Hillsborough,1359,0,25432,True,0.0,0.0
120570130041,Hillsborough,2466,126,21559,True,0.0,0.0
120570130042,Hillsborough,1098,0,16393,True,0.0,0.0
120570131001,Hillsborough,1421,13,9157,True,0.0,0.0
120570131002,Hillsborough,1556,30,790,True,0.0,0.0
120570132031,Hillsborough,1923,0,51487,True,0.0,0.0
120570132032,Hillsborough,1308,0,44514,True,0.0,0.0
120570132041,Hillsborough,2135,34,46152,True,0.0,0.0
120570132042,Hillsborough,1145,46,41706,False,2931.0,0.06566301498756637
120570132051,Hillsborough,1563,16,47940,True,0.0,0.0
120570132052,Hillsborough,2542,0,42408,True,0.0,0.0
120570132053,Hillsborough,4152,0,41024,True,0.0,0.0
120570132061,Hillsborough,971,0,39238,True,0.0,0.0
120570132062,Hillsborough,2756,12,41548,True,0.0,0.0
120570132063,Hillsborough,1134,0,40991,True,0.0,0.0
120570132064,Hillsborough,1436,8,39132,True,0.0,0.0
120570132071,Hillsborough,1620,0,32810,True,0.0,0.0
120570132072,Hillsborough,2595,21,24315,True,0.0,0.0
120570132081,Hillsborough,2049,10,33041,True,0.0,0.0
120570132082,Hillsborough,1942,16,19936,True,0.0,0.0
120570132083,Hillsborough,1163,0,24587,True,0.0,0.0
120570133051,Hillsborough,2934,8,54062,True,0.0,0.0
120570133052,Hillsborough,1737,0,44161,True,0.0,0.0
120570133071,Hillsborough,802,69,94130,False,3651.0,0.03733854225258486
120570133072,Hillsborough,1247,14,75274,True,0.0,0.0
120570133073,Hillsborough,1641,0,77764,False,61382.0,0.44113377315912783
120570133101,Hillsborough,1790,24,68843,False,97150.0,0.5852656437319645
120570133102,Hillsborough,266,0,68794,True,0.0,0.0
120570133103,Hillsborough,852,0,60371,True,0.0,0.0
120570133111,Hillsborough,542,15,72969,False,4404.0,0.056919080299329225
120570133112,Hillsborough,1479,39,58232,True,0.0,0.0
120570133113,Hillsborough,1123,34,63705,False,4347.0,0.06387762299418093
120570133121,Hillsborough,887,0,60702,False,4349.0,0.0668552366604664
120570133122,Hillsborough,1838,45,48552,True,0.0,0.0
120570133123,Hillsborough,1854,20,52657,True,0.0,0.0
120570133131,Hillsborough,1778,0,61925,True,0.0,0.0
120570133132,Hillsborough,1984,20,55290,True,0.0,0.0
120570133133,Hillsborough,1079,0,60343,True,0.0,0.0
120570133141,Hillsborough,1803,11,53979,True,0.0,0.0
120570133142,Hillsborough,1209,8,48824,True,0.0,0.0
120570133151,Hillsborough,5057,41,101051,True,0.0,0.0
120570133161,Hillsborough,3046,125,88622,True,0.0,0.0
120570133171,Hillsborough,2321,9,82702,False,45742.0,0.35612406963345894
120570133181,Hillsborough,3815,79,86229,False,53582.0,0.3832459534657502
120570133191,Hillsborough,6669,28,65006,True,0.0,0.0
120570133201,Hillsborough,4135,73,67118,False,97348.0,0.5919034937312271
120570133211,Hillsborough,1003,0,88844,False,97515.0,0.5232642373054159
120570133212,Hillsborough,1963,19,82802,False,88810.0,0.5175046034076871
120570133213,Hillsborough,3338,262,71935,False,54169.0,0.42955814248556745
120570133214,Hillsborough,1130,17,62277,False,53650.0,0.46279123931439614
120570133221,Hillsborough,1701,79,61775,False,41756.0,0.4033188127227594
120570133222,Hillsborough,1871,3,60170,False,60322.0,0.5006307472695283
120570133223,Hillsborough,1196,0,55984,False,131331.0,0.7011237754584524
120570133224,Hillsborough,2673,34,52504,False,131386.0,0.714481483495568
120570134061,Hillsborough,1465,82,49017,True,0.0,0.0
120570134071,Hillsborough,1579,0,46836,True,0.0,0.0
120570134072,Hillsborough,1260,0,46801,True,0.0,0.0
120570134073,Hillsborough,1739,12,45871,True,0.0,0.0
120570134074,Hillsborough,2050,13,44258,True,0.0,0.0
120570134091,Hillsborough,1224,0,35960,True,0.0,0.0
120570134092,Hillsborough,1306,18,33906,True,0.0,0.0
120570134093,Hillsborough,2585,0,25461,True,0.0,0.0
120570134101,Hillsborough,647,0,53278,False,13177.0,0.1982845534572267
120570134102,Hillsborough,4786,82,67725,False,23631.0,0.25866938132142386
120570134111,Hillsborough,2504,19,54551,True,0.0,0.0
120570134121,Hillsborough,1641,28,49759,True,0.0,0.0
120570134122,Hillsborough,2606,0,39638,True,0.0,0.0
120570134131,Hillsborough,3794,25,31192,True,0.0,0.0
120570134141,Hillsborough,873,52,39040,True,0.0,0.0
120570134142,Hillsborough,940,27,35273,True,0.0,0.0
120570134143,Hillsborough,2500,0,31369,True,0.0,0.0
120570134144,Hillsborough,2277,0,35278,True,0.0,0.0
120570134151,Hillsborough,3083,22,31456,True,0.0,0.0
120570134152,Hillsborough,877,0,34121,True,0.0,0.0
120570135011,Hillsborough,1293,101,100583,True,0.0,0.0
120570135012,Hillsborough,2222,39,107638,False,163641.0,0.6032203008710589
120570135031,Hillsborough,2088,67,100227,False,200173.0,0.6663548601864181
120570135032,Hillsborough,725,35,114078,False,200466.0,0.6373226003357241
120570135033,Hillsborough,1103,39,113229,False,200473.0,0.6390555367833166
120570135041,Hillsborough,667,113,97219,True,0.0,0.0
120570135042,Hillsborough,1487,9,95296,False,199986.0,0.6772712186994128
120570135043,Hillsborough,1167,0,99950,False,225595.0,0.6929763934325516
120570135051,Hillsborough,1287,10,93893,False,202339.0,0.6830423451889059
120570135052,Hillsborough,1080,14,91336,True,0.0,0.0
120570135053,Hillsborough,1363,18,107447,False,200869.0,0.651503652097199
120570136021,Hillsborough,1093,7,83803,True,0.0,0.0
120570136022,Hillsborough,813,0,72423,True,0.0,0.0
120570136041,Hillsborough,1210,52,39329,True,0.0,0.0
120570137021,Hillsborough,2259,49,76492,False,15304.0,0.16671750403067673
120570137022,Hillsborough,1628,16,80444,False,15302.0,0.15981868694253545
120570137023,Hillsborough,6249,53,56766,True,0.0,0.0
120570137024,Hillsborough,899,18,56152,True,0.0,0.0
120570137031,Hillsborough,6027,152,80414,True,0.0,0.0
120570137032,Hillsborough,1083,14,87520,False,90722.0,0.5089821703077838
120570137041,Hillsborough,7719,116,57118,True,0.0,0.0
120570137042,Hillsborough,522,42,52486,True,0.0,0.0
120570137043,Hillsborough,2140,14,84257,False,15364.0,0.15422451089629696
120570138011,Hillsborough,1144,44,34936,False,30737.0,0.4680310020860932
120570138012,Hillsborough,1383,20,36418,False,30325.0,0.4543547637954542
120570138021,Hillsborough,2222,72,58231,False,30466.0,0.3434839960765302
120570138022,Hillsborough,1380,18,52209,False,17726.0,0.2534639307928791
120570138031,Hillsborough,1530,85,57644,False,30707.0,0.3475569037135969
120570138041,Hillsborough,10208,66,29275,True,0.0,0.0
120570138061,Hillsborough,1751,5,47533,True,0.0,0.0
120570138071,Hillsborough,7702,66,28812,True,0.0,0.0
120570139031,Hillsborough,1978,11,10238,True,0.0,0.0
120570139032,Hillsborough,1455,35,6045,True,0.0,0.0
120570139071,Hillsborough,1162,18,14131,True,0.0,0.0
120570139072,Hillsborough,599,0,3595,True,0.0,0.0
120570139081,Hillsborough,657,59,47537,True,0.0,0.0
120570139082,Hillsborough,9304,72,45875,True,0.0,0.0
120570139121,Hillsborough,1755,5,26509,True,0.0,0.0
120570139122,Hillsborough,2973,5,11001,True,0.0,0.0
120570139131,Hillsborough,5663,37,16014,True,0.0,0.0
120570139132,Hillsborough,4066,65,12936,True,0.0,0.0
120570139141,Hillsborough,2714,29,13693,True,0.0,0.0
120570139142,Hillsborough,2105,31,8876,True,0.0,0.0
120570139151,Hillsborough,8132,43,27388,True,0.0,0.0
120570139161,Hillsborough,12706,28,26358,True,0.0,0.0
120570139171,Hillsborough,7682,62,26664,True,0.0,0.0
120570139181,Hillsborough,1268,9,16284,True,0.0,0.0
120570139182,Hillsborough,637,15,34476,True,0.0,0.0
120570139191,Hillsborough,1718,0,35169,True,0.0,0.0
120570139192,Hillsborough,2081,0,29979,True,0.0,0.0
120570139193,Hillsborough,3208,13,28823,True,0.0,0.0
120570139201,Hillsborough,1867,8,4692,True,0.0,0.0
120570139202,Hillsborough,2134,0,14868,True,0.0,0.0
120570139211,Hillsborough,4504,4,13893,True,0.0,0.0
120570139221,Hillsborough,6462,63,12716,True,0.0,0.0
120570139231,Hillsborough,7355,23,13122,True,0.0,0.0
120570140021,Hillsborough,2448,9,14561,True,0.0,0.0
120570140022,Hillsborough,835,9,3543,True,0.0,0.0
120570140031,Hillsborough,1498,5,12043,True,0.0,0.0
120570140071,Hillsborough,4563,0,23429,True,0.0,0.0
120570140081,Hillsborough,1515,31,19536,True,0.0,0.0
120570140082,Hillsborough,1451,87,15133,True,0.0,0.0
120570140083,Hillsborough,550,15,22226,True,0.0,0.0
120570140091,Hillsborough,2027,205,24248,True,0.0,0.0
120570140101,Hillsborough,1139,34,24916,True,0.0,0.0
120570140102,Hillsborough,1399,37,20552,True,0.0,0.0
120570140111,Hillsborough,1391,102,16298,True,0.0,0.0
120570140112,Hillsborough,1297,81,20960,True,0.0,0.0
120570140113,Hillsborough,938,42,17707,True,0.0,0.0
120570140121,Hillsborough,1126,87,18985,True,0.0,0.0
120570140122,Hillsborough,1681,17,17914,True,0.0,0.0
120570140131,Hillsborough,1228,31,20665,True,0.0,0.0
120570140141,Hillsborough,1215,345,22745,True,0.0,0.0
120570140142,Hillsborough,895,11,19621,True,0.0,0.0
120570140151,Hillsborough,1799,16,19943,True,0.0,0.0
120570140161,Hillsborough,924,16,15077,True,0.0,0.0
120570141041,Hillsborough,890,7,10711,True,0.0,0.0
120570141042,Hillsborough,658,17,18680,True,0.0,0.0
120570141061,Hillsborough,1074,18,24343,False,56994.0,0.7007143120597022
120570141062,Hillsborough,2203,8,20220,True,0.0,0.0
120570141081,Hillsborough,1175,19,17718,True,0.0,0.0
120570141082,Hillsborough,3004,73,19944,True,0.0,0.0
120570141083,Hillsborough,2140,50,17954,False,2928.0,0.14021645436260893
120570141091,Hillsborough,4768,28,22477,True,0.0,0.0
120570141092,Hillsborough,1626,41,26857,False,2806.0,0.09459596129858747
120570141171,Hillsborough,1713,0,18074,True,0.0,0.0
120570141172,Hillsborough,1191,18,19031,True,0.0,0.0
120570141181,Hillsborough,3886,10,18730,True,0.0,0.0
120570141191,Hillsborough,6944,14,27285,True,0.0,0.0
120570141211,Hillsborough,5403,25,15307,True,0.0,0.0
120570141221,Hillsborough,5633,85,24571,True,0.0,0.0
120579801001,Hillsborough,0,0,85967,True,0.0,0.0
120579802001,Hillsborough,0,0,33181,True,0.0,0.0
120579803001,Hillsborough,0,0,1263,True,0.0,0.0
120579804001,Hillsborough,89,0,17567,True,0.0,0.0
120579805001,Hillsborough,18,0,44532,True,0.0,0.0
120579806001,Hillsborough,0,0,135030,False,3454.0,0.024941509488460762
120579807001,Hillsborough,0,0,42908,True,0.0,0.0
121010301011,Pasco,2005,47,8249,True,0.0,0.0
121010301012,Pasco,894,26,6903,True,0.0,0.0
121010301021,Pasco,604,8,9656,True,0.0,0.0
121010301022,Pasco,757,35,10595,False,14934.0,0.5849817854205022
121010301023,Pasco,1283,157,10789,True,0.0,0.0
121010302021,Pasco,1094,0,10577,False,14754.0,0.5824483834037345
121010302022,Pasco,951,58,10632,False,6687.0,0.38610774294127836
121010302023,Pasco,861,21,9311,False,14774.0,0.613410836620303
121010302031,Pasco,671,38,16573,False,8609.0,0.34187117782543086
121010302032,Pasco,932,63,13182,False,4269.0,0.24462781502492695
121010302041,Pasco,1145,24,16047,False,10960.0,0.405820713148443
121010302051,Pasco,919,21,21616,False,10939.0,0.336015972968822
121010302052,Pasco,1359,39,12127,True,0.0,0.0
121010303011,Pasco,1637,129,17893,False,9455.0,0.34572912095948516
121010303012,Pasco,804,21,18642,False,11486.0,0.38124004248539567
121010303021,Pasco,998,27,20743,False,6648.0,0.24270745865430252
121010303022,Pasco,1065,179,22198,False,28971.0,0.566182649651156
121010303031,Pasco,1461,10,16732,True,0.0,0.0
121010303032,Pasco,2098,26,17173,True,0.0,0.0
121010304041,Pasco,751,18,12078,True,0.0,0.0
121010304042,Pasco,2033,19,15654,True,0.0,0.0
121010304051,Pasco,477,24,18059,True,0.0,0.0
121010304052,Pasco,1495,47,15726,True,0.0,0.0
121010304061,Pasco,658,42,21047,False,13776.0,0.3956006087930391
121010304062,Pasco,797,0,19694,False,13755.0,0.4112230559956949
121010304063,Pasco,783,15,19555,False,15571.0,0.4432898707510107
121010304071,Pasco,1609,33,17660,True,0.0,0.0
121010304072,Pasco,1054,44,19040,False,15632.0,0.45085371481310565
121010304081,Pasco,1181,8,18348,True,0.0,0.0
121010304082,Pasco,1138,41,21461,False,14266.0,0.3993058471184258
121010304091,Pasco,1722,34,17672,True,0.0,0.0
121010304092,Pasco,852,0,15416,True,0.0,0.0
121010304101,Pasco,1051,86,21895,False,28596.0,0.5663583608960012
121010304102,Pasco,973,10,18866,False,35167.0,0.6508430033498047
121010304111,Pasco,685,33,16460,True,0.0,0.0
121010304112,Pasco,1508,85,17581,True,0.0,0.0
121010304113,Pasco,997,10,15608,True,0.0,0.0
121010304121,Pasco,1361,46,17356,False,17077.0,0.49594865390758863
121010304122,Pasco,1295,16,20864,False,17294.0,0.4532208187011898
121010305011,Pasco,1185,70,24344,False,35278.0,0.5916943410150616
121010305012,Pasco,300,6,21456,False,26097.0,0.5487981830799319
121010305021,Pasco,1355,24,21920,False,35274.0,0.6167430150015736
121010305022,Pasco,1577,31,22072,True,0.0,0.0
121010305023,Pasco,1593,32,23862,False,13445.0,0.36038813091376953
121010306011,Pasco,1063,145,21996,False,17532.0,0.4435336976320583
121010306012,Pasco,935,35,26766,False,18621.0,0.41027166369224666
121010306021,Pasco,1204,0,23008,False,14139.0,0.38062293051928825
121010306022,Pasco,1472,29,26851,False,16545.0,0.3812563369895843
121010307001,Pasco,1842,19,24203,False,29015.0,0.5452102672028261
121010307002,Pasco,1982,26,25671,False,29012.0,0.5305487994440685
121010308001,Pasco,1389,141,24638,False,11325.0,0.3149069877373968
121010308002,Pasco,1664,127,26373,False,29029.0,0.5239702537814519
121010309011,Pasco,284,69,19841,False,11472.0,0.36636540733880496
121010309012,Pasco,2189,82,22854,False,10633.0,0.31752620419864425
121010309013,Pasco,1327,8,20035,False,6625.0,0.24849962490622657
121010309031,Pasco,2885,38,23991,False,7092.0,0.2281633047003185
121010309041,Pasco,1482,37,24866,False,4798.0,0.16174487594390508
121010309042,Pasco,1382,69,24894,False,10489.0,0.29644179408190374
121010309051,Pasco,2295,84,19904,False,10062.0,0.33578055129146367
121010309052,Pasco,1259,36,23908,False,10590.0,0.30697431735173053
121010310031,Pasco,1652,0,14879,True,0.0,0.0
121010310032,Pasco,1653,25,14864,False,11352.0,0.43301800427220016
121010310033,Pasco,2012,18,15013,True,0.0,0.0
121010310034,Pasco,849,0,15512,True,0.0,0.0
121010310051,Pasco,2457,118,21775,False,11061.0,0.3368558898769643
121010310052,Pasco,1780,25,20024,False,6307.0,0.23952755307432305
121010310061,Pasco,1951,81,22452,False,6477.0,0.22389297936326868
121010310071,Pasco,1982,28,23100,False,11886.0,0.3397358943577431
121010310072,Pasco,2312,186,22476,False,6299.0,0.21890529973935707
121010310073,Pasco,1428,0,21674,False,6361.0,0.22689495273764937
121010310081,Pasco,1036,87,14127,False,3716.0,0.20826094266659195
121010310082,Pasco,1344,14,17893,False,4094.0,0.1862009369172693
121010310091,Pasco,1445,136,14368,False,11680.0,0.4484029484029484
121010310092,Pasco,1670,45,17651,False,11513.0,0.39476752160197504
121010310101,Pasco,2649,65,15450,False,8943.0,0.36662157176239085
121010310102,Pasco,2628,132,14843,False,7828.0,0.3452869304397689
121010310111,Pasco,1222,96,16698,False,7893.0,0.32097108698304255
121010310112,Pasco,1466,61,17958,False,6619.0,0.2693168409488546
121010310121,Pasco,1339,12,14671,True,0.0,0.0
121010310122,Pasco,1404,8,18095,False,4038.0,0.182442506664257
121010310123,Pasco,2114,97,19899,False,4026.0,0.16827586206896553
121010310131,Pasco,1122,7,20956,False,8649.0,0.29214659685863875
121010310132,Pasco,1948,139,19745,False,9282.0,0.31977124745926205
121010310141,Pasco,1721,58,18089,False,7378.0,0.2897082498920171
121010310142,Pasco,1955,74,19310,False,3709.0,0.1611277640210261
121010311011,Pasco,2405,215,13292,False,8067.0,0.3776862212650405
121010311012,Pasco,2707,30,13137,True,0.0,0.0
121010311021,Pasco,1376,0,12597,False,8107.0,0.3915668469860896
121010311022,Pasco,2213,39,15454,True,0.0,0.0
121010311023,Pasco,1482,232,13314,True,0.0,0.0
121010312031,Pasco,1093,94,12307,True,0.0,0.0
121010312032,Pasco,1395,10,10107,False,7428.0,0.4236099230111206
121010312041,Pasco,1820,27,13882,False,7292.0,0.3443846226504203
121010312042,Pasco,869,0,13898,False,7983.0,0.36483707325990583
121010312051,Pasco,1072,30,11123,True,0.0,0.0
121010312052,Pasco,1850,38,13476,True,0.0,0.0
121010312053,Pasco,1248,0,14464,True,0.0,0.0
121010312061,Pasco,1485,30,13763,True,0.0,0.0
121010312062,Pasco,1425,6,12847,True,0.0,0.0
121010312071,Pasco,577,11,13631,True,0.0,0.0
121010312072,Pasco,1841,28,15686,False,3882.0,0.19838511856091579
121010312081,Pasco,1905,32,10511,True,0.0,0.0
121010312082,Pasco,1970,0,17278,True,0.0,0.0
121010313011,Pasco,984,17,11952,False,250.0,0.02048844451729225
121010313012,Pasco,961,69,10080,True,0.0,0.0
121010313013,Pasco,1669,0,10616,True,0.0,0.0
121010313021,Pasco,1665,40,11076,True,0.0,0.0
121010313022,Pasco,1883,0,13075,True,0.0,0.0
121010313023,Pasco,3196,0,14355,False,3975.0,0.21685761047463176
121010314011,Pasco,1036,115,26889,False,11520.0,0.29992970397563073
121010314012,Pasco,1247,67,26079,False,11291.0,0.30214075461600215
121010314013,Pasco,1087,142,25747,False,11497.0,0.308694017828375
121010314014,Pasco,454,7,26384,False,11427.0,0.30221364153288727
121010314041,Pasco,1826,49,25764,False,18925.0,0.4234822887063931
121010314042,Pasco,1975,68,25975,False,6596.0,0.20251143655398973
121010314051,Pasco,1899,104,26115,False,10621.0,0.2891169425087108
121010314061,Pasco,942,172,26930,False,14818.0,0.35493915876209636
121010314062,Pasco,1154,116,27051,False,10564.0,0.2808454074172538
121010314063,Pasco,935,20,25223,False,12581.0,0.3327954713786901
121010314071,Pasco,1374,42,22396,False,10603.0,0.32131276705354705
121010314072,Pasco,1349,120,23992,False,11085.0,0.31601904381788637
121010314081,Pasco,2723,60,29286,False,15746.0,0.34966246224906733
121010314091,Pasco,5744,203,27679,False,11236.0,0.2887318514711551
121010314092,Pasco,1499,14,28820,False,10879.0,0.27403712939872543
121010315031,Pasco,1198,25,26893,False,19855.0,0.4247240523658766
121010315032,Pasco,1493,39,26738,False,18640.0,0.4107717396095024
121010315041,Pasco,2010,10,26245,True,0.0,0.0
121010315051,Pasco,2619,53,27471,False,10948.0,0.2849631692652073
121010315052,Pasco,3326,0,31229,False,10540.0,0.2523402523402523
121010315061,Pasco,1386,59,25770,True,0.0,0.0
121010315062,Pasco,1464,37,22807,True,0.0,0.0
121010315063,Pasco,692,0,30878,False,10510.0,0.25393833961534745
121010315071,Pasco,1829,35,29066,False,1393.0,0.0457336091138908
121010315072,Pasco,1880,0,29858,True,0.0,0.0
121010315073,Pasco,1840,0,27418,True,0.0,0.0
121010315081,Pasco,1847,0,30454,True,0.0,0.0
121010315082,Pasco,2158,8,27242,True,0.0,0.0
121010316011,Pasco,2599,21,28264,True,0.0,0.0
121010316012,Pasco,3523,57,33192,True,0.0,0.0
121010316021,Pasco,2274,11,35356,True,0.0,0.0
121010316022,Pasco,2313,39,35027,True,0.0,0.0
121010316023,Pasco,2415,0,39074,True,0.0,0.0
121010316031,Pasco,3640,24,38701,True,0.0,0.0
121010316032,Pasco,6009,27,37385,True,0.0,0.0
121010316041,Pasco,2413,58,24145,True,0.0,0.0
121010316042,Pasco,1155,39,33280,True,0.0,0.0
121010316043,Pasco,2914,15,33841,True,0.0,0.0
121010316051,Pasco,1515,24,33189,True,0.0,0.0
121010316052,Pasco,2362,65,43850,True,0.0,0.0
121010317011,Pasco,1600,5,10522,True,0.0,0.0
121010317012,Pasco,749,10,30123,True,0.0,0.0
121010317031,Pasco,967,0,16117,False,4004.0,0.19899607375378958
121010317032,Pasco,1705,18,15995,False,3874.0,0.19497710000503296
121010317033,Pasco,1669,107,12657,False,3670.0,0.22478103754517056
121010317041,Pasco,682,0,17934,True,0.0,0.0
121010317042,Pasco,2347,17,21052,False,4573.0,0.17845853658536584
121010317043,Pasco,2844,14,17462,True,0.0,0.0
121010317051,Pasco,2276,9,24534,False,5219.0,0.17541088293617452
121010317052,Pasco,2049,0,24406,True,0.0,0.0
121010317061,Pasco,1513,28,24251,True,0.0,0.0
121010317062,Pasco,1367,11,24144,True,0.0,0.0
121010317071,Pasco,1414,10,21045,True,0.0,0.0
121010317072,Pasco,2258,28,25989,True,0.0,0.0
121010317081,Pasco,1159,14,26536,False,3274.0,0.10982891647098289
121010317082,Pasco,1817,29,22183,True,0.0,0.0
121010317083,Pasco,2151,94,24642,False,3148.0,0.11327815761065131
121010318041,Pasco,1088,39,8624,True,0.0,0.0
121010318042,Pasco,880,0,8864,True,0.0,0.0
121010318043,Pasco,1150,28,9322,True,0.0,0.0
121010318044,Pasco,711,0,11406,True,0.0,0.0
121010318051,Pasco,1802,17,11010,True,0.0,0.0
121010318052,Pasco,2110,41,10479,True,0.0,0.0
121010318061,Pasco,2636,16,13160,True,0.0,0.0
121010318062,Pasco,2559,19,7102,True,0.0,0.0
121010318071,Pasco,990,0,12068,True,0.0,0.0
121010318072,Pasco,543,57,10111,False,3992.0,0.28306034177125433
121010318073,Pasco,1354,62,11678,True,0.0,0.0
121010318081,Pasco,2218,42,14456,True,0.0,0.0
121010318082,Pasco,1288,0,18078,True,0.0,0.0
121010318091,Pasco,1931,8,2793,True,0.0,0.0
121010318092,Pasco,1202,85,4997,True,0.0,0.0
121010319011,Pasco,1892,18,610,True,0.0,0.0
121010319012,Pasco,406,6,3003,True,0.0,0.0
121010319021,Pasco,4128,0,8420,True,0.0,0.0
121010319022,Pasco,3374,90,4314,True,0.0,0.0
121010319023,Pasco,1305,24,18544,False,1024.0,0.05233033524121014
121010319031,Pasco,2487,30,8629,True,0.0,0.0
121010319032,Pasco,1798,0,8271,True,0.0,0.0
121010319033,Pasco,1017,45,7598,True,0.0,0.0
121010319034,Pasco,976,16,13139,True,0.0,0.0
121010320011,Pasco,2461,0,25002,False,916.0,0.03534223319700594
121010320012,Pasco,3382,13,21499,True,0.0,0.0
121010320013,Pasco,832,0,18375,True,0.0,0.0
121010320051,Pasco,1535,10,16864,True,0.0,0.0
121010320052,Pasco,2496,17,18062,True,0.0,0.0
121010320061,Pasco,2578,139,27605,True,0.0,0.0
121010320062,Pasco,3645,81,28871,True,0.0,0.0
121010320063,Pasco,2470,0,28981,True,0.0,0.0
121010320071,Pasco,1133,0,26578,True,0.0,0.0
121010320072,Pasco,1605,13,29646,True,0.0,0.0
121010320081,Pasco,2414,4,26647,True,0.0,0.0
121010320082,Pasco,2812,16,29647,True,0.0,0.0
121010320091,Pasco,1338,19,25750,True,0.0,0.0
121010320092,Pasco,2487,0,26662,True,0.0,0.0
121010320093,Pasco,2054,0,27081,True,0.0,0.0
121010320094,Pasco,1703,0,36972,True,0.0,0.0
121010320101,Pasco,3309,0,40337,True,0.0,0.0
121010320111,Pasco,3304,7,31219,True,0.0,0.0
121010320112,Pasco,1773,0,28880,True,0.0,0.0
121010320121,Pasco,2013,0,36662,True,0.0,0.0
121010320122,Pasco,1817,21,38670,True,0.0,0.0
121010320131,Pasco,1842,0,42817,True,0.0,0.0
121010320132,Pasco,900,91,29516,True,0.0,0.0
121010320133,Pasco,3385,0,46759,True,0.0,0.0
121010320141,Pasco,2576,0,41599,True,0.0,0.0
121010320142,Pasco,4321,0,45343,True,0.0,0.0
121010321031,Pasco,815,0,11771,True,0.0,0.0
121010321032,Pasco,2687,0,22964,True,0.0,0.0
121010321033,Pasco,3173,0,19701,True,0.0,0.0
121010321041,Pasco,2213,0,26053,True,0.0,0.0
121010321042,Pasco,2680,36,22653,True,0.0,0.0
121010321051,Pasco,3939,0,17520,True,0.0,0.0
121010321052,Pasco,3458,49,21846,True,0.0,0.0
121010321061,Pasco,3055,0,30495,True,0.0,0.0
121010321062,Pasco,1376,0,27881,True,0.0,0.0
121010321063,Pasco,3914,39,29815,True,0.0,0.0
121010321071,Pasco,2002,12,24163,True,0.0,0.0
121010321072,Pasco,2625,30,16581,True,0.0,0.0
121010321073,Pasco,1454,6,20463,True,0.0,0.0
121010321081,Pasco,1052,19,22905,False,3498.0,0.13248494489262583
121010321082,Pasco,1704,0,17746,True,0.0,0.0
121010321083,Pasco,2936,41,19881,True,0.0,0.0
121010321091,Pasco,4449,28,41638,True,0.0,0.0
121010321101,Pasco,3162,23,31318,True,0.0,0.0
121010321111,Pasco,2589,0,23415,True,0.0,0.0
121010321112,Pasco,1306,0,20063,True,0.0,0.0
121010321121,Pasco,2668,0,30434,True,0.0,0.0
121010321122,Pasco,1343,0,27264,True,0.0,0.0
121010321131,Pasco,2624,0,26836,True,0.0,0.0
121010321132,Pasco,1529,11,22440,True,0.0,0.0
121010322001,Pasco,1788,8,7614,True,0.0,0.0
121010322002,Pasco,1726,3,12851,True,0.0,0.0
121010322003,Pasco,2142,39,11169,True,0.0,0.0
121010323001,Pasco,2718,0,5517,True,0.0,0.0
121010324011,Pasco,872,0,4713,False,2236.0,0.32177291696647
121010324012,Pasco,2164,26,5824,True,0.0,0.0
121010324021,Pasco,833,23,3309,False,4467.0,0.5744598765432098
121010324022,Pasco,773,40,2900,False,4445.0,0.6051735874744725
121010324023,Pasco,1899,37,2788,True,0.0,0.0
121010325001,Pasco,1066,37,7568,False,3996.0,0.3455551712210308
121010325002,Pasco,799,69,7652,False,4542.0,0.3724782680006561
121010325003,Pasco,1068,70,8132,False,2381.0,0.2264814990963569
121010325004,Pasco,1738,12,6346,True,0.0,0.0
121010325005,Pasco,1169,0,8103,True,0.0,0.0
121010326011,Pasco,2298,55,9419,False,3899.0,0.2927616759273164
121010326012,Pasco,910,101,8514,False,4226.0,0.3317111459968603
121010326021,Pasco,1585,27,8869,False,4569.0,0.3400059532668552
121010326022,Pasco,1776,21,7948,True,0.0,0.0
121010327001,Pasco,608,23,6669,True,0.0,0.0
121010327002,Pasco,1039,35,5845,True,0.0,0.0
121010327003,Pasco,1243,9,7288,True,0.0,0.0
121010328011,Pasco,1838,19,7951,True,0.0,0.0
121010328021,Pasco,2126,21,3945,True,0.0,0.0
121010328022,Pasco,954,31,12397,True,0.0,0.0
121010328031,Pasco,1043,32,12799,False,7782.0,0.37811573781643265
121010328032,Pasco,823,6,15664,False,7516.0,0.3242450388265746
121010328041,Pasco,1238,0,17389,False,6202.0,0.26289686744945107
121010328042,Pasco,1453,247,17708,False,9869.0,0.3578706893425681
121010329011,Pasco,2452,127,18543,True,0.0,0.0
121010329012,Pasco,3145,27,17495,True,0.0,0.0
121010329021,Pasco,960,4,20658,True,0.0,0.0
121010329022,Pasco,785,21,22367,False,4484.0,0.16699564262038658
121010329031,Pasco,859,9,20275,False,4460.0,0.180311299777643
121010329032,Pasco,1155,10,24211,False,4455.0,0.15541059094397544
121010329033,Pasco,1225,21,15475,True,0.0,0.0
121010329041,Pasco,2463,25,21450,True,0.0,0.0
121010330051,Pasco,1498,17,12169,True,0.0,0.0
121010330052,Pasco,420,0,15933,True,0.0,0.0
121010330053,Pasco,1992,92,16094,False,3298.0,0.17007013201320131
121010330054,Pasco,364,0,17761,True,0.0,0.0
121010330061,Pasco,1342,15,19340,False,2472.0,0.11333211076471666
121010330062,Pasco,904,32,20039,False,8737.0,0.30362107311648595
121010330071,Pasco,860,18,20183,True,0.0,0.0
121010330072,Pasco,1027,20,20892,False,4447.0,0.175500217056711
121010330081,Pasco,514,18,23451,False,10132.0,0.3017002650150374
121010330082,Pasco,1189,47,15946,True,0.0,0.0
121010330083,Pasco,698,0,23663,False,4563.0,0.16165946290654007
121010330091,Pasco,894,63,19702,False,3514.0,0.15136113025499656
121010330092,Pasco,812,58,21550,False,10220.0,0.32168712621970413
121010330093,Pasco,1201,67,20600,False,7249.0,0.2602965995188337
121010330101,Pasco,384,81,19698,False,3281.0,0.14278254058053005
121010330102,Pasco,1369,20,15950,False,3280.0,0.1705668226729069
121010330103,Pasco,1947,44,20524,False,4420.0,0.17719692110327132
121010330111,Pasco,760,4,21127,True,0.0,0.0
121010330112,Pasco,1191,33,19331,True,0.0,0.0
121010330121,Pasco,1080,66,23302,False,3336.0,0.1252346272242661
121010330122,Pasco,1456,67,22832,True,0.0,0.0
121010330131,Pasco,1233,58,23649,False,8606.0,0.2668113470779724
121010330132,Pasco,1149,32,22353,False,9769.0,0.30412178569204906
121010330133,Pasco,716,0,22686,False,9137.0,0.2871193790654558
121010330141,Pasco,836,43,17613,True,0.0,0.0
121010330142,Pasco,999,35,23154,True,0.0,0.0
121010330143,Pasco,781,11,21906,True,0.0,0.0
121010331011,Pasco,1232,11,8771,True,0.0,0.0
121010331012,Pasco,1314,29,13268,True,0.0,0.0
121010331021,Pasco,902,0,19322,True,0.0,0.0
121010331022,Pasco,476,7,14332,True,0.0,0.0
121030201011,Pinellas,1321,105,52797,False,74976.0,0.5867906365194525
121030201012,Pinellas,995,79,47278,False,66278.0,0.5836591637606116
121030201013,Pinellas,1977,67,50853,False,81413.0,0.6155247758305233
121030201014,Pinellas,660,35,53807,False,68215.0,0.5590385340348462
121030201051,Pinellas,1873,0,46674,False,18939.0,0.28864706689223174
121030201052,Pinellas,1768,136,46413,False,34891.0,0.4291424776148775
121030201053,Pinellas,1550,8,44961,False,66137.0,0.5953032457830024
121030201061,Pinellas,537,0,13481,True,0.0,0.0
121030201062,Pinellas,1475,0,16725,True,0.0,0.0
121030201063,Pinellas,1058,0,18168,True,0.0,0.0
121030201064,Pinellas,487,0,22192,True,0.0,0.0
121030201071,Pinellas,836,0,34215,False,3897.0,0.10225125944584383
121030201072,Pinellas,838,26,38422,False,10895.0,0.22091773627755135
121030201081,Pinellas,693,0,31876,False,10893.0,0.2546938202903973
121030201082,Pinellas,478,35,34907,False,10826.0,0.2367218419959329
121030201083,Pinellas,1086,0,26919,True,0.0,0.0
121030202011,Pinellas,2289,28,46804,False,31150.0,0.3995946327321241
121030202012,Pinellas,2160,28,47875,False,60195.0,0.5570000925326177
121030202013,Pinellas,845,18,54908,False,55770.0,0.5038941795117368
121030202021,Pinellas,653,53,41264,False,50406.0,0.5498636413221337
121030202022,Pinellas,1344,10,42867,False,61844.0,0.5906160766299625
121030202023,Pinellas,1372,0,38134,False,61885.0,0.6187324408362411
121030202061,Pinellas,2713,74,50648,False,72030.0,0.5871468396941587
121030202062,Pinellas,1756,127,49260,False,71865.0,0.5933126934984521
121030202071,Pinellas,2118,36,45425,False,67097.0,0.5963011677716358
121030202072,Pinellas,748,0,46061,False,67034.0,0.592722932048278
121030202081,Pinellas,1399,28,46342,False,41080.0,0.4699046006725996
121030202082,Pinellas,1032,46,37964,False,61868.0,0.6197211315009216
121030202091,Pinellas,1136,7,43022,False,67047.0,0.6091360873633812
121030202092,Pinellas,1546,42,41705,False,61974.0,0.597748820879831
121030202093,Pinellas,658,11,45940,False,66970.0,0.5931272695066867
121030202094,Pinellas,1047,18,41210,False,61973.0,0.6006125039977516
121030203011,Pinellas,1001,58,48525,False,61915.0,0.5606211517566099
121030203012,Pinellas,884,0,46452,False,62067.0,0.5719459265197799
121030203013,Pinellas,819,33,42424,False,61840.0,0.5931097982045577
121030203014,Pinellas,597,0,43280,False,61920.0,0.5885931558935361
121030203021,Pinellas,927,18,38521,False,47613.0,0.5527782292706713
121030203022,Pinellas,1866,25,41288,False,48172.0,0.5384752962217751
121030203023,Pinellas,1285,0,45735,False,53547.0,0.5393424789992144
121030204001,Pinellas,734,22,51759,True,0.0,0.0
121030204002,Pinellas,796,32,57928,False,177200.0,0.7536320642373515
121030204003,Pinellas,879,25,57119,False,61491.0,0.5184301492285642
121030205001,Pinellas,404,35,57560,False,184386.0,0.7620956742413596
121030205002,Pinellas,1349,153,56847,False,134227.0,0.7024869945675497
121030205003,Pinellas,795,172,56005,False,61493.0,0.5233535889972595
121030205004,Pinellas,1528,63,54100,False,61480.0,0.5319259387437273
121030206001,Pinellas,1153,10,57973,False,137088.0,0.7027955357554816
121030206002,Pinellas,1102,11,53154,False,121719.0,0.6960422706764338
121030206003,Pinellas,1264,99,55401,False,119268.0,0.6828229393882143
121030206004,Pinellas,561,28,61371,False,166717.0,0.7309327978674898
121030207001,Pinellas,298,28,66482,False,200062.0,0.7505777657722552
121030207002,Pinellas,1008,80,62303,False,166737.0,0.7279820118756549
121030207003,Pinellas,703,85,59812,False,121750.0,0.6705698328945484
121030207004,Pinellas,1217,64,64490,False,166739.0,0.7210989970981149
121030208001,Pinellas,846,127,55060,False,79161.0,0.589781032774305
121030208002,Pinellas,601,34,62585,False,176430.0,0.738154509131226
121030208003,Pinellas,1397,120,56067,False,138944.0,0.7124931414125357
121030208004,Pinellas,943,47,58100,False,100320.0,0.6332533770988511
121030208005,Pinellas,764,0,58655,False,100755.0,0.6320494322815382
121030208006,Pinellas,1167,92,60103,False,175912.0,0.7453424570472216
121030212001,Pinellas,454,23,63376,False,206143.0,0.7648551679102401
121030212002,Pinellas,546,114,59188,False,144711.0,0.7097190275577614
121030212003,Pinellas,1268,36,59053,False,137167.0,0.6990469880746101
121030212004,Pinellas,1021,49,61691,False,166725.0,0.7299182193891847
121030215001,Pinellas,1183,282,66341,False,217019.0,0.7658773291925466
121030215002,Pinellas,370,130,78965,False,216747.0,0.7329665350070339
121030215003,Pinellas,1783,54,66885,False,193741.0,0.7433678911543745
121030216001,Pinellas,581,32,74771,False,175111.0,0.7007747656894054
121030216002,Pinellas,671,277,70366,False,186339.0,0.7258876920979335
121030216003,Pinellas,1202,57,68835,False,167286.0,0.7084757391337492
121030218001,Pinellas,703,78,74255,False,185603.0,0.7142477814806548
121030218002,Pinellas,957,100,67701,False,213318.0,0.7590874638369648
121030218003,Pinellas,202,17,73752,False,189617.0,0.7199670424385558
121030218004,Pinellas,1209,50,78611,False,164593.0,0.6767692965576224
121030219001,Pinellas,660,64,73067,False,178096.0,0.7090853350214801
121030219002,Pinellas,642,11,73960,False,178438.0,0.7069707366936346
121030219003,Pinellas,565,67,71970,False,189242.0,0.7244766702907983
121030219004,Pinellas,270,0,70466,False,213227.0,0.7516117775200657
121030219005,Pinellas,748,96,66623,False,212840.0,0.7616035038627654
121030220001,Pinellas,863,0,60404,False,149270.0,0.7119146866087355
121030220002,Pinellas,450,38,64412,False,184854.0,0.741593317981594
121030220003,Pinellas,769,11,66773,False,189120.0,0.7390589035260832
121030220004,Pinellas,1060,29,60278,False,188028.0,0.7572430791040088
121030221001,Pinellas,902,118,61658,False,173315.0,0.7375953832993578
121030221002,Pinellas,809,27,68905,False,188923.0,0.7327481887149573
121030221003,Pinellas,914,165,68095,False,188919.0,0.735053343397636
121030221004,Pinellas,1056,99,63678,False,188507.0,0.7474948946210124
121030221005,Pinellas,1222,0,64325,False,146739.0,0.6952346207785316
121030222001,Pinellas,1059,17,64271,False,140643.0,0.6863513473945168
121030222002,Pinellas,1255,51,61761,False,140754.0,0.6950299977779424
121030222003,Pinellas,1448,26,59212,False,180556.0,0.7530446097894632
121030222004,Pinellas,760,9,58765,False,146726.0,0.7140264050493695
121030223011,Pinellas,1158,19,52314,False,90156.0,0.6328069067172036
121030223012,Pinellas,1345,28,47443,False,66945.0,0.5852449557645907
121030223013,Pinellas,596,12,48695,False,101354.0,0.6754726789248845
121030223021,Pinellas,1111,93,50420,False,101508.0,0.6681322731820336
121030223022,Pinellas,1068,8,52424,False,101754.0,0.6599774286863236
121030223023,Pinellas,1671,159,54780,False,97730.0,0.6408104386597601
121030224011,Pinellas,945,28,44541,False,40148.0,0.4740639280189871
121030224012,Pinellas,1356,18,35413,True,0.0,0.0
121030224013,Pinellas,652,0,47773,False,40122.0,0.4564764776153365
121030224014,Pinellas,679,42,42111,False,67005.0,0.6140712636093698
121030224021,Pinellas,404,35,48837,False,30544.0,0.3847772136909336
121030224022,Pinellas,1553,30,43448,False,85061.0,0.6619069481514913
121030224023,Pinellas,394,12,51342,False,36592.0,0.41613027952782766
121030224024,Pinellas,652,0,53984,False,38373.0,0.4154855614625854
121030224025,Pinellas,950,0,48893,False,33096.0,0.40366390613374964
121030224026,Pinellas,620,41,45248,False,59908.0,0.56970596066796
121030225011,Pinellas,2282,0,58203,False,92248.0,0.6131431495968788
121030225012,Pinellas,863,16,55600,False,111298.0,0.666862394995746
121030225013,Pinellas,2052,190,46856,False,36368.0,0.43698933000096124
121030225021,Pinellas,1229,18,58826,False,36998.0,0.3861036900985139
121030225022,Pinellas,791,38,56677,False,31662.0,0.3584147432051529
121030225023,Pinellas,1865,9,58518,False,30532.0,0.34286355979786637
121030225031,Pinellas,1991,24,65397,False,13854.0,0.17481167430063974
121030225032,Pinellas,1510,0,61842,False,58719.0,0.48704805036454574
121030225033,Pinellas,1955,49,62336,False,27737.0,0.30793911605031477
121030226011,Pinellas,1322,17,66923,False,130428.0,0.6608935348693444
121030226012,Pinellas,1094,27,65556,False,130230.0,0.665165027121449
121030226013,Pinellas,1330,37,60796,False,134848.0,0.6892519065240947
121030226021,Pinellas,1852,53,73943,False,56558.0,0.4333913150090804
121030226022,Pinellas,1153,0,65623,False,130164.0,0.6648245286970024
121030226023,Pinellas,1688,10,66721,False,15901.0,0.19245479412263078
121030227001,Pinellas,1833,71,69661,False,137579.0,0.6638631538313067
121030227002,Pinellas,1665,32,70587,False,160573.0,0.6946400761377401
121030227003,Pinellas,696,41,67150,False,130195.0,0.659732954977324
121030228011,Pinellas,2339,0,77185,False,62519.0,0.4475104506671248
121030228012,Pinellas,1301,35,79320,False,56716.0,0.41691905083948366
121030228013,Pinellas,1382,86,79825,False,71965.0,0.47410896633506816
121030228021,Pinellas,1138,0,71028,False,103964.0,0.5941071591844198
121030228022,Pinellas,1276,0,69366,False,122685.0,0.6388146898480092
121030228023,Pinellas,1349,22,70941,False,129730.0,0.646481056056929
121030229011,Pinellas,2315,51,73977,False,141400.0,0.6565232127850235
121030229012,Pinellas,722,26,76813,False,168214.0,0.6865120986666775
121030229021,Pinellas,1125,56,80329,False,76017.0,0.48621007253143667
121030229022,Pinellas,687,0,80134,False,73579.0,0.4786777956321196
121030229023,Pinellas,1108,117,81361,False,73416.0,0.4743340418796074
121030230001,Pinellas,1275,13,90126,False,94820.0,0.5126901906502439
121030230002,Pinellas,1232,0,83398,False,59547.0,0.4165728077232502
121030231001,Pinellas,1230,27,88156,False,20244.0,0.18675276752767528
121030231002,Pinellas,1218,67,85212,False,21722.0,0.2031346437989788
121030232001,Pinellas,967,15,86090,False,55380.0,0.3914610871562876
121030232002,Pinellas,1028,15,81588,False,56478.0,0.4090652296727652
121030232003,Pinellas,807,0,82243,False,55817.0,0.4042952339562509
121030233001,Pinellas,1142,47,79994,False,98181.0,0.5510369019222674
121030233002,Pinellas,535,11,79722,False,95668.0,0.5454586920577
121030233003,Pinellas,757,43,80023,False,121621.0,0.6031471305865783
121030234001,Pinellas,690,54,76995,False,122035.0,0.6131487715419786
121030234002,Pinellas,984,104,76681,False,187415.0,0.7096472494850358
121030235001,Pinellas,944,123,72301,False,184821.0,0.718806636538297
121030235002,Pinellas,877,42,75009,False,146281.0,0.6610375525328754
121030235003,Pinellas,1521,111,69841,False,191506.0,0.7327652507968333
121030236001,Pinellas,548,111,63911,False,71627.0,0.5284643421033216
121030236002,Pinellas,1259,150,71158,False,186319.0,0.7236335672700862
121030236003,Pinellas,1343,132,69081,False,101273.0,0.5944856005729247
121030237001,Pinellas,1065,0,63145,False,69317.0,0.5232972475124942
121030237002,Pinellas,641,0,65187,False,26118.0,0.28605224248398226
121030237003,Pinellas,975,57,68983,False,68978.0,0.49998187893680096
121030238001,Pinellas,1127,11,67968,False,69012.0,0.5038107752956636
121030238002,Pinellas,1346,9,78746,False,71300.0,0.47518760913319913
121030239001,Pinellas,817,14,77436,False,71643.0,0.48057070412331715
121030239002,Pinellas,1269,160,71202,False,71558.0,0.5012468478565425
121030240011,Pinellas,1473,0,56551,True,0.0,0.0
121030240012,Pinellas,1676,11,43261,True,0.0,0.0
121030240021,Pinellas,1766,17,67755,True,0.0,0.0
121030240022,Pinellas,1617,28,72383,False,68935.0,0.4878005632686565
121030240023,Pinellas,2410,80,54738,True,0.0,0.0
121030240041,Pinellas,2766,21,51781,True,0.0,0.0
121030240042,Pinellas,1698,0,52928,True,0.0,0.0
121030240043,Pinellas,1013,0,49032,True,0.0,0.0
121030240051,Pinellas,1715,21,53206,True,0.0,0.0
121030240052,Pinellas,1400,6,59000,True,0.0,0.0
121030241001,Pinellas,606,50,71973,False,70998.0,0.4965902175965755
121030241002,Pinellas,1488,7,70327,False,71163.0,0.5029542723867411
121030241003,Pinellas,1058,73,68699,False,70942.0,0.5080313088562814
121030241004,Pinellas,1377,29,73265,False,71385.0,0.4935015554787418
121030242001,Pinellas,1263,28,82956,False,55540.0,0.4010224121996303
121030242002,Pinellas,1396,0,91341,False,32911.0,0.26487300003219266
121030242003,Pinellas,527,0,82236,False,30911.0,0.2731932795390068
121030242004,Pinellas,987,12,85711,False,20284.0,0.19136751733572338
121030242005,Pinellas,889,54,84246,False,54034.0,0.39075788255713045
121030243011,Pinellas,1611,0,85233,False,35403.0,0.2934696110613747
121030243012,Pinellas,1097,21,78095,False,28603.0,0.26807437815141805
121030243013,Pinellas,1077,26,79299,False,28822.0,0.26657171132342466
121030243014,Pinellas,695,0,83248,False,55001.0,0.3978401290425247
121030243021,Pinellas,1088,0,82235,False,31890.0,0.2794304490690033
121030243022,Pinellas,2204,64,72085,False,20313.0,0.21984242083161973
121030243023,Pinellas,1093,85,84109,False,24821.0,0.22786192967961075
121030244031,Pinellas,1084,0,75539,False,76796.0,0.5041257754291528
121030244032,Pinellas,1991,122,85466,False,40062.0,0.3191479191893442
121030244033,Pinellas,1283,84,78210,False,76803.0,0.49546167095662946
121030244061,Pinellas,2096,83,96545,False,24525.0,0.20256876187329645
121030244062,Pinellas,1791,72,94615,False,42451.0,0.30971210949469596
121030244063,Pinellas,1744,24,99091,True,0.0,0.0
121030244081,Pinellas,1728,0,73652,False,30134.0,0.2903474457055865
121030244082,Pinellas,1522,60,79441,False,78194.0,0.49604466013258475
121030244083,Pinellas,935,60,77226,False,75501.0,0.494352668486908
121030244091,Pinellas,1686,48,70964,False,30588.0,0.30120529383960926
121030244092,Pinellas,1254,0,56920,True,0.0,0.0
121030244101,Pinellas,1977,105,85727,False,45796.0,0.34819765364232874
121030244102,Pinellas,1569,135,89495,False,44622.0,0.33270949991425397
121030244111,Pinellas,304,0,71650,False,31685.0,0.3066240867082789
121030244112,Pinellas,2069,36,81523,False,19420.0,0.19238580188819432
121030244113,Pinellas,842,9,75005,False,31246.0,0.29407723221428506
121030244114,Pinellas,807,19,73508,False,34214.0,0.3176138578934665
121030244121,Pinellas,3560,33,82425,True,0.0,0.0
121030244122,Pinellas,739,29,102223,False,47130.0,0.3155611202988892
121030244131,Pinellas,1517,79,90000,False,44808.0,0.332383834787253
121030244132,Pinellas,654,19,82995,False,20212.0,0.1958394294960613
121030244133,Pinellas,2279,85,78841,False,25707.0,0.2458870566629682
121030244134,Pinellas,708,112,81970,False,44815.0,0.35347241392909257
121030245051,Pinellas,898,17,62935,False,33316.0,0.34613666351518424
121030245052,Pinellas,2719,0,81608,False,24239.0,0.22900034956115903
121030245053,Pinellas,1114,50,75969,False,53315.0,0.41238668358033476
121030245054,Pinellas,2256,23,68447,False,30041.0,0.3050219316058809
121030245071,Pinellas,2273,11,58062,True,0.0,0.0
121030245072,Pinellas,1487,49,52135,False,30448.0,0.3686957364106414
121030245081,Pinellas,3382,50,59634,True,0.0,0.0
121030245082,Pinellas,1872,11,63656,False,44214.0,0.4098822656901826
121030245091,Pinellas,939,8,81106,True,0.0,0.0
121030245092,Pinellas,1311,11,78116,True,0.0,0.0
121030245093,Pinellas,1396,9,92181,False,559.0,0.006027604054345482
121030245101,Pinellas,876,0,65230,False,23405.0,0.26406047272522143
121030245102,Pinellas,2141,87,65704,False,58812.0,0.4723248417874008
121030245103,Pinellas,2449,0,75992,False,46551.0,0.37987481945113144
121030245111,Pinellas,2473,51,84522,False,26394.0,0.23796386454614302
121030245112,Pinellas,425,0,88664,False,21088.0,0.19214228442306291
121030245113,Pinellas,6324,93,78598,False,149.0,0.0018921355734186698
121030245121,Pinellas,954,13,81156,True,0.0,0.0
121030245122,Pinellas,2324,16,87108,False,23956.0,0.2156954548728661
121030245131,Pinellas,966,16,84337,False,23742.0,0.2196726468601671
121030245132,Pinellas,531,14,85008,False,102859.0,0.547509674397313
121030245133,Pinellas,2348,77,87863,False,33933.0,0.2786052087096456
121030245141,Pinellas,1055,29,64676,False,64300.0,0.4985423644709093
121030245142,Pinellas,2187,40,64399,False,25877.0,0.28664318312729853
121030245143,Pinellas,1709,67,64359,False,38719.0,0.3756281650788723
121030246011,Pinellas,1795,46,85968,False,99375.0,0.5361680775642997
121030246012,Pinellas,1041,35,83104,False,18539.0,0.1823932784353079
121030246013,Pinellas,1036,64,87920,False,103030.0,0.5395653312385441
121030246021,Pinellas,1179,57,88733,False,91531.0,0.5077608396573914
121030246022,Pinellas,1635,54,81694,False,91799.0,0.529122212423556
121030246023,Pinellas,2156,112,86406,False,97878.0,0.5311258709383343
121030246024,Pinellas,826,0,86437,False,98299.0,0.5321052745539581
121030247011,Pinellas,1268,187,83818,False,97796.0,0.5384827160901693
121030247012,Pinellas,761,36,76660,False,52155.0,0.40488297170360593
121030247013,Pinellas,1494,49,84779,False,98001.0,0.5361691651165336
121030247021,Pinellas,371,35,71361,False,11932.0,0.14325333461395315
121030247022,Pinellas,868,7,75163,False,68413.0,0.4764932857859252
121030247023,Pinellas,916,40,80727,False,68673.0,0.4596586345381526
121030247031,Pinellas,1486,58,86301,False,74372.0,0.4628780193311882
121030247032,Pinellas,1182,2,80749,False,20619.0,0.2034073869465709
121030247033,Pinellas,541,18,80547,False,62514.0,0.4369744374777193
121030248011,Pinellas,2146,10,78089,False,30311.0,0.2796217712177122
121030248012,Pinellas,2082,37,70916,False,24612.0,0.2576417385478603
121030248031,Pinellas,746,40,62574,False,18960.0,0.2325410258297152
121030248032,Pinellas,1790,82,73556,False,11894.0,0.1391925102399064
121030248041,Pinellas,2174,74,66493,False,12822.0,0.1616592069595915
121030248051,Pinellas,1530,12,71041,False,11947.0,0.1439605726129079
121030248052,Pinellas,1220,49,65785,True,0.0,0.0
121030249011,Pinellas,1194,113,82407,False,92013.0,0.5275369797041624
121030249012,Pinellas,2254,23,73930,False,35001.0,0.321313492027063
121030249013,Pinellas,2261,35,76866,False,34484.0,0.309690166142793
121030249021,Pinellas,1685,14,81830,False,91460.0,0.5277857926019967
121030249022,Pinellas,1093,65,85849,False,99641.0,0.5371772063183999
121030249023,Pinellas,2462,65,89305,False,103506.0,0.5368262184211482
121030249024,Pinellas,1823,50,79975,False,97540.0,0.5494746922795257
121030249041,Pinellas,2300,43,71992,False,7027.0,0.08892797934673939
121030249042,Pinellas,1248,98,67222,False,35682.0,0.3467503692762186
121030249051,Pinellas,2736,70,117141,False,39821.0,0.2536983473707012
121030249052,Pinellas,3091,70,117845,False,15007.0,0.11296028663475145
121030249053,Pinellas,1046,0,111249,True,0.0,0.0
121030249061,Pinellas,2295,79,109620,False,34488.0,0.23932050961778667
121030249062,Pinellas,1023,54,113962,False,41007.0,0.26461421316521366
121030249063,Pinellas,598,6,112927,False,91941.0,0.4487816545287697
121030250041,Pinellas,1694,76,100016,False,27629.0,0.2164518782561009
121030250042,Pinellas,1611,0,97611,False,31439.0,0.24361875242154205
121030250043,Pinellas,2127,40,100501,False,27780.0,0.21655584225255495
121030250044,Pinellas,899,126,102360,False,44821.0,0.3045297966449474
121030250071,Pinellas,917,0,85396,False,61038.0,0.41682942486034663
121030250072,Pinellas,2073,64,82328,False,114.0,0.0013827903253196187
121030250073,Pinellas,1086,0,80242,False,39653.0,0.330731056340965
121030250091,Pinellas,2226,6,95594,False,4098.0,0.041106608353729486
121030250092,Pinellas,2002,85,102855,False,29426.0,0.222450692087299
121030250101,Pinellas,1272,0,85061,False,36277.0,0.2989747647068519
121030250102,Pinellas,866,0,103332,False,16747.0,0.1394665178757318
121030250103,Pinellas,1025,0,102512,False,26424.0,0.2049388844077682
121030250104,Pinellas,1801,51,93663,False,38896.0,0.29342406022978446
121030250111,Pinellas,2551,30,92338,False,62509.0,0.4036823445078045
121030250112,Pinellas,1399,0,101038,False,5231.0,0.049224138742248444
121030250113,Pinellas,1437,19,83226,True,0.0,0.0
121030250121,Pinellas,1423,39,82230,False,15.0,0.0001823819077147547
121030250122,Pinellas,1591,15,91138,True,0.0,0.0
121030250123,Pinellas,2416,59,79533,False,21.0,0.0002639716419036126
121030250131,Pinellas,1797,42,82551,False,13115.0,0.13709154767629042
121030250132,Pinellas,990,50,86158,False,24621.0,0.22225331515901028
121030250133,Pinellas,1297,30,85461,False,32853.0,0.277676352756225
121030250141,Pinellas,2249,42,98832,False,34644.0,0.2595522790614043
121030250142,Pinellas,634,62,95337,False,35304.0,0.2702367556892553
121030250143,Pinellas,1775,24,95439,False,12589.0,0.11653460214018588
121030250151,Pinellas,1282,104,88264,False,21883.0,0.1986708671139477
121030250152,Pinellas,1513,78,83545,False,16608.0,0.16582628578275238
121030250161,Pinellas,2187,50,74509,False,33001.0,0.3069574923262952
121030250171,Pinellas,1411,74,84254,False,20345.0,0.19450472757865753
121030250172,Pinellas,1129,72,92651,False,22511.0,0.1954724648755666
121030250181,Pinellas,622,18,96577,False,23144.0,0.19331612666115386
121030250182,Pinellas,696,77,101195,False,26120.0,0.20516042885755803
121030250183,Pinellas,891,20,89658,False,17909.0,0.16649158199075925
121030250191,Pinellas,529,44,88556,False,37013.0,0.2947622422731725
121030250192,Pinellas,1766,141,84390,False,16106.0,0.1602650851775195
121030251061,Pinellas,889,51,60621,False,4643.0,0.07114182397646482
121030251062,Pinellas,1455,112,63993,False,35771.0,0.3585561926145704
121030251071,Pinellas,784,62,59474,False,22209.0,0.27189256026345754
121030251072,Pinellas,1565,27,58415,False,29718.0,0.3371949213121078
121030251073,Pinellas,1654,54,49502,True,0.0,0.0
121030251081,Pinellas,1042,87,53717,False,5602.0,0.09443854414268615
121030251082,Pinellas,1129,34,52686,False,5115.0,0.08849327866299891
121030251091,Pinellas,1072,11,65055,False,24546.0,0.2739478354036227
121030251092,Pinellas,1815,92,57431,True,0.0,0.0
121030251093,Pinellas,1425,26,59580,False,29536.0,0.3314331882041384
121030251101,Pinellas,1323,49,50742,False,12208.0,0.19393169181890388
121030251102,Pinellas,923,12,61343,False,11976.0,0.16334101665325496
121030251103,Pinellas,1192,0,53773,True,0.0,0.0
121030251104,Pinellas,1564,15,53635,True,0.0,0.0
121030251111,Pinellas,1227,122,66643,False,37929.0,0.36270703438779023
121030251112,Pinellas,521,173,64046,False,38060.0,0.3727498873719468
121030251113,Pinellas,1289,173,67787,False,36839.0,0.35210177202607384
121030251121,Pinellas,942,0,81082,False,27954.0,0.25637404160093913
121030251122,Pinellas,1244,31,71800,False,30657.0,0.2992182086143455
121030251123,Pinellas,1217,23,72199,False,28391.0,0.2822447559399543
121030251131,Pinellas,936,20,71316,True,0.0,0.0
121030251132,Pinellas,630,38,63370,False,12074.0,0.16003923439902445
121030251133,Pinellas,1119,24,68539,False,12043.0,0.14945024943535778
121030251141,Pinellas,1912,33,72069,True,0.0,0.0
121030251142,Pinellas,1316,51,76891,False,28723.0,0.2719620504857311
121030251151,Pinellas,1966,145,66952,False,30005.0,0.30946708334622564
121030251152,Pinellas,1288,49,72249,False,29196.0,0.2878012716250185
121030251161,Pinellas,699,27,81083,True,0.0,0.0
121030251162,Pinellas,1399,5,71489,True,0.0,0.0
121030251191,Pinellas,2473,20,70199,True,0.0,0.0
121030251192,Pinellas,1055,68,61545,False,14257.0,0.18808210865148678
121030251193,Pinellas,1980,25,59831,False,12762.0,0.17580207458019367
121030251201,Pinellas,1281,0,73251,True,0.0,0.0
121030251202,Pinellas,771,0,63823,True,0.0,0.0
121030251203,Pinellas,1528,21,62793,True,0.0,0.0
121030251211,Pinellas,2423,19,59998,False,12126.0,0.16812711441406467
121030251212,Pinellas,2178,20,59337,False,12164.0,0.17012349477629685
121030251221,Pinellas,1955,0,49154,False,12081.0,0.19728913203233445
121030251222,Pinellas,1890,19,55619,False,12199.0,0.1798784983337757
121030251223,Pinellas,1787,22,57997,False,12102.0,0.1726415498081285
121030251231,Pinellas,1110,5,63311,False,12094.0,0.1603872422253166
121030251232,Pinellas,739,9,51901,False,12225.0,0.1906403019056233
121030252031,Pinellas,2457,350,71454,False,41362.0,0.36663239256843
121030252032,Pinellas,1113,4,65272,False,146.0,0.0022318016448072396
121030252033,Pinellas,2151,15,60687,False,47.0,0.0007738663680969474
121030252041,Pinellas,2283,111,74301,False,29358.0,0.2832170867942002
121030252042,Pinellas,1136,22,67116,False,25642.0,0.27643976799844755
121030252051,Pinellas,1113,0,53126,True,0.0,0.0
121030252052,Pinellas,1777,69,55085,False,14240.0,0.20540930400288496
121030252053,Pinellas,1068,0,59151,False,12118.0,0.17003185115548133
121030252071,Pinellas,2174,62,65631,False,42814.0,0.39479920697127574
121030252072,Pinellas,3903,197,66447,False,1972.0,0.02882240313363247
121030252073,Pinellas,1352,21,63667,False,41173.0,0.39272224341854256
121030252081,Pinellas,619,48,56795,False,12284.0,0.17782538832351366
121030252082,Pinellas,1046,92,56254,False,14203.0,0.20158394481740635
121030252091,Pinellas,2903,14,62440,False,1442.0,0.022572868726714882
121030252092,Pinellas,1275,171,64446,False,1837.0,0.02771449692983118
121030252093,Pinellas,540,33,52743,False,14323.0,0.2135657412101512
121030253031,Pinellas,1497,15,85625,False,35916.0,0.2955052204605853
121030253032,Pinellas,2261,89,93094,False,29196.0,0.238743969253414
121030253033,Pinellas,1628,70,85602,False,32794.0,0.27698570897665464
121030253041,Pinellas,1140,10,79409,False,51242.0,0.3922051878669126
121030253042,Pinellas,786,13,81923,False,43348.0,0.34603379872436557
121030253043,Pinellas,1185,67,79100,False,43936.0,0.35709873532949704
121030253051,Pinellas,1342,98,78973,False,37687.0,0.32304988856506084
121030253052,Pinellas,1555,130,79566,False,44752.0,0.3599800511591242
121030253061,Pinellas,1473,17,74820,False,34265.0,0.3141128477792547
121030253071,Pinellas,1642,43,80071,False,40551.0,0.3361824542786556
121030253072,Pinellas,2263,110,70364,False,52170.0,0.4257593810697439
121030253073,Pinellas,757,10,78066,False,46751.0,0.3745563504971278
121030253081,Pinellas,774,61,73875,False,34604.0,0.3189926160823754
121030253082,Pinellas,1499,26,70288,False,27767.0,0.28317780837285195
121030254011,Pinellas,1527,33,108793,True,0.0,0.0
121030254012,Pinellas,1056,16,100488,False,57.0,0.0005669103386543339
121030254013,Pinellas,1350,45,105194,False,175.0,0.001660830035399406
121030254014,Pinellas,851,25,106592,False,88.0,0.0008248968878890139
121030254051,Pinellas,532,18,116509,False,27781.0,0.19253586527132857
121030254052,Pinellas,1397,87,108464,False,10933.0,0.09156846486930158
121030254053,Pinellas,2155,48,97799,False,30900.0,0.2400951056340764
121030254071,Pinellas,1767,49,90071,False,35333.0,0.2817533730981468
121030254072,Pinellas,2053,100,98131,False,17730.0,0.15302819758158484
121030254073,Pinellas,1784,0,89255,True,0.0,0.0
121030254081,Pinellas,1600,13,100913,False,55106.0,0.3532005717252386
121030254082,Pinellas,1127,117,105571,False,16941.0,0.13828033172260676
121030254083,Pinellas,3238,73,114765,False,586.0,0.00508014668273357
121030254111,Pinellas,2106,23,86245,False,19951.0,0.1878695996082715
121030254121,Pinellas,1506,39,108190,False,226.0,0.002084563164108619
121030254122,Pinellas,1545,60,113882,False,561.0,0.004902003617521386
121030254123,Pinellas,673,25,105167,False,6667.0,0.05961514387395604
121030254124,Pinellas,1280,99,107109,False,504.0,0.004683449025675337
121030254131,Pinellas,952,9,102278,False,36.0,0.0003518580057470141
121030254132,Pinellas,779,120,107958,False,16105.0,0.12981307883897697
121030254133,Pinellas,1239,74,93807,False,11045.0,0.10533895395414489
121030254141,Pinellas,711,20,104529,False,33411.0,0.24221400608960417
121030254142,Pinellas,1778,54,93548,False,629.0,0.006678913110419742
121030254151,Pinellas,1201,17,110729,False,49895.0,0.310632284092041
121030254152,Pinellas,3366,140,105556,False,17410.0,0.14158385244701788
121030254161,Pinellas,1619,27,98684,False,22515.0,0.1857688594790386
121030254162,Pinellas,1856,9,99281,False,35215.0,0.26182934808470143
121030254171,Pinellas,854,9,96716,False,95.0,0.0009812934480585883
121030254172,Pinellas,1604,27,92966,False,82.0,0.0008812655833548277
121030255011,Pinellas,1466,20,88444,False,30197.0,0.2545241526959483
121030255012,Pinellas,2011,8,101912,False,11916.0,0.10468426046315493
121030255013,Pinellas,818,0,91107,False,13513.0,0.12916268399923533
121030255031,Pinellas,2127,94,94588,False,11027.0,0.10440751787151446
121030255032,Pinellas,1253,102,95802,False,35337.0,0.2694621737240638
121030255033,Pinellas,1707,318,94184,False,33157.0,0.26037961065171467
121030255051,Pinellas,2781,229,86709,False,54732.0,0.3869599338239973
121030255061,Pinellas,1129,21,91380,False,41527.0,0.3124515638754919
121030255062,Pinellas,1949,52,86755,False,44501.0,0.33903973913573476
121030255063,Pinellas,810,0,87051,False,37464.0,0.3008794121190218
121030255064,Pinellas,2135,66,88474,False,38748.0,0.30456996431434813
121030256021,Pinellas,1150,188,83238,False,40192.0,0.3256258608117962
121030256022,Pinellas,1332,73,91490,False,57349.0,0.38530895800159903
121030256023,Pinellas,605,34,84783,False,54562.0,0.39156051526786034
121030256031,Pinellas,647,38,86116,False,66816.0,0.4369000601574556
121030256032,Pinellas,495,20,86343,False,68814.0,0.4435120555308494
121030256033,Pinellas,1317,0,77016,False,52827.0,0.40685289156904875
121030256041,Pinellas,1370,67,91648,False,61603.0,0.4019745385021957
121030257001,Pinellas,752,9,79454,False,29519.0,0.2708836133721197
121030257002,Pinellas,1016,8,79895,False,44475.0,0.3576023156709818
121030257003,Pinellas,1553,43,69863,False,26053.0,0.2716230868676759
121030257004,Pinellas,776,27,81713,False,27866.0,0.25430055028792015
121030258001,Pinellas,1325,24,89476,False,43918.0,0.32923519798491685
121030258002,Pinellas,1656,85,89653,False,40112.0,0.3091126266712904
121030258003,Pinellas,1638,92,87395,False,40863.0,0.3186000093561415
121030259001,Pinellas,1470,245,83184,False,48312.0,0.36740281073188535
121030259002,Pinellas,592,0,83133,False,38233.0,0.3150223291531401
121030259003,Pinellas,525,106,90816,False,41140.0,0.31177059019673226
121030259004,Pinellas,1379,203,89863,False,43260.0,0.32496262854653213
121030259005,Pinellas,419,112,92937,False,49624.0,0.3480895897194885
121030259006,Pinellas,690,223,72199,False,38722.0,0.34909530206182776
121030260011,Pinellas,1114,9,41949,False,16176.0,0.27829677419354837
121030260012,Pinellas,1039,21,45696,False,20848.0,0.3132964654965136
121030260013,Pinellas,751,22,50921,False,20845.0,0.29045787698910347
121030260021,Pinellas,1127,15,38488,False,11452.0,0.22931517821385664
121030260022,Pinellas,572,7,42643,False,23683.0,0.3570696257877755
121030260023,Pinellas,1068,19,39545,False,16657.0,0.29637735311910607
121030261011,Pinellas,1033,29,74176,False,17901.0,0.19441337141740064
121030261012,Pinellas,450,31,75387,False,30278.0,0.28654710642123693
121030261013,Pinellas,807,29,78327,False,32988.0,0.2963482010510713
121030261021,Pinellas,795,11,77529,False,20226.0,0.2069050176461562
121030261022,Pinellas,511,16,83625,False,37745.0,0.3109911839828623
121030262001,Pinellas,1126,142,78772,False,35809.0,0.3125212731604716
121030262002,Pinellas,942,66,82860,False,36157.0,0.30379693657208634
121030263001,Pinellas,1229,239,85305,False,37508.0,0.3054074080105526
121030263002,Pinellas,2350,16,84541,False,37658.0,0.30816946128855394
121030263003,Pinellas,904,16,84217,False,36367.0,0.3015905924500763
121030263004,Pinellas,1815,181,83378,False,34562.0,0.29304731219264035
121030263005,Pinellas,1053,26,86154,False,48830.0,0.361746577372133
121030263006,Pinellas,592,0,84424,False,41764.0,0.330966494436872
121030264001,Pinellas,1032,183,93692,False,41959.0,0.3093158177971412
121030264002,Pinellas,2269,186,92151,False,45910.0,0.3325341696786203
121030264003,Pinellas,1315,94,81979,False,30997.0,0.274368007364396
121030264004,Pinellas,999,15,82378,False,30864.0,0.27254905423782694
121030264005,Pinellas,1092,0,89820,False,28604.0,0.24153887725461054
121030265001,Pinellas,688,119,93892,False,924.0,0.009745190685116437
121030265002,Pinellas,1939,28,87027,False,115.0,0.001319685111656836
121030265003,Pinellas,1608,69,84028,False,13677.0,0.13998260068573767
121030265004,Pinellas,492,45,100722,False,39377.0,0.2810655322307797
121030265005,Pinellas,448,11,98248,False,42053.0,0.2997341430210761
121030265006,Pinellas,2114,124,100711,False,18012.0,0.15171449508519833
121030266011,Pinellas,659,0,97036,False,14535.0,0.13027578851135152
121030266012,Pinellas,641,30,103787,False,15661.0,0.1311114459848637
121030266013,Pinellas,1108,0,101877,False,18000.0,0.15015390775544935
121030266014,Pinellas,974,8,105157,False,18958.0,0.15274543769890828
121030266021,Pinellas,1053,15,98156,False,16169.0,0.14143013339164662
121030266022,Pinellas,1223,99,88898,False,42834.0,0.3251601736859685
121030267011,Pinellas,1855,50,83782,False,16295.0,0.1628246250387202
121030267012,Pinellas,1029,0,93170,True,0.0,0.0
121030267013,Pinellas,830,0,82307,False,109.0,0.0013225587264608814
121030267014,Pinellas,1071,50,84339,False,20.0,0.0002370819948079043
121030267021,Pinellas,1237,12,94874,False,19725.0,0.17212192078464908
121030267022,Pinellas,2041,112,97457,False,37818.0,0.27956385141378676
121030267023,Pinellas,804,0,95690,False,35085.0,0.26828522271076277
121030267024,Pinellas,547,27,98052,False,19541.0,0.16617485734695092
121030267025,Pinellas,1118,0,93544,False,1415.0,0.014901167872450216
121030267026,Pinellas,1043,0,105954,False,20277.0,0.16063407562326212
121030267031,Pinellas,984,17,94041,False,15112.0,0.13844786675583814
121030267032,Pinellas,1263,0,95923,False,799.0,0.008260788652012985
121030267033,Pinellas,1478,22,108915,False,16971.0,0.13481244935894382
121030267034,Pinellas,1140,78,97397,False,13047.0,0.11813226612581942
121030267035,Pinellas,2183,145,101356,False,19855.0,0.1638052651987031
121030268041,Pinellas,2768,50,100667,True,0.0,0.0
121030268042,Pinellas,1433,18,99753,False,21141.0,0.17487220209439674
121030268043,Pinellas,1337,57,98504,True,0.0,0.0
121030268091,Pinellas,1068,25,93771,False,30916.0,0.24794886395534418
121030268092,Pinellas,1784,211,106705,True,0.0,0.0
121030268111,Pinellas,699,16,80796,False,13.0,0.00016087317006769047
121030268112,Pinellas,2207,16,74869,True,0.0,0.0
121030268113,Pinellas,2008,44,91200,False,553.0,0.006027050886619511
121030268114,Pinellas,1277,15,93064,False,35695.0,0.27722333972770835
121030268121,Pinellas,2767,0,92440,False,21978.0,0.1920851614256498
121030268122,Pinellas,2034,17,96685,False,4443.0,0.04393441974527332
121030268131,Pinellas,2249,7,84523,False,1257.0,0.014653765446491024
121030268132,Pinellas,1551,176,102910,True,0.0,0.0
121030268141,Pinellas,2307,65,83585,False,3011.0,0.03477065915284771
121030268151,Pinellas,1843,13,96060,False,2774.0,0.028067264301758505
121030268152,Pinellas,1629,0,92757,False,647.0,0.0069268982056442975
121030268153,Pinellas,1285,0,79681,False,64.0,0.0008025581541162456
121030268161,Pinellas,1128,16,90161,False,244.0,0.002698965765167856
121030268162,Pinellas,714,39,94609,False,1235.0,0.012885522307082342
121030268163,Pinellas,676,36,102889,False,1614.0,0.015444532692841354
121030268164,Pinellas,1815,0,102178,False,1352.0,0.01305901671013233
121030268165,Pinellas,1425,22,98951,False,288.0,0.0029020848658289585
121030268171,Pinellas,1921,15,97151,True,0.0,0.0
121030268172,Pinellas,2052,70,92717,False,42.0,0.00045278625254692266
121030268173,Pinellas,1523,31,92783,False,222.0,0.0023869684425568516
121030268181,Pinellas,2203,123,109651,False,19972.0,0.15407759425410614
121030268182,Pinellas,1710,83,106122,False,17688.0,0.14286406590743883
121030268183,Pinellas,620,0,114631,False,23372.0,0.16935863713107685
121030268191,Pinellas,910,22,102619,False,18241.0,0.15092669204037729
121030268192,Pinellas,1602,33,107037,False,26449.0,0.1981406289798181
121030268201,Pinellas,1334,46,89534,False,22529.0,0.20103870144472305
121030268202,Pinellas,1776,64,82458,False,50246.0,0.37863214371835063
121030268203,Pinellas,1621,29,86223,False,50332.0,0.36858408699791295
121030268211,Pinellas,2805,94,74045,False,27298.0,0.2693624621335465
121030269041,Pinellas,1494,29,84866,False,50150.0,0.3714374592640872
121030269042,Pinellas,1893,84,94443,False,16941.0,0.1520954535660418
121030269043,Pinellas,1415,46,81503,True,0.0,0.0
121030269071,Pinellas,1697,45,79094,False,21901.0,0.21685231942175356
121030269072,Pinellas,2330,27,78961,False,19287.0,0.19630933963032327
121030269073,Pinellas,1748,106,80402,False,19862.0,0.19809702385701747
121030269081,Pinellas,681,0,81946,True,0.0,0.0
121030269082,Pinellas,1140,0,68324,True,0.0,0.0
121030269083,Pinellas,1068,0,75679,False,21379.0,0.22027035380906262
121030269084,Pinellas,1172,41,79012,False,9528.0,0.10761237858594985
121030269091,Pinellas,1436,187,76534,False,9373.0,0.10910635920239328
121030269092,Pinellas,1746,61,87377,False,12715.0,0.12703312952084084
121030269093,Pinellas,1543,33,83039,False,9769.0,0.1052603223860012
121030269101,Pinellas,731,143,89390,False,36371.0,0.2892073059215496
121030269102,Pinellas,3020,26,84925,False,27181.0,0.24245803079228587
121030269103,Pinellas,1441,19,92323,False,18907.0,0.1699811202013845
121030269104,Pinellas,896,0,97349,False,36905.0,0.2748893887705394
121030269111,Pinellas,1745,87,78340,False,26524.0,0.25293713762587733
121030269112,Pinellas,805,52,91891,False,17344.0,0.1587769487801529
121030269113,Pinellas,1376,51,72097,False,20237.0,0.21917170273138822
121030269121,Pinellas,619,29,92002,False,9169.0,0.09062873748406164
121030269122,Pinellas,1226,97,93832,False,18401.0,0.16395356089563676
121030269123,Pinellas,1746,125,96447,False,8648.0,0.08228745420809744
121030269124,Pinellas,837,18,104737,False,19326.0,0.15577569460677237
121030269131,Pinellas,999,33,88941,False,36415.0,0.2904926768563132
121030269132,Pinellas,504,8,97265,False,8973.0,0.08446130386490709
121030269133,Pinellas,601,32,89185,False,18649.0,0.17294174379138305
121030269134,Pinellas,1086,134,88288,False,22651.0,0.20417526748934098
121030270001,Pinellas,1745,14,81004,False,21353.0,0.20861299178365916
121030270002,Pinellas,822,0,74537,False,35127.0,0.32031477969069155
121030270003,Pinellas,435,0,71939,False,20084.0,0.21824978537974202
121030270004,Pinellas,2164,51,72103,False,22834.0,0.24051739574665304
121030271011,Pinellas,1850,144,69984,False,22943.0,0.24689272224434233
121030271012,Pinellas,1661,533,76791,False,21585.0,0.21941327152964138
121030271013,Pinellas,508,33,72482,False,34795.0,0.32434725057561264
121030271051,Pinellas,1517,38,73522,False,10619.0,0.1262048228568712
121030271052,Pinellas,1882,0,58619,True,0.0,0.0
121030271061,Pinellas,2124,17,63976,True,0.0,0.0
121030271062,Pinellas,1171,0,61548,False,15934.0,0.2056477633514881
121030271063,Pinellas,1180,17,63885,True,0.0,0.0
121030271064,Pinellas,507,0,21905,True,0.0,0.0
121030272021,Pinellas,875,12,56232,False,19124.0,0.2537820478793991
121030272022,Pinellas,1036,17,58903,True,0.0,0.0
121030272023,Pinellas,1768,18,41070,False,8337.0,0.16874127147974982
121030272024,Pinellas,822,0,64849,False,17580.0,0.21327445437892004
121030272025,Pinellas,987,26,52064,False,18689.0,0.26414427656777806
121030272041,Pinellas,1568,10,55074,False,46307.0,0.45676211518923665
121030272042,Pinellas,729,27,60421,False,46060.0,0.4325654342089199
121030272043,Pinellas,2724,8,62904,True,0.0,0.0
121030272051,Pinellas,2339,135,63348,False,46311.0,0.42231827756955653
121030272052,Pinellas,1469,13,61304,False,20213.0,0.24796054810652993
121030272053,Pinellas,2408,54,60161,True,0.0,0.0
121030272054,Pinellas,576,0,57859,False,11022.0,0.16001509850321569
121030272061,Pinellas,1686,0,56837,False,16164.0,0.22142162436131013
121030272062,Pinellas,2129,46,65745,False,25323.0,0.27806693899064433
121030272063,Pinellas,2514,13,64319,True,0.0,0.0
121030272071,Pinellas,2556,18,78775,True,0.0,0.0
121030272072,Pinellas,589,0,66980,True,0.0,0.0
121030272073,Pinellas,824,0,70408,False,18496.0,0.20804463241248988
121030272074,Pinellas,1106,9,69867,False,17338.0,0.1988188750645032
121030272081,Pinellas,898,0,73484,True,0.0,0.0
121030272082,Pinellas,2664,65,72262,False,624.0,0.008561314930164914
121030272083,Pinellas,1740,0,72962,False,52.0,0.0007121921823211987
121030272084,Pinellas,2053,0,79736,False,22850.0,0.22273994502173786
121030272091,Pinellas,384,12,58493,False,12833.0,0.1799203656450663
121030272092,Pinellas,815,79,60925,False,15915.0,0.2071186881832379
121030272101,Pinellas,1111,67,55430,True,0.0,0.0
121030272102,Pinellas,1331,17,75039,False,52.0,0.0006924931083618543
121030272103,Pinellas,880,19,69051,False,12868.0,0.15708199562982947
121030272104,Pinellas,824,0,72840,False,17691.0,0.19541372568512444
121030272105,Pinellas,715,0,66421,False,16251.0,0.1965719953551384
121030273081,Pinellas,1184,17,33185,False,17943.0,0.35094273196682835
121030273082,Pinellas,2716,79,39827,False,32615.0,0.4502222467629276
121030273091,Pinellas,1925,57,49156,True,0.0,0.0
121030273101,Pinellas,2045,32,67037,True,0.0,0.0
121030273102,Pinellas,1666,0,52965,True,0.0,0.0
121030273103,Pinellas,3280,0,55616,True,0.0,0.0
121030273104,Pinellas,1716,21,45363,True,0.0,0.0
121030273141,Pinellas,2253,179,78057,True,0.0,0.0
121030273142,Pinellas,1416,0,74297,True,0.0,0.0
121030273151,Pinellas,2097,76,79075,True,0.0,0.0
121030273152,Pinellas,1220,111,75388,False,25391.0,0.25194733029698646
121030273153,Pinellas,866,0,71209,True,0.0,0.0
121030273154,Pinellas,1801,235,68369,False,25480.0,0.2714999627060491
121030273161,Pinellas,1301,27,70770,False,20109.0,0.22127224111180802
121030273162,Pinellas,1945,60,62345,True,0.0,0.0
121030273163,Pinellas,663,0,60423,True,0.0,0.0
121030273171,Pinellas,1468,25,81046,True,0.0,0.0
121030273172,Pinellas,1920,25,79645,True,0.0,0.0
121030273173,Pinellas,2105,29,77728,True,0.0,0.0
121030273181,Pinellas,1604,23,75929,False,6946.0,0.08381297134238311
121030273182,Pinellas,2400,0,81616,False,1655.0,0.01987486640006725
121030273191,Pinellas,1752,0,87345,False,1447.0,0.01629651319938733
121030273192,Pinellas,2097,15,79894,True,0.0,0.0
121030273193,Pinellas,1432,30,83806,False,47.0,0.0005605046927360977
121030273201,Pinellas,1232,0,88770,False,1488.0,0.01648607325666423
121030273202,Pinellas,2233,19,75351,True,0.0,0.0
121030273203,Pinellas,752,37,89897,False,2134.0,0.023187838880377263
121030273211,Pinellas,1584,4,56652,True,0.0,0.0
121030273221,Pinellas,2797,150,55859,True,0.0,0.0
121030273222,Pinellas,650,32,57759,True,0.0,0.0
121030273223,Pinellas,263,0,37250,True,0.0,0.0
121030273224,Pinellas,2665,12,49576,True,0.0,0.0
121030273231,Pinellas,921,0,75731,True,0.0,0.0
121030273232,Pinellas,2121,34,82955,True,0.0,0.0
121030273241,Pinellas,832,0,50052,True,0.0,0.0
121030273242,Pinellas,1794,20,70053,True,0.0,0.0
121030273243,Pinellas,1379,12,60948,True,0.0,0.0
121030273251,Pinellas,1840,12,67385,True,0.0,0.0
121030273252,Pinellas,1934,28,73685,True,0.0,0.0
121030273261,Pinellas,2098,46,83725,True,0.0,0.0
121030273262,Pinellas,1582,26,79693,False,1474.0,0.018160089691623443
121030273271,Pinellas,1950,19,84135,True,0.0,0.0
121030273272,Pinellas,2681,7,89367,True,0.0,0.0
121030274011,Pinellas,1724,51,45223,False,23732.0,0.34416648538902184
121030274012,Pinellas,988,35,44683,False,32050.0,0.4176820924504451
121030274021,Pinellas,662,85,45119,False,16523.0,0.2680477596443983
121030274022,Pinellas,543,12,48542,False,56703.0,0.5387714380730676
121030274023,Pinellas,1865,176,46345,False,8588.0,0.15633590009648116
121030274024,Pinellas,1162,12,48788,False,56782.0,0.5378611347920811
121030274025,Pinellas,1867,204,48548,False,61120.0,0.5573184520552942
121030274031,Pinellas,1794,35,47694,False,57851.0,0.5481169169548534
121030275011,Pinellas,2620,22,37170,True,0.0,0.0
121030275012,Pinellas,678,14,42365,True,0.0,0.0
121030275013,Pinellas,462,34,44009,False,27995.0,0.38879784456419086
121030275014,Pinellas,1921,0,33952,True,0.0,0.0
121030275021,Pinellas,1932,13,45810,True,0.0,0.0
121030275022,Pinellas,3128,82,41293,True,0.0,0.0
121030275023,Pinellas,2577,39,42295,True,0.0,0.0
121030276031,Pinellas,1584,34,33197,False,13659.0,0.2915101587843606
121030276032,Pinellas,587,8,39107,False,23178.0,0.3721281207353295
121030276033,Pinellas,228,43,41398,False,16065.0,0.2795712023388963
121030276041,Pinellas,1490,10,29434,False,16106.0,0.3536671058410189
121030276042,Pinellas,553,22,31215,False,20820.0,0.40011530700490056
121030276051,Pinellas,1632,11,41921,True,0.0,0.0
121030276061,Pinellas,648,0,41740,False,14800.0,0.26176158471878314
121030276062,Pinellas,1176,0,35060,False,15934.0,0.31246813350590263
121030277011,Pinellas,2021,48,32759,False,23305.0,0.4156856449771689
121030277012,Pinellas,639,7,36757,False,28472.0,0.4364929709178433
121030277031,Pinellas,541,10,34816,False,28565.0,0.4506871144349253
121030277032,Pinellas,549,12,32285,False,23216.0,0.4182987693915425
121030277041,Pinellas,202,6,41407,False,28496.0,0.4076506015478592
121030277042,Pinellas,848,0,27429,False,23183.0,0.45805342606496485
121030277043,Pinellas,588,20,29775,False,23166.0,0.43758145860486203
121030277044,Pinellas,922,26,33727,False,28493.0,0.4579395692703311
121030278011,Pinellas,630,21,43403,False,13842.0,0.24180277753515592
121030278012,Pinellas,965,45,46290,False,12688.0,0.21513106582115366
121030278021,Pinellas,907,0,34088,False,11611.0,0.2540755815225716
121030278022,Pinellas,1763,5,37689,False,14524.0,0.2781682722693582
121030279011,Pinellas,342,13,37761,False,38638.0,0.5057396039215173
121030279012,Pinellas,1085,53,46989,False,38826.0,0.4524383848977451
121030279013,Pinellas,932,27,29787,True,0.0,0.0
121030279031,Pinellas,1495,21,51094,True,0.0,0.0
121030279041,Pinellas,1082,16,35152,False,34423.0,0.4947610492274524
121030279042,Pinellas,1174,23,32844,False,34284.0,0.5107257776188774
121030279043,Pinellas,765,9,30090,True,0.0,0.0
121030280021,Pinellas,1541,35,30670,False,11440.0,0.2716694371883163
121030280022,Pinellas,829,16,34752,False,11394.0,0.24691197503575607
121030280023,Pinellas,534,16,23587,True,0.0,0.0
121030280024,Pinellas,1241,0,22816,True,0.0,0.0
121030280031,Pinellas,965,31,32217,False,33521.0,0.5099181599683592
121030280032,Pinellas,951,28,37676,False,34277.0,0.4763804149931205
121030280033,Pinellas,514,92,40769,False,47880.0,0.5401076154271339
121030280034,Pinellas,836,69,42875,False,48744.0,0.5320293825516541
121030280041,Pinellas,958,17,37493,False,40786.0,0.5210337382950727
121030280042,Pinellas,1050,47,35252,False,37158.0,0.513161165584864
121030281021,Pinellas,702,0,64117,False,43329.0,0.40326303445451667
121030281022,Pinellas,903,149,68604,False,46431.0,0.40362498370061284
121030281023,Pinellas,1711,11,65318,False,12672.0,0.16248236953455572
121030281031,Pinellas,507,25,52593,False,38662.0,0.4236699358939236
121030281032,Pinellas,1118,90,64776,False,46433.0,0.41752915681284786
121030281041,Pinellas,512,40,63045,False,67006.0,0.5152286410715796
121030281042,Pinellas,1528,272,64871,False,46433.0,0.4171727880399626
121030281043,Pinellas,580,45,53048,False,38622.0,0.42131558852405365
121030281044,Pinellas,765,61,48014,False,38622.0,0.44579620481093307
121030282001,Pinellas,974,15,74560,False,56573.0,0.4314169583552576
121030282002,Pinellas,503,0,67864,False,48089.0,0.4147283813269169
121030282003,Pinellas,1015,19,71116,False,81491.0,0.5339925429370868
121030283001,Pinellas,971,21,73655,False,81529.0,0.5253698834931436
121030283002,Pinellas,981,24,76937,False,81502.0,0.5144061752472561
121030283003,Pinellas,751,33,75009,False,81542.0,0.5208654048840314
121030283004,Pinellas,756,25,73460,False,81515.0,0.5259880625907405
121030284011,Pinellas,533,37,63881,False,32787.0,0.3391711838457401
121030284012,Pinellas,1043,50,62845,False,32754.0,0.3426186466385632
121030284021,Pinellas,602,0,70028,False,81566.0,0.5380555958679103
121030284022,Pinellas,702,23,69292,False,81592.0,0.5407597889769624
121030285001,Pinellas,1162,24,65064,False,43462.0,0.4004754621012476
121030285002,Pinellas,876,0,68551,False,44447.0,0.39334324501318607
121030286001,Pinellas,1259,0,82928,False,186351.0,0.6920368836782668
121030286002,Pinellas,1301,450,91102,False,217841.0,0.7051171251654836
121030286003,Pinellas,1589,116,80025,False,210415.0,0.7244697700041317
121030287001,Pinellas,1579,129,88269,False,202601.0,0.6965345343280503
121030287002,Pinellas,1271,29,77643,False,176114.0,0.6940261746473989
